DATE,MUNICIPALITY,MUNICIPALITY_CODE,POSTERIOR_MEAN_CASES,LOWER_CREDIBLE_CASES,UPPER_CREDIBLE_CASES,MEAN_OUTBREAK_PROBABILITY,MAX_OUTBREAK_PROBABILITY,LOW_ALERT_COUNT,MODERATE_ALERT_COUNT,HIGH_ALERT_COUNT,CRITICAL_ALERT_COUNT,AUTOMATIC_OUTBREAK_ALERT_COUNT,INDIVIDUAL_OUTBREAK_ALERT_COUNT,PROBABILISTIC_OUTBREAK_ALERT_COUNT,RED_CLUSTER_OUTBREAK_ALERT_COUNT,RED_CLUSTER_LIKELY_ORIGIN_COUNT,RED_CASE_ZONE_COUNT,NEW_AUTOMATIC_OUTBREAK_ONSET_COUNT,NEW_HIGH_RISK_ONSET_COUNT,MEAN_HOTSPOT_Z_SCORE,MAX_HOTSPOT_Z_SCORE,BARANGAY_COUNT,CALIBRATED_BARANGAY_COUNT
2026-01-01,Banga,1206302000,27.396000,0.000000,90.875000,0.175636,0.264000,22,0,0,0,0,0,0,0,0,0,0,0,0.138625,2.130741,22,22
2026-01-01,City of Koronadal,1206306000,7.888000,0.000000,50.775000,0.054074,0.116000,27,0,0,0,0,0,0,0,0,0,0,0,-2.858971,-1.354483,27,27
2026-01-01,Lake Sebu,1206319000,20.404000,0.000000,73.100000,0.253684,0.372000,14,5,0,0,0,0,0,0,0,1,0,0,-0.142455,1.739278,19,19
2026-01-01,Norala,1206311000,15.672000,0.000000,52.775000,0.101714,0.148000,14,0,0,0,0,0,0,0,0,0,0,0,-0.332796,0.220458,14,14
2026-01-01,Polomolok,1206312000,51.676000,1.000000,147.875000,0.286261,0.448000,14,9,0,0,8,0,0,8,1,8,8,0,3.406552,6.970956,23,23
2026-01-01,Santo Niño,1206318000,11.940000,0.000000,42.100000,0.154400,0.228000,10,0,0,0,0,0,0,0,0,0,0,0,-0.001153,0.246093,10,10
2026-01-01,Surallah,1206313000,35.564000,0.000000,104.550000,0.123294,0.200000,17,0,0,0,7,0,0,7,1,9,7,0,2.237184,3.106231,17,17
2026-01-01,T'Boli,1206316000,28.740000,0.000000,99.875000,0.261600,0.372000,17,8,0,0,0,0,0,0,0,0,0,0,-0.018721,1.185366,25,25
2026-01-01,Tampakan,1206314000,16.596000,0.000000,54.775000,0.162571,0.268000,14,0,0,0,0,0,0,0,0,0,0,0,-0.293055,0.517390,14,14
2026-01-01,Tantangan,1206315000,4.072000,0.000000,25.550000,0.075077,0.140000,13,0,0,0,0,0,0,0,0,0,0,0,-2.432605,-1.690241,13,13
2026-01-01,Tupi,1206317000,19.356000,0.000000,64.550000,0.027200,0.168000,15,0,0,0,2,0,0,2,1,2,2,0,0.634405,2.873808,15,15
2026-02-01,Banga,1206302000,27.264000,0.000000,90.325000,0.168182,0.256000,22,0,0,0,0,0,0,0,0,0,0,0,0.156967,2.153738,22,22
2026-02-01,City of Koronadal,1206306000,8.244000,0.000000,51.550000,0.057333,0.120000,27,0,0,0,0,0,0,0,0,0,0,0,-2.866991,-1.297206,27,27
2026-02-01,Lake Sebu,1206319000,19.880000,0.000000,69.000000,0.251158,0.352000,16,3,0,0,0,0,0,0,0,0,0,0,-0.211757,1.705186,19,19
2026-02-01,Norala,1206311000,15.908000,0.000000,54.550000,0.109143,0.172000,14,0,0,0,0,0,0,0,0,0,0,0,-0.272354,0.202016,14,14
2026-02-01,Polomolok,1206312000,51.072000,1.000000,144.325000,0.290783,0.416000,13,10,0,0,9,0,0,9,1,9,1,0,3.391541,7.128788,23,23
2026-02-01,Santo Niño,1206318000,11.924000,0.000000,41.775000,0.162400,0.284000,10,0,0,0,0,0,0,0,0,0,0,0,0.014440,0.239459,10,10
2026-02-01,Surallah,1206313000,34.672000,0.000000,102.875000,0.120000,0.192000,17,0,0,0,7,0,0,7,1,8,0,0,2.201876,3.038190,17,17
2026-02-01,T'Boli,1206316000,28.744000,0.000000,100.550000,0.264000,0.368000,19,6,0,0,0,0,0,0,0,0,0,0,-0.076548,1.120141,25,25
2026-02-01,Tampakan,1206314000,17.336000,0.000000,56.550000,0.175143,0.300000,13,1,0,0,0,0,0,0,0,0,0,0,-0.113257,0.499657,14,14
2026-02-01,Tantangan,1206315000,4.028000,0.000000,24.775000,0.075692,0.172000,13,0,0,0,0,0,0,0,0,0,0,0,-2.500011,-1.617857,13,13
2026-02-01,Tupi,1206317000,19.024000,0.000000,66.100000,0.024800,0.124000,15,0,0,0,0,0,0,0,0,1,0,0,0.596254,2.603613,15,15
2026-03-01,Banga,1206302000,28.144000,0.000000,93.550000,0.180182,0.304000,21,1,0,0,0,0,0,0,0,0,0,0,0.240180,2.110754,22,22
2026-03-01,City of Koronadal,1206306000,8.604000,0.000000,52.775000,0.060148,0.112000,27,0,0,0,0,0,0,0,0,0,0,0,-2.874931,-1.263225,27,27
2026-03-01,Lake Sebu,1206319000,20.684000,0.000000,76.325000,0.260842,0.340000,14,5,0,0,0,0,0,0,0,0,0,0,-0.100448,1.931920,19,19
2026-03-01,Norala,1206311000,15.664000,0.000000,54.550000,0.108000,0.156000,14,0,0,0,0,0,0,0,0,0,0,0,-0.299074,0.203131,14,14
2026-03-01,Polomolok,1206312000,50.612000,1.000000,145.550000,0.288000,0.472000,13,10,0,0,4,0,0,4,1,7,0,0,3.316132,6.891746,23,23
2026-03-01,Santo Niño,1206318000,12.120000,0.000000,40.775000,0.158800,0.232000,10,0,0,0,0,0,0,0,0,0,0,0,0.027425,0.348158,10,10
2026-03-01,Surallah,1206313000,35.068000,0.000000,101.875000,0.124000,0.220000,17,0,0,0,3,0,0,3,1,6,1,0,2.183821,3.232569,17,17
2026-03-01,T'Boli,1206316000,28.636000,0.000000,96.875000,0.262720,0.364000,17,8,0,0,0,0,0,0,0,0,0,0,-0.050757,1.312191,25,25
2026-03-01,Tampakan,1206314000,17.312000,0.000000,59.325000,0.177143,0.308000,13,1,0,0,0,0,0,0,0,0,0,0,-0.104555,0.641125,14,14
2026-03-01,Tantangan,1206315000,3.912000,0.000000,22.775000,0.070154,0.124000,13,0,0,0,0,0,0,0,0,0,0,0,-2.546014,-1.728564,13,13
2026-03-01,Tupi,1206317000,19.312000,0.000000,64.775000,0.030133,0.172000,15,0,0,0,0,0,0,0,0,1,0,0,0.662851,2.724606,15,15
2026-04-01,Banga,1206302000,28.456000,0.000000,93.100000,0.181455,0.296000,22,0,0,0,0,0,0,0,0,0,0,0,0.259899,2.065446,22,22
2026-04-01,City of Koronadal,1206306000,8.736000,0.000000,53.325000,0.059852,0.112000,27,0,0,0,0,0,0,0,0,0,0,0,-2.814056,-1.228869,27,27
2026-04-01,Lake Sebu,1206319000,20.764000,0.000000,70.775000,0.263789,0.348000,13,6,0,0,0,0,0,0,0,1,0,0,-0.150024,1.968707,19,19
2026-04-01,Norala,1206311000,15.556000,0.000000,55.550000,0.105429,0.152000,14,0,0,0,0,0,0,0,0,0,0,0,-0.347322,0.194014,14,14
2026-04-01,Polomolok,1206312000,51.112000,2.000000,144.875000,0.288000,0.420000,11,12,0,0,6,0,0,6,1,7,3,0,3.238290,6.916151,23,23
2026-04-01,Santo Niño,1206318000,12.652000,0.000000,43.550000,0.173200,0.268000,10,0,0,0,0,0,0,0,0,0,0,0,0.143361,0.371736,10,10
2026-04-01,Surallah,1206313000,36.168000,0.000000,102.325000,0.130824,0.204000,17,0,0,0,0,0,0,0,0,6,0,0,2.295033,3.039263,17,17
2026-04-01,T'Boli,1206316000,28.292000,0.000000,102.550000,0.257760,0.356000,18,7,0,0,0,0,0,0,0,0,0,0,-0.153109,0.978813,25,25
2026-04-01,Tampakan,1206314000,17.360000,0.000000,60.325000,0.182857,0.328000,12,2,0,0,0,0,0,0,0,0,0,0,-0.165650,0.553483,14,14
2026-04-01,Tantangan,1206315000,4.052000,0.000000,27.325000,0.076308,0.136000,13,0,0,0,0,0,0,0,0,0,0,0,-2.443069,-1.623581,13,13
2026-04-01,Tupi,1206317000,18.988000,0.000000,63.000000,0.023467,0.104000,15,0,0,0,0,0,0,0,0,1,0,0,0.573571,2.674692,15,15
2026-05-01,Banga,1206302000,28.020000,0.000000,92.550000,0.176545,0.264000,22,0,0,0,0,0,0,0,0,0,0,0,0.191579,2.177361,22,22
2026-05-01,City of Koronadal,1206306000,8.580000,0.000000,52.550000,0.061185,0.104000,27,0,0,0,0,0,0,0,0,0,0,0,-2.922271,-1.334595,27,27
2026-05-01,Lake Sebu,1206319000,20.764000,0.000000,72.775000,0.264421,0.360000,14,5,0,0,0,0,0,0,0,1,0,0,-0.146959,2.013321,19,19
2026-05-01,Norala,1206311000,15.620000,0.000000,55.550000,0.108286,0.140000,14,0,0,0,0,0,0,0,0,0,0,0,-0.346350,0.281766,14,14
2026-05-01,Polomolok,1206312000,51.312000,1.000000,144.100000,0.294609,0.432000,11,12,0,0,8,0,0,8,1,9,2,0,3.388808,6.903292,23,23
2026-05-01,Santo Niño,1206318000,12.356000,0.000000,42.325000,0.159600,0.264000,10,0,0,0,0,0,0,0,0,0,0,0,0.060169,0.275102,10,10
2026-05-01,Surallah,1206313000,36.172000,0.000000,105.325000,0.127059,0.200000,17,0,0,0,8,0,0,8,2,9,8,0,2.327701,3.146138,17,17
2026-05-01,T'Boli,1206316000,28.804000,0.000000,96.775000,0.262400,0.360000,19,6,0,0,0,0,0,0,0,0,0,0,-0.068588,1.280081,25,25
2026-05-01,Tampakan,1206314000,16.876000,0.000000,57.000000,0.165429,0.260000,14,0,0,0,0,0,0,0,0,0,0,0,-0.203781,0.402178,14,14
2026-05-01,Tantangan,1206315000,4.180000,0.000000,24.550000,0.072615,0.128000,13,0,0,0,0,0,0,0,0,0,0,0,-2.556073,-1.811331,13,13
2026-05-01,Tupi,1206317000,19.188000,0.000000,64.325000,0.025333,0.140000,15,0,0,0,0,0,0,0,0,1,0,0,0.590365,2.880107,15,15
2026-06-01,Banga,1206302000,27.840000,0.000000,90.325000,0.180000,0.344000,20,2,0,0,0,0,0,0,0,0,0,0,0.166511,2.140317,22,22
2026-06-01,City of Koronadal,1206306000,8.428000,0.000000,53.325000,0.057481,0.132000,27,0,0,0,0,0,0,0,0,0,0,0,-2.910489,-1.369459,27,27
2026-06-01,Lake Sebu,1206319000,20.592000,0.000000,72.325000,0.259579,0.328000,12,7,0,0,0,0,0,0,0,1,0,0,-0.149648,2.026004,19,19
2026-06-01,Norala,1206311000,15.912000,0.000000,55.775000,0.110857,0.148000,14,0,0,0,0,0,0,0,0,0,0,0,-0.354044,0.078792,14,14
2026-06-01,Polomolok,1206312000,52.260000,2.000000,144.875000,0.302261,0.448000,10,13,0,0,6,0,0,6,1,7,0,0,3.427358,7.077525,23,23
2026-06-01,Santo Niño,1206318000,12.140000,0.000000,42.000000,0.162000,0.252000,10,0,0,0,0,0,0,0,0,0,0,0,0.010649,0.280284,10,10
2026-06-01,Surallah,1206313000,36.796000,0.000000,104.550000,0.131059,0.220000,17,0,0,0,6,0,0,6,1,8,2,0,2.418192,3.382286,17,17
2026-06-01,T'Boli,1206316000,29.180000,0.000000,98.325000,0.266400,0.404000,18,7,0,0,0,0,0,0,0,0,0,0,-0.067207,1.335495,25,25
2026-06-01,Tampakan,1206314000,16.712000,0.000000,57.550000,0.172857,0.320000,13,1,0,0,0,0,0,0,0,0,0,0,-0.297221,0.377780,14,14
2026-06-01,Tantangan,1206315000,4.168000,0.000000,26.550000,0.078769,0.152000,13,0,0,0,0,0,0,0,0,0,0,0,-2.493312,-1.719871,13,13
2026-06-01,Tupi,1206317000,18.836000,0.000000,64.100000,0.026400,0.152000,15,0,0,0,0,0,0,0,0,1,0,0,0.522366,2.687898,15,15
2026-07-01,Banga,1206302000,27.684000,0.000000,93.425000,0.171091,0.284000,22,0,0,0,0,0,0,0,0,0,0,0,0.087973,2.192580,22,22
2026-07-01,City of Koronadal,1206306000,8.724000,0.000000,55.325000,0.059556,0.172000,27,0,0,0,0,0,0,0,0,0,0,0,-2.821980,-1.424619,27,27
2026-07-01,Lake Sebu,1206319000,20.608000,0.000000,73.550000,0.257684,0.376000,14,5,0,0,0,0,0,0,0,0,0,0,-0.225687,1.793259,19,19
2026-07-01,Norala,1206311000,15.848000,0.000000,55.775000,0.109143,0.140000,14,0,0,0,0,0,0,0,0,0,0,0,-0.365823,0.155162,14,14
2026-07-01,Polomolok,1206312000,53.192000,1.225000,152.325000,0.306261,0.424000,10,13,0,0,6,0,0,6,1,7,0,0,3.457092,7.035110,23,23
2026-07-01,Santo Niño,1206318000,12.336000,0.000000,42.550000,0.166000,0.280000,10,0,0,0,0,0,0,0,0,0,0,0,0.010902,0.150958,10,10
2026-07-01,Surallah,1206313000,37.592000,0.000000,108.100000,0.140941,0.208000,17,0,0,0,0,0,0,0,0,6,0,0,2.364521,3.245638,17,17
2026-07-01,T'Boli,1206316000,29.540000,0.000000,101.325000,0.272640,0.424000,15,10,0,0,0,0,0,0,0,0,0,0,-0.015831,1.457672,25,25
2026-07-01,Tampakan,1206314000,16.788000,0.000000,56.775000,0.167714,0.292000,14,0,0,0,0,0,0,0,0,0,0,0,-0.294097,0.475049,14,14
2026-07-01,Tantangan,1206315000,3.960000,0.000000,25.550000,0.068308,0.164000,13,0,0,0,0,0,0,0,0,0,0,0,-2.467146,-1.628632,13,13
2026-07-01,Tupi,1206317000,19.716000,0.000000,65.550000,0.028000,0.176000,15,0,0,0,0,0,0,0,0,1,0,0,0.628095,2.776733,15,15
2026-08-01,Banga,1206302000,27.868000,0.000000,96.325000,0.175273,0.292000,22,0,0,0,0,0,0,0,0,0,0,0,0.093121,2.082413,22,22
2026-08-01,City of Koronadal,1206306000,8.352000,0.000000,53.550000,0.059852,0.120000,27,0,0,0,0,0,0,0,0,0,0,0,-2.846643,-1.528186,27,27
2026-08-01,Lake Sebu,1206319000,20.116000,0.000000,70.650000,0.256000,0.364000,14,5,0,0,0,0,0,0,0,0,0,0,-0.229478,1.982831,19,19
2026-08-01,Norala,1206311000,16.444000,0.000000,55.775000,0.106571,0.152000,14,0,0,0,0,0,0,0,0,0,0,0,-0.240035,0.241964,14,14
2026-08-01,Polomolok,1206312000,53.780000,2.000000,152.875000,0.313565,0.428000,9,14,0,0,7,0,0,7,1,8,1,0,3.483621,7.069874,23,23
2026-08-01,Santo Niño,1206318000,12.708000,0.000000,43.325000,0.169600,0.276000,10,0,0,0,0,0,0,0,0,0,0,0,0.140798,0.439618,10,10
2026-08-01,Surallah,1206313000,37.568000,0.000000,109.100000,0.141176,0.208000,17,0,0,0,0,0,0,0,0,6,0,0,2.350148,3.386846,17,17
2026-08-01,T'Boli,1206316000,29.100000,0.000000,98.100000,0.267520,0.380000,13,12,0,0,0,0,0,0,0,0,0,0,-0.079753,1.457969,25,25
2026-08-01,Tampakan,1206314000,16.520000,0.000000,56.000000,0.157714,0.252000,14,0,0,0,0,0,0,0,0,0,0,0,-0.338399,0.239691,14,14
2026-08-01,Tantangan,1206315000,4.308000,0.000000,26.775000,0.079692,0.160000,13,0,0,0,0,0,0,0,0,0,0,0,-2.394156,-1.612349,13,13
2026-08-01,Tupi,1206317000,19.124000,0.000000,64.100000,0.022133,0.148000,15,0,0,0,0,0,0,0,0,1,0,0,0.513692,2.661665,15,15
2026-09-01,Banga,1206302000,28.620000,0.000000,96.325000,0.184364,0.308000,21,1,0,0,0,0,0,0,0,0,0,0,0.234982,2.042738,22,22
2026-09-01,City of Koronadal,1206306000,8.332000,0.000000,51.550000,0.059852,0.112000,27,0,0,0,0,0,0,0,0,0,0,0,-2.854176,-1.383794,27,27
2026-09-01,Lake Sebu,1206319000,20.188000,0.000000,69.100000,0.259368,0.340000,15,4,0,0,0,0,0,0,0,0,0,0,-0.248768,1.712794,19,19
2026-09-01,Norala,1206311000,16.224000,0.000000,58.100000,0.108000,0.176000,14,0,0,0,0,0,0,0,0,0,0,0,-0.297728,0.187841,14,14
2026-09-01,Polomolok,1206312000,53.624000,2.000000,152.325000,0.309217,0.404000,10,13,0,0,9,0,0,9,1,9,3,0,3.456989,7.218361,23,23
2026-09-01,Santo Niño,1206318000,12.648000,0.000000,41.775000,0.170400,0.312000,9,1,0,0,0,0,0,0,0,0,0,0,0.130268,0.504498,10,10
2026-09-01,Surallah,1206313000,37.764000,0.000000,104.325000,0.143765,0.212000,17,0,0,0,8,0,0,8,1,10,8,0,2.395734,3.414276,17,17
2026-09-01,T'Boli,1206316000,28.812000,0.000000,103.100000,0.265920,0.340000,14,11,0,0,0,0,0,0,0,0,0,0,-0.138024,1.456134,25,25
2026-09-01,Tampakan,1206314000,16.144000,0.000000,56.550000,0.160000,0.288000,14,0,0,0,0,0,0,0,0,0,0,0,-0.434779,0.107287,14,14
2026-09-01,Tantangan,1206315000,4.292000,0.000000,25.000000,0.081231,0.152000,13,0,0,0,0,0,0,0,0,0,0,0,-2.380985,-1.550091,13,13
2026-09-01,Tupi,1206317000,19.296000,0.000000,64.775000,0.026400,0.140000,15,0,0,0,0,0,0,0,0,1,0,0,0.512772,2.572445,15,15
2026-10-01,Banga,1206302000,29.160000,0.000000,96.875000,0.194545,0.336000,20,2,0,0,0,0,0,0,0,0,0,0,0.273807,2.367134,22,22
2026-10-01,City of Koronadal,1206306000,8.748000,0.000000,54.100000,0.062519,0.128000,27,0,0,0,0,0,0,0,0,0,0,0,-2.821224,-1.381527,27,27
2026-10-01,Lake Sebu,1206319000,20.636000,0.000000,74.000000,0.254526,0.368000,16,3,0,0,0,0,0,0,0,0,0,0,-0.190449,1.970856,19,19
2026-10-01,Norala,1206311000,16.076000,0.000000,57.550000,0.108571,0.156000,14,0,0,0,0,0,0,0,0,0,0,0,-0.349498,0.147055,14,14
2026-10-01,Polomolok,1206312000,53.900000,1.225000,149.875000,0.318783,0.444000,11,12,0,0,3,0,0,3,1,6,0,0,3.369268,6.897252,23,23
2026-10-01,Santo Niño,1206318000,12.536000,0.000000,42.550000,0.174800,0.280000,10,0,0,0,0,0,0,0,0,0,0,0,0.050999,0.300637,10,10
2026-10-01,Surallah,1206313000,39.908000,0.000000,112.325000,0.162824,0.272000,17,0,0,0,8,0,0,8,1,8,2,0,2.659447,3.814299,17,17
2026-10-01,T'Boli,1206316000,28.464000,0.000000,96.100000,0.259040,0.364000,20,5,0,0,0,0,0,0,0,0,0,0,-0.198415,1.209637,25,25
2026-10-01,Tampakan,1206314000,15.548000,0.000000,53.000000,0.153429,0.272000,14,0,0,0,0,0,0,0,0,0,0,0,-0.588281,-0.167081,14,14
2026-10-01,Tantangan,1206315000,4.280000,0.000000,23.000000,0.079692,0.136000,13,0,0,0,0,0,0,0,0,0,0,0,-2.426485,-1.688814,13,13
2026-10-01,Tupi,1206317000,19.544000,0.000000,64.550000,0.027467,0.172000,15,0,0,0,0,0,0,0,0,1,0,0,0.542921,2.522173,15,15
2026-11-01,Banga,1206302000,29.464000,0.000000,95.550000,0.195818,0.324000,19,3,0,0,0,0,0,0,0,0,0,0,0.346141,2.604491,22,22
2026-11-01,City of Koronadal,1206306000,9.040000,0.000000,53.325000,0.066519,0.128000,27,0,0,0,0,0,0,0,0,0,0,0,-2.789623,-1.153464,27,27
2026-11-01,Lake Sebu,1206319000,20.464000,0.000000,72.325000,0.257263,0.356000,14,5,0,0,0,0,0,0,0,0,0,0,-0.202965,1.952680,19,19
2026-11-01,Norala,1206311000,16.388000,0.000000,55.775000,0.113714,0.156000,14,0,0,0,0,0,0,0,0,0,0,0,-0.303620,0.217163,14,14
2026-11-01,Polomolok,1206312000,53.828000,2.000000,155.100000,0.308522,0.404000,9,14,0,0,3,0,0,3,1,6,0,0,3.347083,6.783216,23,23
2026-11-01,Santo Niño,1206318000,12.876000,0.000000,42.775000,0.172000,0.296000,10,0,0,0,0,0,0,0,0,0,0,0,0.119499,0.378502,10,10
2026-11-01,Surallah,1206313000,40.432000,0.000000,114.550000,0.167529,0.304000,16,1,0,0,6,0,0,6,1,8,0,0,2.701463,3.865603,17,17
2026-11-01,T'Boli,1206316000,27.956000,0.000000,96.550000,0.256000,0.348000,18,7,0,0,0,0,0,0,0,0,0,0,-0.294716,1.273718,25,25
2026-11-01,Tampakan,1206314000,15.524000,0.000000,54.100000,0.155714,0.284000,14,0,0,0,0,0,0,0,0,0,0,0,-0.603702,-0.139771,14,14
2026-11-01,Tantangan,1206315000,4.268000,0.000000,26.550000,0.079385,0.152000,13,0,0,0,0,0,0,0,0,0,0,0,-2.426845,-1.568005,13,13
2026-11-01,Tupi,1206317000,19.152000,0.000000,63.775000,0.029600,0.160000,15,0,0,0,0,0,0,0,0,1,0,0,0.430410,2.420599,15,15
2026-12-01,Banga,1206302000,29.448000,0.000000,93.550000,0.191091,0.284000,22,0,0,0,0,0,0,0,0,0,0,0,0.305351,2.560481,22,22
2026-12-01,City of Koronadal,1206306000,8.896000,0.000000,53.775000,0.060296,0.128000,27,0,0,0,0,0,0,0,0,0,0,0,-2.788968,-1.355870,27,27
2026-12-01,Lake Sebu,1206319000,20.400000,0.000000,74.325000,0.256632,0.344000,15,4,0,0,0,0,0,0,0,0,0,0,-0.196807,2.070244,19,19
2026-12-01,Norala,1206311000,15.864000,0.000000,54.775000,0.105429,0.152000,14,0,0,0,0,0,0,0,0,0,0,0,-0.378259,0.252505,14,14
2026-12-01,Polomolok,1206312000,54.484000,1.000000,151.775000,0.322261,0.440000,10,13,0,0,3,0,0,3,1,6,0,0,3.410993,6.756023,23,23
2026-12-01,Santo Niño,1206318000,13.256000,0.000000,44.775000,0.188800,0.316000,8,2,0,0,0,0,0,0,0,0,0,0,0.191020,0.343314,10,10
2026-12-01,Surallah,1206313000,41.120000,0.000000,111.550000,0.174824,0.260000,17,0,0,0,6,0,0,6,1,8,0,0,2.737565,3.964931,17,17
2026-12-01,T'Boli,1206316000,27.824000,0.000000,99.650000,0.251680,0.336000,20,5,0,0,0,0,0,0,0,0,0,0,-0.293210,1.142354,25,25
2026-12-01,Tampakan,1206314000,14.956000,0.000000,50.775000,0.142286,0.248000,14,0,0,0,0,0,0,0,0,0,0,0,-0.740834,-0.377907,14,14
2026-12-01,Tantangan,1206315000,4.480000,0.000000,25.775000,0.087385,0.136000,13,0,0,0,0,0,0,0,0,0,0,0,-2.383313,-1.622272,13,13
2026-12-01,Tupi,1206317000,19.372000,0.000000,65.550000,0.026933,0.164000,15,0,0,0,0,0,0,0,0,1,0,0,0.468996,2.843874,15,15
2027-01-01,Banga,1206302000,27.968000,0.000000,93.775000,0.176000,0.288000,22,0,0,0,0,0,0,0,0,0,0,0,0.120986,2.100237,22,22
2027-01-01,City of Koronadal,1206306000,8.456000,0.000000,54.100000,0.063111,0.156000,27,0,0,0,0,0,0,0,0,0,0,0,-2.907836,-1.540191,27,27
2027-01-01,Lake Sebu,1206319000,21.116000,0.000000,72.325000,0.272421,0.376000,12,7,0,0,0,0,0,0,0,1,0,0,-0.112554,1.935600,19,19
2027-01-01,Norala,1206311000,15.900000,0.000000,55.000000,0.107714,0.152000,14,0,0,0,0,0,0,0,0,0,0,0,-0.381823,0.051233,14,14
2027-01-01,Polomolok,1206312000,52.636000,2.000000,148.875000,0.306783,0.424000,10,13,0,0,9,0,0,9,1,9,6,0,3.472911,7.028817,23,23
2027-01-01,Santo Niño,1206318000,12.168000,0.000000,41.775000,0.165600,0.280000,10,0,0,0,0,0,0,0,0,0,0,0,-0.016678,0.150462,10,10
2027-01-01,Surallah,1206313000,36.288000,0.000000,109.100000,0.127529,0.184000,17,0,0,0,0,0,0,0,0,5,0,0,2.308873,3.260599,17,17
2027-01-01,T'Boli,1206316000,29.840000,0.000000,102.325000,0.278880,0.396000,15,10,0,0,0,0,0,0,0,0,0,0,-0.020391,1.294450,25,25
2027-01-01,Tampakan,1206314000,17.432000,0.000000,58.550000,0.174000,0.292000,14,0,0,0,0,0,0,0,0,0,0,0,-0.174994,0.314401,14,14
2027-01-01,Tantangan,1206315000,4.240000,0.000000,26.775000,0.075077,0.116000,13,0,0,0,0,0,0,0,0,0,0,0,-2.514704,-1.807388,13,13
2027-01-01,Tupi,1206317000,18.996000,0.000000,66.325000,0.025333,0.132000,15,0,0,0,0,0,0,0,0,1,0,0,0.547348,2.749903,15,15
2027-02-01,Banga,1206302000,27.792000,0.000000,89.550000,0.180545,0.312000,20,2,0,0,0,0,0,0,0,0,0,0,0.131800,1.940867,22,22
2027-02-01,City of Koronadal,1206306000,8.596000,0.000000,54.325000,0.062815,0.136000,27,0,0,0,0,0,0,0,0,0,0,0,-2.917642,-1.507717,27,27
2027-02-01,Lake Sebu,1206319000,20.876000,0.000000,76.100000,0.267368,0.360000,13,6,0,0,0,0,0,0,0,0,0,0,-0.112124,1.784616,19,19
2027-02-01,Norala,1206311000,15.652000,0.000000,53.550000,0.102000,0.144000,14,0,0,0,0,0,0,0,0,0,0,0,-0.384718,0.113760,14,14
2027-02-01,Polomolok,1206312000,52.168000,1.000000,145.100000,0.306435,0.432000,11,12,0,0,9,0,0,9,1,9,0,0,3.505811,7.049873,23,23
2027-02-01,Santo Niño,1206318000,11.808000,0.000000,40.325000,0.157200,0.244000,10,0,0,0,0,0,0,0,0,0,0,0,-0.102300,0.067320,10,10
2027-02-01,Surallah,1206313000,35.268000,0.000000,102.325000,0.124941,0.176000,17,0,0,0,0,0,0,0,0,6,0,0,2.230408,3.193857,17,17
2027-02-01,T'Boli,1206316000,30.104000,0.000000,102.875000,0.279520,0.416000,13,12,0,0,0,0,0,0,0,0,0,0,0.071656,1.569126,25,25
2027-02-01,Tampakan,1206314000,17.812000,0.000000,59.000000,0.194857,0.360000,12,2,0,0,0,0,0,0,0,0,0,0,-0.038601,0.490039,14,14
2027-02-01,Tantangan,1206315000,4.072000,0.000000,25.325000,0.076000,0.148000,13,0,0,0,0,0,0,0,0,0,0,0,-2.544580,-1.676863,13,13
2027-02-01,Tupi,1206317000,18.424000,0.000000,60.550000,0.024533,0.156000,15,0,0,0,0,0,0,0,0,1,0,0,0.466833,2.503149,15,15
2027-03-01,Banga,1206302000,27.916000,0.000000,93.775000,0.180000,0.324000,20,2,0,0,0,0,0,0,0,0,0,0,0.128781,1.882034,22,22
2027-03-01,City of Koronadal,1206306000,8.400000,0.000000,54.875000,0.061037,0.148000,27,0,0,0,0,0,0,0,0,0,0,0,-2.905879,-1.445109,27,27
2027-03-01,Lake Sebu,1206319000,20.936000,0.000000,74.775000,0.269895,0.408000,12,7,0,0,0,0,0,0,0,0,0,0,-0.139448,1.710832,19,19
2027-03-01,Norala,1206311000,16.292000,0.000000,55.325000,0.114571,0.156000,14,0,0,0,0,0,0,0,0,0,0,0,-0.271070,0.219590,14,14
2027-03-01,Polomolok,1206312000,52.204000,1.225000,151.100000,0.301217,0.448000,13,10,0,0,10,0,0,10,1,10,1,0,3.371855,7.238882,23,23
2027-03-01,Santo Niño,1206318000,12.280000,0.000000,40.000000,0.168000,0.272000,10,0,0,0,0,0,0,0,0,0,0,0,0.019258,0.170007,10,10
2027-03-01,Surallah,1206313000,35.624000,0.000000,102.100000,0.120706,0.184000,17,0,0,0,7,0,0,7,1,9,7,0,2.182982,3.208611,17,17
2027-03-01,T'Boli,1206316000,30.172000,0.000000,103.550000,0.283040,0.388000,13,12,0,0,0,0,0,0,0,0,0,0,0.036746,1.230825,25,25
2027-03-01,Tampakan,1206314000,17.800000,0.000000,58.775000,0.191143,0.344000,12,2,0,0,0,0,0,0,0,0,0,0,-0.099972,0.577457,14,14
2027-03-01,Tantangan,1206315000,4.072000,0.000000,25.000000,0.077538,0.164000,13,0,0,0,0,0,0,0,0,0,0,0,-2.501325,-1.686022,13,13
2027-03-01,Tupi,1206317000,18.960000,0.000000,63.325000,0.026667,0.144000,15,0,0,0,0,0,0,0,0,1,0,0,0.486799,2.337876,15,15
2027-04-01,Banga,1206302000,28.600000,0.000000,95.775000,0.183636,0.304000,21,1,0,0,0,0,0,0,0,0,0,0,0.208376,1.881638,22,22
2027-04-01,City of Koronadal,1206306000,8.456000,0.000000,53.775000,0.057926,0.120000,27,0,0,0,0,0,0,0,0,0,0,0,-2.888506,-1.326499,27,27
2027-04-01,Lake Sebu,1206319000,20.684000,0.000000,72.000000,0.263789,0.356000,12,7,0,0,0,0,0,0,0,0,0,0,-0.196275,1.580529,19,19
2027-04-01,Norala,1206311000,15.932000,0.000000,55.775000,0.112571,0.172000,14,0,0,0,0,0,0,0,0,0,0,0,-0.384310,0.090856,14,14
2027-04-01,Polomolok,1206312000,52.880000,1.000000,146.775000,0.300522,0.452000,12,11,0,0,11,0,0,11,1,11,1,0,3.436236,7.067503,23,23
2027-04-01,Santo Niño,1206318000,11.776000,0.000000,40.775000,0.159600,0.272000,10,0,0,0,0,0,0,0,0,0,0,0,-0.141552,0.078577,10,10
2027-04-01,Surallah,1206313000,35.640000,0.000000,102.325000,0.127765,0.204000,17,0,0,0,9,0,0,9,1,10,2,0,2.208793,2.985393,17,17
2027-04-01,T'Boli,1206316000,30.424000,0.000000,102.550000,0.283200,0.372000,14,11,0,0,0,0,0,0,0,1,0,0,0.065590,1.299616,25,25
2027-04-01,Tampakan,1206314000,18.448000,0.000000,60.550000,0.197714,0.324000,13,1,0,0,0,0,0,0,0,1,0,0,0.030659,0.674749,14,14
2027-04-01,Tantangan,1206315000,4.256000,0.000000,26.000000,0.077231,0.148000,13,0,0,0,0,0,0,0,0,0,0,0,-2.478683,-1.662061,13,13
2027-04-01,Tupi,1206317000,18.296000,0.000000,61.775000,0.024267,0.148000,15,0,0,0,0,0,0,0,0,1,0,0,0.410856,2.444212,15,15
2027-05-01,Banga,1206302000,28.716000,0.000000,96.100000,0.184727,0.280000,22,0,0,0,0,0,0,0,0,0,0,0,0.217608,2.035422,22,22
2027-05-01,City of Koronadal,1206306000,8.732000,0.000000,54.325000,0.063556,0.132000,27,0,0,0,0,0,0,0,0,0,0,0,-2.822977,-1.372296,27,27
2027-05-01,Lake Sebu,1206319000,20.340000,0.000000,71.550000,0.259158,0.340000,13,6,0,0,0,0,0,0,0,0,0,0,-0.242907,1.784838,19,19
2027-05-01,Norala,1206311000,16.020000,0.000000,57.000000,0.109143,0.172000,14,0,0,0,0,0,0,0,0,0,0,0,-0.348317,0.096806,14,14
2027-05-01,Polomolok,1206312000,53.588000,1.225000,150.325000,0.312000,0.476000,10,13,0,0,6,0,0,6,1,8,0,0,3.449610,7.128682,23,23
2027-05-01,Santo Niño,1206318000,12.204000,0.000000,42.550000,0.161200,0.256000,10,0,0,0,0,0,0,0,0,0,0,0,-0.033037,0.190021,10,10
2027-05-01,Surallah,1206313000,36.824000,0.000000,104.325000,0.140471,0.200000,17,0,0,0,5,0,0,5,1,7,0,0,2.253828,3.157292,17,17
2027-05-01,T'Boli,1206316000,30.064000,0.000000,102.325000,0.274080,0.356000,13,12,0,0,0,0,0,0,0,0,0,0,0.002734,1.435415,25,25
2027-05-01,Tampakan,1206314000,17.688000,0.000000,59.000000,0.189143,0.292000,14,0,0,0,0,0,0,0,0,0,0,0,-0.161014,0.323387,14,14
2027-05-01,Tantangan,1206315000,4.364000,0.000000,29.775000,0.081231,0.148000,13,0,0,0,0,0,0,0,0,0,0,0,-2.417410,-1.675041,13,13
2027-05-01,Tupi,1206317000,18.444000,0.000000,59.775000,0.028000,0.204000,15,0,0,0,0,0,0,0,0,1,0,0,0.361120,2.358062,15,15
2027-06-01,Banga,1206302000,28.320000,0.000000,92.775000,0.187273,0.344000,21,1,0,0,0,0,0,0,0,0,0,0,0.161035,2.139786,22,22
2027-06-01,City of Koronadal,1206306000,9.244000,0.000000,56.550000,0.066222,0.124000,27,0,0,0,0,0,0,0,0,0,0,0,-2.817174,-1.468756,27,27
2027-06-01,Lake Sebu,1206319000,20.684000,0.000000,72.325000,0.263579,0.360000,13,6,0,0,0,0,0,0,0,0,0,0,-0.192365,2.043716,19,19
2027-06-01,Norala,1206311000,15.800000,0.000000,53.550000,0.112000,0.176000,14,0,0,0,0,0,0,0,0,0,0,0,-0.372201,0.126070,14,14
2027-06-01,Polomolok,1206312000,53.156000,1.000000,150.550000,0.305565,0.460000,13,10,0,0,10,0,0,10,1,10,4,0,3.403628,7.009552,23,23
2027-06-01,Santo Niño,1206318000,12.676000,0.000000,40.775000,0.182000,0.280000,10,0,0,0,0,0,0,0,0,0,0,0,0.061817,0.280332,10,10
2027-06-01,Surallah,1206313000,37.232000,0.000000,110.875000,0.137412,0.188000,17,0,0,0,9,0,0,9,1,9,4,0,2.343751,3.311664,17,17
2027-06-01,T'Boli,1206316000,30.088000,0.000000,101.325000,0.274400,0.352000,14,11,0,0,0,0,0,0,0,1,0,0,-0.036984,1.179955,25,25
2027-06-01,Tampakan,1206314000,17.512000,0.000000,59.550000,0.187714,0.272000,14,0,0,0,0,0,0,0,0,0,0,0,-0.194018,0.379809,14,14
2027-06-01,Tantangan,1206315000,4.344000,0.000000,25.550000,0.076615,0.160000,13,0,0,0,0,0,0,0,0,0,0,0,-2.465768,-1.597052,13,13
2027-06-01,Tupi,1206317000,18.396000,0.000000,60.550000,0.024000,0.148000,15,0,0,0,0,0,0,0,0,1,0,0,0.396779,2.528884,15,15
2027-07-01,Banga,1206302000,28.528000,0.000000,93.775000,0.182545,0.300000,20,2,0,0,0,0,0,0,0,0,0,0,0.184534,2.037495,22,22
2027-07-01,City of Koronadal,1206306000,8.940000,0.000000,53.775000,0.064000,0.116000,27,0,0,0,0,0,0,0,0,0,0,0,-2.845145,-1.431031,27,27
2027-07-01,Lake Sebu,1206319000,20.604000,0.000000,74.550000,0.266105,0.380000,15,4,0,0,0,0,0,0,0,0,0,0,-0.245278,1.918672,19,19
2027-07-01,Norala,1206311000,16.124000,0.000000,56.775000,0.112000,0.168000,14,0,0,0,0,0,0,0,0,0,0,0,-0.341585,0.231298,14,14
2027-07-01,Polomolok,1206312000,53.700000,2.000000,153.100000,0.309043,0.472000,12,11,0,0,8,0,0,8,1,8,0,0,3.452371,7.007263,23,23
2027-07-01,Santo Niño,1206318000,13.052000,0.000000,43.325000,0.175600,0.256000,10,0,0,0,0,0,0,0,0,0,0,0,0.174877,0.366621,10,10
2027-07-01,Surallah,1206313000,37.764000,0.000000,111.100000,0.145176,0.224000,17,0,0,0,10,0,0,10,1,10,2,0,2.357708,3.269670,17,17
2027-07-01,T'Boli,1206316000,29.800000,0.000000,102.875000,0.279840,0.368000,17,8,0,0,0,0,0,0,0,0,0,0,-0.098187,1.089725,25,25
2027-07-01,Tampakan,1206314000,16.820000,0.000000,57.775000,0.170000,0.300000,13,1,0,0,0,0,0,0,0,0,0,0,-0.356645,0.233396,14,14
2027-07-01,Tantangan,1206315000,4.376000,0.000000,26.000000,0.077846,0.132000,13,0,0,0,0,0,0,0,0,0,0,0,-2.444923,-1.549187,13,13
2027-07-01,Tupi,1206317000,19.136000,0.000000,62.550000,0.024800,0.128000,15,0,0,0,0,0,0,0,0,1,0,0,0.509314,2.672146,15,15
2027-08-01,Banga,1206302000,29.880000,0.000000,99.550000,0.199818,0.340000,19,3,0,0,0,0,0,0,0,0,0,0,0.313938,2.350163,22,22
2027-08-01,City of Koronadal,1206306000,8.708000,0.000000,52.550000,0.061185,0.152000,27,0,0,0,0,0,0,0,0,0,0,0,-2.806039,-1.374667,27,27
2027-08-01,Lake Sebu,1206319000,20.112000,0.000000,70.000000,0.264211,0.356000,14,5,0,0,0,0,0,0,0,0,0,0,-0.308584,1.990059,19,19
2027-08-01,Norala,1206311000,15.572000,0.000000,55.325000,0.102571,0.156000,14,0,0,0,0,0,0,0,0,0,0,0,-0.437498,0.114822,14,14
2027-08-01,Polomolok,1206312000,54.456000,1.000000,157.975000,0.311826,0.476000,10,13,0,0,9,0,0,9,1,9,1,0,3.485414,7.044634,23,23
2027-08-01,Santo Niño,1206318000,13.104000,0.000000,44.550000,0.182000,0.304000,9,1,0,0,0,0,0,0,0,0,0,0,0.186963,0.425020,10,10
2027-08-01,Surallah,1206313000,38.524000,0.000000,106.325000,0.152235,0.208000,17,0,0,0,10,0,0,10,1,10,1,0,2.386845,3.528700,17,17
2027-08-01,T'Boli,1206316000,29.076000,0.000000,98.325000,0.268480,0.416000,16,9,0,0,0,0,0,0,0,0,0,0,-0.171430,1.415700,25,25
2027-08-01,Tampakan,1206314000,16.728000,0.000000,58.775000,0.164286,0.252000,14,0,0,0,0,0,0,0,0,0,0,0,-0.392298,0.256132,14,14
2027-08-01,Tantangan,1206315000,4.112000,0.000000,22.775000,0.067077,0.128000,13,0,0,0,0,0,0,0,0,0,0,0,-2.435518,-1.648704,13,13
2027-08-01,Tupi,1206317000,19.156000,0.000000,63.000000,0.026933,0.160000,15,0,0,0,0,0,0,0,0,1,0,0,0.461754,2.766745,15,15
2027-09-01,Banga,1206302000,29.908000,0.000000,96.775000,0.202364,0.328000,20,2,0,0,0,0,0,0,0,0,0,0,0.363671,2.613978,22,22
2027-09-01,City of Koronadal,1206306000,8.760000,0.000000,55.100000,0.063556,0.136000,27,0,0,0,0,0,0,0,0,0,0,0,-2.826386,-1.478771,27,27
2027-09-01,Lake Sebu,1206319000,19.916000,0.000000,70.775000,0.253474,0.356000,15,4,0,0,0,0,0,0,0,0,0,0,-0.257780,2.055795,19,19
2027-09-01,Norala,1206311000,15.928000,0.000000,53.550000,0.105714,0.176000,14,0,0,0,0,0,0,0,0,0,0,0,-0.385698,0.093646,14,14
2027-09-01,Polomolok,1206312000,54.460000,1.000000,154.325000,0.317043,0.404000,10,13,0,0,5,0,0,5,1,7,0,0,3.445210,6.896308,23,23
2027-09-01,Santo Niño,1206318000,12.932000,0.000000,42.000000,0.191200,0.344000,8,2,0,0,0,0,0,0,0,0,0,0,0.127469,0.482970,10,10
2027-09-01,Surallah,1206313000,39.572000,0.000000,115.325000,0.163294,0.236000,17,0,0,0,5,0,0,5,1,6,0,0,2.584792,3.869206,17,17
2027-09-01,T'Boli,1206316000,29.416000,0.000000,101.100000,0.262880,0.408000,19,6,0,0,0,0,0,0,0,0,0,0,-0.189640,1.303468,25,25
2027-09-01,Tampakan,1206314000,15.992000,0.000000,56.875000,0.155714,0.268000,14,0,0,0,0,0,0,0,0,0,0,0,-0.526294,0.045455,14,14
2027-09-01,Tantangan,1206315000,4.248000,0.000000,24.775000,0.074769,0.144000,13,0,0,0,0,0,0,0,0,0,0,0,-2.433229,-1.593118,13,13
2027-09-01,Tupi,1206317000,18.436000,0.000000,62.325000,0.020800,0.136000,15,0,0,0,0,0,0,0,0,1,0,0,0.351989,2.540816,15,15
2027-10-01,Banga,1206302000,30.140000,0.000000,96.775000,0.201091,0.312000,21,1,0,0,0,0,0,0,0,0,0,0,0.358772,2.462688,22,22
2027-10-01,City of Koronadal,1206306000,8.388000,0.000000,50.775000,0.056593,0.116000,27,0,0,0,0,0,0,0,0,0,0,0,-2.789723,-1.450816,27,27
2027-10-01,Lake Sebu,1206319000,20.428000,0.000000,72.325000,0.258526,0.352000,15,4,0,0,0,0,0,0,0,0,0,0,-0.255942,1.896298,19,19
2027-10-01,Norala,1206311000,16.420000,0.000000,57.775000,0.125429,0.180000,14,0,0,0,0,0,0,0,0,0,0,0,-0.298724,0.128866,14,14
2027-10-01,Polomolok,1206312000,55.312000,2.000000,155.650000,0.321391,0.464000,10,13,0,0,7,0,0,7,1,7,3,0,3.471277,7.160494,23,23
2027-10-01,Santo Niño,1206318000,12.588000,0.000000,41.000000,0.176400,0.292000,10,0,0,0,0,0,0,0,0,0,0,0,0.048234,0.397696,10,10
2027-10-01,Surallah,1206313000,39.644000,0.000000,115.775000,0.162353,0.216000,17,0,0,0,4,0,0,4,1,9,2,0,2.551958,3.645994,17,17
2027-10-01,T'Boli,1206316000,28.212000,0.000000,98.550000,0.255840,0.388000,18,7,0,0,0,0,0,0,0,0,0,0,-0.232934,1.418260,25,25
2027-10-01,Tampakan,1206314000,15.820000,0.000000,54.775000,0.158286,0.272000,14,0,0,0,0,0,0,0,0,0,0,0,-0.537598,-0.032129,14,14
2027-10-01,Tantangan,1206315000,4.200000,0.000000,23.550000,0.072308,0.132000,13,0,0,0,0,0,0,0,0,0,0,0,-2.351734,-1.566964,13,13
2027-10-01,Tupi,1206317000,18.100000,0.000000,61.775000,0.022933,0.124000,15,0,0,0,0,0,0,0,0,1,0,0,0.195263,2.385552,15,15
2027-11-01,Banga,1206302000,30.384000,0.000000,97.875000,0.207091,0.308000,19,3,0,0,0,0,0,0,0,0,0,0,0.360500,2.648526,22,22
2027-11-01,City of Koronadal,1206306000,8.748000,0.000000,53.100000,0.058370,0.108000,27,0,0,0,0,0,0,0,0,0,0,0,-2.749413,-1.334759,27,27
2027-11-01,Lake Sebu,1206319000,20.588000,0.000000,74.100000,0.262947,0.388000,12,7,0,0,0,0,0,0,0,0,0,0,-0.218479,2.005760,19,19
2027-11-01,Norala,1206311000,16.096000,0.000000,58.775000,0.115143,0.164000,14,0,0,0,0,0,0,0,0,0,0,0,-0.380803,0.147054,14,14
2027-11-01,Polomolok,1206312000,55.380000,1.000000,157.875000,0.326783,0.444000,7,16,0,0,7,0,0,7,1,7,1,0,3.373072,7.004243,23,23
2027-11-01,Santo Niño,1206318000,12.904000,0.000000,41.775000,0.183600,0.312000,9,1,0,0,0,0,0,0,0,0,0,0,0.095297,0.374289,10,10
2027-11-01,Surallah,1206313000,41.064000,0.000000,119.875000,0.169882,0.240000,17,0,0,0,5,0,0,5,1,8,2,0,2.619418,3.754788,17,17
2027-11-01,T'Boli,1206316000,28.660000,0.000000,99.325000,0.264960,0.380000,20,5,0,0,0,0,0,0,0,0,0,0,-0.237268,1.446671,25,25
2027-11-01,Tampakan,1206314000,15.784000,0.000000,57.550000,0.150857,0.272000,14,0,0,0,0,0,0,0,0,0,0,0,-0.579112,-0.148579,14,14
2027-11-01,Tantangan,1206315000,4.060000,0.000000,24.000000,0.072923,0.172000,13,0,0,0,0,0,0,0,0,0,0,0,-2.388755,-1.632643,13,13
2027-11-01,Tupi,1206317000,18.836000,0.000000,65.325000,0.026133,0.160000,15,0,0,0,0,0,0,0,0,1,0,0,0.307788,2.272496,15,15
2027-12-01,Banga,1206302000,29.012000,0.000000,92.550000,0.188545,0.328000,21,1,0,0,0,0,0,0,0,0,0,0,0.213193,2.260800,22,22
2027-12-01,City of Koronadal,1206306000,9.144000,0.000000,56.775000,0.066519,0.156000,27,0,0,0,0,0,0,0,0,0,0,0,-2.701010,-1.472164,27,27
2027-12-01,Lake Sebu,1206319000,19.800000,0.000000,68.325000,0.245053,0.348000,15,4,0,0,0,0,0,0,0,0,0,0,-0.299514,2.294495,19,19
2027-12-01,Norala,1206311000,16.372000,0.000000,60.775000,0.114000,0.152000,14,0,0,0,0,0,0,0,0,0,0,0,-0.308605,0.206508,14,14
2027-12-01,Polomolok,1206312000,55.856000,2.000000,155.325000,0.338783,0.440000,8,15,0,0,5,0,0,5,1,7,2,0,3.445269,7.107384,23,23
2027-12-01,Santo Niño,1206318000,13.244000,0.000000,44.000000,0.193200,0.328000,8,2,0,0,0,0,0,0,0,0,0,0,0.179372,0.380471,10,10
2027-12-01,Surallah,1206313000,41.456000,0.000000,115.650000,0.185412,0.276000,17,0,0,0,10,0,0,10,1,10,6,0,2.685038,3.697948,17,17
2027-12-01,T'Boli,1206316000,28.616000,0.000000,97.875000,0.266400,0.376000,17,8,0,0,0,0,0,0,0,0,0,0,-0.234588,1.152879,25,25
2027-12-01,Tampakan,1206314000,15.060000,0.000000,53.325000,0.145429,0.280000,14,0,0,0,0,0,0,0,0,0,0,0,-0.690806,-0.244049,14,14
2027-12-01,Tantangan,1206315000,4.384000,0.000000,25.000000,0.088615,0.196000,13,0,0,0,0,0,0,0,0,0,0,0,-2.328362,-1.630051,13,13
2027-12-01,Tupi,1206317000,18.552000,0.000000,61.775000,0.025333,0.128000,15,0,0,0,0,0,0,0,0,1,0,0,0.252745,2.370893,15,15
2028-01-01,Banga,1206302000,29.604000,0.000000,101.100000,0.196727,0.340000,20,2,0,0,0,0,0,0,0,0,0,0,0.282747,2.133202,22,22
2028-01-01,City of Koronadal,1206306000,9.056000,0.000000,53.550000,0.063111,0.152000,27,0,0,0,0,0,0,0,0,0,0,0,-2.869165,-1.412440,27,27
2028-01-01,Lake Sebu,1206319000,21.456000,0.000000,78.325000,0.274316,0.368000,11,8,0,0,0,0,0,0,0,1,0,0,-0.139276,1.811422,19,19
2028-01-01,Norala,1206311000,16.076000,0.000000,56.325000,0.120571,0.156000,14,0,0,0,0,0,0,0,0,0,0,0,-0.366817,0.211474,14,14
2028-01-01,Polomolok,1206312000,53.192000,2.000000,152.100000,0.313391,0.476000,11,12,0,0,9,0,0,9,1,9,4,0,3.419081,7.093245,23,23
2028-01-01,Santo Niño,1206318000,12.448000,0.000000,43.000000,0.174400,0.272000,10,0,0,0,0,0,0,0,0,0,0,0,0.008582,0.219177,10,10
2028-01-01,Surallah,1206313000,36.368000,0.000000,106.100000,0.140000,0.232000,17,0,0,0,7,0,0,7,1,7,0,0,2.255673,3.180020,17,17
2028-01-01,T'Boli,1206316000,30.824000,0.000000,101.550000,0.290560,0.372000,11,14,0,0,0,0,0,0,0,0,0,0,0.015439,1.284659,25,25
2028-01-01,Tampakan,1206314000,18.040000,0.000000,57.550000,0.196571,0.328000,13,1,0,0,0,0,0,0,0,0,0,0,-0.129733,0.459588,14,14
2028-01-01,Tantangan,1206315000,4.380000,0.000000,26.775000,0.082154,0.184000,13,0,0,0,0,0,0,0,0,0,0,0,-2.498089,-1.705114,13,13
2028-01-01,Tupi,1206317000,18.088000,0.000000,59.325000,0.018933,0.128000,15,0,0,0,0,0,0,0,0,1,0,0,0.300583,2.641016,15,15
2028-02-01,Banga,1206302000,28.412000,0.000000,98.325000,0.181636,0.292000,22,0,0,0,0,0,0,0,0,0,0,0,0.159622,1.970826,22,22
2028-02-01,City of Koronadal,1206306000,8.784000,0.000000,54.100000,0.059852,0.120000,27,0,0,0,0,0,0,0,0,0,0,0,-2.965634,-1.439673,27,27
2028-02-01,Lake Sebu,1206319000,21.104000,0.000000,76.325000,0.271368,0.408000,11,8,0,0,0,0,0,0,0,1,0,0,-0.144939,1.973207,19,19
2028-02-01,Norala,1206311000,15.592000,0.000000,53.775000,0.110000,0.148000,14,0,0,0,0,0,0,0,0,0,0,0,-0.399918,0.208560,14,14
2028-02-01,Polomolok,1206312000,52.576000,1.000000,149.650000,0.301217,0.444000,11,12,0,0,8,0,0,8,1,9,1,0,3.475257,6.955635,23,23
2028-02-01,Santo Niño,1206318000,12.680000,0.000000,40.775000,0.165600,0.252000,10,0,0,0,0,0,0,0,0,0,0,0,0.108233,0.283816,10,10
2028-02-01,Surallah,1206313000,35.540000,0.000000,104.775000,0.127294,0.192000,17,0,0,0,0,0,0,0,0,6,0,0,2.170912,3.143168,17,17
2028-02-01,T'Boli,1206316000,31.276000,0.000000,106.875000,0.291200,0.428000,13,12,0,0,0,0,0,0,0,0,0,0,0.155489,1.633459,25,25
2028-02-01,Tampakan,1206314000,18.296000,0.000000,60.550000,0.195143,0.304000,12,2,0,0,0,0,0,0,0,1,0,0,-0.025477,0.659626,14,14
2028-02-01,Tantangan,1206315000,4.260000,0.000000,25.550000,0.073846,0.140000,13,0,0,0,0,0,0,0,0,0,0,0,-2.501933,-1.753015,13,13
2028-02-01,Tupi,1206317000,18.060000,0.000000,60.775000,0.024267,0.164000,15,0,0,0,0,0,0,0,0,1,0,0,0.344182,2.545493,15,15
2028-03-01,Banga,1206302000,28.188000,0.000000,93.875000,0.183455,0.320000,19,3,0,0,0,0,0,0,0,0,0,0,0.115599,1.792911,22,22
2028-03-01,City of Koronadal,1206306000,8.812000,0.000000,52.550000,0.060889,0.120000,27,0,0,0,0,0,0,0,0,0,0,0,-2.898561,-1.493082,27,27
2028-03-01,Lake Sebu,1206319000,21.212000,0.000000,76.325000,0.273053,0.344000,11,8,0,0,0,0,0,0,0,1,0,0,-0.139834,2.029018,19,19
2028-03-01,Norala,1206311000,15.880000,0.000000,55.775000,0.107143,0.152000,14,0,0,0,0,0,0,0,0,0,0,0,-0.388164,-0.005528,14,14
2028-03-01,Polomolok,1206312000,53.636000,1.000000,152.425000,0.307304,0.432000,10,13,0,0,11,0,0,11,1,11,3,0,3.458876,7.086699,23,23
2028-03-01,Santo Niño,1206318000,12.444000,0.000000,41.000000,0.166800,0.300000,9,1,0,0,0,0,0,0,0,0,0,0,0.034338,0.235292,10,10
2028-03-01,Surallah,1206313000,36.320000,0.000000,105.325000,0.130588,0.184000,17,0,0,0,6,0,0,6,1,7,6,0,2.228651,3.142438,17,17
2028-03-01,T'Boli,1206316000,31.136000,0.000000,102.550000,0.295040,0.392000,9,16,0,0,0,0,0,0,0,0,0,0,0.103655,1.312532,25,25
2028-03-01,Tampakan,1206314000,18.048000,0.000000,58.550000,0.187429,0.296000,14,0,0,0,0,0,0,0,0,0,0,0,-0.125446,0.529605,14,14
2028-03-01,Tantangan,1206315000,4.192000,0.000000,24.550000,0.075385,0.172000,13,0,0,0,0,0,0,0,0,0,0,0,-2.483775,-1.561117,13,13
2028-03-01,Tupi,1206317000,18.032000,0.000000,63.100000,0.025867,0.104000,15,0,0,0,0,0,0,0,0,1,0,0,0.319401,2.334153,15,15
2028-04-01,Banga,1206302000,29.280000,0.000000,97.875000,0.196909,0.384000,21,1,0,0,0,0,0,0,0,0,0,0,0.209092,2.061142,22,22
2028-04-01,City of Koronadal,1206306000,8.516000,0.000000,51.325000,0.061630,0.156000,27,0,0,0,0,0,0,0,0,0,0,0,-2.847537,-1.319316,27,27
2028-04-01,Lake Sebu,1206319000,21.884000,0.000000,76.325000,0.279789,0.360000,9,10,0,0,0,0,0,0,0,0,0,0,-0.074288,1.860616,19,19
2028-04-01,Norala,1206311000,15.996000,0.000000,54.325000,0.111714,0.152000,14,0,0,0,0,0,0,0,0,0,0,0,-0.367107,0.116437,14,14
2028-04-01,Polomolok,1206312000,55.036000,1.000000,156.200000,0.325391,0.436000,8,15,0,0,7,0,0,7,1,8,0,0,3.464366,7.114990,23,23
2028-04-01,Santo Niño,1206318000,12.572000,0.000000,44.325000,0.172000,0.240000,10,0,0,0,0,0,0,0,0,0,0,0,-0.008639,0.297445,10,10
2028-04-01,Surallah,1206313000,36.724000,0.000000,106.100000,0.138588,0.200000,17,0,0,0,5,0,0,5,1,7,0,0,2.211899,3.045146,17,17
2028-04-01,T'Boli,1206316000,30.540000,0.000000,103.550000,0.283520,0.396000,14,11,0,0,0,0,0,0,0,0,0,0,-0.034456,1.402220,25,25
2028-04-01,Tampakan,1206314000,17.636000,0.000000,57.775000,0.183143,0.252000,14,0,0,0,0,0,0,0,0,0,0,0,-0.234231,0.349862,14,14
2028-04-01,Tantangan,1206315000,4.248000,0.000000,25.775000,0.080615,0.140000,13,0,0,0,0,0,0,0,0,0,0,0,-2.442296,-1.670558,13,13
2028-04-01,Tupi,1206317000,18.360000,0.000000,65.775000,0.024267,0.120000,15,0,0,0,0,0,0,0,0,1,0,0,0.346012,2.452651,15,15
2028-05-01,Banga,1206302000,29.132000,0.000000,98.550000,0.189273,0.320000,21,1,0,0,0,0,0,0,0,0,0,0,0.189203,1.947061,22,22
2028-05-01,City of Koronadal,1206306000,8.608000,0.000000,54.325000,0.059111,0.128000,27,0,0,0,0,0,0,0,0,0,0,0,-2.857354,-1.408225,27,27
2028-05-01,Lake Sebu,1206319000,20.940000,0.000000,72.550000,0.272842,0.392000,11,8,0,0,0,0,0,0,0,1,0,0,-0.209038,1.663349,19,19
2028-05-01,Norala,1206311000,15.980000,0.000000,56.325000,0.110000,0.156000,14,0,0,0,0,0,0,0,0,0,0,0,-0.364915,0.054777,14,14
2028-05-01,Polomolok,1206312000,54.876000,1.000000,154.325000,0.319478,0.440000,10,13,0,0,10,0,0,10,1,10,3,0,3.564829,7.341064,23,23
2028-05-01,Santo Niño,1206318000,12.328000,0.000000,41.775000,0.169200,0.276000,10,0,0,0,0,0,0,0,0,0,0,0,-0.030385,0.225876,10,10
2028-05-01,Surallah,1206313000,36.896000,0.000000,107.550000,0.146118,0.244000,17,0,0,0,6,0,0,6,1,8,1,0,2.222254,3.148360,17,17
2028-05-01,T'Boli,1206316000,30.264000,0.000000,106.875000,0.272160,0.380000,14,11,0,0,0,0,0,0,0,0,0,0,-0.026781,1.336267,25,25
2028-05-01,Tampakan,1206314000,17.576000,0.000000,57.775000,0.191143,0.324000,12,2,0,0,0,0,0,0,0,0,0,0,-0.216228,0.325060,14,14
2028-05-01,Tantangan,1206315000,4.412000,0.000000,25.550000,0.083077,0.180000,13,0,0,0,0,0,0,0,0,0,0,0,-2.417682,-1.599727,13,13
2028-05-01,Tupi,1206317000,18.488000,0.000000,61.000000,0.023733,0.164000,15,0,0,0,0,0,0,0,0,1,0,0,0.351763,2.502276,15,15
2028-06-01,Banga,1206302000,28.708000,0.000000,96.100000,0.186545,0.340000,19,3,0,0,0,0,0,0,0,0,0,0,0.168564,2.080913,22,22
2028-06-01,City of Koronadal,1206306000,9.164000,0.000000,55.100000,0.060889,0.100000,27,0,0,0,0,0,0,0,0,0,0,0,-2.799230,-1.557929,27,27
2028-06-01,Lake Sebu,1206319000,20.900000,0.000000,70.325000,0.264632,0.388000,13,6,0,0,0,0,0,0,0,1,0,0,-0.195960,1.784422,19,19
2028-06-01,Norala,1206311000,15.932000,0.000000,55.550000,0.109714,0.164000,14,0,0,0,0,0,0,0,0,0,0,0,-0.403690,0.104197,14,14
2028-06-01,Polomolok,1206312000,54.520000,2.000000,161.100000,0.313913,0.484000,12,11,0,0,9,0,0,9,1,9,0,0,3.484104,7.028087,23,23
2028-06-01,Santo Niño,1206318000,12.028000,0.000000,41.775000,0.160400,0.252000,10,0,0,0,0,0,0,0,0,0,0,0,-0.106781,0.076245,10,10
2028-06-01,Surallah,1206313000,37.432000,0.000000,109.325000,0.146588,0.212000,17,0,0,0,0,0,0,0,0,7,0,0,2.244902,3.275328,17,17
2028-06-01,T'Boli,1206316000,30.480000,0.000000,103.100000,0.287200,0.412000,12,13,0,0,0,0,0,0,0,0,0,0,0.012469,1.492260,25,25
2028-06-01,Tampakan,1206314000,16.924000,0.000000,55.325000,0.169429,0.264000,14,0,0,0,0,0,0,0,0,0,0,0,-0.312661,0.370846,14,14
2028-06-01,Tantangan,1206315000,4.240000,0.000000,25.775000,0.073538,0.132000,13,0,0,0,0,0,0,0,0,0,0,0,-2.428703,-1.610938,13,13
2028-06-01,Tupi,1206317000,18.484000,0.000000,64.550000,0.026667,0.136000,15,0,0,0,0,0,0,0,0,1,0,0,0.358751,2.569502,15,15
2028-07-01,Banga,1206302000,29.688000,0.000000,99.100000,0.202364,0.324000,19,3,0,0,0,0,0,0,0,0,0,0,0.250820,2.061539,22,22
2028-07-01,City of Koronadal,1206306000,8.840000,0.000000,52.325000,0.064296,0.124000,27,0,0,0,0,0,0,0,0,0,0,0,-2.809688,-1.568349,27,27
2028-07-01,Lake Sebu,1206319000,20.964000,0.000000,73.550000,0.270316,0.360000,11,8,0,0,0,0,0,0,0,0,0,0,-0.166294,1.938757,19,19
2028-07-01,Norala,1206311000,16.168000,0.000000,54.000000,0.116000,0.176000,14,0,0,0,0,0,0,0,0,0,0,0,-0.314109,0.168407,14,14
2028-07-01,Polomolok,1206312000,54.944000,1.000000,160.975000,0.314783,0.416000,10,13,0,0,10,0,0,10,1,10,1,0,3.438167,7.128456,23,23
2028-07-01,Santo Niño,1206318000,12.280000,0.000000,40.775000,0.170800,0.280000,10,0,0,0,0,0,0,0,0,0,0,0,-0.053671,0.210097,10,10
2028-07-01,Surallah,1206313000,38.092000,0.000000,112.325000,0.144941,0.212000,17,0,0,0,5,0,0,5,1,7,5,0,2.361021,3.324500,17,17
2028-07-01,T'Boli,1206316000,30.156000,0.000000,101.100000,0.283040,0.408000,10,15,0,0,0,0,0,0,0,0,0,0,-0.033956,1.442705,25,25
2028-07-01,Tampakan,1206314000,16.696000,0.000000,60.100000,0.165429,0.260000,14,0,0,0,0,0,0,0,0,0,0,0,-0.391381,0.163929,14,14
2028-07-01,Tantangan,1206315000,4.180000,0.000000,26.550000,0.075692,0.124000,13,0,0,0,0,0,0,0,0,0,0,0,-2.406113,-1.627131,13,13
2028-07-01,Tupi,1206317000,18.060000,0.000000,60.775000,0.027733,0.172000,15,0,0,0,0,0,0,0,0,1,0,0,0.243571,2.271820,15,15
2028-08-01,Banga,1206302000,29.664000,0.000000,97.000000,0.198727,0.324000,19,3,0,0,0,0,0,0,0,0,0,0,0.262347,2.407396,22,22
2028-08-01,City of Koronadal,1206306000,8.868000,0.000000,52.325000,0.065185,0.136000,27,0,0,0,0,0,0,0,0,0,0,0,-2.805238,-1.432361,27,27
2028-08-01,Lake Sebu,1206319000,21.076000,0.000000,73.325000,0.269474,0.340000,13,6,0,0,0,0,0,0,0,0,0,0,-0.153848,2.092431,19,19
2028-08-01,Norala,1206311000,16.356000,0.000000,56.775000,0.111714,0.152000,14,0,0,0,0,0,0,0,0,0,0,0,-0.304227,0.278207,14,14
2028-08-01,Polomolok,1206312000,55.164000,1.000000,156.875000,0.326783,0.452000,9,14,0,0,8,0,0,8,1,8,0,0,3.398461,7.069133,23,23
2028-08-01,Santo Niño,1206318000,12.464000,0.000000,41.775000,0.163600,0.268000,10,0,0,0,0,0,0,0,0,0,0,0,-0.050595,0.179136,10,10
2028-08-01,Surallah,1206313000,39.244000,0.000000,116.550000,0.164941,0.240000,17,0,0,0,5,0,0,5,1,7,0,0,2.500966,3.597028,17,17
2028-08-01,T'Boli,1206316000,29.940000,0.000000,103.425000,0.275520,0.404000,15,10,0,0,0,0,0,0,0,0,0,0,-0.068654,1.340330,25,25
2028-08-01,Tampakan,1206314000,16.656000,0.000000,58.550000,0.170000,0.300000,13,1,0,0,0,0,0,0,0,0,0,0,-0.468040,0.094322,14,14
2028-08-01,Tantangan,1206315000,4.320000,0.000000,25.000000,0.077846,0.120000,13,0,0,0,0,0,0,0,0,0,0,0,-2.397619,-1.599446,13,13
2028-08-01,Tupi,1206317000,18.088000,0.000000,64.550000,0.026133,0.136000,15,0,0,0,0,0,0,0,0,1,0,0,0.238078,2.222706,15,15
2028-09-01,Banga,1206302000,29.836000,0.000000,98.325000,0.204000,0.340000,20,2,0,0,0,0,0,0,0,0,0,0,0.291358,2.438627,22,22
2028-09-01,City of Koronadal,1206306000,8.776000,0.000000,54.000000,0.060148,0.124000,27,0,0,0,0,0,0,0,0,0,0,0,-2.815322,-1.462184,27,27
2028-09-01,Lake Sebu,1206319000,21.124000,0.000000,72.100000,0.264632,0.380000,14,5,0,0,0,0,0,0,0,0,0,0,-0.184291,1.890342,19,19
2028-09-01,Norala,1206311000,16.508000,0.000000,59.550000,0.116286,0.160000,14,0,0,0,0,0,0,0,0,0,0,0,-0.353830,0.056665,14,14
2028-09-01,Polomolok,1206312000,55.724000,2.000000,158.650000,0.331826,0.456000,5,18,0,0,10,0,0,10,1,10,2,0,3.461976,7.117170,23,23
2028-09-01,Santo Niño,1206318000,12.512000,0.000000,41.100000,0.164000,0.280000,10,0,0,0,0,0,0,0,0,0,0,0,0.027370,0.339946,10,10
2028-09-01,Surallah,1206313000,40.108000,0.000000,113.325000,0.178353,0.288000,17,0,0,0,10,0,0,10,1,10,5,0,2.587374,3.636279,17,17
2028-09-01,T'Boli,1206316000,29.888000,0.000000,106.650000,0.281440,0.372000,13,12,0,0,0,0,0,0,0,0,0,0,-0.132558,1.371914,25,25
2028-09-01,Tampakan,1206314000,16.300000,0.000000,54.325000,0.161429,0.268000,14,0,0,0,0,0,0,0,0,0,0,0,-0.532445,-0.059106,14,14
2028-09-01,Tantangan,1206315000,4.236000,0.000000,24.000000,0.075692,0.176000,13,0,0,0,0,0,0,0,0,0,0,0,-2.412323,-1.666815,13,13
2028-09-01,Tupi,1206317000,18.096000,0.000000,61.550000,0.024800,0.152000,15,0,0,0,0,0,0,0,0,1,0,0,0.206146,2.360640,15,15
2028-10-01,Banga,1206302000,30.252000,0.000000,98.325000,0.203818,0.320000,19,3,0,0,0,0,0,0,0,0,0,0,0.313656,2.334517,22,22
2028-10-01,City of Koronadal,1206306000,8.928000,0.000000,54.100000,0.066519,0.168000,27,0,0,0,0,0,0,0,0,0,0,0,-2.777231,-1.400803,27,27
2028-10-01,Lake Sebu,1206319000,20.996000,0.000000,75.325000,0.262947,0.356000,13,6,0,0,0,0,0,0,0,0,0,0,-0.168045,1.820188,19,19
2028-10-01,Norala,1206311000,16.456000,0.000000,57.550000,0.121429,0.208000,14,0,0,0,0,0,0,0,0,0,0,0,-0.303152,0.283051,14,14
2028-10-01,Polomolok,1206312000,55.820000,1.000000,159.100000,0.331652,0.492000,10,13,0,0,8,0,0,8,1,8,0,0,3.398737,7.137754,23,23
2028-10-01,Santo Niño,1206318000,13.080000,0.000000,43.775000,0.178800,0.296000,10,0,0,0,0,0,0,0,0,0,0,0,0.121873,0.347762,10,10
2028-10-01,Surallah,1206313000,41.284000,0.000000,120.100000,0.184235,0.300000,16,1,0,0,7,0,0,7,1,8,2,0,2.658964,3.881508,17,17
2028-10-01,T'Boli,1206316000,28.928000,0.000000,102.100000,0.263040,0.364000,17,8,0,0,0,0,0,0,0,0,0,0,-0.237388,1.273053,25,25
2028-10-01,Tampakan,1206314000,15.440000,0.000000,56.000000,0.148286,0.248000,14,0,0,0,0,0,0,0,0,0,0,0,-0.627164,-0.148499,14,14
2028-10-01,Tantangan,1206315000,4.572000,0.000000,28.000000,0.080923,0.156000,13,0,0,0,0,0,0,0,0,0,0,0,-2.343610,-1.580046,13,13
2028-10-01,Tupi,1206317000,18.568000,0.000000,63.775000,0.029067,0.172000,15,0,0,0,0,0,0,0,0,1,0,0,0.246764,2.229720,15,15
2028-11-01,Banga,1206302000,30.292000,0.000000,101.550000,0.201455,0.332000,18,4,0,0,0,0,0,0,0,0,0,0,0.370112,2.612873,22,22
2028-11-01,City of Koronadal,1206306000,8.756000,0.000000,53.325000,0.060000,0.136000,27,0,0,0,0,0,0,0,0,0,0,0,-2.913089,-1.597665,27,27
2028-11-01,Lake Sebu,1206319000,20.188000,0.000000,75.000000,0.257474,0.336000,12,7,0,0,0,0,0,0,0,0,0,0,-0.326082,2.152310,19,19
2028-11-01,Norala,1206311000,16.996000,0.000000,57.000000,0.130286,0.212000,14,0,0,0,0,0,0,0,0,0,0,0,-0.246741,0.263392,14,14
2028-11-01,Polomolok,1206312000,54.524000,1.000000,156.875000,0.320696,0.432000,10,13,0,0,10,0,0,10,1,10,2,0,3.387546,6.810683,23,23
2028-11-01,Santo Niño,1206318000,13.012000,0.000000,42.775000,0.188800,0.268000,10,0,0,0,0,0,0,0,0,0,0,0,0.116404,0.378471,10,10
2028-11-01,Surallah,1206313000,41.744000,0.000000,117.100000,0.182118,0.260000,17,0,0,0,12,0,0,12,1,12,6,0,2.827948,4.076256,17,17
2028-11-01,T'Boli,1206316000,29.520000,0.000000,100.875000,0.272480,0.404000,15,10,0,0,0,0,0,0,0,0,0,0,-0.175469,1.305464,25,25
2028-11-01,Tampakan,1206314000,15.908000,0.000000,55.325000,0.158571,0.288000,14,0,0,0,0,0,0,0,0,0,0,0,-0.615760,-0.058961,14,14
2028-11-01,Tantangan,1206315000,4.808000,0.000000,27.000000,0.092308,0.164000,13,0,0,0,0,0,0,0,0,0,0,0,-2.411524,-1.630151,13,13
2028-11-01,Tupi,1206317000,18.360000,0.000000,64.325000,0.023733,0.152000,15,0,0,0,0,0,0,0,0,1,0,0,0.259973,2.480014,15,15
2028-12-01,Banga,1206302000,30.308000,0.000000,101.550000,0.211091,0.344000,18,4,0,0,0,0,0,0,0,0,0,0,0.283784,2.420527,22,22
2028-12-01,City of Koronadal,1206306000,9.036000,0.000000,51.000000,0.061630,0.132000,27,0,0,0,0,0,0,0,0,0,0,0,-2.718516,-1.396549,27,27
2028-12-01,Lake Sebu,1206319000,21.120000,0.000000,74.550000,0.267789,0.352000,11,8,0,0,0,0,0,0,0,0,0,0,-0.223667,2.152318,19,19
2028-12-01,Norala,1206311000,16.512000,0.000000,57.775000,0.118857,0.164000,14,0,0,0,0,0,0,0,0,0,0,0,-0.353365,0.147796,14,14
2028-12-01,Polomolok,1206312000,57.544000,2.000000,163.550000,0.337565,0.476000,9,14,0,0,9,0,0,9,1,9,0,0,3.443798,7.140953,23,23
2028-12-01,Santo Niño,1206318000,13.552000,0.000000,44.550000,0.189200,0.296000,10,0,0,0,0,0,0,0,0,0,0,0,0.207716,0.403887,10,10
2028-12-01,Surallah,1206313000,42.392000,0.000000,119.100000,0.194353,0.292000,17,0,0,0,6,0,0,6,1,8,0,0,2.701381,3.933019,17,17
2028-12-01,T'Boli,1206316000,28.700000,0.000000,98.000000,0.262560,0.360000,18,7,0,0,0,0,0,0,0,0,0,0,-0.296206,1.291256,25,25
2028-12-01,Tampakan,1206314000,15.136000,0.000000,52.550000,0.148571,0.284000,14,0,0,0,0,0,0,0,0,0,0,0,-0.723258,-0.308637,14,14
2028-12-01,Tantangan,1206315000,4.532000,0.000000,27.000000,0.084308,0.176000,13,0,0,0,0,0,0,0,0,0,0,0,-2.307519,-1.686747,13,13
2028-12-01,Tupi,1206317000,18.712000,0.000000,64.325000,0.028533,0.180000,15,0,0,0,0,0,0,0,0,1,0,0,0.221046,2.259039,15,15
2029-01-01,Banga,1206302000,28.872000,0.000000,95.550000,0.187636,0.316000,19,3,0,0,0,0,0,0,0,0,0,0,0.184553,2.133461,22,22
2029-01-01,City of Koronadal,1206306000,9.144000,0.000000,57.325000,0.065778,0.164000,27,0,0,0,0,0,0,0,0,0,0,0,-2.888395,-1.449848,27,27
2029-01-01,Lake Sebu,1206319000,21.760000,0.000000,76.550000,0.278947,0.384000,9,10,0,0,0,0,0,0,0,0,0,0,-0.100365,2.052141,19,19
2029-01-01,Norala,1206311000,16.676000,0.000000,59.550000,0.122857,0.176000,14,0,0,0,0,0,0,0,0,0,0,0,-0.284280,0.185579,14,14
2029-01-01,Polomolok,1206312000,54.112000,1.000000,154.875000,0.315826,0.472000,11,12,0,0,9,0,0,9,1,9,0,0,3.505141,7.022089,23,23
2029-01-01,Santo Niño,1206318000,12.704000,0.000000,43.550000,0.178800,0.292000,10,0,0,0,0,0,0,0,0,0,0,0,0.069042,0.204715,10,10
2029-01-01,Surallah,1206313000,37.180000,0.000000,107.325000,0.142824,0.232000,17,0,0,0,7,0,0,7,1,8,1,0,2.375824,3.333909,17,17
2029-01-01,T'Boli,1206316000,29.996000,0.000000,101.875000,0.276960,0.388000,15,10,0,0,0,0,0,0,0,0,0,0,-0.070886,1.341006,25,25
2029-01-01,Tampakan,1206314000,17.844000,0.000000,61.550000,0.194857,0.348000,11,3,0,0,0,0,0,0,0,0,0,0,-0.227486,0.408831,14,14
2029-01-01,Tantangan,1206315000,4.236000,0.000000,24.775000,0.076615,0.132000,13,0,0,0,0,0,0,0,0,0,0,0,-2.533619,-1.696894,13,13
2029-01-01,Tupi,1206317000,17.648000,0.000000,63.775000,0.026133,0.140000,15,0,0,0,0,0,0,0,0,1,0,0,0.224874,2.336893,15,15
2029-02-01,Banga,1206302000,28.224000,0.000000,94.100000,0.178000,0.308000,20,2,0,0,0,0,0,0,0,0,0,0,0.115939,2.090585,22,22
2029-02-01,City of Koronadal,1206306000,8.768000,0.000000,49.650000,0.059407,0.144000,27,0,0,0,0,0,0,0,0,0,0,0,-2.875355,-1.499140,27,27
2029-02-01,Lake Sebu,1206319000,21.988000,0.000000,76.325000,0.287789,0.372000,9,10,0,0,0,0,0,0,0,1,0,0,-0.075172,1.907662,19,19
2029-02-01,Norala,1206311000,16.416000,0.000000,58.775000,0.123143,0.168000,14,0,0,0,0,0,0,0,0,0,0,0,-0.321129,0.266289,14,14
2029-02-01,Polomolok,1206312000,54.660000,1.000000,157.100000,0.328522,0.456000,7,16,0,0,7,0,0,7,1,8,1,0,3.476560,7.257186,23,23
2029-02-01,Santo Niño,1206318000,12.484000,0.000000,43.000000,0.169600,0.260000,10,0,0,0,0,0,0,0,0,0,0,0,-0.006293,0.165666,10,10
2029-02-01,Surallah,1206313000,37.060000,0.000000,110.325000,0.142353,0.224000,17,0,0,0,5,0,0,5,1,7,0,0,2.305417,3.318252,17,17
2029-02-01,T'Boli,1206316000,30.832000,0.000000,101.325000,0.284640,0.368000,13,12,0,0,0,0,0,0,0,1,0,0,0.019087,1.394436,25,25
2029-02-01,Tampakan,1206314000,18.164000,0.000000,62.325000,0.195429,0.352000,12,2,0,0,0,0,0,0,0,0,0,0,-0.131807,0.520715,14,14
2029-02-01,Tantangan,1206315000,4.260000,0.000000,28.325000,0.073846,0.148000,13,0,0,0,0,0,0,0,0,0,0,0,-2.521379,-1.778667,13,13
2029-02-01,Tupi,1206317000,17.660000,0.000000,60.775000,0.025333,0.172000,15,0,0,0,0,0,0,0,0,1,0,0,0.188016,2.271989,15,15
2029-03-01,Banga,1206302000,28.608000,0.000000,96.550000,0.195273,0.328000,21,1,0,0,0,0,0,0,0,0,0,0,0.128405,2.015780,22,22
2029-03-01,City of Koronadal,1206306000,8.616000,0.000000,54.550000,0.059704,0.168000,27,0,0,0,0,0,0,0,0,0,0,0,-2.837678,-1.497182,27,27
2029-03-01,Lake Sebu,1206319000,21.776000,0.000000,76.325000,0.274105,0.372000,11,8,0,0,0,0,0,0,0,1,0,0,-0.109860,1.805916,19,19
2029-03-01,Norala,1206311000,16.636000,0.000000,57.550000,0.118000,0.180000,14,0,0,0,0,0,0,0,0,0,0,0,-0.275482,0.123565,14,14
2029-03-01,Polomolok,1206312000,54.684000,1.000000,158.975000,0.317043,0.428000,11,12,0,0,9,0,0,9,1,9,3,0,3.411515,7.328934,23,23
2029-03-01,Santo Niño,1206318000,12.336000,0.000000,40.775000,0.162000,0.256000,10,0,0,0,0,0,0,0,0,0,0,0,-0.015681,0.142667,10,10
2029-03-01,Surallah,1206313000,37.036000,0.000000,110.875000,0.141647,0.200000,17,0,0,0,5,0,0,5,1,6,0,0,2.210727,3.159444,17,17
2029-03-01,T'Boli,1206316000,30.688000,0.000000,105.550000,0.282400,0.380000,16,9,0,0,0,0,0,0,0,0,0,0,-0.024486,1.409689,25,25
2029-03-01,Tampakan,1206314000,18.560000,0.000000,63.550000,0.206000,0.324000,12,2,0,0,0,0,0,0,0,1,0,0,-0.039226,0.701353,14,14
2029-03-01,Tantangan,1206315000,4.284000,0.000000,26.000000,0.077538,0.160000,13,0,0,0,0,0,0,0,0,0,0,0,-2.415306,-1.645119,13,13
2029-03-01,Tupi,1206317000,17.156000,0.000000,59.775000,0.025600,0.176000,15,0,0,0,0,0,0,0,0,1,0,0,0.090787,2.033617,15,15
2029-04-01,Banga,1206302000,29.732000,0.000000,102.325000,0.190727,0.304000,21,1,0,0,0,0,0,0,0,0,0,0,0.280561,2.328527,22,22
2029-04-01,City of Koronadal,1206306000,8.400000,0.000000,50.325000,0.058815,0.128000,27,0,0,0,0,0,0,0,0,0,0,0,-2.888171,-1.389202,27,27
2029-04-01,Lake Sebu,1206319000,21.420000,0.000000,73.775000,0.283368,0.352000,7,12,0,0,0,0,0,0,0,0,0,0,-0.112981,1.780234,19,19
2029-04-01,Norala,1206311000,16.412000,0.000000,58.325000,0.118571,0.176000,14,0,0,0,0,0,0,0,0,0,0,0,-0.258862,0.199737,14,14
2029-04-01,Polomolok,1206312000,54.260000,2.000000,158.100000,0.315826,0.480000,11,12,0,0,10,0,0,10,1,10,1,0,3.472792,7.446203,23,23
2029-04-01,Santo Niño,1206318000,12.496000,0.000000,41.775000,0.183600,0.324000,9,1,0,0,0,0,0,0,0,0,0,0,-0.017452,0.264548,10,10
2029-04-01,Surallah,1206313000,36.428000,0.000000,106.325000,0.139765,0.200000,17,0,0,0,5,0,0,5,1,7,3,0,2.181217,3.067000,17,17
2029-04-01,T'Boli,1206316000,31.168000,0.000000,106.550000,0.289600,0.404000,10,15,0,0,0,0,0,0,0,0,0,0,0.035515,1.354676,25,25
2029-04-01,Tampakan,1206314000,18.340000,0.000000,60.550000,0.200857,0.308000,13,1,0,0,0,0,0,0,0,1,0,0,-0.088332,0.653804,14,14
2029-04-01,Tantangan,1206315000,4.136000,0.000000,25.775000,0.074154,0.168000,13,0,0,0,0,0,0,0,0,0,0,0,-2.514772,-1.703631,13,13
2029-04-01,Tupi,1206317000,17.564000,0.000000,61.775000,0.022667,0.124000,15,0,0,0,0,0,0,0,0,1,0,0,0.169586,2.199089,15,15
2029-05-01,Banga,1206302000,29.836000,0.000000,99.325000,0.202182,0.352000,20,2,0,0,0,0,0,0,0,0,0,0,0.243802,2.102029,22,22
2029-05-01,City of Koronadal,1206306000,8.668000,0.000000,52.325000,0.060889,0.140000,27,0,0,0,0,0,0,0,0,0,0,0,-2.906773,-1.529386,27,27
2029-05-01,Lake Sebu,1206319000,21.540000,0.000000,76.425000,0.278526,0.360000,9,10,0,0,0,0,0,0,0,0,0,0,-0.116934,1.965039,19,19
2029-05-01,Norala,1206311000,16.272000,0.000000,58.000000,0.108286,0.132000,14,0,0,0,0,0,0,0,0,0,0,0,-0.360710,0.064579,14,14
2029-05-01,Polomolok,1206312000,54.512000,1.000000,158.100000,0.313391,0.440000,7,16,0,0,8,0,0,8,1,9,0,0,3.483361,7.288285,23,23
2029-05-01,Santo Niño,1206318000,11.596000,0.000000,41.550000,0.142000,0.252000,10,0,0,0,0,0,0,0,0,0,0,0,-0.237880,0.007736,10,10
2029-05-01,Surallah,1206313000,37.572000,0.000000,110.325000,0.147529,0.204000,17,0,0,0,6,0,0,6,1,8,4,0,2.301782,3.210584,17,17
2029-05-01,T'Boli,1206316000,31.132000,0.000000,107.325000,0.289600,0.392000,13,12,0,0,0,0,0,0,0,0,0,0,0.032841,1.488752,25,25
2029-05-01,Tampakan,1206314000,18.288000,0.000000,59.775000,0.202000,0.352000,13,1,0,0,0,0,0,0,0,0,0,0,-0.101483,0.441738,14,14
2029-05-01,Tantangan,1206315000,4.468000,0.000000,27.000000,0.081231,0.152000,13,0,0,0,0,0,0,0,0,0,0,0,-2.451634,-1.611771,13,13
2029-05-01,Tupi,1206317000,17.608000,0.000000,64.550000,0.022133,0.132000,15,0,0,0,0,0,0,0,0,1,0,0,0.203671,2.401140,15,15
2029-06-01,Banga,1206302000,29.964000,0.000000,99.650000,0.200727,0.340000,21,1,0,0,0,0,0,0,0,0,0,0,0.307508,2.303204,22,22
2029-06-01,City of Koronadal,1206306000,8.556000,0.000000,51.775000,0.060296,0.128000,27,0,0,0,0,0,0,0,0,0,0,0,-2.875457,-1.581568,27,27
2029-06-01,Lake Sebu,1206319000,21.612000,0.000000,74.550000,0.283579,0.384000,11,8,0,0,0,0,0,0,0,0,0,0,-0.125029,1.857115,19,19
2029-06-01,Norala,1206311000,16.564000,0.000000,55.550000,0.122286,0.180000,14,0,0,0,0,0,0,0,0,0,0,0,-0.321390,0.129587,14,14
2029-06-01,Polomolok,1206312000,54.744000,1.225000,158.775000,0.317565,0.416000,9,14,0,0,10,0,0,10,1,10,2,0,3.403434,7.011778,23,23
2029-06-01,Santo Niño,1206318000,12.472000,0.000000,44.775000,0.168800,0.276000,10,0,0,0,0,0,0,0,0,0,0,0,-0.016047,0.205175,10,10
2029-06-01,Surallah,1206313000,38.904000,0.000000,114.775000,0.162588,0.260000,17,0,0,0,9,0,0,9,1,9,4,0,2.426007,3.432244,17,17
2029-06-01,T'Boli,1206316000,30.520000,0.000000,102.100000,0.283040,0.380000,16,9,0,0,0,0,0,0,0,0,0,0,-0.088709,1.241789,25,25
2029-06-01,Tampakan,1206314000,17.524000,0.000000,61.550000,0.174571,0.324000,13,1,0,0,0,0,0,0,0,0,0,0,-0.283236,0.286284,14,14
2029-06-01,Tantangan,1206315000,4.536000,0.000000,27.000000,0.080615,0.164000,13,0,0,0,0,0,0,0,0,0,0,0,-2.394734,-1.591886,13,13
2029-06-01,Tupi,1206317000,18.040000,0.000000,64.000000,0.024267,0.128000,15,0,0,0,0,0,0,0,0,1,0,0,0.226768,2.438967,15,15
2029-07-01,Banga,1206302000,29.708000,0.000000,100.100000,0.194364,0.312000,20,2,0,0,0,0,0,0,0,0,0,0,0.241218,1.972260,22,22
2029-07-01,City of Koronadal,1206306000,8.924000,0.000000,52.775000,0.062074,0.152000,27,0,0,0,0,0,0,0,0,0,0,0,-2.840771,-1.382937,27,27
2029-07-01,Lake Sebu,1206319000,21.468000,0.000000,76.875000,0.273474,0.376000,11,8,0,0,0,0,0,0,0,1,0,0,-0.128209,1.857578,19,19
2029-07-01,Norala,1206311000,16.220000,0.000000,54.775000,0.118857,0.184000,14,0,0,0,0,0,0,0,0,0,0,0,-0.406766,-0.055574,14,14
2029-07-01,Polomolok,1206312000,55.776000,1.225000,159.650000,0.328174,0.456000,7,16,0,0,7,0,0,7,1,8,0,0,3.440498,7.066825,23,23
2029-07-01,Santo Niño,1206318000,12.080000,0.000000,39.000000,0.163200,0.244000,10,0,0,0,0,0,0,0,0,0,0,0,-0.159590,0.051881,10,10
2029-07-01,Surallah,1206313000,39.080000,0.000000,116.550000,0.159059,0.240000,17,0,0,0,6,0,0,6,2,9,2,0,2.387100,3.222893,17,17
2029-07-01,T'Boli,1206316000,30.684000,0.000000,104.325000,0.285280,0.360000,12,13,0,0,0,0,0,0,0,0,0,0,-0.045272,1.222533,25,25
2029-07-01,Tampakan,1206314000,17.048000,0.000000,56.775000,0.172286,0.324000,13,1,0,0,0,0,0,0,0,0,0,0,-0.373591,0.199194,14,14
2029-07-01,Tantangan,1206315000,4.472000,0.000000,26.000000,0.092308,0.200000,13,0,0,0,0,0,0,0,0,0,0,0,-2.422350,-1.585571,13,13
2029-07-01,Tupi,1206317000,18.008000,0.000000,63.325000,0.023733,0.128000,15,0,0,0,0,0,0,0,0,1,0,0,0.204913,2.370732,15,15
2029-08-01,Banga,1206302000,30.348000,0.000000,102.550000,0.204909,0.340000,18,4,0,0,0,0,0,0,0,0,0,0,0.279667,2.110735,22,22
2029-08-01,City of Koronadal,1206306000,8.816000,0.000000,53.875000,0.062222,0.136000,27,0,0,0,0,0,0,0,0,0,0,0,-2.868067,-1.389614,27,27
2029-08-01,Lake Sebu,1206319000,21.868000,0.000000,76.000000,0.279158,0.344000,10,9,0,0,0,0,0,0,0,1,0,0,-0.144168,2.029187,19,19
2029-08-01,Norala,1206311000,16.480000,0.000000,55.550000,0.122571,0.152000,14,0,0,0,0,0,0,0,0,0,0,0,-0.352049,0.229695,14,14
2029-08-01,Polomolok,1206312000,55.756000,1.000000,158.425000,0.331130,0.460000,9,14,0,0,10,0,0,10,1,10,3,0,3.466408,7.175322,23,23
2029-08-01,Santo Niño,1206318000,12.900000,0.000000,45.325000,0.174400,0.276000,10,0,0,0,0,0,0,0,0,0,0,0,0.044251,0.247782,10,10
2029-08-01,Surallah,1206313000,39.688000,0.000000,121.425000,0.171059,0.240000,17,0,0,0,9,0,0,9,1,11,4,0,2.454603,3.429505,17,17
2029-08-01,T'Boli,1206316000,30.988000,0.000000,109.875000,0.289600,0.404000,14,11,0,0,0,0,0,0,0,0,0,0,-0.016832,1.354348,25,25
2029-08-01,Tampakan,1206314000,16.988000,0.000000,56.550000,0.163429,0.268000,14,0,0,0,0,0,0,0,0,0,0,0,-0.413749,0.185483,14,14
2029-08-01,Tantangan,1206315000,4.220000,0.000000,26.550000,0.075385,0.168000,13,0,0,0,0,0,0,0,0,0,0,0,-2.462305,-1.613719,13,13
2029-08-01,Tupi,1206317000,18.088000,0.000000,62.000000,0.021067,0.128000,15,0,0,0,0,0,0,0,0,1,0,0,0.194400,2.388145,15,15
2029-09-01,Banga,1206302000,30.816000,0.000000,99.550000,0.207273,0.316000,20,2,0,0,0,0,0,0,0,0,0,0,0.368903,2.410575,22,22
2029-09-01,City of Koronadal,1206306000,9.040000,0.000000,54.000000,0.067111,0.152000,27,0,0,0,0,0,0,0,0,0,0,0,-2.797808,-1.355330,27,27
2029-09-01,Lake Sebu,1206319000,21.352000,0.000000,72.550000,0.276632,0.364000,11,8,0,0,0,0,0,0,0,0,0,0,-0.139232,2.041331,19,19
2029-09-01,Norala,1206311000,16.348000,0.000000,56.000000,0.118571,0.176000,14,0,0,0,0,0,0,0,0,0,0,0,-0.371433,0.077599,14,14
2029-09-01,Polomolok,1206312000,56.068000,2.000000,160.775000,0.330261,0.480000,11,12,0,0,8,0,0,8,1,8,0,0,3.441756,7.199540,23,23
2029-09-01,Santo Niño,1206318000,13.028000,0.000000,44.775000,0.189200,0.316000,9,1,0,0,0,0,0,0,0,0,0,0,0.052749,0.299277,10,10
2029-09-01,Surallah,1206313000,40.860000,0.000000,122.100000,0.184941,0.260000,17,0,0,0,8,0,0,8,1,9,1,0,2.601316,3.596131,17,17
2029-09-01,T'Boli,1206316000,30.640000,0.000000,103.550000,0.286720,0.396000,12,13,0,0,0,0,0,0,0,0,0,0,-0.089994,1.407897,25,25
2029-09-01,Tampakan,1206314000,16.264000,0.000000,57.550000,0.162000,0.260000,14,0,0,0,0,0,0,0,0,0,0,0,-0.546840,0.028143,14,14
2029-09-01,Tantangan,1206315000,4.396000,0.000000,28.325000,0.080615,0.160000,13,0,0,0,0,0,0,0,0,0,0,0,-2.441948,-1.699583,13,13
2029-09-01,Tupi,1206317000,17.868000,0.000000,62.325000,0.024267,0.128000,15,0,0,0,0,0,0,0,0,1,0,0,0.108837,2.125084,15,15
2029-10-01,Banga,1206302000,31.004000,0.000000,104.100000,0.215455,0.328000,19,3,0,0,0,0,0,0,0,0,0,0,0.361868,2.306281,22,22
2029-10-01,City of Koronadal,1206306000,9.088000,0.000000,54.100000,0.063556,0.116000,27,0,0,0,0,0,0,0,0,0,0,0,-2.764935,-1.404638,27,27
2029-10-01,Lake Sebu,1206319000,20.824000,0.000000,75.325000,0.269895,0.380000,12,7,0,0,0,0,0,0,0,0,0,0,-0.230326,2.130765,19,19
2029-10-01,Norala,1206311000,16.448000,0.000000,54.775000,0.120571,0.164000,14,0,0,0,0,0,0,0,0,0,0,0,-0.346046,0.104346,14,14
2029-10-01,Polomolok,1206312000,55.996000,1.000000,156.875000,0.334609,0.468000,8,15,0,0,8,0,0,8,1,8,1,0,3.412759,7.099902,23,23
2029-10-01,Santo Niño,1206318000,12.760000,0.000000,45.550000,0.176400,0.260000,10,0,0,0,0,0,0,0,0,0,0,0,0.022421,0.275713,10,10
2029-10-01,Surallah,1206313000,40.988000,0.000000,115.775000,0.182353,0.280000,17,0,0,0,9,0,0,9,1,9,3,0,2.652883,3.752953,17,17
2029-10-01,T'Boli,1206316000,30.364000,0.000000,109.650000,0.280000,0.376000,13,12,0,0,0,0,0,0,0,0,0,0,-0.101058,1.402776,25,25
2029-10-01,Tampakan,1206314000,16.168000,0.000000,56.000000,0.160000,0.340000,13,1,0,0,0,0,0,0,0,0,0,0,-0.579916,-0.045330,14,14
2029-10-01,Tantangan,1206315000,4.308000,0.000000,23.775000,0.080000,0.140000,13,0,0,0,0,0,0,0,0,0,0,0,-2.382647,-1.656001,13,13
2029-10-01,Tupi,1206317000,17.968000,0.000000,62.775000,0.022400,0.104000,15,0,0,0,0,0,0,0,0,1,0,0,0.166372,2.327928,15,15
2029-11-01,Banga,1206302000,31.152000,0.000000,102.100000,0.219273,0.352000,18,4,0,0,0,0,0,0,0,0,0,0,0.419150,2.532308,22,22
2029-11-01,City of Koronadal,1206306000,9.124000,0.000000,55.550000,0.064741,0.132000,27,0,0,0,0,0,0,0,0,0,0,0,-2.750443,-1.316143,27,27
2029-11-01,Lake Sebu,1206319000,20.848000,0.000000,74.775000,0.260211,0.340000,13,6,0,0,0,0,0,0,0,0,0,0,-0.247546,2.088071,19,19
2029-11-01,Norala,1206311000,15.784000,0.000000,55.775000,0.111429,0.160000,14,0,0,0,0,0,0,0,0,0,0,0,-0.421142,0.067173,14,14
2029-11-01,Polomolok,1206312000,56.200000,1.225000,161.650000,0.335826,0.444000,7,16,0,0,10,0,0,10,1,10,2,0,3.446488,6.968258,23,23
2029-11-01,Santo Niño,1206318000,12.800000,0.000000,42.325000,0.180000,0.268000,10,0,0,0,0,0,0,0,0,0,0,0,0.015319,0.369508,10,10
2029-11-01,Surallah,1206313000,41.684000,0.000000,121.100000,0.189176,0.256000,17,0,0,0,0,0,0,0,0,8,0,0,2.674776,3.714961,17,17
2029-11-01,T'Boli,1206316000,30.144000,0.000000,104.325000,0.275840,0.376000,16,9,0,0,0,0,0,0,0,0,0,0,-0.130847,1.213944,25,25
2029-11-01,Tampakan,1206314000,15.216000,0.000000,52.775000,0.142857,0.244000,14,0,0,0,0,0,0,0,0,0,0,0,-0.725072,-0.192874,14,14
2029-11-01,Tantangan,1206315000,4.344000,0.000000,26.000000,0.079077,0.144000,13,0,0,0,0,0,0,0,0,0,0,0,-2.345502,-1.571316,13,13
2029-11-01,Tupi,1206317000,18.056000,0.000000,61.775000,0.025867,0.168000,15,0,0,0,0,0,0,0,0,1,0,0,0.185297,2.382105,15,15
2029-12-01,Banga,1206302000,31.228000,0.000000,99.000000,0.216182,0.360000,20,2,0,0,0,0,0,0,0,0,0,0,0.426070,2.719974,22,22
2029-12-01,City of Koronadal,1206306000,8.792000,0.000000,53.550000,0.062370,0.136000,27,0,0,0,0,0,0,0,0,0,0,0,-2.743037,-1.337358,27,27
2029-12-01,Lake Sebu,1206319000,21.372000,0.000000,74.775000,0.269684,0.356000,12,7,0,0,0,0,0,0,0,0,0,0,-0.219826,2.164962,19,19
2029-12-01,Norala,1206311000,16.276000,0.000000,56.775000,0.117714,0.180000,14,0,0,0,0,0,0,0,0,0,0,0,-0.377659,0.171796,14,14
2029-12-01,Polomolok,1206312000,57.268000,2.000000,166.775000,0.337217,0.464000,8,15,0,0,3,0,0,3,1,6,0,0,3.332396,6.817908,23,23
2029-12-01,Santo Niño,1206318000,13.672000,0.000000,45.550000,0.192800,0.288000,10,0,0,0,0,0,0,0,0,0,0,0,0.150298,0.417510,10,10
2029-12-01,Surallah,1206313000,43.600000,0.000000,125.550000,0.204941,0.308000,16,1,0,0,3,0,0,3,1,7,3,0,2.781278,3.820276,17,17
2029-12-01,T'Boli,1206316000,29.504000,0.000000,107.550000,0.266560,0.384000,18,7,0,0,0,0,0,0,0,0,0,0,-0.220866,1.273617,25,25
2029-12-01,Tampakan,1206314000,15.176000,0.000000,54.775000,0.141429,0.232000,14,0,0,0,0,0,0,0,0,0,0,0,-0.780271,-0.262211,14,14
2029-12-01,Tantangan,1206315000,4.420000,0.000000,27.325000,0.087692,0.204000,13,0,0,0,0,0,0,0,0,0,0,0,-2.326929,-1.640702,13,13
2029-12-01,Tupi,1206317000,18.168000,0.000000,61.775000,0.022667,0.152000,15,0,0,0,0,0,0,0,0,1,0,0,0.144192,2.224208,15,15
2030-01-01,Banga,1206302000,29.860000,0.000000,99.325000,0.200182,0.328000,20,2,0,0,0,0,0,0,0,0,0,0,0.267295,2.143754,22,22
2030-01-01,City of Koronadal,1206306000,8.980000,0.000000,53.775000,0.062222,0.116000,27,0,0,0,0,0,0,0,0,0,0,0,-2.904444,-1.401333,27,27
2030-01-01,Lake Sebu,1206319000,22.436000,0.000000,78.000000,0.292842,0.412000,9,10,0,0,0,0,0,0,0,1,0,0,-0.060694,1.962957,19,19
2030-01-01,Norala,1206311000,16.116000,0.000000,55.775000,0.119429,0.192000,14,0,0,0,0,0,0,0,0,0,0,0,-0.461782,0.058217,14,14
2030-01-01,Polomolok,1206312000,54.472000,0.000000,160.100000,0.321043,0.432000,10,13,0,0,10,0,0,10,1,10,7,0,3.427239,7.216503,23,23
2030-01-01,Santo Niño,1206318000,12.740000,0.000000,43.000000,0.177600,0.284000,10,0,0,0,0,0,0,0,0,0,0,0,0.020421,0.178904,10,10
2030-01-01,Surallah,1206313000,37.536000,0.000000,111.100000,0.148706,0.224000,17,0,0,0,11,0,0,11,1,11,8,0,2.384013,3.250675,17,17
2030-01-01,T'Boli,1206316000,30.920000,0.000000,110.875000,0.283840,0.364000,12,13,0,0,0,0,0,0,0,0,0,0,-0.021926,1.426737,25,25
2030-01-01,Tampakan,1206314000,18.556000,0.000000,61.775000,0.206286,0.348000,11,3,0,0,0,0,0,0,0,0,0,0,-0.090480,0.516468,14,14
2030-01-01,Tantangan,1206315000,4.372000,0.000000,26.000000,0.081231,0.164000,13,0,0,0,0,0,0,0,0,0,0,0,-2.523087,-1.764379,13,13
2030-01-01,Tupi,1206317000,17.560000,0.000000,57.550000,0.024533,0.160000,15,0,0,0,0,0,0,0,0,1,0,0,0.100458,2.035394,15,15
2030-02-01,Banga,1206302000,29.292000,0.000000,99.325000,0.199455,0.320000,20,2,0,0,0,0,0,0,0,0,0,0,0.201849,2.180993,22,22
2030-02-01,City of Koronadal,1206306000,8.700000,0.000000,52.775000,0.061185,0.124000,27,0,0,0,0,0,0,0,0,0,0,0,-2.895446,-1.551872,27,27
2030-02-01,Lake Sebu,1206319000,22.136000,0.000000,73.775000,0.295579,0.380000,8,11,0,0,0,0,0,0,0,1,0,0,-0.082523,1.904751,19,19
2030-02-01,Norala,1206311000,16.324000,0.000000,56.775000,0.120857,0.156000,14,0,0,0,0,0,0,0,0,0,0,0,-0.374805,0.115149,14,14
2030-02-01,Polomolok,1206312000,54.760000,0.450000,159.200000,0.325043,0.476000,8,15,0,0,10,0,0,10,1,10,1,0,3.439444,7.178773,23,23
2030-02-01,Santo Niño,1206318000,12.172000,0.000000,39.775000,0.166000,0.276000,10,0,0,0,0,0,0,0,0,0,0,0,-0.155417,0.040698,10,10
2030-02-01,Surallah,1206313000,38.000000,0.000000,111.325000,0.156941,0.256000,17,0,0,0,11,0,0,11,1,11,0,0,2.330730,3.263928,17,17
2030-02-01,T'Boli,1206316000,31.460000,0.000000,105.325000,0.286400,0.388000,14,11,0,0,0,0,0,0,0,0,0,0,0.039475,1.376907,25,25
2030-02-01,Tampakan,1206314000,18.568000,0.000000,63.100000,0.198286,0.300000,13,1,0,0,0,0,0,0,0,0,0,0,-0.118107,0.521129,14,14
2030-02-01,Tantangan,1206315000,4.412000,0.000000,27.325000,0.080615,0.136000,13,0,0,0,0,0,0,0,0,0,0,0,-2.470575,-1.656725,13,13
2030-02-01,Tupi,1206317000,17.312000,0.000000,59.775000,0.022400,0.148000,15,0,0,0,0,0,0,0,0,1,0,0,0.114921,2.276281,15,15
2030-03-01,Banga,1206302000,29.572000,0.000000,98.100000,0.202909,0.348000,20,2,0,0,0,0,0,0,0,0,0,0,0.218607,2.201645,22,22
2030-03-01,City of Koronadal,1206306000,8.720000,0.000000,52.775000,0.060444,0.128000,27,0,0,0,0,0,0,0,0,0,0,0,-2.897634,-1.445763,27,27
2030-03-01,Lake Sebu,1206319000,22.364000,0.000000,79.775000,0.289474,0.376000,11,8,0,0,0,0,0,0,0,1,0,0,-0.040358,1.845824,19,19
2030-03-01,Norala,1206311000,16.464000,0.000000,57.775000,0.119429,0.188000,14,0,0,0,0,0,0,0,0,0,0,0,-0.380700,0.105976,14,14
2030-03-01,Polomolok,1206312000,53.872000,2.000000,154.550000,0.306261,0.416000,12,11,0,0,7,0,0,7,1,8,0,0,3.314860,6.874974,23,23
2030-03-01,Santo Niño,1206318000,12.176000,0.000000,40.775000,0.165200,0.304000,9,1,0,0,0,0,0,0,0,0,0,0,-0.114659,0.040301,10,10
2030-03-01,Surallah,1206313000,37.108000,0.000000,109.100000,0.142118,0.212000,17,0,0,0,0,0,0,0,0,4,0,0,2.240182,3.165575,17,17
2030-03-01,T'Boli,1206316000,32.152000,0.000000,108.875000,0.298880,0.400000,9,16,0,0,0,0,0,0,0,1,0,0,0.121580,1.338229,25,25
2030-03-01,Tampakan,1206314000,18.384000,0.000000,63.550000,0.202286,0.344000,12,2,0,0,0,0,0,0,0,0,0,0,-0.099430,0.595747,14,14
2030-03-01,Tantangan,1206315000,4.284000,0.000000,26.775000,0.082769,0.168000,13,0,0,0,0,0,0,0,0,0,0,0,-2.484738,-1.659316,13,13
2030-03-01,Tupi,1206317000,18.156000,0.000000,61.775000,0.020000,0.132000,15,0,0,0,0,0,0,0,0,1,0,0,0.272755,2.310675,15,15
2030-04-01,Banga,1206302000,29.848000,0.000000,103.875000,0.198727,0.328000,19,3,0,0,0,0,0,0,0,0,0,0,0.214327,2.010646,22,22
2030-04-01,City of Koronadal,1206306000,8.756000,0.000000,51.100000,0.061333,0.116000,27,0,0,0,0,0,0,0,0,0,0,0,-2.848131,-1.503879,27,27
2030-04-01,Lake Sebu,1206319000,21.916000,0.000000,78.550000,0.284000,0.344000,9,10,0,0,0,0,0,0,0,0,0,0,-0.095722,1.904390,19,19
2030-04-01,Norala,1206311000,16.364000,0.000000,56.550000,0.117143,0.156000,14,0,0,0,0,0,0,0,0,0,0,0,-0.330883,0.015106,14,14
2030-04-01,Polomolok,1206312000,54.472000,2.000000,159.875000,0.310435,0.432000,11,12,0,0,11,0,0,11,1,11,4,0,3.418511,7.134738,23,23
2030-04-01,Santo Niño,1206318000,12.152000,0.000000,43.325000,0.161600,0.264000,10,0,0,0,0,0,0,0,0,0,0,0,-0.127394,0.041410,10,10
2030-04-01,Surallah,1206313000,37.272000,0.000000,111.100000,0.142353,0.244000,17,0,0,0,12,0,0,12,1,12,12,0,2.230718,3.123868,17,17
2030-04-01,T'Boli,1206316000,31.168000,0.000000,106.775000,0.292960,0.392000,12,13,0,0,0,0,0,0,0,1,0,0,0.038598,1.248763,25,25
2030-04-01,Tampakan,1206314000,18.792000,0.000000,63.325000,0.208857,0.340000,11,3,0,0,0,0,0,0,0,0,0,0,-0.038023,0.687213,14,14
2030-04-01,Tantangan,1206315000,4.184000,0.000000,24.775000,0.067692,0.132000,13,0,0,0,0,0,0,0,0,0,0,0,-2.440483,-1.559067,13,13
2030-04-01,Tupi,1206317000,17.624000,0.000000,59.775000,0.024267,0.144000,15,0,0,0,0,0,0,0,0,1,0,0,0.131159,2.135303,15,15
2030-05-01,Banga,1206302000,30.212000,0.000000,100.325000,0.198909,0.304000,21,1,0,0,0,0,0,0,0,0,0,0,0.311474,2.286496,22,22
2030-05-01,City of Koronadal,1206306000,8.936000,0.000000,54.325000,0.063556,0.124000,27,0,0,0,0,0,0,0,0,0,0,0,-2.877260,-1.352803,27,27
2030-05-01,Lake Sebu,1206319000,22.200000,0.000000,76.775000,0.287368,0.384000,8,11,0,0,0,0,0,0,0,0,0,0,-0.066448,2.053868,19,19
2030-05-01,Norala,1206311000,16.384000,0.000000,58.550000,0.122571,0.176000,14,0,0,0,0,0,0,0,0,0,0,0,-0.408041,-0.011262,14,14
2030-05-01,Polomolok,1206312000,55.576000,1.000000,162.100000,0.326435,0.448000,9,14,0,0,10,0,0,10,1,10,0,0,3.464113,7.213746,23,23
2030-05-01,Santo Niño,1206318000,12.388000,0.000000,44.000000,0.169600,0.268000,10,0,0,0,0,0,0,0,0,0,0,0,-0.099709,0.047434,10,10
2030-05-01,Surallah,1206313000,38.868000,0.000000,117.325000,0.169176,0.264000,17,0,0,0,5,0,0,5,1,8,0,0,2.374976,3.251047,17,17
2030-05-01,T'Boli,1206316000,30.928000,0.000000,105.550000,0.290560,0.368000,9,16,0,0,0,0,0,0,0,0,0,0,-0.024969,1.341789,25,25
2030-05-01,Tampakan,1206314000,18.000000,0.000000,56.775000,0.196286,0.324000,12,2,0,0,0,0,0,0,0,0,0,0,-0.208921,0.324011,14,14
2030-05-01,Tantangan,1206315000,4.536000,0.000000,28.325000,0.084000,0.160000,13,0,0,0,0,0,0,0,0,0,0,0,-2.433171,-1.588970,13,13
2030-05-01,Tupi,1206317000,17.492000,0.000000,59.000000,0.021600,0.124000,15,0,0,0,0,0,0,0,0,1,0,0,0.134808,2.355181,15,15
2030-06-01,Banga,1206302000,30.076000,0.000000,98.100000,0.202000,0.324000,21,1,0,0,0,0,0,0,0,0,0,0,0.245605,2.168402,22,22
2030-06-01,City of Koronadal,1206306000,8.892000,0.000000,53.875000,0.065185,0.124000,27,0,0,0,0,0,0,0,0,0,0,0,-2.914535,-1.542798,27,27
2030-06-01,Lake Sebu,1206319000,22.164000,0.000000,79.100000,0.288421,0.428000,11,8,0,0,0,0,0,0,0,0,0,0,-0.066983,2.066866,19,19
2030-06-01,Norala,1206311000,16.612000,0.000000,58.000000,0.125429,0.172000,14,0,0,0,0,0,0,0,0,0,0,0,-0.375824,0.125058,14,14
2030-06-01,Polomolok,1206312000,55.360000,0.000000,161.875000,0.326087,0.472000,9,14,0,0,5,0,0,5,1,6,0,0,3.431455,7.049853,23,23
2030-06-01,Santo Niño,1206318000,12.272000,0.000000,41.000000,0.165200,0.296000,10,0,0,0,0,0,0,0,0,0,0,0,-0.134239,0.083211,10,10
2030-06-01,Surallah,1206313000,39.736000,0.000000,117.325000,0.166118,0.272000,17,0,0,0,0,0,0,0,0,5,0,0,2.473262,3.508672,17,17
2030-06-01,T'Boli,1206316000,31.404000,0.000000,107.775000,0.288480,0.388000,12,13,0,0,0,0,0,0,0,0,0,0,0.000339,1.237336,25,25
2030-06-01,Tampakan,1206314000,17.344000,0.000000,58.775000,0.187714,0.292000,14,0,0,0,0,0,0,0,0,0,0,0,-0.330575,0.295360,14,14
2030-06-01,Tantangan,1206315000,4.480000,0.000000,28.000000,0.080000,0.140000,13,0,0,0,0,0,0,0,0,0,0,0,-2.444163,-1.594715,13,13
2030-06-01,Tupi,1206317000,18.280000,0.000000,63.550000,0.025600,0.140000,15,0,0,0,0,0,0,0,0,1,0,0,0.222527,2.432337,15,15
2030-07-01,Banga,1206302000,30.684000,0.000000,103.100000,0.209273,0.344000,19,3,0,0,0,0,0,0,0,0,0,0,0.306172,2.130308,22,22
2030-07-01,City of Koronadal,1206306000,9.088000,0.000000,56.325000,0.065778,0.128000,27,0,0,0,0,0,0,0,0,0,0,0,-2.850492,-1.451957,27,27
2030-07-01,Lake Sebu,1206319000,21.304000,0.000000,77.000000,0.277263,0.372000,10,9,0,0,0,0,0,0,0,0,0,0,-0.200725,1.814876,19,19
2030-07-01,Norala,1206311000,16.512000,0.000000,59.100000,0.122286,0.176000,14,0,0,0,0,0,0,0,0,0,0,0,-0.380025,0.158511,14,14
2030-07-01,Polomolok,1206312000,56.652000,2.000000,167.650000,0.334957,0.452000,6,17,0,0,7,0,0,7,1,8,2,0,3.499667,7.162692,23,23
2030-07-01,Santo Niño,1206318000,12.704000,0.000000,45.550000,0.180800,0.292000,10,0,0,0,0,0,0,0,0,0,0,0,-0.054889,0.157229,10,10
2030-07-01,Surallah,1206313000,39.420000,0.000000,120.650000,0.167529,0.280000,17,0,0,0,6,0,0,6,1,7,6,0,2.423882,3.405129,17,17
2030-07-01,T'Boli,1206316000,30.648000,0.000000,104.100000,0.281920,0.376000,14,11,0,0,0,0,0,0,0,0,0,0,-0.063712,1.487419,25,25
2030-07-01,Tampakan,1206314000,17.412000,0.000000,61.775000,0.176000,0.284000,14,0,0,0,0,0,0,0,0,0,0,0,-0.324738,0.257590,14,14
2030-07-01,Tantangan,1206315000,4.528000,0.000000,28.550000,0.081538,0.140000,13,0,0,0,0,0,0,0,0,0,0,0,-2.420401,-1.552125,13,13
2030-07-01,Tupi,1206317000,18.112000,0.000000,61.550000,0.021600,0.140000,15,0,0,0,0,0,0,0,0,1,0,0,0.185748,2.488000,15,15
2030-08-01,Banga,1206302000,30.804000,0.000000,100.325000,0.216545,0.364000,19,3,0,0,0,0,0,0,0,0,0,0,0.318744,2.298665,22,22
2030-08-01,City of Koronadal,1206306000,8.920000,0.000000,53.325000,0.062963,0.100000,27,0,0,0,0,0,0,0,0,0,0,0,-2.805596,-1.365374,27,27
2030-08-01,Lake Sebu,1206319000,21.504000,0.000000,78.325000,0.277684,0.376000,9,10,0,0,0,0,0,0,0,0,0,0,-0.217584,1.884038,19,19
2030-08-01,Norala,1206311000,16.636000,0.000000,59.775000,0.122857,0.180000,14,0,0,0,0,0,0,0,0,0,0,0,-0.408096,-0.004284,14,14
2030-08-01,Polomolok,1206312000,57.468000,1.000000,170.425000,0.342783,0.452000,8,15,0,0,9,0,0,9,1,9,2,0,3.438340,7.031274,23,23
2030-08-01,Santo Niño,1206318000,12.472000,0.000000,44.550000,0.170800,0.276000,10,0,0,0,0,0,0,0,0,0,0,0,-0.094266,0.191704,10,10
2030-08-01,Surallah,1206313000,41.200000,0.000000,122.875000,0.188706,0.284000,17,0,0,0,8,0,0,8,1,9,4,0,2.563013,3.627686,17,17
2030-08-01,T'Boli,1206316000,31.280000,0.000000,108.325000,0.289760,0.392000,12,13,0,0,0,0,0,0,0,0,0,0,-0.051924,1.549825,25,25
2030-08-01,Tampakan,1206314000,17.164000,0.000000,59.875000,0.172000,0.324000,13,1,0,0,0,0,0,0,0,0,0,0,-0.441633,0.203959,14,14
2030-08-01,Tantangan,1206315000,4.548000,0.000000,28.100000,0.076308,0.132000,13,0,0,0,0,0,0,0,0,0,0,0,-2.368370,-1.671036,13,13
2030-08-01,Tupi,1206317000,17.792000,0.000000,62.550000,0.024000,0.144000,15,0,0,0,0,0,0,0,0,1,0,0,0.087897,2.137815,15,15
2030-09-01,Banga,1206302000,30.556000,0.000000,101.100000,0.213273,0.324000,18,4,0,0,0,0,0,0,0,0,0,0,0.270686,2.227493,22,22
2030-09-01,City of Koronadal,1206306000,9.032000,0.000000,54.775000,0.063259,0.128000,27,0,0,0,0,0,0,0,0,0,0,0,-2.769338,-1.492983,27,27
2030-09-01,Lake Sebu,1206319000,21.776000,0.000000,76.550000,0.274526,0.356000,10,9,0,0,0,0,0,0,0,1,0,0,-0.177883,2.065610,19,19
2030-09-01,Norala,1206311000,16.240000,0.000000,58.100000,0.116857,0.176000,14,0,0,0,0,0,0,0,0,0,0,0,-0.443179,0.098940,14,14
2030-09-01,Polomolok,1206312000,57.912000,1.000000,164.875000,0.345217,0.484000,6,17,0,0,9,0,0,9,1,9,1,0,3.444571,7.267615,23,23
2030-09-01,Santo Niño,1206318000,12.888000,0.000000,45.550000,0.184800,0.260000,10,0,0,0,0,0,0,0,0,0,0,0,-0.044203,0.210392,10,10
2030-09-01,Surallah,1206313000,41.708000,0.000000,119.100000,0.181882,0.252000,17,0,0,0,7,0,0,7,1,9,3,0,2.572644,3.549728,17,17
2030-09-01,T'Boli,1206316000,31.216000,0.000000,107.100000,0.288480,0.392000,15,10,0,0,0,0,0,0,0,0,0,0,-0.051397,1.483898,25,25
2030-09-01,Tampakan,1206314000,16.556000,0.000000,56.550000,0.168000,0.288000,14,0,0,0,0,0,0,0,0,0,0,0,-0.553360,-0.038960,14,14
2030-09-01,Tantangan,1206315000,4.348000,0.000000,24.000000,0.085231,0.164000,13,0,0,0,0,0,0,0,0,0,0,0,-2.371984,-1.694267,13,13
2030-09-01,Tupi,1206317000,17.840000,0.000000,61.550000,0.022400,0.156000,15,0,0,0,0,0,0,0,0,1,0,0,0.096156,2.025052,15,15
2030-10-01,Banga,1206302000,31.224000,0.000000,104.325000,0.219636,0.380000,18,4,0,0,0,0,0,0,0,0,0,0,0.322154,2.400724,22,22
2030-10-01,City of Koronadal,1206306000,8.924000,0.000000,51.775000,0.065185,0.152000,27,0,0,0,0,0,0,0,0,0,0,0,-2.791793,-1.533877,27,27
2030-10-01,Lake Sebu,1206319000,22.068000,0.000000,79.325000,0.281895,0.356000,9,10,0,0,0,0,0,0,0,0,0,0,-0.111390,1.997087,19,19
2030-10-01,Norala,1206311000,16.436000,0.000000,58.000000,0.121714,0.168000,14,0,0,0,0,0,0,0,0,0,0,0,-0.436725,0.091094,14,14
2030-10-01,Polomolok,1206312000,58.168000,0.225000,166.550000,0.351304,0.480000,6,17,0,0,8,0,0,8,1,8,1,0,3.452060,7.124364,23,23
2030-10-01,Santo Niño,1206318000,12.768000,0.000000,41.775000,0.188000,0.296000,10,0,0,0,0,0,0,0,0,0,0,0,-0.077286,0.230340,10,10
2030-10-01,Surallah,1206313000,42.548000,0.000000,121.775000,0.195529,0.276000,17,0,0,0,9,0,0,9,1,10,2,0,2.683432,3.784096,17,17
2030-10-01,T'Boli,1206316000,31.228000,0.000000,107.325000,0.288160,0.368000,10,15,0,0,0,0,0,0,0,0,0,0,-0.098976,1.215944,25,25
2030-10-01,Tampakan,1206314000,15.468000,0.000000,55.100000,0.152571,0.248000,14,0,0,0,0,0,0,0,0,0,0,0,-0.771455,-0.199256,14,14
2030-10-01,Tantangan,1206315000,4.484000,0.000000,28.775000,0.087077,0.184000,13,0,0,0,0,0,0,0,0,0,0,0,-2.355789,-1.597883,13,13
2030-10-01,Tupi,1206317000,18.344000,0.000000,63.775000,0.024267,0.128000,15,0,0,0,0,0,0,0,0,1,0,0,0.124203,2.178242,15,15
2030-11-01,Banga,1206302000,31.252000,0.000000,100.000000,0.218182,0.348000,21,1,0,0,0,0,0,0,0,0,0,0,0.393698,2.396578,22,22
2030-11-01,City of Koronadal,1206306000,8.804000,0.000000,53.100000,0.060000,0.136000,27,0,0,0,0,0,0,0,0,0,0,0,-2.714045,-1.418722,27,27
2030-11-01,Lake Sebu,1206319000,21.848000,0.000000,77.325000,0.279789,0.372000,12,7,0,0,0,0,0,0,0,0,0,0,-0.103351,2.138822,19,19
2030-11-01,Norala,1206311000,16.464000,0.000000,58.325000,0.121714,0.164000,14,0,0,0,0,0,0,0,0,0,0,0,-0.379997,0.129163,14,14
2030-11-01,Polomolok,1206312000,58.448000,2.000000,170.200000,0.346435,0.496000,8,15,0,0,10,0,0,10,1,10,2,0,3.464284,7.082304,23,23
2030-11-01,Santo Niño,1206318000,12.548000,0.000000,44.325000,0.177600,0.280000,10,0,0,0,0,0,0,0,0,0,0,0,-0.130712,0.215760,10,10
2030-11-01,Surallah,1206313000,43.032000,0.000000,123.875000,0.200235,0.272000,17,0,0,0,12,0,0,12,1,12,4,0,2.629670,3.701698,17,17
2030-11-01,T'Boli,1206316000,30.236000,0.000000,107.875000,0.279360,0.376000,15,10,0,0,0,0,0,0,0,0,0,0,-0.150071,1.331445,25,25
2030-11-01,Tampakan,1206314000,15.364000,0.000000,55.000000,0.153714,0.276000,14,0,0,0,0,0,0,0,0,0,0,0,-0.790348,-0.280902,14,14
2030-11-01,Tantangan,1206315000,4.320000,0.000000,26.000000,0.081846,0.176000,13,0,0,0,0,0,0,0,0,0,0,0,-2.330934,-1.594231,13,13
2030-11-01,Tupi,1206317000,17.992000,0.000000,61.775000,0.023733,0.152000,15,0,0,0,0,0,0,0,0,1,0,0,0.104495,2.266008,15,15
2030-12-01,Banga,1206302000,32.036000,0.000000,104.875000,0.226545,0.372000,19,3,0,0,0,0,0,0,0,0,0,0,0.457297,2.570517,22,22
2030-12-01,City of Koronadal,1206306000,9.116000,0.000000,55.325000,0.066074,0.144000,27,0,0,0,0,0,0,0,0,0,0,0,-2.793325,-1.512522,27,27
2030-12-01,Lake Sebu,1206319000,21.736000,0.000000,76.325000,0.282526,0.392000,9,10,0,0,0,0,0,0,0,0,0,0,-0.171365,2.362306,19,19
2030-12-01,Norala,1206311000,16.792000,0.000000,58.775000,0.126571,0.176000,14,0,0,0,0,0,0,0,0,0,0,0,-0.343209,0.288433,14,14
2030-12-01,Polomolok,1206312000,57.348000,1.225000,164.650000,0.344870,0.452000,5,18,0,0,10,0,0,10,1,10,1,0,3.419975,6.972545,23,23
2030-12-01,Santo Niño,1206318000,13.152000,0.000000,47.325000,0.192000,0.312000,9,1,0,0,0,0,0,0,0,0,0,0,0.049639,0.379113,10,10
2030-12-01,Surallah,1206313000,43.140000,0.000000,126.650000,0.196941,0.296000,17,0,0,0,11,0,0,11,1,11,1,0,2.850627,3.977720,17,17
2030-12-01,T'Boli,1206316000,30.332000,0.000000,108.875000,0.281600,0.376000,14,11,0,0,0,0,0,0,0,0,0,0,-0.174837,1.359538,25,25
2030-12-01,Tampakan,1206314000,14.928000,0.000000,54.000000,0.139143,0.244000,14,0,0,0,0,0,0,0,0,0,0,0,-0.831748,-0.231520,14,14
2030-12-01,Tantangan,1206315000,4.504000,0.000000,26.000000,0.086154,0.172000,13,0,0,0,0,0,0,0,0,0,0,0,-2.370988,-1.753044,13,13
2030-12-01,Tupi,1206317000,17.456000,0.000000,62.000000,0.024000,0.152000,15,0,0,0,0,0,0,0,0,1,0,0,-0.006936,2.178347,15,15
2031-01-01,Banga,1206302000,30.500000,0.000000,104.650000,0.208909,0.332000,20,2,0,0,0,0,0,0,0,0,0,0,0.280225,2.235425,22,22
2031-01-01,City of Koronadal,1206306000,8.748000,0.000000,53.325000,0.060593,0.116000,27,0,0,0,0,0,0,0,0,0,0,0,-2.792305,-1.416430,27,27
2031-01-01,Lake Sebu,1206319000,22.724000,0.000000,77.000000,0.298526,0.392000,8,11,0,0,0,0,0,0,0,0,0,0,-0.097443,1.686210,19,19
2031-01-01,Norala,1206311000,16.512000,0.000000,57.000000,0.117143,0.168000,14,0,0,0,0,0,0,0,0,0,0,0,-0.366261,0.168851,14,14
2031-01-01,Polomolok,1206312000,56.532000,2.000000,165.325000,0.327130,0.448000,8,15,0,0,7,0,0,7,1,7,0,0,3.409051,7.280097,23,23
2031-01-01,Santo Niño,1206318000,12.608000,0.000000,43.550000,0.182000,0.272000,10,0,0,0,0,0,0,0,0,0,0,0,-0.058069,0.186347,10,10
2031-01-01,Surallah,1206313000,38.220000,0.000000,111.775000,0.158588,0.232000,17,0,0,0,0,0,0,0,0,3,0,0,2.253356,3.181877,17,17
2031-01-01,T'Boli,1206316000,31.588000,0.000000,111.100000,0.293280,0.372000,9,16,0,0,0,0,0,0,0,0,0,0,0.007546,1.342318,25,25
2031-01-01,Tampakan,1206314000,17.960000,0.000000,61.775000,0.189429,0.320000,13,1,0,0,0,0,0,0,0,0,0,0,-0.267117,0.431125,14,14
2031-01-01,Tantangan,1206315000,4.124000,0.000000,23.775000,0.074154,0.136000,13,0,0,0,0,0,0,0,0,0,0,0,-2.421263,-1.592882,13,13
2031-01-01,Tupi,1206317000,17.452000,0.000000,62.775000,0.023467,0.112000,15,0,0,0,0,0,0,0,0,1,0,0,0.049838,1.915022,15,15
2031-02-01,Banga,1206302000,29.896000,0.000000,102.550000,0.199636,0.356000,20,2,0,0,0,0,0,0,0,0,0,0,0.171935,2.134782,22,22
2031-02-01,City of Koronadal,1206306000,8.800000,0.000000,56.100000,0.064741,0.132000,27,0,0,0,0,0,0,0,0,0,0,0,-2.916954,-1.550621,27,27
2031-02-01,Lake Sebu,1206319000,22.412000,0.000000,78.550000,0.284211,0.380000,8,11,0,0,0,0,0,0,0,0,0,0,-0.034107,1.908123,19,19
2031-02-01,Norala,1206311000,16.848000,0.000000,59.550000,0.126000,0.160000,14,0,0,0,0,0,0,0,0,0,0,0,-0.356969,0.106606,14,14
2031-02-01,Polomolok,1206312000,55.844000,1.000000,162.325000,0.330435,0.456000,8,15,0,0,10,0,0,10,1,10,3,0,3.503140,7.179541,23,23
2031-02-01,Santo Niño,1206318000,12.132000,0.000000,41.775000,0.160000,0.248000,10,0,0,0,0,0,0,0,0,0,0,0,-0.161784,0.108621,10,10
2031-02-01,Surallah,1206313000,38.184000,0.000000,114.100000,0.158118,0.244000,17,0,0,0,5,0,0,5,1,6,5,0,2.343787,3.120656,17,17
2031-02-01,T'Boli,1206316000,31.912000,0.000000,110.100000,0.300160,0.352000,11,14,0,0,0,0,0,0,0,0,0,0,0.057225,1.414582,25,25
2031-02-01,Tampakan,1206314000,19.012000,0.000000,65.000000,0.213714,0.376000,12,2,0,0,0,0,0,0,0,0,0,0,-0.060196,0.621540,14,14
2031-02-01,Tantangan,1206315000,4.324000,0.000000,24.775000,0.077846,0.168000,13,0,0,0,0,0,0,0,0,0,0,0,-2.490305,-1.594509,13,13
2031-02-01,Tupi,1206317000,17.664000,0.000000,64.100000,0.021333,0.100000,15,0,0,0,0,0,0,0,0,1,0,0,0.126667,2.099733,15,15
2031-03-01,Banga,1206302000,30.244000,0.000000,104.100000,0.202364,0.304000,21,1,0,0,0,0,0,0,0,0,0,0,0.213616,2.219143,22,22
2031-03-01,City of Koronadal,1206306000,8.896000,0.000000,52.775000,0.061037,0.124000,27,0,0,0,0,0,0,0,0,0,0,0,-2.853033,-1.350788,27,27
2031-03-01,Lake Sebu,1206319000,22.552000,0.000000,79.775000,0.288632,0.380000,11,8,0,0,0,0,0,0,0,1,0,0,-0.054218,1.865748,19,19
2031-03-01,Norala,1206311000,16.672000,0.000000,60.550000,0.125714,0.192000,14,0,0,0,0,0,0,0,0,0,0,0,-0.335519,0.144147,14,14
2031-03-01,Polomolok,1206312000,56.360000,2.000000,161.875000,0.330783,0.464000,10,13,0,0,7,0,0,7,1,8,0,0,3.499368,7.296952,23,23
2031-03-01,Santo Niño,1206318000,11.952000,0.000000,41.550000,0.158000,0.280000,10,0,0,0,0,0,0,0,0,0,0,0,-0.205829,0.046006,10,10
2031-03-01,Surallah,1206313000,37.940000,0.000000,113.550000,0.159059,0.240000,17,0,0,0,5,0,0,5,1,6,0,0,2.255228,3.376508,17,17
2031-03-01,T'Boli,1206316000,31.808000,0.000000,107.325000,0.292000,0.364000,14,11,0,0,0,0,0,0,0,0,0,0,0.025245,1.527888,25,25
2031-03-01,Tampakan,1206314000,18.564000,0.000000,64.550000,0.202857,0.320000,11,3,0,0,0,0,0,0,0,0,0,0,-0.128338,0.585768,14,14
2031-03-01,Tantangan,1206315000,4.660000,0.000000,26.550000,0.090769,0.168000,13,0,0,0,0,0,0,0,0,0,0,0,-2.400535,-1.514988,13,13
2031-03-01,Tupi,1206317000,17.396000,0.000000,60.775000,0.021067,0.128000,15,0,0,0,0,0,0,0,0,1,0,0,0.061004,2.029571,15,15
2031-04-01,Banga,1206302000,30.456000,0.000000,101.325000,0.207091,0.372000,20,2,0,0,0,0,0,0,0,0,0,0,0.248152,2.091871,22,22
2031-04-01,City of Koronadal,1206306000,8.840000,0.000000,52.100000,0.063852,0.112000,27,0,0,0,0,0,0,0,0,0,0,0,-2.896579,-1.471348,27,27
2031-04-01,Lake Sebu,1206319000,22.396000,0.000000,79.875000,0.284211,0.384000,10,9,0,0,0,0,0,0,0,0,0,0,-0.077269,1.868710,19,19
2031-04-01,Norala,1206311000,16.712000,0.000000,57.775000,0.122286,0.164000,14,0,0,0,0,0,0,0,0,0,0,0,-0.372722,-0.012535,14,14
2031-04-01,Polomolok,1206312000,57.012000,2.000000,167.550000,0.339652,0.488000,7,16,0,0,9,0,0,9,1,9,2,0,3.581769,7.220358,23,23
2031-04-01,Santo Niño,1206318000,12.156000,0.000000,43.775000,0.168800,0.316000,9,1,0,0,0,0,0,0,0,0,0,0,-0.197178,0.088164,10,10
2031-04-01,Surallah,1206313000,37.984000,0.000000,111.550000,0.160941,0.228000,17,0,0,0,5,0,0,5,1,6,0,0,2.280966,3.242398,17,17
2031-04-01,T'Boli,1206316000,31.500000,0.000000,110.100000,0.295520,0.396000,12,13,0,0,0,0,0,0,0,0,0,0,0.010412,1.666117,25,25
2031-04-01,Tampakan,1206314000,18.348000,0.000000,63.325000,0.192286,0.292000,14,0,0,0,0,0,0,0,0,0,0,0,-0.179004,0.579685,14,14
2031-04-01,Tantangan,1206315000,4.408000,0.000000,27.775000,0.078462,0.160000,13,0,0,0,0,0,0,0,0,0,0,0,-2.442682,-1.502105,13,13
2031-04-01,Tupi,1206317000,17.584000,0.000000,60.000000,0.021867,0.148000,15,0,0,0,0,0,0,0,0,1,0,0,0.128301,2.323554,15,15
2031-05-01,Banga,1206302000,30.028000,0.000000,98.775000,0.206182,0.360000,20,2,0,0,0,0,0,0,0,0,0,0,0.259003,2.283024,22,22
2031-05-01,City of Koronadal,1206306000,8.920000,0.000000,57.100000,0.062815,0.152000,27,0,0,0,0,0,0,0,0,0,0,0,-2.908479,-1.510843,27,27
2031-05-01,Lake Sebu,1206319000,22.200000,0.000000,78.550000,0.287158,0.384000,9,10,0,0,0,0,0,0,0,1,0,0,-0.081560,1.835274,19,19
2031-05-01,Norala,1206311000,16.684000,0.000000,58.550000,0.119714,0.164000,14,0,0,0,0,0,0,0,0,0,0,0,-0.322665,0.187051,14,14
2031-05-01,Polomolok,1206312000,55.636000,0.225000,161.875000,0.336522,0.464000,6,17,0,0,9,0,0,9,1,9,0,0,3.451440,6.990518,23,23
2031-05-01,Santo Niño,1206318000,12.244000,0.000000,43.550000,0.168000,0.248000,10,0,0,0,0,0,0,0,0,0,0,0,-0.155496,0.061380,10,10
2031-05-01,Surallah,1206313000,38.124000,0.000000,112.775000,0.158118,0.240000,17,0,0,0,0,0,0,0,0,7,0,0,2.305574,3.218040,17,17
2031-05-01,T'Boli,1206316000,31.516000,0.000000,111.100000,0.296480,0.384000,11,14,0,0,0,0,0,0,0,0,0,0,-0.004839,1.355121,25,25
2031-05-01,Tampakan,1206314000,18.324000,0.000000,64.550000,0.198286,0.328000,13,1,0,0,0,0,0,0,0,0,0,0,-0.174883,0.440452,14,14
2031-05-01,Tantangan,1206315000,4.576000,0.000000,27.325000,0.085846,0.176000,13,0,0,0,0,0,0,0,0,0,0,0,-2.452602,-1.593487,13,13
2031-05-01,Tupi,1206317000,17.676000,0.000000,64.775000,0.026667,0.124000,15,0,0,0,0,0,0,0,0,1,0,0,0.170639,2.364513,15,15
2031-06-01,Banga,1206302000,30.064000,0.000000,100.775000,0.202182,0.320000,20,2,0,0,0,0,0,0,0,0,0,0,0.190025,2.125690,22,22
2031-06-01,City of Koronadal,1206306000,8.932000,0.000000,53.100000,0.060444,0.152000,27,0,0,0,0,0,0,0,0,0,0,0,-2.849936,-1.583909,27,27
2031-06-01,Lake Sebu,1206319000,22.344000,0.000000,78.325000,0.285053,0.356000,8,11,0,0,0,0,0,0,0,1,0,0,-0.063532,1.998699,19,19
2031-06-01,Norala,1206311000,16.980000,0.000000,57.775000,0.120571,0.184000,14,0,0,0,0,0,0,0,0,0,0,0,-0.308330,0.067330,14,14
2031-06-01,Polomolok,1206312000,56.528000,2.000000,161.100000,0.341043,0.484000,8,15,0,0,11,0,0,11,1,11,2,0,3.459191,7.199929,23,23
2031-06-01,Santo Niño,1206318000,11.940000,0.000000,42.000000,0.160400,0.264000,10,0,0,0,0,0,0,0,0,0,0,0,-0.246228,0.045014,10,10
2031-06-01,Surallah,1206313000,39.436000,0.000000,120.100000,0.166353,0.260000,17,0,0,0,9,0,0,9,1,9,9,0,2.419393,3.339356,17,17
2031-06-01,T'Boli,1206316000,31.600000,0.000000,108.100000,0.297280,0.364000,12,13,0,0,0,0,0,0,0,0,0,0,0.004541,1.323048,25,25
2031-06-01,Tampakan,1206314000,17.576000,0.000000,61.550000,0.197714,0.316000,11,3,0,0,0,0,0,0,0,0,0,0,-0.342901,0.193965,14,14
2031-06-01,Tantangan,1206315000,4.516000,0.000000,26.775000,0.082462,0.148000,13,0,0,0,0,0,0,0,0,0,0,0,-2.416144,-1.714517,13,13
2031-06-01,Tupi,1206317000,17.684000,0.000000,62.775000,0.023200,0.148000,15,0,0,0,0,0,0,0,0,1,0,0,0.103149,2.207868,15,15
2031-07-01,Banga,1206302000,29.836000,0.000000,101.550000,0.197818,0.332000,21,1,0,0,0,0,0,0,0,0,0,0,0.187175,2.106042,22,22
2031-07-01,City of Koronadal,1206306000,9.108000,0.000000,54.550000,0.064444,0.132000,27,0,0,0,0,0,0,0,0,0,0,0,-2.824727,-1.528824,27,27
2031-07-01,Lake Sebu,1206319000,22.220000,0.000000,80.100000,0.285895,0.360000,9,10,0,0,0,0,0,0,0,0,0,0,-0.052114,1.970794,19,19
2031-07-01,Norala,1206311000,16.432000,0.000000,58.325000,0.115714,0.180000,14,0,0,0,0,0,0,0,0,0,0,0,-0.429942,0.117624,14,14
2031-07-01,Polomolok,1206312000,56.852000,1.225000,163.550000,0.337217,0.464000,7,16,0,0,10,0,0,10,1,10,0,0,3.498942,7.143902,23,23
2031-07-01,Santo Niño,1206318000,12.340000,0.000000,43.775000,0.176800,0.252000,10,0,0,0,0,0,0,0,0,0,0,0,-0.138582,0.012427,10,10
2031-07-01,Surallah,1206313000,40.128000,0.000000,120.325000,0.171294,0.264000,17,0,0,0,9,0,0,9,1,11,3,0,2.476711,3.426151,17,17
2031-07-01,T'Boli,1206316000,31.188000,0.000000,110.325000,0.289440,0.368000,10,15,0,0,0,0,0,0,0,0,0,0,-0.047508,1.213645,25,25
2031-07-01,Tampakan,1206314000,17.100000,0.000000,59.775000,0.177429,0.328000,13,1,0,0,0,0,0,0,0,0,0,0,-0.429784,0.048621,14,14
2031-07-01,Tantangan,1206315000,4.652000,0.000000,27.325000,0.086462,0.168000,13,0,0,0,0,0,0,0,0,0,0,0,-2.418459,-1.740916,13,13
2031-07-01,Tupi,1206317000,17.732000,0.000000,63.325000,0.029333,0.148000,15,0,0,0,0,0,0,0,0,1,0,0,0.096789,2.327270,15,15
2031-08-01,Banga,1206302000,30.700000,0.000000,107.100000,0.215273,0.316000,19,3,0,0,0,0,0,0,0,0,0,0,0.328467,2.295527,22,22
2031-08-01,City of Koronadal,1206306000,9.304000,0.000000,54.550000,0.069630,0.168000,27,0,0,0,0,0,0,0,0,0,0,0,-2.853068,-1.421911,27,27
2031-08-01,Lake Sebu,1206319000,22.388000,0.000000,79.325000,0.287158,0.376000,10,9,0,0,1,0,0,1,0,1,1,0,-0.061875,2.167432,19,19
2031-08-01,Norala,1206311000,16.232000,0.000000,57.775000,0.111429,0.160000,14,0,0,0,0,0,0,0,0,0,0,0,-0.409683,0.150361,14,14
2031-08-01,Polomolok,1206312000,55.620000,1.000000,160.875000,0.329391,0.452000,8,15,0,0,9,0,0,9,1,9,0,0,3.436571,7.059879,23,23
2031-08-01,Santo Niño,1206318000,12.700000,0.000000,45.000000,0.180000,0.320000,9,1,0,0,0,0,0,0,0,0,0,0,-0.018457,0.116188,10,10
2031-08-01,Surallah,1206313000,40.096000,0.000000,121.650000,0.174824,0.260000,17,0,0,0,11,0,0,11,1,11,3,0,2.551650,3.469339,17,17
2031-08-01,T'Boli,1206316000,31.552000,0.000000,112.875000,0.288000,0.376000,14,11,0,0,0,0,0,0,0,0,0,0,-0.007143,1.317259,25,25
2031-08-01,Tampakan,1206314000,16.580000,0.000000,58.550000,0.173143,0.300000,13,1,0,0,0,0,0,0,0,0,0,0,-0.510891,-0.071743,14,14
2031-08-01,Tantangan,1206315000,4.564000,0.000000,27.775000,0.088923,0.176000,13,0,0,0,0,0,0,0,0,0,0,0,-2.459296,-1.766396,13,13
2031-08-01,Tupi,1206317000,17.420000,0.000000,64.325000,0.021600,0.120000,15,0,0,0,0,0,0,0,0,1,0,0,0.031279,2.129591,15,15
2031-09-01,Banga,1206302000,30.836000,0.000000,106.100000,0.206545,0.312000,20,2,0,0,0,0,0,0,0,0,0,0,0.331477,2.216959,22,22
2031-09-01,City of Koronadal,1206306000,9.288000,0.000000,56.000000,0.070815,0.148000,27,0,0,0,0,0,0,0,0,0,0,0,-2.727231,-1.416314,27,27
2031-09-01,Lake Sebu,1206319000,21.772000,0.000000,77.325000,0.278737,0.384000,12,7,0,0,1,0,0,1,0,1,0,0,-0.139529,2.062239,19,19
2031-09-01,Norala,1206311000,16.220000,0.000000,59.325000,0.123714,0.188000,14,0,0,0,0,0,0,0,0,0,0,0,-0.472509,0.034266,14,14
2031-09-01,Polomolok,1206312000,56.700000,2.000000,167.875000,0.333217,0.492000,7,16,0,0,6,0,0,6,1,7,0,0,3.374762,7.009124,23,23
2031-09-01,Santo Niño,1206318000,12.420000,0.000000,43.775000,0.166800,0.236000,10,0,0,0,0,0,0,0,0,0,0,0,-0.069205,0.281013,10,10
2031-09-01,Surallah,1206313000,41.592000,0.000000,121.550000,0.188941,0.296000,17,0,0,0,9,0,0,9,1,10,2,0,2.577990,3.643420,17,17
2031-09-01,T'Boli,1206316000,30.744000,0.000000,103.325000,0.285920,0.384000,13,12,0,0,0,0,0,0,0,0,0,0,-0.113515,1.157897,25,25
2031-09-01,Tampakan,1206314000,16.704000,0.000000,62.325000,0.175429,0.304000,13,1,0,0,0,0,0,0,0,0,0,0,-0.474777,0.055852,14,14
2031-09-01,Tantangan,1206315000,4.564000,0.000000,27.000000,0.085538,0.176000,13,0,0,0,0,0,0,0,0,0,0,0,-2.340874,-1.655691,13,13
2031-09-01,Tupi,1206317000,17.632000,0.000000,60.775000,0.024000,0.132000,15,0,0,0,0,0,0,0,0,1,0,0,0.099774,2.234108,15,15
2031-10-01,Banga,1206302000,31.564000,0.000000,102.775000,0.216545,0.364000,18,4,0,0,0,0,0,0,0,0,0,0,0.370697,2.307905,22,22
2031-10-01,City of Koronadal,1206306000,8.936000,0.000000,56.875000,0.067704,0.184000,27,0,0,0,0,0,0,0,0,0,0,0,-2.743955,-1.381035,27,27
2031-10-01,Lake Sebu,1206319000,21.572000,0.000000,79.650000,0.271579,0.364000,12,7,0,0,0,0,0,0,0,0,0,0,-0.211376,1.986261,19,19
2031-10-01,Norala,1206311000,15.892000,0.000000,53.775000,0.111429,0.176000,14,0,0,0,0,0,0,0,0,0,0,0,-0.540084,-0.039541,14,14
2031-10-01,Polomolok,1206312000,58.060000,1.000000,173.100000,0.338783,0.424000,5,18,0,0,9,0,0,9,1,9,3,0,3.387426,6.994688,23,23
2031-10-01,Santo Niño,1206318000,12.716000,0.000000,42.775000,0.176000,0.276000,10,0,0,0,0,0,0,0,0,0,0,0,-0.077019,0.129065,10,10
2031-10-01,Surallah,1206313000,42.216000,0.000000,127.325000,0.199529,0.336000,16,1,0,0,11,0,0,11,1,11,4,0,2.636875,3.573655,17,17
2031-10-01,T'Boli,1206316000,31.032000,0.000000,108.100000,0.289280,0.380000,15,10,0,0,0,0,0,0,0,0,0,0,-0.136261,1.336729,25,25
2031-10-01,Tampakan,1206314000,16.980000,0.000000,59.000000,0.176857,0.296000,14,0,0,0,0,0,0,0,0,0,0,0,-0.479186,0.146272,14,14
2031-10-01,Tantangan,1206315000,4.396000,0.000000,25.000000,0.085846,0.176000,13,0,0,0,0,0,0,0,0,0,0,0,-2.343562,-1.727854,13,13
2031-10-01,Tupi,1206317000,17.572000,0.000000,62.775000,0.023733,0.156000,15,0,0,0,0,0,0,0,0,1,0,0,0.056492,2.206770,15,15
2031-11-01,Banga,1206302000,31.508000,0.000000,106.100000,0.222727,0.328000,19,3,0,0,0,0,0,0,0,0,0,0,0.293826,2.104165,22,22
2031-11-01,City of Koronadal,1206306000,9.144000,0.000000,53.325000,0.065926,0.164000,27,0,0,0,0,0,0,0,0,0,0,0,-2.692764,-1.431498,27,27
2031-11-01,Lake Sebu,1206319000,21.808000,0.000000,78.875000,0.275368,0.396000,12,7,0,0,0,0,0,0,0,0,0,0,-0.204725,1.992896,19,19
2031-11-01,Norala,1206311000,17.432000,0.000000,60.875000,0.132286,0.180000,14,0,0,0,0,0,0,0,0,0,0,0,-0.316391,0.113753,14,14
2031-11-01,Polomolok,1206312000,60.568000,1.000000,179.100000,0.367130,0.472000,2,21,0,0,7,0,0,7,1,8,0,0,3.512809,7.006135,23,23
2031-11-01,Santo Niño,1206318000,12.992000,0.000000,45.000000,0.191200,0.272000,10,0,0,0,0,0,0,0,0,0,0,0,-0.044902,0.218511,10,10
2031-11-01,Surallah,1206313000,43.052000,0.000000,128.775000,0.198353,0.296000,17,0,0,0,6,0,0,6,1,8,0,0,2.601683,3.579136,17,17
2031-11-01,T'Boli,1206316000,30.136000,0.000000,105.100000,0.273760,0.364000,18,7,0,0,0,0,0,0,0,0,0,0,-0.240959,1.275543,25,25
2031-11-01,Tampakan,1206314000,16.240000,0.000000,56.550000,0.171429,0.292000,14,0,0,0,0,0,0,0,0,0,0,0,-0.636614,-0.116561,14,14
2031-11-01,Tantangan,1206315000,4.372000,0.000000,27.550000,0.078462,0.136000,13,0,0,0,0,0,0,0,0,0,0,0,-2.290463,-1.502451,13,13
2031-11-01,Tupi,1206317000,17.848000,0.000000,62.000000,0.023200,0.136000,15,0,0,0,0,0,0,0,0,1,0,0,0.048829,2.346682,15,15
2031-12-01,Banga,1206302000,32.308000,0.000000,107.100000,0.221818,0.340000,19,3,0,0,0,0,0,0,0,0,0,0,0.421856,2.324268,22,22
2031-12-01,City of Koronadal,1206306000,9.564000,0.000000,54.000000,0.071852,0.132000,27,0,0,0,0,0,0,0,0,0,0,0,-2.722512,-1.328223,27,27
2031-12-01,Lake Sebu,1206319000,21.832000,0.000000,78.550000,0.273474,0.372000,12,7,0,0,0,0,0,0,0,0,0,0,-0.183984,2.063058,19,19
2031-12-01,Norala,1206311000,17.252000,0.000000,58.775000,0.130857,0.180000,14,0,0,0,0,0,0,0,0,0,0,0,-0.373276,0.152477,14,14
2031-12-01,Polomolok,1206312000,58.908000,1.000000,172.325000,0.351826,0.488000,7,16,0,0,10,0,0,10,1,10,3,0,3.415412,7.121079,23,23
2031-12-01,Santo Niño,1206318000,13.328000,0.000000,44.000000,0.183600,0.300000,9,1,0,0,0,0,0,0,0,0,0,0,0.049903,0.308060,10,10
2031-12-01,Surallah,1206313000,43.596000,0.000000,128.875000,0.207294,0.320000,16,1,0,0,12,0,0,12,1,12,6,0,2.703293,3.753148,17,17
2031-12-01,T'Boli,1206316000,30.748000,0.000000,111.200000,0.281600,0.352000,11,14,0,0,0,0,0,0,0,0,0,0,-0.183523,1.133837,25,25
2031-12-01,Tampakan,1206314000,16.456000,0.000000,59.000000,0.170571,0.288000,14,0,0,0,0,0,0,0,0,0,0,0,-0.664333,-0.076781,14,14
2031-12-01,Tantangan,1206315000,4.492000,0.000000,27.100000,0.081846,0.184000,13,0,0,0,0,0,0,0,0,0,0,0,-2.343438,-1.564991,13,13
2031-12-01,Tupi,1206317000,17.892000,0.000000,63.325000,0.026133,0.104000,15,0,0,0,0,0,0,0,0,1,0,0,-0.020658,1.949802,15,15
2032-01-01,Banga,1206302000,31.060000,0.000000,103.100000,0.218727,0.340000,19,3,0,0,0,0,0,0,0,0,0,0,0.312058,1.957574,22,22
2032-01-01,City of Koronadal,1206306000,9.104000,0.000000,56.325000,0.067852,0.136000,27,0,0,0,0,0,0,0,0,0,0,0,-2.803870,-1.349294,27,27
2032-01-01,Lake Sebu,1206319000,22.056000,0.000000,79.325000,0.282316,0.372000,7,12,0,0,0,0,0,0,0,0,0,0,-0.105035,1.820261,19,19
2032-01-01,Norala,1206311000,16.712000,0.000000,59.775000,0.132857,0.176000,14,0,0,0,0,0,0,0,0,0,0,0,-0.359324,0.044523,14,14
2032-01-01,Polomolok,1206312000,56.344000,1.000000,168.325000,0.327826,0.472000,8,15,0,0,9,0,0,9,1,9,0,0,3.433931,7.092389,23,23
2032-01-01,Santo Niño,1206318000,12.496000,0.000000,43.325000,0.178000,0.296000,10,0,0,0,0,0,0,0,0,0,0,0,-0.112057,0.216601,10,10
2032-01-01,Surallah,1206313000,38.636000,0.000000,115.325000,0.162588,0.252000,17,0,0,0,7,0,0,7,1,8,1,0,2.272389,3.218994,17,17
2032-01-01,T'Boli,1206316000,31.340000,0.000000,110.325000,0.286240,0.408000,13,12,0,0,0,0,0,0,0,0,0,0,-0.038818,1.393229,25,25
2032-01-01,Tampakan,1206314000,19.168000,0.000000,66.100000,0.216286,0.336000,10,4,0,0,0,0,0,0,0,0,0,0,-0.055429,0.632805,14,14
2032-01-01,Tantangan,1206315000,4.328000,0.000000,28.100000,0.081846,0.176000,13,0,0,0,0,0,0,0,0,0,0,0,-2.439081,-1.551128,13,13
2032-01-01,Tupi,1206317000,17.280000,0.000000,61.550000,0.025333,0.128000,15,0,0,0,0,0,0,0,0,1,0,0,0.048985,2.099798,15,15
2032-02-01,Banga,1206302000,30.360000,0.000000,106.775000,0.213818,0.312000,18,4,0,0,0,0,0,0,0,0,0,0,0.206872,2.198276,22,22
2032-02-01,City of Koronadal,1206306000,8.820000,0.000000,52.775000,0.059259,0.148000,27,0,0,0,0,0,0,0,0,0,0,0,-2.867248,-1.573281,27,27
2032-02-01,Lake Sebu,1206319000,23.000000,0.000000,79.775000,0.305263,0.408000,7,12,0,0,0,0,0,0,0,0,0,0,0.017148,1.698406,19,19
2032-02-01,Norala,1206311000,16.488000,0.000000,61.550000,0.122857,0.176000,14,0,0,0,0,0,0,0,0,0,0,0,-0.392863,-0.002328,14,14
2032-02-01,Polomolok,1206312000,55.456000,1.000000,159.650000,0.327826,0.448000,9,14,0,0,8,0,0,8,1,8,0,0,3.391667,7.110936,23,23
2032-02-01,Santo Niño,1206318000,12.152000,0.000000,41.000000,0.164000,0.272000,10,0,0,0,0,0,0,0,0,0,0,0,-0.180230,0.030565,10,10
2032-02-01,Surallah,1206313000,38.124000,0.000000,114.325000,0.156235,0.264000,17,0,0,0,6,0,0,6,1,6,0,0,2.302985,3.439952,17,17
2032-02-01,T'Boli,1206316000,32.292000,0.000000,109.325000,0.307840,0.420000,10,15,0,0,0,0,0,0,0,0,0,0,0.087793,1.475087,25,25
2032-02-01,Tampakan,1206314000,18.916000,0.000000,65.550000,0.207429,0.352000,13,1,0,0,0,0,0,0,0,0,0,0,-0.088075,0.566541,14,14
2032-02-01,Tantangan,1206315000,4.424000,0.000000,25.000000,0.080615,0.156000,13,0,0,0,0,0,0,0,0,0,0,0,-2.426310,-1.644805,13,13
2032-02-01,Tupi,1206317000,17.228000,0.000000,60.000000,0.025867,0.168000,15,0,0,0,0,0,0,0,0,1,0,0,-0.008770,2.178848,15,15
2032-03-01,Banga,1206302000,29.624000,0.000000,99.550000,0.194909,0.308000,20,2,0,0,0,0,0,0,0,0,0,0,0.143718,2.208585,22,22
2032-03-01,City of Koronadal,1206306000,8.836000,0.000000,49.775000,0.060296,0.136000,27,0,0,0,0,0,0,0,0,0,0,0,-2.856485,-1.362273,27,27
2032-03-01,Lake Sebu,1206319000,22.396000,0.000000,79.325000,0.283158,0.376000,8,11,0,0,0,0,0,0,0,0,0,0,-0.101698,1.917710,19,19
2032-03-01,Norala,1206311000,16.720000,0.000000,61.775000,0.132571,0.184000,14,0,0,0,0,0,0,0,0,0,0,0,-0.336241,0.169498,14,14
2032-03-01,Polomolok,1206312000,56.860000,0.000000,170.325000,0.336174,0.464000,5,18,0,0,6,0,0,6,1,7,0,0,3.503367,7.176915,23,23
2032-03-01,Santo Niño,1206318000,12.424000,0.000000,41.775000,0.169600,0.252000,10,0,0,0,0,0,0,0,0,0,0,0,-0.194516,0.083329,10,10
2032-03-01,Surallah,1206313000,37.584000,0.000000,115.100000,0.160471,0.236000,17,0,0,0,0,0,0,0,0,5,0,0,2.172091,3.010988,17,17
2032-03-01,T'Boli,1206316000,32.700000,0.000000,113.425000,0.314560,0.440000,9,16,0,0,0,0,0,0,0,0,0,0,0.122911,1.609282,25,25
2032-03-01,Tampakan,1206314000,19.276000,0.000000,64.000000,0.214857,0.348000,11,3,0,0,0,0,0,0,0,0,0,0,-0.035415,0.632405,14,14
2032-03-01,Tantangan,1206315000,4.444000,0.000000,25.550000,0.082769,0.168000,13,0,0,0,0,0,0,0,0,0,0,0,-2.419030,-1.655679,13,13
2032-03-01,Tupi,1206317000,17.228000,0.000000,60.325000,0.024000,0.152000,15,0,0,0,0,0,0,0,0,1,0,0,0.052828,2.102891,15,15
2032-04-01,Banga,1206302000,30.952000,0.000000,102.100000,0.219818,0.352000,18,4,0,0,0,0,0,0,0,0,0,0,0.283945,2.107709,22,22
2032-04-01,City of Koronadal,1206306000,9.308000,0.000000,52.550000,0.069333,0.160000,27,0,0,0,0,0,0,0,0,0,0,0,-2.877323,-1.551949,27,27
2032-04-01,Lake Sebu,1206319000,22.436000,0.000000,78.775000,0.295789,0.392000,9,10,0,0,0,0,0,0,0,0,0,0,-0.093196,2.257252,19,19
2032-04-01,Norala,1206311000,16.440000,0.000000,57.550000,0.126571,0.180000,14,0,0,0,0,0,0,0,0,0,0,0,-0.442638,0.123139,14,14
2032-04-01,Polomolok,1206312000,56.272000,0.225000,165.775000,0.338435,0.448000,6,17,0,0,9,0,0,9,1,9,3,0,3.470972,7.090986,23,23
2032-04-01,Santo Niño,1206318000,12.632000,0.000000,44.775000,0.173600,0.288000,10,0,0,0,0,0,0,0,0,0,0,0,-0.079235,0.265043,10,10
2032-04-01,Surallah,1206313000,38.960000,0.000000,120.875000,0.161882,0.216000,17,0,0,0,0,0,0,0,0,7,0,0,2.372084,3.225946,17,17
2032-04-01,T'Boli,1206316000,31.952000,0.000000,112.325000,0.301280,0.384000,11,14,0,0,0,0,0,0,0,1,0,0,0.035147,1.467491,25,25
2032-04-01,Tampakan,1206314000,18.756000,0.000000,65.550000,0.210286,0.308000,13,1,0,0,0,0,0,0,0,0,0,0,-0.122407,0.656335,14,14
2032-04-01,Tantangan,1206315000,4.516000,0.000000,28.775000,0.082154,0.132000,13,0,0,0,0,0,0,0,0,0,0,0,-2.450816,-1.727157,13,13
2032-04-01,Tupi,1206317000,17.072000,0.000000,64.650000,0.020000,0.092000,15,0,0,0,0,0,0,0,0,1,0,0,-0.008000,2.076463,15,15
2032-05-01,Banga,1206302000,30.716000,0.000000,105.875000,0.213818,0.360000,18,4,0,0,0,0,0,0,0,0,0,0,0.248522,2.189890,22,22
2032-05-01,City of Koronadal,1206306000,9.020000,0.000000,54.325000,0.065926,0.196000,27,0,0,0,0,0,0,0,0,0,0,0,-2.839527,-1.513203,27,27
2032-05-01,Lake Sebu,1206319000,22.832000,0.000000,81.775000,0.301895,0.400000,6,13,0,0,0,0,0,0,0,0,0,0,-0.063163,2.117775,19,19
2032-05-01,Norala,1206311000,16.472000,0.000000,56.000000,0.123429,0.192000,14,0,0,0,0,0,0,0,0,0,0,0,-0.473326,-0.052135,14,14
2032-05-01,Polomolok,1206312000,57.168000,2.000000,171.975000,0.336696,0.488000,8,15,0,0,5,0,0,5,1,7,0,0,3.426142,7.155810,23,23
2032-05-01,Santo Niño,1206318000,12.144000,0.000000,41.000000,0.171600,0.272000,10,0,0,0,0,0,0,0,0,0,0,0,-0.210214,0.028915,10,10
2032-05-01,Surallah,1206313000,39.960000,0.000000,120.325000,0.172706,0.232000,17,0,0,0,0,0,0,0,0,5,0,0,2.363085,3.398306,17,17
2032-05-01,T'Boli,1206316000,32.084000,0.000000,113.775000,0.297600,0.396000,13,12,0,0,0,0,0,0,0,0,0,0,0.007707,1.391869,25,25
2032-05-01,Tampakan,1206314000,18.260000,0.000000,61.775000,0.198000,0.324000,12,2,0,0,0,0,0,0,0,0,0,0,-0.251271,0.438633,14,14
2032-05-01,Tantangan,1206315000,4.452000,0.000000,28.775000,0.080615,0.152000,13,0,0,0,0,0,0,0,0,0,0,0,-2.427477,-1.659993,13,13
2032-05-01,Tupi,1206317000,17.548000,0.000000,60.775000,0.024533,0.184000,15,0,0,0,0,0,0,0,0,1,0,0,0.053039,2.167521,15,15
2032-06-01,Banga,1206302000,30.292000,0.000000,102.550000,0.212909,0.332000,19,3,0,0,0,0,0,0,0,0,0,0,0.198969,2.115268,22,22
2032-06-01,City of Koronadal,1206306000,8.892000,0.000000,54.775000,0.064889,0.148000,27,0,0,0,0,0,0,0,0,0,0,0,-2.858685,-1.524566,27,27
2032-06-01,Lake Sebu,1206319000,22.864000,0.000000,82.325000,0.290947,0.360000,8,11,0,0,0,0,0,0,0,0,0,0,0.023439,1.996928,19,19
2032-06-01,Norala,1206311000,16.220000,0.000000,58.775000,0.125143,0.180000,14,0,0,0,0,0,0,0,0,0,0,0,-0.451298,-0.078262,14,14
2032-06-01,Polomolok,1206312000,57.600000,1.000000,167.100000,0.341217,0.480000,9,14,0,0,11,0,0,11,1,11,6,0,3.542972,7.120186,23,23
2032-06-01,Santo Niño,1206318000,12.276000,0.000000,45.325000,0.178000,0.280000,10,0,0,0,0,0,0,0,0,0,0,0,-0.197693,0.150081,10,10
2032-06-01,Surallah,1206313000,39.748000,0.000000,117.425000,0.169412,0.228000,17,0,0,0,6,0,0,6,1,8,6,0,2.393757,3.315478,17,17
2032-06-01,T'Boli,1206316000,32.464000,0.000000,114.875000,0.304640,0.404000,11,14,0,0,0,0,0,0,0,0,0,0,0.044344,1.454342,25,25
2032-06-01,Tampakan,1206314000,17.936000,0.000000,63.550000,0.192571,0.320000,12,2,0,0,0,0,0,0,0,0,0,0,-0.275537,0.458777,14,14
2032-06-01,Tantangan,1206315000,4.408000,0.000000,26.775000,0.083692,0.148000,13,0,0,0,0,0,0,0,0,0,0,0,-2.448300,-1.675060,13,13
2032-06-01,Tupi,1206317000,17.400000,0.000000,63.100000,0.024533,0.148000,15,0,0,0,0,0,0,0,0,1,0,0,0.014462,2.285138,15,15
2032-07-01,Banga,1206302000,30.504000,0.000000,107.875000,0.208182,0.340000,20,2,0,0,0,0,0,0,0,0,0,0,0.295663,2.259574,22,22
2032-07-01,City of Koronadal,1206306000,9.140000,0.000000,54.550000,0.066222,0.140000,27,0,0,0,0,0,0,0,0,0,0,0,-2.805802,-1.515403,27,27
2032-07-01,Lake Sebu,1206319000,22.148000,0.000000,80.875000,0.285263,0.376000,10,9,0,0,0,0,0,0,0,0,0,0,-0.130880,1.912384,19,19
2032-07-01,Norala,1206311000,16.080000,0.000000,56.550000,0.116000,0.172000,14,0,0,0,0,0,0,0,0,0,0,0,-0.490357,-0.012682,14,14
2032-07-01,Polomolok,1206312000,57.804000,1.000000,169.875000,0.339130,0.444000,7,16,0,0,10,0,0,10,1,10,0,0,3.584647,7.316591,23,23
2032-07-01,Santo Niño,1206318000,12.448000,0.000000,44.000000,0.178400,0.296000,10,0,0,0,0,0,0,0,0,0,0,0,-0.104402,0.139417,10,10
2032-07-01,Surallah,1206313000,40.088000,0.000000,120.100000,0.179529,0.268000,17,0,0,0,9,0,0,9,1,9,3,0,2.427989,3.471433,17,17
2032-07-01,T'Boli,1206316000,31.128000,0.000000,112.775000,0.286240,0.380000,13,12,0,0,0,0,0,0,0,0,0,0,-0.046010,1.490410,25,25
2032-07-01,Tampakan,1206314000,17.476000,0.000000,61.550000,0.186286,0.308000,13,1,0,0,0,0,0,0,0,0,0,0,-0.369994,0.261901,14,14
2032-07-01,Tantangan,1206315000,4.392000,0.000000,28.775000,0.085538,0.148000,13,0,0,0,0,0,0,0,0,0,0,0,-2.458464,-1.646128,13,13
2032-07-01,Tupi,1206317000,17.416000,0.000000,60.550000,0.023467,0.164000,15,0,0,0,0,0,0,0,0,1,0,0,0.027308,2.298193,15,15
2032-08-01,Banga,1206302000,30.692000,0.000000,103.550000,0.209091,0.356000,19,3,0,0,0,0,0,0,0,0,0,0,0.281494,2.233324,22,22
2032-08-01,City of Koronadal,1206306000,8.872000,0.000000,53.775000,0.064444,0.140000,27,0,0,0,0,0,0,0,0,0,0,0,-2.736788,-1.326117,27,27
2032-08-01,Lake Sebu,1206319000,21.900000,0.000000,78.000000,0.269684,0.396000,13,6,0,0,0,0,0,0,0,1,0,0,-0.168675,2.002049,19,19
2032-08-01,Norala,1206311000,16.268000,0.000000,59.550000,0.112857,0.180000,14,0,0,0,0,0,0,0,0,0,0,0,-0.439270,-0.031453,14,14
2032-08-01,Polomolok,1206312000,58.692000,2.000000,172.425000,0.352174,0.460000,6,17,0,0,10,0,0,10,1,10,0,0,3.524630,7.263476,23,23
2032-08-01,Santo Niño,1206318000,12.832000,0.000000,44.775000,0.175200,0.252000,10,0,0,0,0,0,0,0,0,0,0,0,-0.066318,0.126769,10,10
2032-08-01,Surallah,1206313000,41.340000,0.000000,121.875000,0.188941,0.264000,17,0,0,0,10,0,0,10,1,10,3,0,2.460452,3.530141,17,17
2032-08-01,T'Boli,1206316000,31.212000,0.000000,107.875000,0.285280,0.384000,15,10,0,0,0,0,0,0,0,0,0,0,-0.076746,1.308935,25,25
2032-08-01,Tampakan,1206314000,16.876000,0.000000,61.775000,0.170857,0.264000,14,0,0,0,0,0,0,0,0,0,0,0,-0.482271,0.185160,14,14
2032-08-01,Tantangan,1206315000,4.372000,0.000000,27.000000,0.080308,0.148000,13,0,0,0,0,0,0,0,0,0,0,0,-2.374376,-1.606817,13,13
2032-08-01,Tupi,1206317000,17.196000,0.000000,59.775000,0.022933,0.116000,15,0,0,0,0,0,0,0,0,1,0,0,-0.006732,2.086991,15,15
2032-09-01,Banga,1206302000,31.684000,0.000000,105.650000,0.219455,0.352000,19,3,0,0,0,0,0,0,0,0,0,0,0.419845,2.510225,22,22
2032-09-01,City of Koronadal,1206306000,9.396000,0.000000,56.550000,0.066222,0.136000,27,0,0,0,0,0,0,0,0,0,0,0,-2.738068,-1.281844,27,27
2032-09-01,Lake Sebu,1206319000,21.924000,0.000000,76.550000,0.281474,0.380000,10,9,0,0,0,0,0,0,0,0,0,0,-0.165662,1.982268,19,19
2032-09-01,Norala,1206311000,16.524000,0.000000,59.550000,0.128000,0.192000,14,0,0,0,0,0,0,0,0,0,0,0,-0.420692,0.062329,14,14
2032-09-01,Polomolok,1206312000,58.608000,1.000000,167.875000,0.351826,0.500000,5,18,0,0,9,0,0,9,1,9,0,0,3.480966,7.276192,23,23
2032-09-01,Santo Niño,1206318000,12.840000,0.000000,41.775000,0.169600,0.336000,9,1,0,0,0,0,0,0,0,0,0,0,-0.069240,0.175563,10,10
2032-09-01,Surallah,1206313000,42.060000,0.000000,126.550000,0.189176,0.256000,17,0,0,0,5,0,0,5,1,8,1,0,2.552746,3.671297,17,17
2032-09-01,T'Boli,1206316000,30.924000,0.000000,108.550000,0.284480,0.388000,14,11,0,0,0,0,0,0,0,0,0,0,-0.132592,1.457697,25,25
2032-09-01,Tampakan,1206314000,16.264000,0.000000,58.550000,0.165429,0.296000,14,0,0,0,0,0,0,0,0,0,0,0,-0.594807,-0.101275,14,14
2032-09-01,Tantangan,1206315000,4.364000,0.000000,27.550000,0.080923,0.152000,13,0,0,0,0,0,0,0,0,0,0,0,-2.385160,-1.671222,13,13
2032-09-01,Tupi,1206317000,17.460000,0.000000,64.100000,0.030400,0.148000,15,0,0,0,0,0,0,0,0,1,0,0,-0.025011,1.953578,15,15
2032-10-01,Banga,1206302000,31.012000,0.000000,107.100000,0.216727,0.340000,19,3,0,0,0,0,0,0,0,0,0,0,0.348630,2.214869,22,22
2032-10-01,City of Koronadal,1206306000,9.064000,0.000000,54.100000,0.062519,0.172000,27,0,0,0,0,0,0,0,0,0,0,0,-2.801609,-1.399959,27,27
2032-10-01,Lake Sebu,1206319000,21.572000,0.000000,78.550000,0.280632,0.364000,9,10,0,0,0,0,0,0,0,0,0,0,-0.142268,2.140654,19,19
2032-10-01,Norala,1206311000,17.052000,0.000000,59.550000,0.128286,0.168000,14,0,0,0,0,0,0,0,0,0,0,0,-0.323399,0.126784,14,14
2032-10-01,Polomolok,1206312000,57.536000,1.000000,170.100000,0.350087,0.472000,4,19,0,0,10,0,0,10,1,10,1,0,3.470755,7.055087,23,23
2032-10-01,Santo Niño,1206318000,13.176000,0.000000,47.775000,0.194000,0.300000,9,1,0,0,0,0,0,0,0,0,0,0,0.043669,0.264573,10,10
2032-10-01,Surallah,1206313000,42.276000,0.000000,123.100000,0.189176,0.260000,17,0,0,0,12,0,0,12,1,12,8,0,2.658933,3.617217,17,17
2032-10-01,T'Boli,1206316000,31.316000,0.000000,108.550000,0.295200,0.392000,13,12,0,0,0,0,0,0,0,0,0,0,-0.072270,1.348130,25,25
2032-10-01,Tampakan,1206314000,16.076000,0.000000,57.550000,0.162286,0.276000,14,0,0,0,0,0,0,0,0,0,0,0,-0.648918,-0.136338,14,14
2032-10-01,Tantangan,1206315000,4.392000,0.000000,26.000000,0.075385,0.152000,13,0,0,0,0,0,0,0,0,0,0,0,-2.382175,-1.655651,13,13
2032-10-01,Tupi,1206317000,17.656000,0.000000,63.775000,0.024000,0.136000,15,0,0,0,0,0,0,0,0,1,0,0,0.035589,2.189787,15,15
2032-11-01,Banga,1206302000,31.748000,0.000000,105.650000,0.230909,0.400000,19,3,0,0,0,0,0,0,0,0,0,0,0.407324,2.246641,22,22
2032-11-01,City of Koronadal,1206306000,8.844000,0.000000,55.100000,0.062222,0.160000,27,0,0,0,0,0,0,0,0,0,0,0,-2.779142,-1.476995,27,27
2032-11-01,Lake Sebu,1206319000,21.868000,0.000000,76.550000,0.276632,0.352000,11,8,0,0,0,0,0,0,0,0,0,0,-0.161009,2.086707,19,19
2032-11-01,Norala,1206311000,16.500000,0.000000,57.775000,0.122000,0.180000,14,0,0,0,0,0,0,0,0,0,0,0,-0.374827,0.196875,14,14
2032-11-01,Polomolok,1206312000,58.276000,1.000000,172.875000,0.351826,0.520000,7,16,0,0,10,0,0,10,1,10,0,0,3.448960,7.045527,23,23
2032-11-01,Santo Niño,1206318000,13.360000,0.000000,45.775000,0.198800,0.320000,9,1,0,0,0,0,0,0,0,0,0,0,0.031660,0.321957,10,10
2032-11-01,Surallah,1206313000,42.916000,0.000000,130.100000,0.205176,0.268000,17,0,0,0,10,0,0,10,1,10,1,0,2.703746,3.675644,17,17
2032-11-01,T'Boli,1206316000,31.232000,0.000000,109.875000,0.290240,0.392000,13,12,0,0,0,0,0,0,0,0,0,0,-0.111098,1.354631,25,25
2032-11-01,Tampakan,1206314000,15.836000,0.000000,57.325000,0.156286,0.256000,14,0,0,0,0,0,0,0,0,0,0,0,-0.723846,-0.102541,14,14
2032-11-01,Tantangan,1206315000,4.660000,0.000000,28.775000,0.084308,0.156000,13,0,0,0,0,0,0,0,0,0,0,0,-2.320137,-1.568649,13,13
2032-11-01,Tupi,1206317000,17.704000,0.000000,63.550000,0.022933,0.108000,15,0,0,0,0,0,0,0,0,1,0,0,0.047789,2.209637,15,15
2032-12-01,Banga,1206302000,31.652000,0.000000,104.100000,0.226000,0.332000,18,4,0,0,0,0,0,0,0,0,0,0,0.406217,2.502926,22,22
2032-12-01,City of Koronadal,1206306000,9.068000,0.000000,57.100000,0.066519,0.168000,27,0,0,0,0,0,0,0,0,0,0,0,-2.754859,-1.318428,27,27
2032-12-01,Lake Sebu,1206319000,21.228000,0.000000,77.325000,0.272211,0.340000,9,10,0,0,0,0,0,0,0,0,0,0,-0.229799,2.359825,19,19
2032-12-01,Norala,1206311000,17.352000,0.000000,59.775000,0.126857,0.192000,14,0,0,0,0,0,0,0,0,0,0,0,-0.293669,0.196898,14,14
2032-12-01,Polomolok,1206312000,58.148000,0.000000,166.650000,0.352348,0.512000,7,16,0,0,9,0,0,9,1,9,0,0,3.401760,7.009022,23,23
2032-12-01,Santo Niño,1206318000,13.108000,0.000000,43.775000,0.186400,0.304000,9,1,0,0,0,0,0,0,0,0,0,0,0.036247,0.328687,10,10
2032-12-01,Surallah,1206313000,43.600000,0.000000,127.550000,0.206824,0.260000,17,0,0,0,8,0,0,8,1,10,1,0,2.733959,3.810336,17,17
2032-12-01,T'Boli,1206316000,30.840000,0.000000,111.100000,0.279360,0.396000,15,10,0,0,0,0,0,0,0,0,0,0,-0.141607,1.543216,25,25
2032-12-01,Tampakan,1206314000,15.280000,0.000000,57.100000,0.157429,0.268000,14,0,0,0,0,0,0,0,0,0,0,0,-0.819381,-0.423714,14,14
2032-12-01,Tantangan,1206315000,4.376000,0.000000,26.325000,0.075385,0.128000,13,0,0,0,0,0,0,0,0,0,0,0,-2.372989,-1.562854,13,13
2032-12-01,Tupi,1206317000,18.020000,0.000000,65.550000,0.026133,0.148000,15,0,0,0,0,0,0,0,0,1,0,0,0.087199,2.095886,15,15
2033-01-01,Banga,1206302000,30.636000,0.000000,103.650000,0.215273,0.380000,19,3,0,0,0,0,0,0,0,0,0,0,0.210403,2.136001,22,22
2033-01-01,City of Koronadal,1206306000,9.164000,0.000000,54.775000,0.066370,0.144000,27,0,0,0,0,0,0,0,0,0,0,0,-2.829007,-1.377434,27,27
2033-01-01,Lake Sebu,1206319000,22.328000,0.000000,78.875000,0.288842,0.460000,8,11,0,0,0,0,0,0,0,0,0,0,-0.142067,1.842973,19,19
2033-01-01,Norala,1206311000,16.580000,0.000000,60.550000,0.115143,0.200000,14,0,0,0,0,0,0,0,0,0,0,0,-0.372716,0.085427,14,14
2033-01-01,Polomolok,1206312000,57.328000,1.000000,172.425000,0.344174,0.488000,6,17,0,0,10,0,0,10,1,10,1,0,3.583656,7.383662,23,23
2033-01-01,Santo Niño,1206318000,12.632000,0.000000,43.000000,0.184000,0.352000,9,1,0,0,0,0,0,0,0,0,0,0,-0.110218,0.129980,10,10
2033-01-01,Surallah,1206313000,37.308000,0.000000,112.875000,0.148471,0.244000,17,0,0,0,0,0,0,0,0,8,0,0,2.119086,3.090382,17,17
2033-01-01,T'Boli,1206316000,32.104000,0.000000,109.550000,0.300800,0.412000,10,15,0,0,0,0,0,0,0,0,0,0,0.057051,1.561583,25,25
2033-01-01,Tampakan,1206314000,18.424000,0.000000,63.325000,0.204857,0.324000,12,2,0,0,0,0,0,0,0,0,0,0,-0.168275,0.452899,14,14
2033-01-01,Tantangan,1206315000,4.460000,0.000000,27.100000,0.082769,0.156000,13,0,0,0,0,0,0,0,0,0,0,0,-2.448229,-1.745371,13,13
2033-01-01,Tupi,1206317000,17.568000,0.000000,63.550000,0.028000,0.140000,15,0,0,0,0,0,0,0,0,1,0,0,0.056081,2.251956,15,15
2033-02-01,Banga,1206302000,30.276000,0.000000,101.100000,0.209818,0.368000,19,3,0,0,0,0,0,0,0,0,0,0,0.202685,2.054572,22,22
2033-02-01,City of Koronadal,1206306000,8.988000,0.000000,55.775000,0.061185,0.152000,27,0,0,0,0,0,0,0,0,0,0,0,-2.864636,-1.515908,27,27
2033-02-01,Lake Sebu,1206319000,22.156000,0.000000,79.775000,0.286105,0.384000,10,9,0,0,0,0,0,0,0,1,0,0,-0.153631,1.600341,19,19
2033-02-01,Norala,1206311000,16.444000,0.000000,58.000000,0.124286,0.200000,14,0,0,0,0,0,0,0,0,0,0,0,-0.418424,0.002389,14,14
2033-02-01,Polomolok,1206312000,57.096000,1.225000,167.550000,0.338435,0.456000,7,16,0,0,10,0,0,10,1,10,1,0,3.581619,7.420634,23,23
2033-02-01,Santo Niño,1206318000,11.868000,0.000000,41.775000,0.164800,0.280000,10,0,0,0,0,0,0,0,0,0,0,0,-0.243598,-0.081723,10,10
2033-02-01,Surallah,1206313000,37.184000,0.000000,114.875000,0.144941,0.240000,17,0,0,0,5,0,0,5,1,7,5,0,2.142968,3.045482,17,17
2033-02-01,T'Boli,1206316000,32.736000,0.000000,110.775000,0.310400,0.424000,7,18,0,0,0,0,0,0,0,0,0,0,0.119462,1.602320,25,25
2033-02-01,Tampakan,1206314000,18.868000,0.000000,62.775000,0.210286,0.336000,12,2,0,0,0,0,0,0,0,0,0,0,-0.069577,0.734437,14,14
2033-02-01,Tantangan,1206315000,4.616000,0.000000,26.775000,0.084308,0.156000,13,0,0,0,0,0,0,0,0,0,0,0,-2.404804,-1.680656,13,13
2033-02-01,Tupi,1206317000,17.500000,0.000000,63.000000,0.027733,0.124000,15,0,0,0,0,0,0,0,0,1,0,0,0.102519,2.216838,15,15
2033-03-01,Banga,1206302000,30.132000,0.000000,107.100000,0.203455,0.308000,21,1,0,0,0,0,0,0,0,0,0,0,0.220612,1.867611,22,22
2033-03-01,City of Koronadal,1206306000,9.068000,0.000000,55.100000,0.065481,0.148000,27,0,0,0,0,0,0,0,0,0,0,0,-2.843355,-1.470081,27,27
2033-03-01,Lake Sebu,1206319000,21.564000,0.000000,75.775000,0.277895,0.364000,8,11,0,0,0,0,0,0,0,0,0,0,-0.182341,1.510598,19,19
2033-03-01,Norala,1206311000,16.208000,0.000000,56.550000,0.128286,0.192000,14,0,0,0,0,0,0,0,0,0,0,0,-0.478847,-0.026196,14,14
2033-03-01,Polomolok,1206312000,57.196000,1.000000,166.100000,0.337565,0.464000,6,17,0,0,10,0,0,10,1,10,1,0,3.591791,7.315109,23,23
2033-03-01,Santo Niño,1206318000,12.284000,0.000000,44.550000,0.167600,0.280000,10,0,0,0,0,0,0,0,0,0,0,0,-0.117730,0.154181,10,10
2033-03-01,Surallah,1206313000,37.472000,0.000000,116.875000,0.148941,0.228000,17,0,0,0,6,0,0,6,1,6,1,0,2.238495,3.281761,17,17
2033-03-01,T'Boli,1206316000,32.528000,0.000000,111.550000,0.299520,0.392000,11,14,0,0,0,0,0,0,0,0,0,0,0.090100,1.549729,25,25
2033-03-01,Tampakan,1206314000,18.740000,0.000000,65.100000,0.207714,0.320000,12,2,0,0,0,0,0,0,0,0,0,0,-0.135811,0.455443,14,14
2033-03-01,Tantangan,1206315000,4.448000,0.000000,26.775000,0.083385,0.172000,13,0,0,0,0,0,0,0,0,0,0,0,-2.424504,-1.685142,13,13
2033-03-01,Tupi,1206317000,17.328000,0.000000,62.550000,0.021867,0.140000,15,0,0,0,0,0,0,0,0,1,0,0,0.122498,2.364599,15,15
2033-04-01,Banga,1206302000,31.140000,0.000000,110.325000,0.214727,0.348000,19,3,0,0,0,0,0,0,0,0,0,0,0.296889,1.915777,22,22
2033-04-01,City of Koronadal,1206306000,8.936000,0.000000,52.000000,0.061481,0.120000,27,0,0,0,0,0,0,0,0,0,0,0,-2.861188,-1.467001,27,27
2033-04-01,Lake Sebu,1206319000,22.404000,0.000000,83.100000,0.288000,0.376000,10,9,0,0,0,0,0,0,0,0,0,0,-0.063523,1.888656,19,19
2033-04-01,Norala,1206311000,16.416000,0.000000,56.550000,0.122286,0.168000,14,0,0,0,0,0,0,0,0,0,0,0,-0.412829,-0.000233,14,14
2033-04-01,Polomolok,1206312000,57.084000,1.225000,171.650000,0.340000,0.448000,6,17,0,0,10,0,0,10,1,10,1,0,3.516550,7.138416,23,23
2033-04-01,Santo Niño,1206318000,11.996000,0.000000,41.775000,0.158800,0.264000,10,0,0,0,0,0,0,0,0,0,0,0,-0.227259,0.116794,10,10
2033-04-01,Surallah,1206313000,38.384000,0.000000,117.875000,0.169412,0.232000,17,0,0,0,5,0,0,5,1,7,1,0,2.271890,3.008123,17,17
2033-04-01,T'Boli,1206316000,32.180000,0.000000,116.775000,0.297440,0.384000,12,13,0,0,0,0,0,0,0,0,0,0,0.052547,1.518449,25,25
2033-04-01,Tampakan,1206314000,18.728000,0.000000,66.100000,0.203143,0.328000,11,3,0,0,0,0,0,0,0,0,0,0,-0.121411,0.556762,14,14
2033-04-01,Tantangan,1206315000,4.296000,0.000000,27.550000,0.077231,0.160000,13,0,0,0,0,0,0,0,0,0,0,0,-2.514512,-1.695499,13,13
2033-04-01,Tupi,1206317000,17.284000,0.000000,61.550000,0.021333,0.116000,15,0,0,0,0,0,0,0,0,1,0,0,0.034592,2.173846,15,15
2033-05-01,Banga,1206302000,30.252000,0.000000,102.325000,0.206364,0.360000,19,3,0,0,0,0,0,0,0,0,0,0,0.222307,2.105077,22,22
2033-05-01,City of Koronadal,1206306000,8.920000,0.000000,54.325000,0.063704,0.152000,27,0,0,0,0,0,0,0,0,0,0,0,-2.803165,-1.348758,27,27
2033-05-01,Lake Sebu,1206319000,22.828000,0.000000,80.325000,0.300632,0.408000,8,11,0,0,0,0,0,0,0,1,0,0,-0.009139,1.914796,19,19
2033-05-01,Norala,1206311000,16.436000,0.000000,58.550000,0.123429,0.184000,14,0,0,0,0,0,0,0,0,0,0,0,-0.437768,0.068364,14,14
2033-05-01,Polomolok,1206312000,57.208000,0.000000,171.425000,0.341913,0.500000,6,17,0,0,11,0,0,11,1,11,2,0,3.485260,7.182769,23,23
2033-05-01,Santo Niño,1206318000,12.308000,0.000000,44.775000,0.175600,0.248000,10,0,0,0,0,0,0,0,0,0,0,0,-0.159687,0.105904,10,10
2033-05-01,Surallah,1206313000,39.696000,0.000000,119.325000,0.176706,0.252000,17,0,0,0,12,0,0,12,1,12,7,0,2.421553,3.392718,17,17
2033-05-01,T'Boli,1206316000,32.348000,0.000000,113.425000,0.300320,0.420000,13,12,0,0,0,0,0,0,0,0,0,0,0.032772,1.407262,25,25
2033-05-01,Tampakan,1206314000,17.964000,0.000000,62.775000,0.196286,0.324000,13,1,0,0,0,0,0,0,0,0,0,0,-0.281040,0.388227,14,14
2033-05-01,Tantangan,1206315000,4.360000,0.000000,24.000000,0.076615,0.152000,13,0,0,0,0,0,0,0,0,0,0,0,-2.433814,-1.695895,13,13
2033-05-01,Tupi,1206317000,17.028000,0.000000,58.775000,0.022933,0.108000,15,0,0,0,0,0,0,0,0,1,0,0,-0.007334,2.142609,15,15
2033-06-01,Banga,1206302000,31.240000,0.000000,108.325000,0.222727,0.344000,19,3,0,0,0,0,0,0,0,0,0,0,0.319310,2.223699,22,22
2033-06-01,City of Koronadal,1206306000,9.092000,0.000000,54.325000,0.066074,0.124000,27,0,0,0,0,0,0,0,0,0,0,0,-2.870076,-1.532593,27,27
2033-06-01,Lake Sebu,1206319000,22.128000,0.000000,79.550000,0.289263,0.380000,8,11,0,0,0,0,0,0,0,0,0,0,-0.134575,2.067124,19,19
2033-06-01,Norala,1206311000,17.040000,0.000000,61.550000,0.130286,0.184000,14,0,0,0,0,0,0,0,0,0,0,0,-0.320915,0.272094,14,14
2033-06-01,Polomolok,1206312000,56.644000,0.000000,169.875000,0.326783,0.436000,8,15,0,0,10,0,0,10,1,10,0,0,3.456850,7.162056,23,23
2033-06-01,Santo Niño,1206318000,12.964000,0.000000,45.775000,0.179200,0.268000,10,0,0,0,0,0,0,0,0,0,0,0,-0.007140,0.227122,10,10
2033-06-01,Surallah,1206313000,39.676000,0.000000,119.550000,0.175529,0.264000,17,0,0,0,0,0,0,0,0,7,0,0,2.405796,3.265386,17,17
2033-06-01,T'Boli,1206316000,31.780000,0.000000,111.100000,0.298400,0.424000,13,12,0,0,0,0,0,0,0,0,0,0,0.009029,1.446393,25,25
2033-06-01,Tampakan,1206314000,17.320000,0.000000,62.000000,0.183143,0.316000,12,2,0,0,0,0,0,0,0,0,0,0,-0.437782,0.204074,14,14
2033-06-01,Tantangan,1206315000,4.372000,0.000000,27.550000,0.079077,0.136000,13,0,0,0,0,0,0,0,0,0,0,0,-2.496701,-1.811819,13,13
2033-06-01,Tupi,1206317000,17.552000,0.000000,65.325000,0.028533,0.140000,15,0,0,0,0,0,0,0,0,1,0,0,0.087894,2.324356,15,15
2033-07-01,Banga,1206302000,31.092000,0.000000,108.875000,0.217455,0.364000,18,4,0,0,0,0,0,0,0,0,0,0,0.274571,2.081372,22,22
2033-07-01,City of Koronadal,1206306000,8.780000,0.000000,50.775000,0.062815,0.116000,27,0,0,0,0,0,0,0,0,0,0,0,-2.765502,-1.373469,27,27
2033-07-01,Lake Sebu,1206319000,22.036000,0.000000,78.875000,0.287158,0.376000,8,11,0,0,0,0,0,0,0,0,0,0,-0.121133,1.958206,19,19
2033-07-01,Norala,1206311000,16.640000,0.000000,59.875000,0.129429,0.172000,14,0,0,0,0,0,0,0,0,0,0,0,-0.371532,0.144550,14,14
2033-07-01,Polomolok,1206312000,58.208000,1.000000,173.425000,0.343826,0.488000,9,14,0,0,10,0,0,10,1,10,0,0,3.471843,7.355629,23,23
2033-07-01,Santo Niño,1206318000,12.732000,0.000000,43.550000,0.179600,0.312000,9,1,0,0,0,0,0,0,0,0,0,0,-0.066297,0.171290,10,10
2033-07-01,Surallah,1206313000,40.352000,0.000000,121.875000,0.179294,0.260000,17,0,0,0,13,0,0,13,1,13,13,0,2.322112,3.137585,17,17
2033-07-01,T'Boli,1206316000,31.088000,0.000000,111.550000,0.289280,0.404000,15,10,0,0,0,0,0,0,0,0,0,0,-0.071623,1.331177,25,25
2033-07-01,Tampakan,1206314000,17.764000,0.000000,63.100000,0.196000,0.332000,12,2,0,0,0,0,0,0,0,0,0,0,-0.360394,0.294731,14,14
2033-07-01,Tantangan,1206315000,4.528000,0.000000,26.550000,0.079692,0.140000,13,0,0,0,0,0,0,0,0,0,0,0,-2.342250,-1.666906,13,13
2033-07-01,Tupi,1206317000,17.444000,0.000000,62.550000,0.021867,0.112000,15,0,0,0,0,0,0,0,0,1,0,0,0.011055,1.907680,15,15
2033-08-01,Banga,1206302000,31.704000,0.000000,107.325000,0.223818,0.360000,17,5,0,0,0,0,0,0,0,0,0,0,0.355875,1.977397,22,22
2033-08-01,City of Koronadal,1206306000,9.264000,0.000000,55.325000,0.063852,0.144000,27,0,0,0,0,0,0,0,0,0,0,0,-2.732024,-1.251605,27,27
2033-08-01,Lake Sebu,1206319000,21.120000,0.000000,76.550000,0.265684,0.348000,13,6,0,0,0,0,0,0,0,0,0,0,-0.214618,2.165375,19,19
2033-08-01,Norala,1206311000,16.780000,0.000000,57.775000,0.127714,0.200000,14,0,0,0,0,0,0,0,0,0,0,0,-0.400713,0.068084,14,14
2033-08-01,Polomolok,1206312000,57.720000,1.000000,169.425000,0.345043,0.496000,6,17,0,0,6,0,0,6,1,8,0,0,3.430195,6.890112,23,23
2033-08-01,Santo Niño,1206318000,13.004000,0.000000,42.775000,0.189200,0.300000,9,1,0,0,0,0,0,0,0,0,0,0,-0.013677,0.268861,10,10
2033-08-01,Surallah,1206313000,42.004000,0.000000,127.775000,0.191765,0.264000,17,0,0,0,8,0,0,8,1,9,0,0,2.604172,3.567703,17,17
2033-08-01,T'Boli,1206316000,30.744000,0.000000,111.325000,0.283200,0.380000,13,12,0,0,0,0,0,0,0,0,0,0,-0.146852,1.440325,25,25
2033-08-01,Tampakan,1206314000,17.672000,0.000000,63.100000,0.187714,0.276000,14,0,0,0,0,0,0,0,0,0,0,0,-0.371200,0.288895,14,14
2033-08-01,Tantangan,1206315000,4.188000,0.000000,25.000000,0.075077,0.116000,13,0,0,0,0,0,0,0,0,0,0,0,-2.425953,-1.779650,13,13
2033-08-01,Tupi,1206317000,17.416000,0.000000,62.100000,0.025600,0.124000,15,0,0,0,0,0,0,0,0,1,0,0,0.014866,2.198780,15,15
2033-09-01,Banga,1206302000,31.784000,0.000000,109.325000,0.221455,0.376000,17,5,0,0,0,0,0,0,0,0,0,0,0.413800,2.220611,22,22
2033-09-01,City of Koronadal,1206306000,8.816000,0.000000,52.100000,0.062667,0.140000,27,0,0,0,0,0,0,0,0,0,0,0,-2.813137,-1.325961,27,27
2033-09-01,Lake Sebu,1206319000,21.364000,0.000000,79.100000,0.270737,0.404000,13,6,0,0,0,0,0,0,0,0,0,0,-0.213114,1.934897,19,19
2033-09-01,Norala,1206311000,16.740000,0.000000,58.775000,0.131429,0.176000,14,0,0,0,0,0,0,0,0,0,0,0,-0.389887,0.084342,14,14
2033-09-01,Polomolok,1206312000,57.408000,0.000000,173.650000,0.341217,0.448000,7,16,0,0,10,0,0,10,1,10,4,0,3.468921,7.139307,23,23
2033-09-01,Santo Niño,1206318000,12.976000,0.000000,46.325000,0.188800,0.276000,10,0,0,0,0,0,0,0,0,0,0,0,0.000447,0.305708,10,10
2033-09-01,Surallah,1206313000,41.316000,0.000000,124.325000,0.190353,0.260000,17,0,0,0,9,0,0,9,1,10,1,0,2.578416,3.564803,17,17
2033-09-01,T'Boli,1206316000,30.576000,0.000000,108.550000,0.280800,0.364000,14,11,0,0,0,0,0,0,0,0,0,0,-0.128537,1.461640,25,25
2033-09-01,Tampakan,1206314000,16.876000,0.000000,60.000000,0.185143,0.284000,14,0,0,0,0,0,0,0,0,0,0,0,-0.487107,0.139672,14,14
2033-09-01,Tantangan,1206315000,4.384000,0.000000,26.775000,0.079385,0.160000,13,0,0,0,0,0,0,0,0,0,0,0,-2.421684,-1.681958,13,13
2033-09-01,Tupi,1206317000,17.792000,0.000000,66.100000,0.026933,0.128000,15,0,0,0,0,0,0,0,0,1,0,0,0.061275,2.102760,15,15
2033-10-01,Banga,1206302000,32.488000,0.000000,107.100000,0.232182,0.352000,17,5,0,0,0,0,0,0,0,0,0,0,0.444590,2.311481,22,22
2033-10-01,City of Koronadal,1206306000,8.976000,0.000000,56.325000,0.061481,0.116000,27,0,0,0,0,0,0,0,0,0,0,0,-2.802708,-1.356492,27,27
2033-10-01,Lake Sebu,1206319000,21.088000,0.000000,77.000000,0.271158,0.360000,10,9,0,0,0,0,0,0,0,0,0,0,-0.275748,2.115167,19,19
2033-10-01,Norala,1206311000,16.928000,0.000000,60.325000,0.132000,0.188000,14,0,0,0,0,0,0,0,0,0,0,0,-0.349538,0.051714,14,14
2033-10-01,Polomolok,1206312000,58.652000,1.000000,173.650000,0.352696,0.464000,6,17,0,0,8,0,0,8,1,9,1,0,3.537462,7.190474,23,23
2033-10-01,Santo Niño,1206318000,12.956000,0.000000,45.550000,0.185200,0.276000,10,0,0,0,0,0,0,0,0,0,0,0,-0.037020,0.210184,10,10
2033-10-01,Surallah,1206313000,42.452000,0.000000,124.875000,0.197412,0.288000,17,0,0,0,10,0,0,10,1,10,4,0,2.675360,3.829949,17,17
2033-10-01,T'Boli,1206316000,30.220000,0.000000,110.100000,0.278720,0.372000,14,11,0,0,0,0,0,0,0,0,0,0,-0.209381,1.253216,25,25
2033-10-01,Tampakan,1206314000,16.604000,0.000000,60.000000,0.173714,0.300000,13,1,0,0,0,0,0,0,0,0,0,0,-0.563778,-0.039932,14,14
2033-10-01,Tantangan,1206315000,4.740000,0.000000,29.000000,0.090462,0.200000,13,0,0,0,0,0,0,0,0,0,0,0,-2.347496,-1.533492,13,13
2033-10-01,Tupi,1206317000,18.228000,0.000000,65.550000,0.029333,0.144000,15,0,0,0,0,0,0,0,0,1,0,0,0.097223,2.322150,15,15
2033-11-01,Banga,1206302000,31.632000,0.000000,104.000000,0.218000,0.344000,17,5,0,0,0,0,0,0,0,0,0,0,0.352065,2.558497,22,22
2033-11-01,City of Koronadal,1206306000,9.032000,0.000000,54.325000,0.064889,0.164000,27,0,0,0,0,0,0,0,0,0,0,0,-2.714783,-1.421655,27,27
2033-11-01,Lake Sebu,1206319000,21.628000,0.000000,78.100000,0.274737,0.352000,11,8,0,0,0,0,0,0,0,1,0,0,-0.206429,2.256942,19,19
2033-11-01,Norala,1206311000,16.572000,0.000000,57.550000,0.121429,0.188000,14,0,0,0,0,0,0,0,0,0,0,0,-0.407491,0.152570,14,14
2033-11-01,Polomolok,1206312000,59.164000,1.000000,178.650000,0.353217,0.496000,3,20,0,0,8,0,0,8,1,9,0,0,3.433340,7.106592,23,23
2033-11-01,Santo Niño,1206318000,13.596000,0.000000,46.550000,0.195600,0.256000,10,0,0,0,0,0,0,0,0,0,0,0,0.076350,0.324117,10,10
2033-11-01,Surallah,1206313000,43.664000,0.000000,127.325000,0.208235,0.320000,16,1,0,0,13,0,0,13,1,13,3,0,2.708266,3.924783,17,17
2033-11-01,T'Boli,1206316000,30.556000,0.000000,110.550000,0.276800,0.380000,12,13,0,0,0,0,0,0,0,0,0,0,-0.200296,1.324980,25,25
2033-11-01,Tampakan,1206314000,16.456000,0.000000,63.325000,0.168571,0.284000,14,0,0,0,0,0,0,0,0,0,0,0,-0.604666,-0.032595,14,14
2033-11-01,Tantangan,1206315000,4.352000,0.000000,25.775000,0.083692,0.156000,13,0,0,0,0,0,0,0,0,0,0,0,-2.338711,-1.592413,13,13
2033-11-01,Tupi,1206317000,17.316000,0.000000,60.325000,0.023200,0.128000,15,0,0,0,0,0,0,0,0,1,0,0,-0.082839,1.953101,15,15
2033-12-01,Banga,1206302000,32.712000,0.000000,113.100000,0.232182,0.376000,17,5,0,0,0,0,0,0,0,0,0,0,0.426340,2.608077,22,22
2033-12-01,City of Koronadal,1206306000,9.004000,0.000000,53.775000,0.063704,0.176000,27,0,0,0,0,0,0,0,0,0,0,0,-2.738958,-1.477157,27,27
2033-12-01,Lake Sebu,1206319000,21.616000,0.000000,80.775000,0.273263,0.348000,11,8,0,0,0,0,0,0,0,0,0,0,-0.215821,2.289294,19,19
2033-12-01,Norala,1206311000,16.632000,0.000000,61.775000,0.129143,0.192000,14,0,0,0,0,0,0,0,0,0,0,0,-0.427655,0.103201,14,14
2033-12-01,Polomolok,1206312000,59.608000,0.225000,180.550000,0.354783,0.460000,3,20,0,0,10,0,0,10,1,10,2,0,3.458090,6.971383,23,23
2033-12-01,Santo Niño,1206318000,13.436000,0.000000,47.000000,0.201200,0.324000,9,1,0,0,0,0,0,0,0,0,0,0,0.082506,0.472244,10,10
2033-12-01,Surallah,1206313000,44.560000,0.000000,137.100000,0.211765,0.292000,17,0,0,0,11,0,0,11,1,11,1,0,2.797337,4.017818,17,17
2033-12-01,T'Boli,1206316000,30.200000,0.000000,105.875000,0.283680,0.400000,14,11,0,0,0,0,0,0,0,0,0,0,-0.236256,1.399945,25,25
2033-12-01,Tampakan,1206314000,15.404000,0.000000,57.100000,0.139714,0.228000,14,0,0,0,0,0,0,0,0,0,0,0,-0.808215,-0.233761,14,14
2033-12-01,Tantangan,1206315000,4.604000,0.000000,29.325000,0.085231,0.140000,13,0,0,0,0,0,0,0,0,0,0,0,-2.331085,-1.680857,13,13
2033-12-01,Tupi,1206317000,17.952000,0.000000,64.100000,0.021333,0.116000,15,0,0,0,0,0,0,0,0,1,0,0,0.054179,2.307999,15,15
2034-01-01,Banga,1206302000,30.932000,0.000000,104.325000,0.210364,0.352000,19,3,0,0,0,0,0,0,0,0,0,0,0.276714,2.269621,22,22
2034-01-01,City of Koronadal,1206306000,8.824000,0.000000,53.550000,0.062963,0.160000,27,0,0,0,0,0,0,0,0,0,0,0,-2.899579,-1.519395,27,27
2034-01-01,Lake Sebu,1206319000,22.628000,0.000000,81.100000,0.294316,0.416000,10,9,0,0,0,0,0,0,0,0,0,0,-0.107056,1.746575,19,19
2034-01-01,Norala,1206311000,16.556000,0.000000,61.550000,0.125429,0.176000,14,0,0,0,0,0,0,0,0,0,0,0,-0.441085,-0.022184,14,14
2034-01-01,Polomolok,1206312000,56.860000,2.000000,170.100000,0.331826,0.452000,8,15,0,0,9,0,0,9,1,9,0,0,3.530705,7.125515,23,23
2034-01-01,Santo Niño,1206318000,12.256000,0.000000,44.775000,0.173200,0.248000,10,0,0,0,0,0,0,0,0,0,0,0,-0.121156,0.324619,10,10
2034-01-01,Surallah,1206313000,38.708000,0.000000,118.775000,0.164471,0.236000,17,0,0,0,5,0,0,5,1,6,0,0,2.394391,3.383497,17,17
2034-01-01,T'Boli,1206316000,31.824000,0.000000,115.425000,0.292640,0.408000,12,13,0,0,0,0,0,0,0,0,0,0,-0.000568,1.367343,25,25
2034-01-01,Tampakan,1206314000,17.988000,0.000000,64.775000,0.195429,0.308000,13,1,0,0,0,0,0,0,0,0,0,0,-0.264538,0.401530,14,14
2034-01-01,Tantangan,1206315000,4.592000,0.000000,28.550000,0.086154,0.156000,13,0,0,0,0,0,0,0,0,0,0,0,-2.454188,-1.683908,13,13
2034-01-01,Tupi,1206317000,17.664000,0.000000,61.550000,0.026400,0.184000,15,0,0,0,0,0,0,0,0,1,0,0,0.112583,2.285852,15,15
2034-02-01,Banga,1206302000,30.012000,0.000000,102.550000,0.200545,0.324000,19,3,0,0,0,0,0,0,0,0,0,0,0.174983,2.175480,22,22
2034-02-01,City of Koronadal,1206306000,8.604000,0.000000,52.325000,0.060889,0.132000,27,0,0,0,0,0,0,0,0,0,0,0,-2.870281,-1.389372,27,27
2034-02-01,Lake Sebu,1206319000,23.104000,0.000000,80.775000,0.296211,0.392000,9,10,0,0,0,0,0,0,0,1,0,0,-0.012967,1.776011,19,19
2034-02-01,Norala,1206311000,16.376000,0.000000,60.550000,0.126286,0.184000,14,0,0,0,0,0,0,0,0,0,0,0,-0.455688,-0.053233,14,14
2034-02-01,Polomolok,1206312000,57.588000,1.000000,173.100000,0.331652,0.436000,8,15,0,0,10,0,0,10,1,10,1,0,3.531518,7.239697,23,23
2034-02-01,Santo Niño,1206318000,12.144000,0.000000,42.775000,0.178000,0.296000,10,0,0,0,0,0,0,0,0,0,0,0,-0.174737,0.063548,10,10
2034-02-01,Surallah,1206313000,38.748000,0.000000,119.550000,0.167765,0.252000,17,0,0,0,9,0,0,9,1,10,4,0,2.278005,3.237728,17,17
2034-02-01,T'Boli,1206316000,31.900000,0.000000,111.100000,0.298560,0.388000,10,15,0,0,0,0,0,0,0,0,0,0,0.040910,1.465750,25,25
2034-02-01,Tampakan,1206314000,18.704000,0.000000,67.100000,0.201429,0.300000,13,1,0,0,0,0,0,0,0,0,0,0,-0.166337,0.651046,14,14
2034-02-01,Tantangan,1206315000,4.640000,0.000000,25.775000,0.088308,0.192000,13,0,0,0,0,0,0,0,0,0,0,0,-2.437648,-1.805950,13,13
2034-02-01,Tupi,1206317000,17.248000,0.000000,60.775000,0.023733,0.144000,15,0,0,0,0,0,0,0,0,1,0,0,0.029827,2.177868,15,15
2034-03-01,Banga,1206302000,30.284000,0.000000,107.325000,0.215091,0.312000,20,2,0,0,0,0,0,0,0,0,0,0,0.154062,1.924362,22,22
2034-03-01,City of Koronadal,1206306000,9.060000,0.000000,54.000000,0.062815,0.120000,27,0,0,0,0,0,0,0,0,0,0,0,-2.865808,-1.487817,27,27
2034-03-01,Lake Sebu,1206319000,23.060000,0.000000,80.100000,0.302105,0.384000,8,11,0,0,0,0,0,0,0,1,0,0,-0.048345,1.987646,19,19
2034-03-01,Norala,1206311000,17.004000,0.000000,59.550000,0.125429,0.188000,14,0,0,0,0,0,0,0,0,0,0,0,-0.331835,0.177007,14,14
2034-03-01,Polomolok,1206312000,57.316000,1.000000,172.550000,0.346261,0.512000,5,18,0,0,9,0,0,9,1,9,0,0,3.580093,7.381824,23,23
2034-03-01,Santo Niño,1206318000,12.880000,0.000000,45.550000,0.184400,0.280000,10,0,0,0,0,0,0,0,0,0,0,0,0.002022,0.181028,10,10
2034-03-01,Surallah,1206313000,37.548000,0.000000,116.550000,0.155765,0.244000,17,0,0,0,0,0,0,0,0,6,0,0,2.120790,2.880349,17,17
2034-03-01,T'Boli,1206316000,32.000000,0.000000,110.550000,0.301280,0.384000,11,14,0,0,0,0,0,0,0,0,0,0,0.025993,1.439649,25,25
2034-03-01,Tampakan,1206314000,18.304000,0.000000,63.325000,0.203143,0.316000,12,2,0,0,0,0,0,0,0,0,0,0,-0.269490,0.496717,14,14
2034-03-01,Tantangan,1206315000,4.348000,0.000000,25.000000,0.083077,0.172000,13,0,0,0,0,0,0,0,0,0,0,0,-2.487221,-1.808063,13,13
2034-03-01,Tupi,1206317000,17.688000,0.000000,65.325000,0.024000,0.152000,15,0,0,0,0,0,0,0,0,1,0,0,0.112787,2.405026,15,15
2034-04-01,Banga,1206302000,29.728000,0.000000,101.550000,0.205273,0.340000,19,3,0,0,0,0,0,0,0,0,0,0,0.118760,1.991147,22,22
2034-04-01,City of Koronadal,1206306000,8.804000,0.000000,52.550000,0.061185,0.168000,27,0,0,0,0,0,0,0,0,0,0,0,-2.886067,-1.498689,27,27
2034-04-01,Lake Sebu,1206319000,22.536000,0.000000,78.325000,0.290737,0.396000,8,11,0,0,0,0,0,0,0,1,0,0,-0.064855,1.958624,19,19
2034-04-01,Norala,1206311000,16.820000,0.000000,62.325000,0.127143,0.180000,14,0,0,0,0,0,0,0,0,0,0,0,-0.363077,0.097862,14,14
2034-04-01,Polomolok,1206312000,57.840000,1.000000,168.550000,0.348696,0.460000,4,19,0,0,10,0,0,10,1,10,1,0,3.658599,7.333185,23,23
2034-04-01,Santo Niño,1206318000,12.328000,0.000000,45.550000,0.173200,0.280000,10,0,0,0,0,0,0,0,0,0,0,0,-0.109572,0.104256,10,10
2034-04-01,Surallah,1206313000,38.588000,0.000000,116.775000,0.165647,0.236000,17,0,0,0,9,0,0,9,1,9,9,0,2.295250,3.018951,17,17
2034-04-01,T'Boli,1206316000,31.960000,0.000000,110.325000,0.297920,0.388000,11,14,0,0,0,0,0,0,0,0,0,0,0.005065,1.578145,25,25
2034-04-01,Tampakan,1206314000,17.976000,0.000000,63.875000,0.198286,0.340000,13,1,0,0,0,0,0,0,0,0,0,0,-0.276912,0.385315,14,14
2034-04-01,Tantangan,1206315000,4.360000,0.000000,26.775000,0.084923,0.148000,13,0,0,0,0,0,0,0,0,0,0,0,-2.448039,-1.563275,13,13
2034-04-01,Tupi,1206317000,17.404000,0.000000,63.550000,0.026667,0.156000,15,0,0,0,0,0,0,0,0,1,0,0,0.087688,2.386101,15,15
2034-05-01,Banga,1206302000,31.012000,0.000000,111.325000,0.210000,0.328000,21,1,0,0,0,0,0,0,0,0,0,0,0.235810,2.140694,22,22
2034-05-01,City of Koronadal,1206306000,8.816000,0.000000,51.325000,0.061185,0.184000,27,0,0,0,0,0,0,0,0,0,0,0,-2.770575,-1.408842,27,27
2034-05-01,Lake Sebu,1206319000,22.268000,0.000000,79.325000,0.281263,0.348000,11,8,0,0,0,0,0,0,0,1,0,0,-0.105524,1.878551,19,19
2034-05-01,Norala,1206311000,16.548000,0.000000,59.775000,0.128571,0.192000,14,0,0,0,0,0,0,0,0,0,0,0,-0.407189,0.171861,14,14
2034-05-01,Polomolok,1206312000,58.552000,1.225000,177.425000,0.347304,0.472000,5,18,0,0,11,0,0,11,1,11,1,0,3.555697,7.504066,23,23
2034-05-01,Santo Niño,1206318000,12.956000,0.000000,45.000000,0.185600,0.284000,10,0,0,0,0,0,0,0,0,0,0,0,-0.009521,0.144260,10,10
2034-05-01,Surallah,1206313000,39.700000,0.000000,121.325000,0.177882,0.232000,17,0,0,0,6,0,0,6,1,8,1,0,2.283468,3.094748,17,17
2034-05-01,T'Boli,1206316000,31.528000,0.000000,114.100000,0.287680,0.380000,13,12,0,0,0,0,0,0,0,0,0,0,-0.066713,1.492423,25,25
2034-05-01,Tampakan,1206314000,18.408000,0.000000,67.875000,0.199714,0.308000,13,1,0,0,0,0,0,0,0,0,0,0,-0.224111,0.354207,14,14
2034-05-01,Tantangan,1206315000,4.316000,0.000000,25.550000,0.083692,0.160000,13,0,0,0,0,0,0,0,0,0,0,0,-2.427982,-1.741819,13,13
2034-05-01,Tupi,1206317000,17.304000,0.000000,65.325000,0.023467,0.116000,15,0,0,0,0,0,0,0,0,1,0,0,0.013289,1.982070,15,15
2034-06-01,Banga,1206302000,30.968000,0.000000,106.550000,0.212909,0.316000,20,2,0,0,0,0,0,0,0,0,0,0,0.295694,2.081464,22,22
2034-06-01,City of Koronadal,1206306000,9.140000,0.000000,53.775000,0.068000,0.132000,27,0,0,0,0,0,0,0,0,0,0,0,-2.847699,-1.445088,27,27
2034-06-01,Lake Sebu,1206319000,22.188000,0.000000,78.100000,0.281053,0.392000,11,8,0,0,0,0,0,0,0,0,0,0,-0.097726,2.125317,19,19
2034-06-01,Norala,1206311000,16.772000,0.000000,60.550000,0.128000,0.176000,14,0,0,0,0,0,0,0,0,0,0,0,-0.365906,0.102776,14,14
2034-06-01,Polomolok,1206312000,57.248000,1.000000,174.650000,0.340522,0.496000,5,18,0,0,9,0,0,9,1,9,0,0,3.482099,7.133636,23,23
2034-06-01,Santo Niño,1206318000,12.348000,0.000000,44.000000,0.171600,0.272000,10,0,0,0,0,0,0,0,0,0,0,0,-0.163232,0.126823,10,10
2034-06-01,Surallah,1206313000,40.412000,0.000000,123.875000,0.188471,0.256000,17,0,0,0,11,0,0,11,1,11,5,0,2.521551,3.392647,17,17
2034-06-01,T'Boli,1206316000,31.628000,0.000000,114.550000,0.290720,0.372000,12,13,0,0,0,0,0,0,0,0,0,0,-0.023037,1.453564,25,25
2034-06-01,Tampakan,1206314000,17.584000,0.000000,63.100000,0.192571,0.324000,12,2,0,0,0,0,0,0,0,0,0,0,-0.404949,0.192089,14,14
2034-06-01,Tantangan,1206315000,4.392000,0.000000,28.325000,0.079692,0.168000,13,0,0,0,0,0,0,0,0,0,0,0,-2.484390,-1.700313,13,13
2034-06-01,Tupi,1206317000,17.608000,0.000000,62.550000,0.029600,0.152000,15,0,0,0,0,0,0,0,0,1,0,0,0.019457,2.041797,15,15
2034-07-01,Banga,1206302000,30.832000,0.000000,106.325000,0.215636,0.324000,19,3,0,0,0,0,0,0,0,0,0,0,0.249998,2.238997,22,22
2034-07-01,City of Koronadal,1206306000,9.384000,0.000000,56.775000,0.069778,0.132000,27,0,0,0,0,0,0,0,0,0,0,0,-2.747306,-1.371183,27,27
2034-07-01,Lake Sebu,1206319000,22.020000,0.000000,79.550000,0.278947,0.400000,13,6,0,0,0,0,0,0,0,0,0,0,-0.161464,2.031376,19,19
2034-07-01,Norala,1206311000,17.060000,0.000000,61.000000,0.128857,0.208000,14,0,0,0,0,0,0,0,0,0,0,0,-0.396879,0.118178,14,14
2034-07-01,Polomolok,1206312000,59.216000,1.000000,181.975000,0.348870,0.452000,6,17,0,0,8,0,0,8,1,8,0,0,3.545377,7.217383,23,23
2034-07-01,Santo Niño,1206318000,12.532000,0.000000,46.775000,0.172800,0.320000,9,1,0,0,0,0,0,0,0,0,0,0,-0.102378,0.108223,10,10
2034-07-01,Surallah,1206313000,40.772000,0.000000,123.875000,0.183059,0.268000,17,0,0,0,7,0,0,7,1,9,0,0,2.411273,3.371756,17,17
2034-07-01,T'Boli,1206316000,31.560000,0.000000,112.425000,0.293920,0.372000,12,13,0,0,0,0,0,0,0,0,0,0,-0.076688,1.422671,25,25
2034-07-01,Tampakan,1206314000,17.348000,0.000000,61.775000,0.185143,0.304000,13,1,0,0,0,0,0,0,0,0,0,0,-0.430624,0.143221,14,14
2034-07-01,Tantangan,1206315000,4.452000,0.000000,27.325000,0.086769,0.160000,13,0,0,0,0,0,0,0,0,0,0,0,-2.387764,-1.641093,13,13
2034-07-01,Tupi,1206317000,17.404000,0.000000,61.000000,0.024800,0.124000,15,0,0,0,0,0,0,0,0,1,0,0,0.001702,2.133842,15,15
2034-08-01,Banga,1206302000,31.216000,0.000000,105.775000,0.222000,0.352000,20,2,0,0,0,0,0,0,0,0,0,0,0.312442,2.412639,22,22
2034-08-01,City of Koronadal,1206306000,9.000000,0.000000,54.550000,0.067556,0.156000,27,0,0,0,0,0,0,0,0,0,0,0,-2.778745,-1.254554,27,27
2034-08-01,Lake Sebu,1206319000,21.732000,0.000000,79.775000,0.282526,0.384000,11,8,0,0,0,0,0,0,0,0,0,0,-0.160921,1.964601,19,19
2034-08-01,Norala,1206311000,16.904000,0.000000,58.775000,0.130286,0.172000,14,0,0,0,0,0,0,0,0,0,0,0,-0.382060,-0.007312,14,14
2034-08-01,Polomolok,1206312000,58.556000,1.000000,176.650000,0.352522,0.504000,5,18,0,0,10,0,0,10,1,10,2,0,3.629123,7.290424,23,23
2034-08-01,Santo Niño,1206318000,12.680000,0.000000,46.775000,0.185600,0.324000,8,2,0,0,0,0,0,0,0,0,0,0,-0.029897,0.334433,10,10
2034-08-01,Surallah,1206313000,40.384000,0.000000,126.325000,0.182353,0.240000,17,0,0,0,5,0,0,5,1,8,3,0,2.436522,3.383164,17,17
2034-08-01,T'Boli,1206316000,31.112000,0.000000,108.650000,0.281920,0.344000,11,14,0,0,0,0,0,0,0,0,0,0,-0.103120,1.244239,25,25
2034-08-01,Tampakan,1206314000,16.828000,0.000000,59.550000,0.180857,0.320000,11,3,0,0,0,0,0,0,0,0,0,0,-0.520865,0.094143,14,14
2034-08-01,Tantangan,1206315000,4.132000,0.000000,24.000000,0.074154,0.180000,13,0,0,0,0,0,0,0,0,0,0,0,-2.445509,-1.735132,13,13
2034-08-01,Tupi,1206317000,17.180000,0.000000,62.550000,0.025333,0.112000,15,0,0,0,0,0,0,0,0,1,0,0,-0.024739,2.307934,15,15
2034-09-01,Banga,1206302000,31.600000,0.000000,111.775000,0.220545,0.344000,19,3,0,0,0,0,0,0,0,0,0,0,0.305598,2.268814,22,22
2034-09-01,City of Koronadal,1206306000,9.196000,0.000000,53.325000,0.065778,0.156000,27,0,0,0,0,0,0,0,0,0,0,0,-2.726735,-1.419433,27,27
2034-09-01,Lake Sebu,1206319000,21.508000,0.000000,79.325000,0.273263,0.348000,10,9,0,0,0,0,0,0,0,0,0,0,-0.170392,2.201722,19,19
2034-09-01,Norala,1206311000,16.044000,0.000000,56.325000,0.119714,0.180000,14,0,0,0,0,0,0,0,0,0,0,0,-0.508398,-0.045086,14,14
2034-09-01,Polomolok,1206312000,58.876000,0.000000,179.750000,0.349217,0.468000,5,18,0,0,9,0,0,9,1,9,0,0,3.457755,7.114364,23,23
2034-09-01,Santo Niño,1206318000,12.616000,0.000000,44.550000,0.178000,0.264000,10,0,0,0,0,0,0,0,0,0,0,0,-0.101622,0.175171,10,10
2034-09-01,Surallah,1206313000,42.676000,0.000000,132.875000,0.197882,0.284000,17,0,0,0,10,0,0,10,1,10,5,0,2.585644,3.459379,17,17
2034-09-01,T'Boli,1206316000,31.804000,0.000000,114.100000,0.294240,0.384000,11,14,0,0,0,0,0,0,0,0,0,0,-0.073149,1.400552,25,25
2034-09-01,Tampakan,1206314000,16.696000,0.000000,63.325000,0.170286,0.292000,14,0,0,0,0,0,0,0,0,0,0,0,-0.575368,-0.090266,14,14
2034-09-01,Tantangan,1206315000,4.484000,0.000000,27.550000,0.081846,0.172000,13,0,0,0,0,0,0,0,0,0,0,0,-2.353509,-1.748939,13,13
2034-09-01,Tupi,1206317000,17.704000,0.000000,63.875000,0.022667,0.080000,15,0,0,0,0,0,0,0,0,1,0,0,0.033758,2.076832,15,15
2034-10-01,Banga,1206302000,31.848000,0.000000,107.100000,0.226545,0.372000,19,3,0,0,0,0,0,0,0,0,0,0,0.375230,2.290026,22,22
2034-10-01,City of Koronadal,1206306000,9.184000,0.000000,52.100000,0.064444,0.156000,27,0,0,0,0,0,0,0,0,0,0,0,-2.778166,-1.450685,27,27
2034-10-01,Lake Sebu,1206319000,21.872000,0.000000,77.775000,0.286737,0.368000,7,12,0,0,0,0,0,0,0,0,0,0,-0.103328,2.368861,19,19
2034-10-01,Norala,1206311000,16.508000,0.000000,56.775000,0.123714,0.188000,14,0,0,0,0,0,0,0,0,0,0,0,-0.454346,0.038377,14,14
2034-10-01,Polomolok,1206312000,57.812000,0.000000,168.325000,0.342609,0.444000,5,18,0,0,7,0,0,7,1,8,1,0,3.394167,7.159780,23,23
2034-10-01,Santo Niño,1206318000,12.848000,0.000000,45.550000,0.185600,0.284000,10,0,0,0,0,0,0,0,0,0,0,0,-0.011592,0.232308,10,10
2034-10-01,Surallah,1206313000,42.844000,0.000000,131.775000,0.206824,0.284000,17,0,0,0,7,0,0,7,1,8,1,0,2.743169,3.619146,17,17
2034-10-01,T'Boli,1206316000,31.388000,0.000000,114.650000,0.283520,0.404000,14,11,0,0,0,0,0,0,0,0,0,0,-0.088513,1.321461,25,25
2034-10-01,Tampakan,1206314000,15.476000,0.000000,59.550000,0.155429,0.312000,13,1,0,0,0,0,0,0,0,0,0,0,-0.778268,-0.259990,14,14
2034-10-01,Tantangan,1206315000,4.684000,0.000000,27.775000,0.083385,0.152000,13,0,0,0,0,0,0,0,0,0,0,0,-2.341001,-1.594020,13,13
2034-10-01,Tupi,1206317000,17.544000,0.000000,65.100000,0.025600,0.124000,15,0,0,0,0,0,0,0,0,1,0,0,0.001171,2.030726,15,15
2034-11-01,Banga,1206302000,31.572000,0.000000,109.550000,0.224000,0.372000,19,3,0,0,0,0,0,0,0,0,0,0,0.312068,2.304650,22,22
2034-11-01,City of Koronadal,1206306000,9.176000,0.000000,53.775000,0.065185,0.152000,27,0,0,0,0,0,0,0,0,0,0,0,-2.682717,-1.452392,27,27
2034-11-01,Lake Sebu,1206319000,21.896000,0.000000,79.775000,0.281053,0.372000,11,8,0,0,0,0,0,0,0,0,0,0,-0.128220,2.143971,19,19
2034-11-01,Norala,1206311000,16.704000,0.000000,59.775000,0.127714,0.188000,14,0,0,0,0,0,0,0,0,0,0,0,-0.368914,0.063339,14,14
2034-11-01,Polomolok,1206312000,59.512000,1.000000,180.325000,0.356174,0.480000,6,17,0,0,8,0,0,8,1,9,1,0,3.433794,7.299736,23,23
2034-11-01,Santo Niño,1206318000,12.868000,0.000000,45.550000,0.187600,0.308000,9,1,0,0,0,0,0,0,0,0,0,0,-0.090732,0.227050,10,10
2034-11-01,Surallah,1206313000,43.644000,0.000000,132.425000,0.213412,0.272000,17,0,0,0,7,0,0,7,1,8,0,0,2.610781,3.638834,17,17
2034-11-01,T'Boli,1206316000,31.236000,0.000000,110.550000,0.291360,0.372000,12,13,0,0,0,0,0,0,0,0,0,0,-0.133252,1.162347,25,25
2034-11-01,Tampakan,1206314000,15.532000,0.000000,56.775000,0.150000,0.260000,14,0,0,0,0,0,0,0,0,0,0,0,-0.735242,-0.266429,14,14
2034-11-01,Tantangan,1206315000,4.604000,0.000000,26.325000,0.086769,0.192000,13,0,0,0,0,0,0,0,0,0,0,0,-2.276771,-1.572146,13,13
2034-11-01,Tupi,1206317000,17.440000,0.000000,64.325000,0.025333,0.152000,15,0,0,0,0,0,0,0,0,1,0,0,-0.007892,2.016871,15,15
2034-12-01,Banga,1206302000,31.736000,0.000000,111.425000,0.224182,0.388000,19,3,0,0,0,0,0,0,0,0,0,0,0.367552,2.550319,22,22
2034-12-01,City of Koronadal,1206306000,9.100000,0.000000,55.100000,0.066815,0.152000,27,0,0,0,0,0,0,0,0,0,0,0,-2.740510,-1.410526,27,27
2034-12-01,Lake Sebu,1206319000,21.880000,0.000000,80.100000,0.283368,0.416000,11,8,0,0,0,0,0,0,0,0,0,0,-0.144522,2.272993,19,19
2034-12-01,Norala,1206311000,16.920000,0.000000,62.000000,0.135429,0.180000,14,0,0,0,0,0,0,0,0,0,0,0,-0.322009,0.099816,14,14
2034-12-01,Polomolok,1206312000,59.252000,1.000000,179.100000,0.348000,0.480000,6,17,0,0,5,0,0,5,1,5,0,0,3.444651,7.344855,23,23
2034-12-01,Santo Niño,1206318000,13.156000,0.000000,44.775000,0.193600,0.276000,10,0,0,0,0,0,0,0,0,0,0,0,-0.019766,0.350679,10,10
2034-12-01,Surallah,1206313000,44.736000,0.000000,135.325000,0.221882,0.284000,17,0,0,0,5,0,0,5,1,7,0,0,2.862561,3.951206,17,17
2034-12-01,T'Boli,1206316000,30.580000,0.000000,107.325000,0.284320,0.372000,13,12,0,0,0,0,0,0,0,0,0,0,-0.204824,1.217926,25,25
2034-12-01,Tampakan,1206314000,15.056000,0.000000,55.000000,0.150857,0.288000,14,0,0,0,0,0,0,0,0,0,0,0,-0.846721,-0.409920,14,14
2034-12-01,Tantangan,1206315000,4.476000,0.000000,30.000000,0.081538,0.136000,13,0,0,0,0,0,0,0,0,0,0,0,-2.320325,-1.581704,13,13
2034-12-01,Tupi,1206317000,17.356000,0.000000,65.550000,0.024800,0.132000,15,0,0,0,0,0,0,0,0,1,0,0,-0.068917,2.091099,15,15
2035-01-01,Banga,1206302000,31.308000,0.000000,108.325000,0.216727,0.356000,19,3,0,0,0,0,0,0,0,0,0,0,0.357025,2.310159,22,22
2035-01-01,City of Koronadal,1206306000,8.832000,0.000000,52.550000,0.062519,0.140000,27,0,0,0,0,0,0,0,0,0,0,0,-2.902280,-1.528783,27,27
2035-01-01,Lake Sebu,1206319000,23.280000,0.000000,85.550000,0.296842,0.392000,8,11,0,0,0,0,0,0,0,1,0,0,0.016632,1.994447,19,19
2035-01-01,Norala,1206311000,16.320000,0.000000,62.325000,0.124286,0.172000,14,0,0,0,0,0,0,0,0,0,0,0,-0.477386,-0.071461,14,14
2035-01-01,Polomolok,1206312000,56.792000,0.000000,173.100000,0.330609,0.424000,9,14,0,0,11,0,0,11,1,11,6,0,3.517607,7.072241,23,23
2035-01-01,Santo Niño,1206318000,12.132000,0.000000,43.550000,0.173200,0.332000,9,1,0,0,0,0,0,0,0,0,0,0,-0.236619,0.103812,10,10
2035-01-01,Surallah,1206313000,39.260000,0.000000,118.875000,0.165647,0.240000,17,0,0,0,10,0,0,10,1,10,5,0,2.435519,3.397274,17,17
2035-01-01,T'Boli,1206316000,32.480000,0.000000,117.875000,0.297760,0.364000,9,16,0,0,0,0,0,0,0,0,0,0,0.057178,1.432169,25,25
2035-01-01,Tampakan,1206314000,17.896000,0.000000,65.325000,0.196571,0.332000,12,2,0,0,0,0,0,0,0,0,0,0,-0.349554,0.255825,14,14
2035-01-01,Tantangan,1206315000,4.440000,0.000000,26.550000,0.079077,0.136000,13,0,0,0,0,0,0,0,0,0,0,0,-2.494117,-1.641515,13,13
2035-01-01,Tupi,1206317000,16.540000,0.000000,61.875000,0.020800,0.096000,15,0,0,0,0,0,0,0,0,1,0,0,-0.111807,2.020546,15,15
2035-02-01,Banga,1206302000,29.848000,0.000000,103.325000,0.203818,0.336000,21,1,0,0,0,0,0,0,0,0,0,0,0.171969,2.072231,22,22
2035-02-01,City of Koronadal,1206306000,8.912000,0.000000,54.875000,0.064296,0.160000,27,0,0,0,0,0,0,0,0,0,0,0,-2.890313,-1.319896,27,27
2035-02-01,Lake Sebu,1206319000,22.068000,0.000000,77.875000,0.284000,0.376000,11,8,0,0,0,0,0,0,0,1,0,0,-0.098843,2.122155,19,19
2035-02-01,Norala,1206311000,16.448000,0.000000,59.550000,0.128571,0.188000,14,0,0,0,0,0,0,0,0,0,0,0,-0.459438,-0.022890,14,14
2035-02-01,Polomolok,1206312000,56.516000,1.000000,171.975000,0.337739,0.492000,7,16,0,0,8,0,0,8,1,9,0,0,3.498050,7.289809,23,23
2035-02-01,Santo Niño,1206318000,12.096000,0.000000,45.550000,0.168800,0.296000,10,0,0,0,0,0,0,0,0,0,0,0,-0.179212,0.160350,10,10
2035-02-01,Surallah,1206313000,38.596000,0.000000,124.325000,0.168941,0.268000,17,0,0,0,10,0,0,10,1,10,1,0,2.319476,3.253808,17,17
2035-02-01,T'Boli,1206316000,32.644000,0.000000,115.550000,0.305760,0.436000,10,15,0,0,0,0,0,0,0,0,0,0,0.086201,1.600147,25,25
2035-02-01,Tampakan,1206314000,19.592000,0.000000,64.325000,0.221429,0.352000,11,3,0,0,0,0,0,0,0,1,0,0,0.009737,0.740396,14,14
2035-02-01,Tantangan,1206315000,4.556000,0.000000,28.000000,0.084923,0.140000,13,0,0,0,0,0,0,0,0,0,0,0,-2.473773,-1.704455,13,13
2035-02-01,Tupi,1206317000,16.520000,0.000000,59.000000,0.023200,0.152000,15,0,0,0,0,0,0,0,0,1,0,0,-0.047156,2.033227,15,15
2035-03-01,Banga,1206302000,30.300000,0.000000,106.875000,0.212000,0.316000,18,4,0,0,0,0,0,0,0,0,0,0,0.235621,2.109991,22,22
2035-03-01,City of Koronadal,1206306000,8.964000,0.000000,52.550000,0.063259,0.144000,27,0,0,0,0,0,0,0,0,0,0,0,-2.905548,-1.357282,27,27
2035-03-01,Lake Sebu,1206319000,22.176000,0.000000,79.325000,0.284211,0.380000,10,9,0,0,0,0,0,0,0,1,0,0,-0.130006,1.955967,19,19
2035-03-01,Norala,1206311000,15.904000,0.000000,56.775000,0.124286,0.188000,14,0,0,0,0,0,0,0,0,0,0,0,-0.512333,-0.076113,14,14
2035-03-01,Polomolok,1206312000,55.848000,0.000000,167.100000,0.337391,0.472000,6,17,0,0,10,0,0,10,1,10,3,0,3.458556,7.115228,23,23
2035-03-01,Santo Niño,1206318000,12.612000,0.000000,45.775000,0.182800,0.296000,10,0,0,0,0,0,0,0,0,0,0,0,-0.099465,0.238598,10,10
2035-03-01,Surallah,1206313000,37.920000,0.000000,120.650000,0.161176,0.244000,17,0,0,0,6,0,0,6,1,6,0,0,2.278232,3.347468,17,17
2035-03-01,T'Boli,1206316000,33.040000,0.000000,119.100000,0.305760,0.396000,8,17,0,0,0,0,0,0,0,0,0,0,0.167031,1.409713,25,25
2035-03-01,Tampakan,1206314000,19.072000,0.000000,65.325000,0.218286,0.316000,11,3,0,0,0,0,0,0,0,0,0,0,-0.061897,0.614885,14,14
2035-03-01,Tantangan,1206315000,4.436000,0.000000,27.775000,0.077538,0.148000,13,0,0,0,0,0,0,0,0,0,0,0,-2.522695,-1.852307,13,13
2035-03-01,Tupi,1206317000,17.368000,0.000000,65.775000,0.026667,0.120000,15,0,0,0,0,0,0,0,0,1,0,0,0.096139,2.144708,15,15
2035-04-01,Banga,1206302000,30.652000,0.000000,110.550000,0.213818,0.324000,20,2,0,0,0,0,0,0,0,0,0,0,0.250605,2.265720,22,22
2035-04-01,City of Koronadal,1206306000,8.864000,0.000000,55.100000,0.063111,0.112000,27,0,0,0,0,0,0,0,0,0,0,0,-2.856133,-1.435494,27,27
2035-04-01,Lake Sebu,1206319000,22.064000,0.000000,81.550000,0.277895,0.368000,10,9,0,0,0,0,0,0,0,0,0,0,-0.118605,1.933490,19,19
2035-04-01,Norala,1206311000,16.772000,0.000000,60.775000,0.129714,0.164000,14,0,0,0,0,0,0,0,0,0,0,0,-0.336545,0.010996,14,14
2035-04-01,Polomolok,1206312000,56.368000,0.225000,173.425000,0.335478,0.504000,8,15,0,0,6,0,0,6,1,6,1,0,3.442733,7.261874,23,23
2035-04-01,Santo Niño,1206318000,12.344000,0.000000,44.000000,0.179600,0.328000,9,1,0,0,0,0,0,0,0,0,0,0,-0.183052,0.038332,10,10
2035-04-01,Surallah,1206313000,38.868000,0.000000,123.100000,0.163529,0.228000,17,0,0,0,6,0,0,6,1,7,1,0,2.364529,3.515804,17,17
2035-04-01,T'Boli,1206316000,32.440000,0.000000,113.875000,0.307200,0.388000,10,15,0,0,0,0,0,0,0,0,0,0,0.062030,1.306916,25,25
2035-04-01,Tampakan,1206314000,18.664000,0.000000,64.775000,0.203143,0.332000,12,2,0,0,0,0,0,0,0,1,0,0,-0.141620,0.525718,14,14
2035-04-01,Tantangan,1206315000,4.372000,0.000000,25.775000,0.076615,0.152000,13,0,0,0,0,0,0,0,0,0,0,0,-2.446537,-1.704016,13,13
2035-04-01,Tupi,1206317000,17.448000,0.000000,63.000000,0.026667,0.124000,15,0,0,0,0,0,0,0,0,1,0,0,0.032637,2.115257,15,15
2035-05-01,Banga,1206302000,30.456000,0.000000,105.550000,0.208909,0.340000,20,2,0,0,0,0,0,0,0,0,0,0,0.260473,2.186402,22,22
2035-05-01,City of Koronadal,1206306000,9.228000,0.000000,58.100000,0.066815,0.196000,27,0,0,0,0,0,0,0,0,0,0,0,-2.821697,-1.456021,27,27
2035-05-01,Lake Sebu,1206319000,22.344000,0.000000,80.325000,0.286316,0.384000,9,10,0,0,0,0,0,0,0,0,0,0,-0.103354,2.029788,19,19
2035-05-01,Norala,1206311000,16.764000,0.000000,58.550000,0.128000,0.180000,14,0,0,0,0,0,0,0,0,0,0,0,-0.373046,0.127586,14,14
2035-05-01,Polomolok,1206312000,57.072000,0.000000,173.650000,0.336696,0.456000,6,17,0,0,10,0,0,10,1,10,4,0,3.513453,7.343460,23,23
2035-05-01,Santo Niño,1206318000,12.060000,0.000000,44.325000,0.178000,0.288000,10,0,0,0,0,0,0,0,0,0,0,0,-0.234841,0.072472,10,10
2035-05-01,Surallah,1206313000,38.940000,0.000000,122.100000,0.167765,0.236000,17,0,0,0,9,0,0,9,1,9,4,0,2.316715,3.289399,17,17
2035-05-01,T'Boli,1206316000,32.132000,0.000000,113.650000,0.304320,0.384000,10,15,0,0,0,0,0,0,0,0,0,0,0.046454,1.492152,25,25
2035-05-01,Tampakan,1206314000,18.168000,0.000000,63.325000,0.198000,0.316000,11,3,0,0,0,0,0,0,0,0,0,0,-0.257466,0.262822,14,14
2035-05-01,Tantangan,1206315000,4.416000,0.000000,27.550000,0.079692,0.124000,13,0,0,0,0,0,0,0,0,0,0,0,-2.444583,-1.698108,13,13
2035-05-01,Tupi,1206317000,17.360000,0.000000,62.000000,0.027733,0.132000,15,0,0,0,0,0,0,0,0,1,0,0,-0.002349,2.106408,15,15
2035-06-01,Banga,1206302000,31.596000,0.000000,108.100000,0.221091,0.336000,18,4,0,0,0,0,0,0,0,0,0,0,0.331449,2.223568,22,22
2035-06-01,City of Koronadal,1206306000,9.628000,0.000000,56.550000,0.072593,0.128000,27,0,0,0,0,0,0,0,0,0,0,0,-2.796159,-1.368079,27,27
2035-06-01,Lake Sebu,1206319000,22.748000,0.000000,85.550000,0.289474,0.412000,7,12,0,0,0,0,0,0,0,1,0,0,-0.062238,2.211074,19,19
2035-06-01,Norala,1206311000,16.984000,0.000000,61.325000,0.134286,0.192000,14,0,0,0,0,0,0,0,0,0,0,0,-0.372003,0.071429,14,14
2035-06-01,Polomolok,1206312000,57.640000,0.000000,175.200000,0.342261,0.472000,8,15,0,0,10,0,0,10,1,10,0,0,3.461774,7.313657,23,23
2035-06-01,Santo Niño,1206318000,12.208000,0.000000,44.550000,0.170800,0.264000,10,0,0,0,0,0,0,0,0,0,0,0,-0.220041,0.037313,10,10
2035-06-01,Surallah,1206313000,39.464000,0.000000,124.100000,0.176000,0.228000,17,0,0,0,5,0,0,5,1,8,0,0,2.326996,3.353550,17,17
2035-06-01,T'Boli,1206316000,32.712000,0.000000,117.650000,0.301440,0.372000,9,16,0,0,0,0,0,0,0,1,0,0,0.019426,1.248208,25,25
2035-06-01,Tampakan,1206314000,18.216000,0.000000,62.000000,0.201429,0.316000,11,3,0,0,0,0,0,0,0,0,0,0,-0.282448,0.212690,14,14
2035-06-01,Tantangan,1206315000,4.536000,0.000000,26.550000,0.083077,0.168000,13,0,0,0,0,0,0,0,0,0,0,0,-2.435879,-1.695986,13,13
2035-06-01,Tupi,1206317000,17.292000,0.000000,66.100000,0.028267,0.132000,15,0,0,0,0,0,0,0,0,1,0,0,0.003432,1.957550,15,15
2035-07-01,Banga,1206302000,31.616000,0.000000,111.875000,0.224909,0.400000,20,2,0,0,0,0,0,0,0,0,0,0,0.355046,2.068229,22,22
2035-07-01,City of Koronadal,1206306000,9.212000,0.000000,57.775000,0.068741,0.132000,27,0,0,0,0,0,0,0,0,0,0,0,-2.753433,-1.300790,27,27
2035-07-01,Lake Sebu,1206319000,22.264000,0.000000,82.325000,0.284632,0.396000,11,8,0,0,0,0,0,0,0,0,0,0,-0.121027,2.115182,19,19
2035-07-01,Norala,1206311000,16.364000,0.000000,58.775000,0.128571,0.200000,14,0,0,0,0,0,0,0,0,0,0,0,-0.480955,-0.066106,14,14
2035-07-01,Polomolok,1206312000,57.964000,0.225000,178.875000,0.345217,0.492000,4,19,0,0,8,0,0,8,1,9,0,0,3.434834,7.196340,23,23
2035-07-01,Santo Niño,1206318000,12.400000,0.000000,47.775000,0.167200,0.276000,10,0,0,0,0,0,0,0,0,0,0,0,-0.140944,0.228197,10,10
2035-07-01,Surallah,1206313000,41.128000,0.000000,132.100000,0.192235,0.260000,17,0,0,0,6,0,0,6,1,8,4,0,2.473847,3.371771,17,17
2035-07-01,T'Boli,1206316000,31.876000,0.000000,119.875000,0.289760,0.396000,11,14,0,0,0,0,0,0,0,0,0,0,-0.030016,1.382466,25,25
2035-07-01,Tampakan,1206314000,17.312000,0.000000,61.550000,0.183714,0.292000,14,0,0,0,0,0,0,0,0,0,0,0,-0.434027,0.130724,14,14
2035-07-01,Tantangan,1206315000,4.620000,0.000000,25.550000,0.083077,0.172000,13,0,0,0,0,0,0,0,0,0,0,0,-2.330093,-1.509934,13,13
2035-07-01,Tupi,1206317000,17.472000,0.000000,65.100000,0.024533,0.132000,15,0,0,0,0,0,0,0,0,1,0,0,0.021395,2.092165,15,15
2035-08-01,Banga,1206302000,31.588000,0.000000,109.325000,0.224909,0.348000,19,3,0,0,0,0,0,0,0,0,0,0,0.342527,2.403243,22,22
2035-08-01,City of Koronadal,1206306000,9.692000,0.000000,54.550000,0.070667,0.164000,27,0,0,0,0,0,0,0,0,0,0,0,-2.817398,-1.471059,27,27
2035-08-01,Lake Sebu,1206319000,22.132000,0.000000,82.425000,0.280211,0.376000,11,8,0,0,0,0,0,0,0,0,0,0,-0.188538,1.951908,19,19
2035-08-01,Norala,1206311000,16.684000,0.000000,63.325000,0.128571,0.184000,14,0,0,0,0,0,0,0,0,0,0,0,-0.411984,0.147051,14,14
2035-08-01,Polomolok,1206312000,57.708000,1.000000,175.425000,0.345391,0.472000,6,17,0,0,10,0,0,10,1,10,2,0,3.481060,6.987929,23,23
2035-08-01,Santo Niño,1206318000,13.284000,0.000000,45.000000,0.199200,0.352000,9,1,0,0,0,0,0,0,0,0,0,0,0.011875,0.321176,10,10
2035-08-01,Surallah,1206313000,41.168000,0.000000,126.325000,0.189176,0.288000,17,0,0,0,11,0,0,11,1,12,5,0,2.530565,3.618109,17,17
2035-08-01,T'Boli,1206316000,32.728000,0.000000,114.100000,0.305280,0.404000,9,16,0,0,0,0,0,0,0,0,0,0,0.019722,1.425535,25,25
2035-08-01,Tampakan,1206314000,17.472000,0.000000,62.000000,0.186286,0.280000,14,0,0,0,0,0,0,0,0,0,0,0,-0.445393,0.074457,14,14
2035-08-01,Tantangan,1206315000,4.612000,0.000000,27.775000,0.082769,0.148000,13,0,0,0,0,0,0,0,0,0,0,0,-2.432369,-1.613591,13,13
2035-08-01,Tupi,1206317000,17.476000,0.000000,66.550000,0.023733,0.088000,15,0,0,0,0,0,0,0,0,1,0,0,0.026692,2.266132,15,15
2035-09-01,Banga,1206302000,31.740000,0.000000,108.875000,0.227091,0.364000,18,4,0,0,0,0,0,0,0,0,0,0,0.320102,2.487195,22,22
2035-09-01,City of Koronadal,1206306000,9.544000,0.000000,57.550000,0.066519,0.136000,27,0,0,0,0,0,0,0,0,0,0,0,-2.800791,-1.540838,27,27
2035-09-01,Lake Sebu,1206319000,21.800000,0.000000,80.100000,0.274316,0.356000,12,7,0,0,0,0,0,0,0,0,0,0,-0.168303,2.319210,19,19
2035-09-01,Norala,1206311000,16.764000,0.000000,62.000000,0.135143,0.172000,14,0,0,0,0,0,0,0,0,0,0,0,-0.437844,-0.019726,14,14
2035-09-01,Polomolok,1206312000,58.224000,0.000000,176.325000,0.345391,0.460000,3,20,0,0,9,0,0,9,1,9,1,0,3.477397,7.051496,23,23
2035-09-01,Santo Niño,1206318000,13.056000,0.000000,47.775000,0.180000,0.288000,10,0,0,0,0,0,0,0,0,0,0,0,-0.017932,0.222164,10,10
2035-09-01,Surallah,1206313000,42.800000,0.000000,130.650000,0.200235,0.280000,17,0,0,0,11,0,0,11,1,11,3,0,2.675514,3.711763,17,17
2035-09-01,T'Boli,1206316000,31.688000,0.000000,111.550000,0.296480,0.364000,11,14,0,0,0,0,0,0,0,0,0,0,-0.110842,1.507553,25,25
2035-09-01,Tampakan,1206314000,16.796000,0.000000,60.875000,0.173143,0.284000,14,0,0,0,0,0,0,0,0,0,0,0,-0.543091,0.081223,14,14
2035-09-01,Tantangan,1206315000,4.428000,0.000000,25.775000,0.083385,0.164000,13,0,0,0,0,0,0,0,0,0,0,0,-2.435539,-1.574428,13,13
2035-09-01,Tupi,1206317000,17.716000,0.000000,66.550000,0.024533,0.108000,15,0,0,0,0,0,0,0,0,1,0,0,0.005148,2.103370,15,15
2035-10-01,Banga,1206302000,31.104000,0.000000,110.325000,0.219818,0.324000,20,2,0,0,0,0,0,0,0,0,0,0,0.325193,2.374551,22,22
2035-10-01,City of Koronadal,1206306000,9.240000,0.000000,54.550000,0.067407,0.132000,27,0,0,0,0,0,0,0,0,0,0,0,-2.722220,-1.456501,27,27
2035-10-01,Lake Sebu,1206319000,21.572000,0.000000,78.550000,0.272632,0.360000,13,6,0,0,0,0,0,0,0,0,0,0,-0.182438,2.133259,19,19
2035-10-01,Norala,1206311000,16.404000,0.000000,57.000000,0.123143,0.176000,14,0,0,0,0,0,0,0,0,0,0,0,-0.399729,-0.014384,14,14
2035-10-01,Polomolok,1206312000,57.568000,1.000000,181.650000,0.342609,0.484000,4,19,0,0,6,0,0,6,1,7,0,0,3.354503,7.037513,23,23
2035-10-01,Santo Niño,1206318000,13.100000,0.000000,48.550000,0.189600,0.296000,10,0,0,0,0,0,0,0,0,0,0,0,-0.017689,0.314958,10,10
2035-10-01,Surallah,1206313000,43.176000,0.000000,127.775000,0.207529,0.260000,17,0,0,0,7,0,0,7,1,8,0,0,2.727180,3.782782,17,17
2035-10-01,T'Boli,1206316000,30.948000,0.000000,112.100000,0.283680,0.360000,13,12,0,0,0,0,0,0,0,0,0,0,-0.130540,1.271223,25,25
2035-10-01,Tampakan,1206314000,16.280000,0.000000,60.000000,0.159429,0.276000,14,0,0,0,0,0,0,0,0,0,0,0,-0.597266,-0.077217,14,14
2035-10-01,Tantangan,1206315000,4.604000,0.000000,29.100000,0.084000,0.176000,13,0,0,0,0,0,0,0,0,0,0,0,-2.297133,-1.437324,13,13
2035-10-01,Tupi,1206317000,17.720000,0.000000,65.775000,0.025600,0.112000,15,0,0,0,0,0,0,0,0,1,0,0,0.043678,2.135398,15,15
2035-11-01,Banga,1206302000,32.596000,0.000000,111.550000,0.227455,0.360000,18,4,0,0,0,0,0,0,0,0,0,0,0.398632,2.580208,22,22
2035-11-01,City of Koronadal,1206306000,9.188000,0.000000,57.325000,0.064741,0.128000,27,0,0,0,0,0,0,0,0,0,0,0,-2.675459,-1.349795,27,27
2035-11-01,Lake Sebu,1206319000,21.412000,0.000000,77.775000,0.273263,0.364000,10,9,0,0,0,0,0,0,0,0,0,0,-0.221299,2.080100,19,19
2035-11-01,Norala,1206311000,16.904000,0.000000,61.550000,0.128000,0.200000,14,0,0,0,0,0,0,0,0,0,0,0,-0.400260,0.057552,14,14
2035-11-01,Polomolok,1206312000,58.676000,0.225000,182.325000,0.337565,0.476000,6,17,0,0,4,0,0,4,1,5,0,0,3.304396,7.059964,23,23
2035-11-01,Santo Niño,1206318000,13.064000,0.000000,44.775000,0.191600,0.336000,9,1,0,0,0,0,0,0,0,0,0,0,0.019933,0.309483,10,10
2035-11-01,Surallah,1206313000,44.108000,0.000000,135.425000,0.204941,0.324000,16,1,0,0,6,0,0,6,1,8,1,0,2.691419,3.791691,17,17
2035-11-01,T'Boli,1206316000,31.028000,0.000000,109.550000,0.284000,0.352000,11,14,0,0,0,0,0,0,0,0,0,0,-0.181664,0.974410,25,25
2035-11-01,Tampakan,1206314000,15.736000,0.000000,56.775000,0.154000,0.260000,14,0,0,0,0,0,0,0,0,0,0,0,-0.749618,-0.234890,14,14
2035-11-01,Tantangan,1206315000,4.444000,0.000000,27.775000,0.083385,0.192000,13,0,0,0,0,0,0,0,0,0,0,0,-2.308653,-1.692989,13,13
2035-11-01,Tupi,1206317000,17.848000,0.000000,63.325000,0.025067,0.168000,15,0,0,0,0,0,0,0,0,1,0,0,0.067135,2.163289,15,15
2035-12-01,Banga,1206302000,32.636000,0.000000,113.325000,0.231818,0.348000,19,3,0,0,0,0,0,0,0,0,0,0,0.435137,2.683476,22,22
2035-12-01,City of Koronadal,1206306000,9.172000,0.000000,55.550000,0.065333,0.152000,27,0,0,0,0,0,0,0,0,0,0,0,-2.714274,-1.409352,27,27
2035-12-01,Lake Sebu,1206319000,20.996000,0.000000,80.325000,0.261053,0.348000,15,4,0,0,0,0,0,0,0,0,0,0,-0.250196,2.212400,19,19
2035-12-01,Norala,1206311000,16.572000,0.000000,62.100000,0.132857,0.176000,14,0,0,0,0,0,0,0,0,0,0,0,-0.438673,0.050006,14,14
2035-12-01,Polomolok,1206312000,58.372000,0.225000,178.200000,0.344696,0.492000,7,16,0,0,9,0,0,9,1,9,5,0,3.398338,7.100599,23,23
2035-12-01,Santo Niño,1206318000,13.580000,0.000000,44.775000,0.207200,0.348000,8,2,0,0,0,0,0,0,0,0,0,0,0.063745,0.401913,10,10
2035-12-01,Surallah,1206313000,43.976000,0.000000,134.550000,0.215294,0.264000,17,0,0,0,6,0,0,6,1,8,1,0,2.754523,3.920882,17,17
2035-12-01,T'Boli,1206316000,30.188000,0.000000,112.875000,0.276000,0.384000,19,6,0,0,0,0,0,0,0,0,0,0,-0.234758,1.203889,25,25
2035-12-01,Tampakan,1206314000,16.092000,0.000000,58.000000,0.163714,0.288000,14,0,0,0,0,0,0,0,0,0,0,0,-0.654686,-0.100259,14,14
2035-12-01,Tantangan,1206315000,4.576000,0.000000,28.775000,0.086462,0.172000,13,0,0,0,0,0,0,0,0,0,0,0,-2.303365,-1.561568,13,13
2035-12-01,Tupi,1206317000,18.280000,0.000000,65.775000,0.028533,0.188000,15,0,0,0,0,0,0,0,0,1,0,0,0.097898,2.163879,15,15
2036-01-01,Banga,1206302000,31.480000,0.000000,110.325000,0.222364,0.340000,19,3,0,0,0,0,0,0,0,0,0,0,0.336414,2.080215,22,22
2036-01-01,City of Koronadal,1206306000,8.728000,0.000000,53.100000,0.061185,0.140000,27,0,0,0,0,0,0,0,0,0,0,0,-2.782002,-1.371571,27,27
2036-01-01,Lake Sebu,1206319000,21.444000,0.000000,82.875000,0.258947,0.384000,15,4,0,0,0,0,0,0,0,0,0,0,-0.221698,1.743437,19,19
2036-01-01,Norala,1206311000,16.196000,0.000000,60.325000,0.119714,0.204000,14,0,0,0,0,0,0,0,0,0,0,0,-0.475351,-0.098897,14,14
2036-01-01,Polomolok,1206312000,56.632000,1.000000,181.425000,0.327652,0.468000,7,16,0,0,10,0,0,10,1,10,1,0,3.416024,7.415589,23,23
2036-01-01,Santo Niño,1206318000,12.216000,0.000000,42.775000,0.176400,0.316000,9,1,0,0,0,0,0,0,0,0,0,0,-0.179067,0.137921,10,10
2036-01-01,Surallah,1206313000,38.436000,0.000000,122.100000,0.163765,0.208000,17,0,0,0,6,0,0,6,1,8,1,0,2.235240,3.122439,17,17
2036-01-01,T'Boli,1206316000,32.412000,0.000000,114.650000,0.305760,0.396000,12,13,0,0,0,0,0,0,0,0,0,0,0.060449,1.423684,25,25
2036-01-01,Tampakan,1206314000,19.328000,0.000000,69.550000,0.210857,0.356000,13,1,0,0,0,0,0,0,0,1,0,0,-0.020753,0.603671,14,14
2036-01-01,Tantangan,1206315000,4.596000,0.000000,27.550000,0.089846,0.204000,13,0,0,0,0,0,0,0,0,0,0,0,-2.361077,-1.544731,13,13
2036-01-01,Tupi,1206317000,17.100000,0.000000,60.550000,0.022667,0.120000,15,0,0,0,0,0,0,0,0,1,0,0,0.022780,2.018890,15,15
2036-02-01,Banga,1206302000,30.660000,0.000000,106.550000,0.212909,0.308000,20,2,0,0,0,0,0,0,0,0,0,0,0.216532,1.977964,22,22
2036-02-01,City of Koronadal,1206306000,9.184000,0.000000,54.100000,0.066963,0.164000,27,0,0,0,0,0,0,0,0,0,0,0,-2.834936,-1.464811,27,27
2036-02-01,Lake Sebu,1206319000,21.964000,0.000000,84.200000,0.282526,0.372000,11,8,0,0,0,0,0,0,0,0,0,0,-0.169554,2.013097,19,19
2036-02-01,Norala,1206311000,16.368000,0.000000,60.775000,0.122286,0.204000,14,0,0,0,0,0,0,0,0,0,0,0,-0.501809,-0.118643,14,14
2036-02-01,Polomolok,1206312000,57.920000,0.000000,180.650000,0.349043,0.448000,5,18,0,0,10,0,0,10,1,10,0,0,3.545838,7.276569,23,23
2036-02-01,Santo Niño,1206318000,12.332000,0.000000,46.100000,0.172800,0.336000,9,1,0,0,0,0,0,0,0,0,0,0,-0.201225,0.037443,10,10
2036-02-01,Surallah,1206313000,38.584000,0.000000,120.550000,0.169647,0.284000,17,0,0,0,6,0,0,6,1,8,1,0,2.193149,2.907706,17,17
2036-02-01,T'Boli,1206316000,32.904000,0.000000,116.325000,0.312640,0.412000,10,15,0,0,0,0,0,0,0,1,0,0,0.099153,1.647908,25,25
2036-02-01,Tampakan,1206314000,19.236000,0.000000,67.550000,0.216286,0.308000,11,3,0,0,0,0,0,0,0,0,0,0,-0.075098,0.575494,14,14
2036-02-01,Tantangan,1206315000,4.308000,0.000000,27.775000,0.081538,0.152000,13,0,0,0,0,0,0,0,0,0,0,0,-2.525883,-1.842707,13,13
2036-02-01,Tupi,1206317000,17.104000,0.000000,64.325000,0.028533,0.124000,15,0,0,0,0,0,0,0,0,1,0,0,-0.009766,2.082740,15,15
2036-03-01,Banga,1206302000,31.412000,0.000000,111.100000,0.218545,0.340000,19,3,0,0,0,0,0,0,0,0,0,0,0.328900,2.206482,22,22
2036-03-01,City of Koronadal,1206306000,9.172000,0.000000,55.550000,0.068444,0.148000,27,0,0,0,0,0,0,0,0,0,0,0,-2.815290,-1.422766,27,27
2036-03-01,Lake Sebu,1206319000,22.000000,0.000000,82.550000,0.275368,0.376000,12,7,0,0,0,0,0,0,0,0,0,0,-0.171573,1.733261,19,19
2036-03-01,Norala,1206311000,16.652000,0.000000,63.325000,0.130571,0.180000,14,0,0,0,0,0,0,0,0,0,0,0,-0.392424,0.028189,14,14
2036-03-01,Polomolok,1206312000,57.396000,1.000000,176.200000,0.339478,0.480000,7,16,0,0,10,0,0,10,1,10,0,0,3.512343,7.420913,23,23
2036-03-01,Santo Niño,1206318000,13.072000,0.000000,48.550000,0.184400,0.316000,9,1,0,0,0,0,0,0,0,0,0,0,-0.005014,0.129205,10,10
2036-03-01,Surallah,1206313000,38.052000,0.000000,124.100000,0.165647,0.236000,17,0,0,0,0,0,0,0,0,6,0,0,2.150691,2.971852,17,17
2036-03-01,T'Boli,1206316000,32.300000,0.000000,116.325000,0.297120,0.436000,11,14,0,0,0,0,0,0,0,0,0,0,0.016554,1.167916,25,25
2036-03-01,Tampakan,1206314000,19.140000,0.000000,68.775000,0.216571,0.308000,13,1,0,0,0,0,0,0,0,0,0,0,-0.079738,0.419734,14,14
2036-03-01,Tantangan,1206315000,4.576000,0.000000,27.000000,0.086769,0.168000,13,0,0,0,0,0,0,0,0,0,0,0,-2.447397,-1.671374,13,13
2036-03-01,Tupi,1206317000,16.676000,0.000000,63.100000,0.026667,0.144000,15,0,0,0,0,0,0,0,0,1,0,0,-0.034573,2.132740,15,15
2036-04-01,Banga,1206302000,31.120000,0.000000,109.325000,0.211636,0.344000,20,2,0,0,0,0,0,0,0,0,0,0,0.266651,2.070337,22,22
2036-04-01,City of Koronadal,1206306000,9.312000,0.000000,54.550000,0.067259,0.136000,27,0,0,0,0,0,0,0,0,0,0,0,-2.796652,-1.467432,27,27
2036-04-01,Lake Sebu,1206319000,21.988000,0.000000,81.325000,0.285263,0.368000,9,10,0,0,0,0,0,0,0,0,0,0,-0.176895,2.190177,19,19
2036-04-01,Norala,1206311000,16.860000,0.000000,62.550000,0.136571,0.184000,14,0,0,0,0,0,0,0,0,0,0,0,-0.341816,0.027894,14,14
2036-04-01,Polomolok,1206312000,56.380000,0.000000,181.875000,0.325391,0.520000,9,14,0,0,10,0,0,10,1,10,0,0,3.363466,7.200493,23,23
2036-04-01,Santo Niño,1206318000,12.728000,0.000000,45.000000,0.186400,0.284000,10,0,0,0,0,0,0,0,0,0,0,0,-0.107265,0.038467,10,10
2036-04-01,Surallah,1206313000,39.640000,0.000000,123.325000,0.183294,0.268000,17,0,0,0,9,0,0,9,1,11,9,0,2.345848,3.049718,17,17
2036-04-01,T'Boli,1206316000,32.152000,0.000000,114.325000,0.296160,0.392000,14,11,0,0,0,0,0,0,0,0,0,0,0.005986,1.350859,25,25
2036-04-01,Tampakan,1206314000,18.488000,0.000000,65.775000,0.196857,0.348000,13,1,0,0,0,0,0,0,0,0,0,0,-0.200351,0.291005,14,14
2036-04-01,Tantangan,1206315000,4.876000,0.000000,28.775000,0.089231,0.160000,13,0,0,0,0,0,0,0,0,0,0,0,-2.344910,-1.619221,13,13
2036-04-01,Tupi,1206317000,17.856000,0.000000,69.100000,0.025067,0.136000,15,0,0,0,0,0,0,0,0,1,0,0,0.097569,2.229849,15,15
2036-05-01,Banga,1206302000,31.160000,0.000000,110.775000,0.223273,0.372000,20,2,0,0,0,0,0,0,0,0,0,0,0.330221,2.313981,22,22
2036-05-01,City of Koronadal,1206306000,9.180000,0.000000,54.325000,0.069926,0.124000,27,0,0,0,0,0,0,0,0,0,0,0,-2.767508,-1.354898,27,27
2036-05-01,Lake Sebu,1206319000,21.500000,0.000000,82.000000,0.277263,0.384000,9,10,0,0,0,0,0,0,0,0,0,0,-0.178142,1.940891,19,19
2036-05-01,Norala,1206311000,16.264000,0.000000,60.325000,0.126857,0.184000,14,0,0,0,0,0,0,0,0,0,0,0,-0.427151,0.016424,14,14
2036-05-01,Polomolok,1206312000,57.896000,0.000000,179.875000,0.342783,0.488000,8,15,0,0,9,0,0,9,1,9,0,0,3.516299,7.232586,23,23
2036-05-01,Santo Niño,1206318000,12.700000,0.000000,42.000000,0.175600,0.296000,10,0,0,0,0,0,0,0,0,0,0,0,-0.086117,0.262885,10,10
2036-05-01,Surallah,1206313000,40.120000,0.000000,125.325000,0.178824,0.240000,17,0,0,0,5,0,0,5,1,6,0,0,2.461572,3.501303,17,17
2036-05-01,T'Boli,1206316000,31.704000,0.000000,116.100000,0.292800,0.372000,12,13,0,0,0,0,0,0,0,0,0,0,-0.049876,1.445413,25,25
2036-05-01,Tampakan,1206314000,17.540000,0.000000,63.550000,0.189714,0.332000,12,2,0,0,0,0,0,0,0,0,0,0,-0.357211,0.114046,14,14
2036-05-01,Tantangan,1206315000,4.704000,0.000000,28.000000,0.087692,0.160000,13,0,0,0,0,0,0,0,0,0,0,0,-2.352817,-1.604198,13,13
2036-05-01,Tupi,1206317000,17.204000,0.000000,66.775000,0.023467,0.128000,15,0,0,0,0,0,0,0,0,1,0,0,0.036165,2.193102,15,15
2036-06-01,Banga,1206302000,31.772000,0.000000,111.775000,0.230364,0.352000,19,3,0,0,0,0,0,0,0,0,0,0,0.311118,2.146960,22,22
2036-06-01,City of Koronadal,1206306000,9.008000,0.000000,52.100000,0.062222,0.140000,27,0,0,0,0,0,0,0,0,0,0,0,-2.794808,-1.530753,27,27
2036-06-01,Lake Sebu,1206319000,22.300000,0.000000,81.325000,0.281474,0.396000,12,7,0,0,0,0,0,0,0,1,0,0,-0.148206,2.161761,19,19
2036-06-01,Norala,1206311000,16.352000,0.000000,58.100000,0.119429,0.172000,14,0,0,0,0,0,0,0,0,0,0,0,-0.443366,0.058281,14,14
2036-06-01,Polomolok,1206312000,58.808000,1.000000,188.850000,0.344522,0.456000,5,18,0,0,8,0,0,8,1,9,1,0,3.547529,7.130276,23,23
2036-06-01,Santo Niño,1206318000,12.376000,0.000000,44.000000,0.169600,0.264000,10,0,0,0,0,0,0,0,0,0,0,0,-0.192400,0.146579,10,10
2036-06-01,Surallah,1206313000,40.308000,0.000000,123.325000,0.180941,0.232000,17,0,0,0,5,0,0,5,1,6,0,0,2.418010,3.473534,17,17
2036-06-01,T'Boli,1206316000,32.252000,0.000000,115.325000,0.302560,0.380000,11,14,0,0,0,0,0,0,0,0,0,0,0.007966,1.467833,25,25
2036-06-01,Tampakan,1206314000,17.956000,0.000000,64.550000,0.195429,0.288000,14,0,0,0,0,0,0,0,0,0,0,0,-0.357482,0.367045,14,14
2036-06-01,Tantangan,1206315000,4.552000,0.000000,24.775000,0.080615,0.144000,13,0,0,0,0,0,0,0,0,0,0,0,-2.355824,-1.644985,13,13
2036-06-01,Tupi,1206317000,16.704000,0.000000,61.775000,0.025600,0.164000,15,0,0,0,0,0,0,0,0,1,0,0,-0.050716,2.266808,15,15
2036-07-01,Banga,1206302000,31.512000,0.000000,109.100000,0.221636,0.312000,20,2,0,0,0,0,0,0,0,0,0,0,0.292557,2.250108,22,22
2036-07-01,City of Koronadal,1206306000,9.040000,0.000000,55.875000,0.065037,0.132000,27,0,0,0,0,0,0,0,0,0,0,0,-2.785288,-1.479546,27,27
2036-07-01,Lake Sebu,1206319000,22.048000,0.000000,80.875000,0.284000,0.376000,10,9,0,0,0,0,0,0,0,0,0,0,-0.159426,2.029760,19,19
2036-07-01,Norala,1206311000,16.272000,0.000000,60.100000,0.127429,0.180000,14,0,0,0,0,0,0,0,0,0,0,0,-0.499949,0.015643,14,14
2036-07-01,Polomolok,1206312000,59.332000,1.000000,182.650000,0.352870,0.488000,6,17,0,0,7,0,0,7,1,8,0,0,3.560990,7.408445,23,23
2036-07-01,Santo Niño,1206318000,12.744000,0.000000,45.000000,0.179200,0.264000,10,0,0,0,0,0,0,0,0,0,0,0,-0.081746,0.150209,10,10
2036-07-01,Surallah,1206313000,41.252000,0.000000,131.325000,0.188471,0.256000,17,0,0,0,6,0,0,6,1,7,1,0,2.434123,3.436347,17,17
2036-07-01,T'Boli,1206316000,31.788000,0.000000,116.100000,0.290080,0.396000,11,14,0,0,0,0,0,0,0,0,0,0,-0.049681,1.540659,25,25
2036-07-01,Tampakan,1206314000,17.604000,0.000000,63.775000,0.189714,0.308000,12,2,0,0,0,0,0,0,0,0,0,0,-0.402046,0.253275,14,14
2036-07-01,Tantangan,1206315000,4.756000,0.000000,25.550000,0.089846,0.148000,13,0,0,0,0,0,0,0,0,0,0,0,-2.368238,-1.692985,13,13
2036-07-01,Tupi,1206317000,17.684000,0.000000,66.100000,0.022933,0.112000,15,0,0,0,0,0,0,0,0,1,0,0,0.005963,2.233186,15,15
2036-08-01,Banga,1206302000,31.872000,0.000000,116.650000,0.220000,0.324000,20,2,0,0,0,0,0,0,0,0,0,0,0.372827,2.277851,22,22
2036-08-01,City of Koronadal,1206306000,9.388000,0.000000,53.775000,0.066074,0.124000,27,0,0,0,0,0,0,0,0,0,0,0,-2.820999,-1.517501,27,27
2036-08-01,Lake Sebu,1206319000,22.636000,0.000000,87.425000,0.288632,0.356000,8,11,0,0,0,0,0,0,0,0,0,0,-0.090970,2.183525,19,19
2036-08-01,Norala,1206311000,16.592000,0.000000,60.000000,0.130286,0.180000,14,0,0,0,0,0,0,0,0,0,0,0,-0.415994,0.064627,14,14
2036-08-01,Polomolok,1206312000,58.192000,1.000000,179.975000,0.341739,0.476000,6,17,0,0,7,0,0,7,1,8,0,0,3.441358,7.189265,23,23
2036-08-01,Santo Niño,1206318000,12.968000,0.000000,48.550000,0.192000,0.312000,9,1,0,0,0,0,0,0,0,0,0,0,-0.054923,0.269813,10,10
2036-08-01,Surallah,1206313000,42.020000,0.000000,128.325000,0.198588,0.260000,17,0,0,0,7,0,0,7,1,9,1,0,2.611299,3.585115,17,17
2036-08-01,T'Boli,1206316000,31.812000,0.000000,116.325000,0.296160,0.412000,9,16,0,0,0,0,0,0,0,0,0,0,-0.049955,1.437081,25,25
2036-08-01,Tampakan,1206314000,16.820000,0.000000,65.325000,0.177429,0.276000,14,0,0,0,0,0,0,0,0,0,0,0,-0.565774,-0.027375,14,14
2036-08-01,Tantangan,1206315000,4.800000,0.000000,27.000000,0.085846,0.132000,13,0,0,0,0,0,0,0,0,0,0,0,-2.381500,-1.701778,13,13
2036-08-01,Tupi,1206317000,17.644000,0.000000,68.875000,0.029333,0.156000,15,0,0,0,0,0,0,0,0,1,0,0,-0.018373,2.055814,15,15
2036-09-01,Banga,1206302000,31.576000,0.000000,110.875000,0.227091,0.340000,18,4,0,0,0,0,0,0,0,0,0,0,0.331590,2.470291,22,22
2036-09-01,City of Koronadal,1206306000,8.972000,0.000000,54.100000,0.065333,0.120000,27,0,0,0,0,0,0,0,0,0,0,0,-2.843542,-1.376682,27,27
2036-09-01,Lake Sebu,1206319000,22.196000,0.000000,83.325000,0.284842,0.380000,11,8,0,0,0,0,0,0,0,1,0,0,-0.148407,2.321562,19,19
2036-09-01,Norala,1206311000,16.936000,0.000000,63.325000,0.129429,0.192000,14,0,0,0,0,0,0,0,0,0,0,0,-0.367665,0.093426,14,14
2036-09-01,Polomolok,1206312000,59.016000,0.000000,182.100000,0.360000,0.480000,4,19,0,0,10,0,0,10,1,10,3,0,3.570518,7.064925,23,23
2036-09-01,Santo Niño,1206318000,12.744000,0.000000,48.550000,0.183600,0.264000,10,0,0,0,0,0,0,0,0,0,0,0,-0.086414,0.110528,10,10
2036-09-01,Surallah,1206313000,42.032000,0.000000,129.325000,0.206824,0.264000,17,0,0,0,9,0,0,9,1,9,3,0,2.650550,3.739635,17,17
2036-09-01,T'Boli,1206316000,30.896000,0.000000,109.325000,0.282400,0.384000,14,11,0,0,0,0,0,0,0,0,0,0,-0.137528,1.636639,25,25
2036-09-01,Tampakan,1206314000,16.680000,0.000000,59.550000,0.180000,0.304000,13,1,0,0,0,0,0,0,0,0,0,0,-0.570891,-0.051434,14,14
2036-09-01,Tantangan,1206315000,4.772000,0.000000,25.775000,0.086154,0.184000,13,0,0,0,0,0,0,0,0,0,0,0,-2.360217,-1.536661,13,13
2036-09-01,Tupi,1206317000,17.376000,0.000000,61.550000,0.025333,0.116000,15,0,0,0,0,0,0,0,0,1,0,0,-0.000306,2.280819,15,15
2036-10-01,Banga,1206302000,32.024000,0.000000,112.325000,0.229273,0.352000,19,3,0,0,0,0,0,0,0,0,0,0,0.410937,2.439091,22,22
2036-10-01,City of Koronadal,1206306000,8.940000,0.000000,55.875000,0.064148,0.180000,27,0,0,0,0,0,0,0,0,0,0,0,-2.809491,-1.400263,27,27
2036-10-01,Lake Sebu,1206319000,21.876000,0.000000,84.875000,0.278316,0.376000,10,9,0,0,0,0,0,0,0,0,0,0,-0.155688,2.081471,19,19
2036-10-01,Norala,1206311000,16.832000,0.000000,63.325000,0.134571,0.184000,14,0,0,0,0,0,0,0,0,0,0,0,-0.369562,0.146135,14,14
2036-10-01,Polomolok,1206312000,59.016000,1.000000,179.875000,0.350435,0.464000,8,15,0,0,10,0,0,10,1,10,0,0,3.525990,7.096374,23,23
2036-10-01,Santo Niño,1206318000,12.980000,0.000000,46.775000,0.198400,0.320000,9,1,0,0,0,0,0,0,0,0,0,0,-0.027999,0.156546,10,10
2036-10-01,Surallah,1206313000,42.180000,0.000000,136.325000,0.196235,0.280000,17,0,0,0,9,0,0,9,1,11,3,0,2.608824,3.622722,17,17
2036-10-01,T'Boli,1206316000,30.392000,0.000000,111.325000,0.285280,0.360000,13,12,0,0,0,0,0,0,0,0,0,0,-0.207439,1.509007,25,25
2036-10-01,Tampakan,1206314000,16.492000,0.000000,60.550000,0.174857,0.292000,14,0,0,0,0,0,0,0,0,0,0,0,-0.590329,0.026848,14,14
2036-10-01,Tantangan,1206315000,4.472000,0.000000,25.550000,0.081538,0.208000,13,0,0,0,0,0,0,0,0,0,0,0,-2.377722,-1.638036,13,13
2036-10-01,Tupi,1206317000,17.520000,0.000000,64.325000,0.025600,0.104000,15,0,0,0,0,0,0,0,0,1,0,0,0.003392,2.095876,15,15
2036-11-01,Banga,1206302000,31.872000,0.000000,110.550000,0.226545,0.352000,19,3,0,0,0,0,0,0,0,0,0,0,0.359900,2.459203,22,22
2036-11-01,City of Koronadal,1206306000,8.800000,0.000000,54.325000,0.061037,0.128000,27,0,0,0,0,0,0,0,0,0,0,0,-2.760134,-1.548565,27,27
2036-11-01,Lake Sebu,1206319000,21.740000,0.000000,81.325000,0.277474,0.384000,11,8,0,0,0,0,0,0,0,0,0,0,-0.184639,1.985898,19,19
2036-11-01,Norala,1206311000,17.156000,0.000000,60.775000,0.139714,0.188000,14,0,0,0,0,0,0,0,0,0,0,0,-0.300605,0.217500,14,14
2036-11-01,Polomolok,1206312000,59.112000,1.000000,182.325000,0.346087,0.460000,5,18,0,0,9,0,0,9,1,9,0,0,3.467123,7.169475,23,23
2036-11-01,Santo Niño,1206318000,13.176000,0.000000,48.875000,0.187200,0.264000,10,0,0,0,0,0,0,0,0,0,0,0,0.043631,0.297100,10,10
2036-11-01,Surallah,1206313000,42.132000,0.000000,132.100000,0.200941,0.280000,17,0,0,0,10,0,0,10,1,10,3,0,2.579999,3.566321,17,17
2036-11-01,T'Boli,1206316000,30.504000,0.000000,110.550000,0.276800,0.388000,16,9,0,0,0,0,0,0,0,0,0,0,-0.176422,1.406438,25,25
2036-11-01,Tampakan,1206314000,15.684000,0.000000,58.550000,0.166286,0.288000,14,0,0,0,0,0,0,0,0,0,0,0,-0.723539,-0.196724,14,14
2036-11-01,Tantangan,1206315000,4.592000,0.000000,26.775000,0.088000,0.168000,13,0,0,0,0,0,0,0,0,0,0,0,-2.284378,-1.439556,13,13
2036-11-01,Tupi,1206317000,16.760000,0.000000,61.775000,0.025333,0.148000,15,0,0,0,0,0,0,0,0,1,0,0,-0.115585,2.003645,15,15
2036-12-01,Banga,1206302000,31.496000,0.000000,108.550000,0.224909,0.320000,19,3,0,0,0,0,0,0,0,0,0,0,0.338377,2.632760,22,22
2036-12-01,City of Koronadal,1206306000,9.196000,0.000000,58.100000,0.066370,0.128000,27,0,0,0,0,0,0,0,0,0,0,0,-2.677386,-1.413579,27,27
2036-12-01,Lake Sebu,1206319000,21.032000,0.000000,81.550000,0.268000,0.372000,12,7,0,0,0,0,0,0,0,0,0,0,-0.342393,1.962903,19,19
2036-12-01,Norala,1206311000,16.544000,0.000000,61.775000,0.138000,0.192000,14,0,0,0,0,0,0,0,0,0,0,0,-0.417889,0.187997,14,14
2036-12-01,Polomolok,1206312000,59.712000,1.000000,189.425000,0.348174,0.460000,6,17,0,0,6,0,0,6,1,7,0,0,3.418374,7.226534,23,23
2036-12-01,Santo Niño,1206318000,13.512000,0.000000,51.100000,0.198000,0.296000,10,0,0,0,0,0,0,0,0,0,0,0,0.110020,0.316469,10,10
2036-12-01,Surallah,1206313000,43.440000,0.000000,135.875000,0.211059,0.304000,16,1,0,0,6,0,0,6,2,8,1,0,2.563857,3.668964,17,17
2036-12-01,T'Boli,1206316000,30.600000,0.000000,110.650000,0.283840,0.368000,15,10,0,0,0,0,0,0,0,0,0,0,-0.161459,1.236762,25,25
2036-12-01,Tampakan,1206314000,16.504000,0.000000,61.775000,0.171143,0.300000,13,1,0,0,0,0,0,0,0,0,0,0,-0.581439,-0.064353,14,14
2036-12-01,Tantangan,1206315000,4.500000,0.000000,26.775000,0.084923,0.188000,13,0,0,0,0,0,0,0,0,0,0,0,-2.247839,-1.480186,13,13
2036-12-01,Tupi,1206317000,17.928000,0.000000,66.550000,0.022133,0.092000,15,0,0,0,0,0,0,0,0,1,0,0,0.061843,2.109689,15,15
2037-01-01,Banga,1206302000,30.400000,0.000000,106.775000,0.212545,0.332000,20,2,0,0,0,0,0,0,0,0,0,0,0.244568,2.123877,22,22
2037-01-01,City of Koronadal,1206306000,8.872000,0.000000,56.100000,0.064889,0.152000,27,0,0,0,0,0,0,0,0,0,0,0,-2.826971,-1.532263,27,27
2037-01-01,Lake Sebu,1206319000,21.860000,0.000000,83.875000,0.273053,0.360000,8,11,0,0,0,0,0,0,0,0,0,0,-0.219217,1.734276,19,19
2037-01-01,Norala,1206311000,16.228000,0.000000,61.550000,0.122571,0.164000,14,0,0,0,0,0,0,0,0,0,0,0,-0.427337,0.065095,14,14
2037-01-01,Polomolok,1206312000,58.612000,0.225000,182.650000,0.346087,0.456000,5,18,0,0,9,0,0,9,1,9,3,0,3.701376,7.489905,23,23
2037-01-01,Santo Niño,1206318000,11.976000,0.000000,45.325000,0.160000,0.228000,10,0,0,0,0,0,0,0,0,0,0,0,-0.240812,-0.067907,10,10
2037-01-01,Surallah,1206313000,38.032000,0.000000,120.100000,0.170353,0.232000,17,0,0,0,0,0,0,0,0,4,0,0,2.200065,3.015546,17,17
2037-01-01,T'Boli,1206316000,32.220000,0.000000,113.550000,0.300160,0.396000,11,14,0,0,0,0,0,0,0,0,0,0,0.073608,1.686891,25,25
2037-01-01,Tampakan,1206314000,18.204000,0.000000,63.550000,0.196857,0.328000,13,1,0,0,0,0,0,0,0,0,0,0,-0.245602,0.486458,14,14
2037-01-01,Tantangan,1206315000,4.548000,0.000000,28.000000,0.089538,0.180000,13,0,0,0,0,0,0,0,0,0,0,0,-2.397469,-1.720970,13,13
2037-01-01,Tupi,1206317000,17.740000,0.000000,66.000000,0.026667,0.104000,15,0,0,0,0,0,0,0,0,1,0,0,0.115549,2.321237,15,15
2037-02-01,Banga,1206302000,30.920000,0.000000,112.100000,0.215091,0.364000,20,2,0,0,0,0,0,0,0,0,0,0,0.288873,2.140035,22,22
2037-02-01,City of Koronadal,1206306000,9.088000,0.000000,54.325000,0.065630,0.120000,27,0,0,0,0,0,0,0,0,0,0,0,-2.810951,-1.376749,27,27
2037-02-01,Lake Sebu,1206319000,22.096000,0.000000,83.100000,0.278105,0.352000,9,10,0,0,0,0,0,0,0,1,0,0,-0.199052,1.659671,19,19
2037-02-01,Norala,1206311000,16.212000,0.000000,58.775000,0.125143,0.180000,14,0,0,0,0,0,0,0,0,0,0,0,-0.466921,0.048989,14,14
2037-02-01,Polomolok,1206312000,57.124000,0.225000,177.200000,0.338087,0.424000,6,17,0,0,12,0,0,12,1,12,3,0,3.542834,7.247116,23,23
2037-02-01,Santo Niño,1206318000,12.172000,0.000000,45.000000,0.174400,0.292000,10,0,0,0,0,0,0,0,0,0,0,0,-0.120985,0.236446,10,10
2037-02-01,Surallah,1206313000,37.396000,0.000000,121.550000,0.167059,0.224000,17,0,0,0,0,0,0,0,0,5,0,0,2.140308,3.056986,17,17
2037-02-01,T'Boli,1206316000,32.440000,0.000000,116.325000,0.302720,0.396000,9,16,0,0,0,0,0,0,0,0,0,0,0.123228,1.530770,25,25
2037-02-01,Tampakan,1206314000,19.456000,0.000000,66.775000,0.219429,0.372000,11,3,0,0,0,0,0,0,0,1,0,0,-0.033876,0.712503,14,14
2037-02-01,Tantangan,1206315000,4.436000,0.000000,26.775000,0.081538,0.176000,13,0,0,0,0,0,0,0,0,0,0,0,-2.429490,-1.728507,13,13
2037-02-01,Tupi,1206317000,16.496000,0.000000,62.775000,0.025067,0.160000,15,0,0,0,0,0,0,0,0,1,0,0,-0.092427,2.081928,15,15
2037-03-01,Banga,1206302000,30.540000,0.000000,109.425000,0.211818,0.324000,20,2,0,0,0,0,0,0,0,0,0,0,0.215197,2.010950,22,22
2037-03-01,City of Koronadal,1206306000,8.992000,0.000000,56.550000,0.064148,0.124000,27,0,0,0,0,0,0,0,0,0,0,0,-2.776123,-1.455190,27,27
2037-03-01,Lake Sebu,1206319000,22.268000,0.000000,88.100000,0.269684,0.380000,14,5,0,0,0,0,0,0,0,1,0,0,-0.145711,1.838276,19,19
2037-03-01,Norala,1206311000,17.104000,0.000000,62.000000,0.136571,0.216000,14,0,0,0,0,0,0,0,0,0,0,0,-0.329978,0.205736,14,14
2037-03-01,Polomolok,1206312000,57.496000,0.000000,187.325000,0.326957,0.424000,9,14,0,0,9,0,0,9,1,9,0,0,3.488604,7.308634,23,23
2037-03-01,Santo Niño,1206318000,11.840000,0.000000,44.100000,0.159600,0.272000,10,0,0,0,0,0,0,0,0,0,0,0,-0.223155,0.010626,10,10
2037-03-01,Surallah,1206313000,37.944000,0.000000,120.325000,0.171294,0.216000,17,0,0,0,0,0,0,0,0,5,0,0,2.102815,2.930421,17,17
2037-03-01,T'Boli,1206316000,31.952000,0.000000,114.550000,0.298240,0.408000,10,15,0,0,0,0,0,0,0,0,0,0,0.031727,1.488132,25,25
2037-03-01,Tampakan,1206314000,19.668000,0.000000,71.650000,0.218857,0.328000,12,2,0,0,0,0,0,0,0,0,0,0,-0.009575,0.618114,14,14
2037-03-01,Tantangan,1206315000,4.548000,0.000000,25.775000,0.084923,0.176000,13,0,0,0,0,0,0,0,0,0,0,0,-2.381218,-1.634856,13,13
2037-03-01,Tupi,1206317000,17.176000,0.000000,64.550000,0.022933,0.124000,15,0,0,0,0,0,0,0,0,1,0,0,0.027919,2.057985,15,15
2037-04-01,Banga,1206302000,30.564000,0.000000,111.650000,0.211455,0.296000,22,0,0,0,0,0,0,0,0,0,0,0,0.250839,2.223314,22,22
2037-04-01,City of Koronadal,1206306000,9.240000,0.000000,55.875000,0.071111,0.156000,27,0,0,0,0,0,0,0,0,0,0,0,-2.767968,-1.332211,27,27
2037-04-01,Lake Sebu,1206319000,22.064000,0.000000,82.550000,0.277053,0.344000,10,9,0,0,0,0,0,0,0,0,0,0,-0.185191,1.749506,19,19
2037-04-01,Norala,1206311000,16.860000,0.000000,62.775000,0.133714,0.176000,14,0,0,0,0,0,0,0,0,0,0,0,-0.313490,0.088560,14,14
2037-04-01,Polomolok,1206312000,57.684000,1.000000,180.550000,0.333913,0.432000,7,16,0,0,7,0,0,7,1,8,1,0,3.454501,7.325913,23,23
2037-04-01,Santo Niño,1206318000,12.504000,0.000000,43.775000,0.168000,0.264000,10,0,0,0,0,0,0,0,0,0,0,0,-0.145587,0.065935,10,10
2037-04-01,Surallah,1206313000,38.672000,0.000000,128.200000,0.168941,0.232000,17,0,0,0,0,0,0,0,0,4,0,0,2.228901,3.375836,17,17
2037-04-01,T'Boli,1206316000,32.180000,0.000000,116.100000,0.299520,0.384000,11,14,0,0,0,0,0,0,0,0,0,0,0.016919,1.497503,25,25
2037-04-01,Tampakan,1206314000,18.468000,0.000000,67.325000,0.210571,0.328000,11,3,0,0,0,0,0,0,0,0,0,0,-0.215750,0.458810,14,14
2037-04-01,Tantangan,1206315000,4.624000,0.000000,26.000000,0.085231,0.160000,13,0,0,0,0,0,0,0,0,0,0,0,-2.351110,-1.495396,13,13
2037-04-01,Tupi,1206317000,17.328000,0.000000,64.550000,0.024533,0.112000,15,0,0,0,0,0,0,0,0,1,0,0,0.023303,2.081085,15,15
2037-05-01,Banga,1206302000,30.680000,0.000000,108.100000,0.217636,0.348000,18,4,0,0,0,0,0,0,0,0,0,0,0.240744,2.085288,22,22
2037-05-01,City of Koronadal,1206306000,8.980000,0.000000,53.650000,0.065778,0.172000,27,0,0,0,0,0,0,0,0,0,0,0,-2.745400,-1.383212,27,27
2037-05-01,Lake Sebu,1206319000,21.908000,0.000000,83.325000,0.276421,0.372000,12,7,0,0,0,0,0,0,0,1,0,0,-0.165897,2.021378,19,19
2037-05-01,Norala,1206311000,16.584000,0.000000,61.550000,0.130571,0.160000,14,0,0,0,0,0,0,0,0,0,0,0,-0.350774,0.103661,14,14
2037-05-01,Polomolok,1206312000,58.736000,0.000000,190.750000,0.334609,0.452000,5,18,0,0,10,0,0,10,1,10,3,0,3.553338,7.438614,23,23
2037-05-01,Santo Niño,1206318000,12.200000,0.000000,45.100000,0.176000,0.300000,9,1,0,0,0,0,0,0,0,0,0,0,-0.227485,0.099605,10,10
2037-05-01,Surallah,1206313000,39.608000,0.000000,126.100000,0.177882,0.256000,17,0,0,0,0,0,0,0,0,7,0,0,2.281532,3.107748,17,17
2037-05-01,T'Boli,1206316000,32.052000,0.000000,115.875000,0.299200,0.392000,7,18,0,0,0,0,0,0,0,0,0,0,0.004317,1.481682,25,25
2037-05-01,Tampakan,1206314000,18.084000,0.000000,66.550000,0.198857,0.336000,13,1,0,0,0,0,0,0,0,0,0,0,-0.256436,0.402533,14,14
2037-05-01,Tantangan,1206315000,4.548000,0.000000,27.550000,0.083077,0.160000,13,0,0,0,0,0,0,0,0,0,0,0,-2.332841,-1.620604,13,13
2037-05-01,Tupi,1206317000,16.976000,0.000000,65.100000,0.023733,0.124000,15,0,0,0,0,0,0,0,0,1,0,0,-0.063054,1.985696,15,15
2037-06-01,Banga,1206302000,31.672000,0.000000,107.325000,0.220364,0.344000,19,3,0,0,0,0,0,0,0,0,0,0,0.320439,2.419894,22,22
2037-06-01,City of Koronadal,1206306000,8.708000,0.000000,56.100000,0.062519,0.104000,27,0,0,0,0,0,0,0,0,0,0,0,-2.799971,-1.482042,27,27
2037-06-01,Lake Sebu,1206319000,22.272000,0.000000,82.550000,0.285263,0.400000,10,9,0,0,0,0,0,0,0,1,0,0,-0.155726,1.975913,19,19
2037-06-01,Norala,1206311000,16.644000,0.000000,62.875000,0.132286,0.172000,14,0,0,0,0,0,0,0,0,0,0,0,-0.393987,0.058052,14,14
2037-06-01,Polomolok,1206312000,58.856000,0.000000,184.875000,0.346087,0.468000,8,15,0,0,10,0,0,10,1,10,0,0,3.528419,7.326650,23,23
2037-06-01,Santo Niño,1206318000,12.616000,0.000000,47.775000,0.170000,0.300000,9,1,0,0,0,0,0,0,0,0,0,0,-0.098534,0.207647,10,10
2037-06-01,Surallah,1206313000,40.196000,0.000000,124.325000,0.180000,0.232000,17,0,0,0,0,0,0,0,0,7,0,0,2.356806,3.236486,17,17
2037-06-01,T'Boli,1206316000,31.740000,0.000000,115.875000,0.291200,0.372000,13,12,0,0,0,0,0,0,0,0,0,0,-0.048700,1.257826,25,25
2037-06-01,Tampakan,1206314000,18.052000,0.000000,65.325000,0.198857,0.320000,11,3,0,0,0,0,0,0,0,0,0,0,-0.318627,0.323601,14,14
2037-06-01,Tantangan,1206315000,4.548000,0.000000,29.550000,0.083385,0.152000,13,0,0,0,0,0,0,0,0,0,0,0,-2.382644,-1.602773,13,13
2037-06-01,Tupi,1206317000,17.192000,0.000000,63.550000,0.025600,0.148000,15,0,0,0,0,0,0,0,0,1,0,0,-0.049170,2.231585,15,15
2037-07-01,Banga,1206302000,31.136000,0.000000,110.325000,0.218727,0.304000,21,1,0,0,0,0,0,0,0,0,0,0,0.319606,2.519481,22,22
2037-07-01,City of Koronadal,1206306000,9.104000,0.000000,56.325000,0.065037,0.128000,27,0,0,0,0,0,0,0,0,0,0,0,-2.809898,-1.435022,27,27
2037-07-01,Lake Sebu,1206319000,21.604000,0.000000,83.775000,0.268000,0.372000,12,7,0,0,0,0,0,0,0,0,0,0,-0.220807,1.882057,19,19
2037-07-01,Norala,1206311000,16.572000,0.000000,62.100000,0.129714,0.172000,14,0,0,0,0,0,0,0,0,0,0,0,-0.372487,0.151279,14,14
2037-07-01,Polomolok,1206312000,57.956000,0.000000,176.875000,0.339304,0.512000,7,16,0,0,7,0,0,7,1,8,0,0,3.478031,6.934985,23,23
2037-07-01,Santo Niño,1206318000,12.852000,0.000000,47.000000,0.188800,0.316000,9,1,0,0,0,0,0,0,0,0,0,0,-0.065169,0.247376,10,10
2037-07-01,Surallah,1206313000,41.308000,0.000000,131.325000,0.195059,0.296000,17,0,0,0,6,0,0,6,2,8,6,0,2.464519,3.644881,17,17
2037-07-01,T'Boli,1206316000,32.068000,0.000000,116.875000,0.294880,0.384000,10,15,0,0,0,0,0,0,0,0,0,0,-0.038230,1.263915,25,25
2037-07-01,Tampakan,1206314000,17.632000,0.000000,64.550000,0.189714,0.324000,12,2,0,0,0,0,0,0,0,0,0,0,-0.373204,0.127854,14,14
2037-07-01,Tantangan,1206315000,4.484000,0.000000,26.775000,0.083385,0.172000,13,0,0,0,0,0,0,0,0,0,0,0,-2.377702,-1.539667,13,13
2037-07-01,Tupi,1206317000,17.432000,0.000000,66.425000,0.025600,0.108000,15,0,0,0,0,0,0,0,0,1,0,0,0.055025,2.467672,15,15
2037-08-01,Banga,1206302000,30.948000,0.000000,109.425000,0.221273,0.368000,19,3,0,0,0,0,0,0,0,0,0,0,0.283589,2.472100,22,22
2037-08-01,City of Koronadal,1206306000,9.232000,0.000000,56.325000,0.068000,0.160000,27,0,0,0,0,0,0,0,0,0,0,0,-2.715989,-1.386103,27,27
2037-08-01,Lake Sebu,1206319000,22.216000,0.000000,82.325000,0.274316,0.380000,11,8,0,0,0,0,0,0,0,0,0,0,-0.118265,2.239138,19,19
2037-08-01,Norala,1206311000,16.460000,0.000000,62.550000,0.123714,0.160000,14,0,0,0,0,0,0,0,0,0,0,0,-0.458485,0.054690,14,14
2037-08-01,Polomolok,1206312000,58.504000,1.000000,183.325000,0.341217,0.452000,5,18,0,0,9,0,0,9,1,10,2,0,3.439989,7.086091,23,23
2037-08-01,Santo Niño,1206318000,12.104000,0.000000,44.000000,0.173200,0.260000,10,0,0,0,0,0,0,0,0,0,0,0,-0.233815,-0.095527,10,10
2037-08-01,Surallah,1206313000,41.760000,0.000000,131.325000,0.201412,0.272000,17,0,0,0,10,0,0,10,1,10,6,0,2.544354,3.637204,17,17
2037-08-01,T'Boli,1206316000,31.676000,0.000000,116.325000,0.288960,0.416000,15,10,0,0,0,0,0,0,0,0,0,0,-0.045602,1.367132,25,25
2037-08-01,Tampakan,1206314000,17.056000,0.000000,59.000000,0.178286,0.300000,13,1,0,0,0,0,0,0,0,0,0,0,-0.446219,0.135009,14,14
2037-08-01,Tantangan,1206315000,4.408000,0.000000,27.000000,0.080308,0.188000,13,0,0,0,0,0,0,0,0,0,0,0,-2.315575,-1.584365,13,13
2037-08-01,Tupi,1206317000,17.124000,0.000000,61.775000,0.022933,0.116000,15,0,0,0,0,0,0,0,0,1,0,0,-0.034515,1.971662,15,15
2037-09-01,Banga,1206302000,31.692000,0.000000,114.425000,0.225091,0.332000,18,4,0,0,0,0,0,0,0,0,0,0,0.349810,2.480223,22,22
2037-09-01,City of Koronadal,1206306000,8.956000,0.000000,52.775000,0.060148,0.112000,27,0,0,0,0,0,0,0,0,0,0,0,-2.748762,-1.286039,27,27
2037-09-01,Lake Sebu,1206319000,21.964000,0.000000,86.100000,0.278737,0.380000,10,9,0,0,1,0,0,1,0,1,1,0,-0.191271,2.261523,19,19
2037-09-01,Norala,1206311000,16.284000,0.000000,62.775000,0.118286,0.164000,14,0,0,0,0,0,0,0,0,0,0,0,-0.470332,-0.028824,14,14
2037-09-01,Polomolok,1206312000,59.176000,0.000000,182.650000,0.347130,0.460000,5,18,0,0,8,0,0,8,1,9,0,0,3.458322,7.246192,23,23
2037-09-01,Santo Niño,1206318000,12.944000,0.000000,47.000000,0.191200,0.320000,9,1,0,0,0,0,0,0,0,0,0,0,-0.096361,0.207477,10,10
2037-09-01,Surallah,1206313000,42.812000,0.000000,141.325000,0.209882,0.272000,17,0,0,0,9,0,0,9,1,11,2,0,2.595806,3.515386,17,17
2037-09-01,T'Boli,1206316000,31.576000,0.000000,115.325000,0.292000,0.392000,13,12,0,0,0,0,0,0,0,0,0,0,-0.087460,1.421451,25,25
2037-09-01,Tampakan,1206314000,16.652000,0.000000,62.100000,0.178571,0.288000,14,0,0,0,0,0,0,0,0,0,0,0,-0.571384,0.069228,14,14
2037-09-01,Tantangan,1206315000,4.488000,0.000000,26.325000,0.082154,0.160000,13,0,0,0,0,0,0,0,0,0,0,0,-2.340441,-1.584264,13,13
2037-09-01,Tupi,1206317000,17.588000,0.000000,67.550000,0.029067,0.124000,15,0,0,0,0,0,0,0,0,1,0,0,-0.000813,2.049871,15,15
2037-10-01,Banga,1206302000,31.472000,0.000000,112.325000,0.218909,0.356000,18,4,0,0,0,0,0,0,0,0,0,0,0.304538,2.396811,22,22
2037-10-01,City of Koronadal,1206306000,9.752000,0.000000,59.550000,0.076593,0.144000,27,0,0,0,0,0,0,0,0,0,0,0,-2.678806,-1.310236,27,27
2037-10-01,Lake Sebu,1206319000,21.744000,0.000000,83.325000,0.274316,0.344000,10,9,0,0,0,0,0,0,0,0,0,0,-0.258080,2.128383,19,19
2037-10-01,Norala,1206311000,17.036000,0.000000,64.000000,0.139429,0.176000,14,0,0,0,0,0,0,0,0,0,0,0,-0.372318,0.046183,14,14
2037-10-01,Polomolok,1206312000,60.328000,1.000000,188.975000,0.351130,0.488000,5,18,0,0,8,0,0,8,1,8,1,0,3.571478,7.379001,23,23
2037-10-01,Santo Niño,1206318000,12.596000,0.000000,43.550000,0.184000,0.300000,9,1,0,0,0,0,0,0,0,0,0,0,-0.128948,0.197174,10,10
2037-10-01,Surallah,1206313000,41.936000,0.000000,132.100000,0.196000,0.288000,17,0,0,0,3,0,0,3,1,7,1,0,2.509888,3.497078,17,17
2037-10-01,T'Boli,1206316000,31.576000,0.000000,115.100000,0.286880,0.432000,12,13,0,0,0,0,0,0,0,0,0,0,-0.059602,1.418080,25,25
2037-10-01,Tampakan,1206314000,16.488000,0.000000,60.325000,0.170571,0.244000,14,0,0,0,0,0,0,0,0,0,0,0,-0.602366,-0.013205,14,14
2037-10-01,Tantangan,1206315000,4.416000,0.000000,26.000000,0.076308,0.156000,13,0,0,0,0,0,0,0,0,0,0,0,-2.299828,-1.593570,13,13
2037-10-01,Tupi,1206317000,17.484000,0.000000,66.875000,0.027200,0.128000,15,0,0,0,0,0,0,0,0,1,0,0,-0.025285,2.136140,15,15
2037-11-01,Banga,1206302000,31.136000,0.000000,107.325000,0.219636,0.340000,20,2,0,0,0,0,0,0,0,0,0,0,0.289261,2.181526,22,22
2037-11-01,City of Koronadal,1206306000,9.396000,0.000000,57.325000,0.069926,0.164000,27,0,0,0,0,0,0,0,0,0,0,0,-2.677723,-1.305409,27,27
2037-11-01,Lake Sebu,1206319000,20.864000,0.000000,80.550000,0.260211,0.356000,13,6,0,0,0,0,0,0,0,0,0,0,-0.266041,2.155722,19,19
2037-11-01,Norala,1206311000,16.860000,0.000000,61.550000,0.131714,0.180000,14,0,0,0,0,0,0,0,0,0,0,0,-0.329346,0.246750,14,14
2037-11-01,Polomolok,1206312000,59.672000,0.225000,186.100000,0.352870,0.476000,5,18,0,0,9,0,0,9,1,9,1,0,3.523060,7.190014,23,23
2037-11-01,Santo Niño,1206318000,12.976000,0.000000,48.550000,0.192800,0.336000,9,1,0,0,0,0,0,0,0,0,0,0,-0.011269,0.325917,10,10
2037-11-01,Surallah,1206313000,43.108000,0.000000,135.875000,0.207529,0.288000,17,0,0,0,7,0,0,7,1,9,5,0,2.606685,3.556767,17,17
2037-11-01,T'Boli,1206316000,30.900000,0.000000,109.550000,0.285120,0.360000,11,14,0,0,0,0,0,0,0,0,0,0,-0.146047,1.232643,25,25
2037-11-01,Tampakan,1206314000,15.832000,0.000000,60.775000,0.160286,0.276000,14,0,0,0,0,0,0,0,0,0,0,0,-0.695729,-0.142906,14,14
2037-11-01,Tantangan,1206315000,4.600000,0.000000,26.775000,0.079385,0.172000,13,0,0,0,0,0,0,0,0,0,0,0,-2.273542,-1.539018,13,13
2037-11-01,Tupi,1206317000,17.436000,0.000000,66.775000,0.027733,0.148000,15,0,0,0,0,0,0,0,0,1,0,0,-0.007235,2.182615,15,15
2037-12-01,Banga,1206302000,31.644000,0.000000,114.425000,0.223091,0.320000,18,4,0,0,0,0,0,0,0,0,0,0,0.361632,2.521934,22,22
2037-12-01,City of Koronadal,1206306000,9.540000,0.000000,54.550000,0.070963,0.136000,27,0,0,0,0,0,0,0,0,0,0,0,-2.645973,-1.384973,27,27
2037-12-01,Lake Sebu,1206319000,20.556000,0.000000,75.325000,0.261053,0.372000,13,6,0,0,0,0,0,0,0,0,0,0,-0.350520,2.299656,19,19
2037-12-01,Norala,1206311000,16.988000,0.000000,62.775000,0.135714,0.200000,14,0,0,0,0,0,0,0,0,0,0,0,-0.359082,0.230367,14,14
2037-12-01,Polomolok,1206312000,60.228000,0.000000,187.650000,0.358609,0.512000,5,18,0,0,4,0,0,4,1,7,0,0,3.494055,7.053747,23,23
2037-12-01,Santo Niño,1206318000,13.116000,0.000000,46.775000,0.189200,0.324000,9,1,0,0,0,0,0,0,0,0,0,0,-0.015355,0.206335,10,10
2037-12-01,Surallah,1206313000,44.788000,0.000000,146.425000,0.227765,0.268000,17,0,0,0,3,0,0,3,1,9,0,0,2.717049,3.748271,17,17
2037-12-01,T'Boli,1206316000,30.316000,0.000000,113.325000,0.272480,0.376000,16,9,0,0,0,0,0,0,0,0,0,0,-0.222777,1.370707,25,25
2037-12-01,Tampakan,1206314000,15.916000,0.000000,62.550000,0.160000,0.256000,14,0,0,0,0,0,0,0,0,0,0,0,-0.686681,-0.092369,14,14
2037-12-01,Tantangan,1206315000,4.784000,0.000000,26.775000,0.092308,0.160000,13,0,0,0,0,0,0,0,0,0,0,0,-2.220643,-1.614477,13,13
2037-12-01,Tupi,1206317000,17.412000,0.000000,68.875000,0.031467,0.132000,15,0,0,0,0,0,0,0,0,1,0,0,-0.049359,2.105517,15,15
2038-01-01,Banga,1206302000,30.792000,0.000000,107.100000,0.221455,0.368000,20,2,0,0,0,0,0,0,0,0,0,0,0.268081,2.028020,22,22
2038-01-01,City of Koronadal,1206306000,8.872000,0.000000,53.550000,0.062370,0.124000,27,0,0,0,0,0,0,0,0,0,0,0,-2.816123,-1.430089,27,27
2038-01-01,Lake Sebu,1206319000,22.200000,0.000000,82.325000,0.281684,0.396000,11,8,0,0,0,0,0,0,0,1,0,0,-0.150499,1.889180,19,19
2038-01-01,Norala,1206311000,16.044000,0.000000,62.550000,0.120286,0.160000,14,0,0,0,0,0,0,0,0,0,0,0,-0.439482,0.045808,14,14
2038-01-01,Polomolok,1206312000,57.648000,1.000000,182.875000,0.336000,0.484000,7,16,0,0,10,0,0,10,1,10,6,0,3.544046,7.237414,23,23
2038-01-01,Santo Niño,1206318000,12.832000,0.000000,44.775000,0.186800,0.272000,10,0,0,0,0,0,0,0,0,0,0,0,-0.030646,0.244107,10,10
2038-01-01,Surallah,1206313000,37.756000,0.000000,123.325000,0.168000,0.244000,17,0,0,0,0,0,0,0,0,6,0,0,2.097616,2.852701,17,17
2038-01-01,T'Boli,1206316000,31.832000,0.000000,115.325000,0.295520,0.400000,12,13,0,0,0,0,0,0,0,0,0,0,0.038504,1.542334,25,25
2038-01-01,Tampakan,1206314000,18.164000,0.000000,65.550000,0.195714,0.320000,13,1,0,0,0,0,0,0,0,0,0,0,-0.239346,0.583199,14,14
2038-01-01,Tantangan,1206315000,4.596000,0.000000,26.000000,0.084923,0.172000,13,0,0,0,0,0,0,0,0,0,0,0,-2.364818,-1.526587,13,13
2038-01-01,Tupi,1206317000,16.624000,0.000000,66.100000,0.029333,0.148000,15,0,0,0,0,0,0,0,0,1,0,0,-0.098545,1.943083,15,15
2038-02-01,Banga,1206302000,30.560000,0.000000,109.550000,0.210545,0.340000,20,2,0,0,0,0,0,0,0,0,0,0,0.272403,2.054178,22,22
2038-02-01,City of Koronadal,1206306000,8.832000,0.000000,53.325000,0.061481,0.132000,27,0,0,0,0,0,0,0,0,0,0,0,-2.861551,-1.456453,27,27
2038-02-01,Lake Sebu,1206319000,22.032000,0.000000,82.100000,0.285263,0.396000,10,9,0,0,1,0,0,1,0,1,1,0,-0.109452,1.700524,19,19
2038-02-01,Norala,1206311000,16.028000,0.000000,57.550000,0.119714,0.168000,14,0,0,0,0,0,0,0,0,0,0,0,-0.470018,-0.056692,14,14
2038-02-01,Polomolok,1206312000,56.980000,0.000000,178.650000,0.334087,0.428000,5,18,0,0,11,0,0,11,1,11,2,0,3.616806,7.329886,23,23
2038-02-01,Santo Niño,1206318000,12.556000,0.000000,43.775000,0.182000,0.276000,10,0,0,0,0,0,0,0,0,0,0,0,-0.051516,0.134593,10,10
2038-02-01,Surallah,1206313000,36.956000,0.000000,125.100000,0.158118,0.216000,17,0,0,0,6,0,0,6,1,7,6,0,2.164298,3.091667,17,17
2038-02-01,T'Boli,1206316000,32.396000,0.000000,120.100000,0.298560,0.408000,10,15,0,0,0,0,0,0,0,1,0,0,0.134719,1.728542,25,25
2038-02-01,Tampakan,1206314000,18.896000,0.000000,66.000000,0.208571,0.344000,12,2,0,0,0,0,0,0,0,0,0,0,-0.101497,0.633158,14,14
2038-02-01,Tantangan,1206315000,4.532000,0.000000,28.325000,0.088308,0.184000,13,0,0,0,0,0,0,0,0,0,0,0,-2.430194,-1.685841,13,13
2038-02-01,Tupi,1206317000,16.260000,0.000000,63.550000,0.022933,0.124000,15,0,0,0,0,0,0,0,0,1,0,0,-0.096768,1.945791,15,15
2038-03-01,Banga,1206302000,30.388000,0.000000,113.100000,0.210545,0.376000,19,3,0,0,0,0,0,0,0,0,0,0,0.186737,1.754235,22,22
2038-03-01,City of Koronadal,1206306000,8.896000,0.000000,52.325000,0.062815,0.136000,27,0,0,0,0,0,0,0,0,0,0,0,-2.808256,-1.623730,27,27
2038-03-01,Lake Sebu,1206319000,22.344000,0.000000,81.100000,0.286105,0.388000,10,9,0,0,0,0,0,0,0,1,0,0,-0.141755,1.870397,19,19
2038-03-01,Norala,1206311000,16.252000,0.000000,60.000000,0.116857,0.184000,14,0,0,0,0,0,0,0,0,0,0,0,-0.453420,0.176314,14,14
2038-03-01,Polomolok,1206312000,58.880000,0.000000,181.875000,0.345391,0.484000,7,16,0,0,11,0,0,11,1,11,2,0,3.620878,7.560632,23,23
2038-03-01,Santo Niño,1206318000,12.152000,0.000000,45.550000,0.170400,0.256000,10,0,0,0,0,0,0,0,0,0,0,0,-0.201035,0.045814,10,10
2038-03-01,Surallah,1206313000,38.128000,0.000000,124.650000,0.171059,0.252000,17,0,0,0,0,0,0,0,0,5,0,0,2.118840,2.942536,17,17
2038-03-01,T'Boli,1206316000,32.832000,0.000000,117.100000,0.303360,0.432000,9,16,0,0,0,0,0,0,0,0,0,0,0.095043,1.545159,25,25
2038-03-01,Tampakan,1206314000,18.704000,0.000000,69.325000,0.208286,0.320000,12,2,0,0,0,0,0,0,0,0,0,0,-0.161909,0.426643,14,14
2038-03-01,Tantangan,1206315000,4.472000,0.000000,26.775000,0.083692,0.152000,13,0,0,0,0,0,0,0,0,0,0,0,-2.384759,-1.655738,13,13
2038-03-01,Tupi,1206317000,16.568000,0.000000,63.325000,0.022933,0.120000,15,0,0,0,0,0,0,0,0,1,0,0,-0.109067,1.871600,15,15
2038-04-01,Banga,1206302000,30.468000,0.000000,110.550000,0.216727,0.352000,20,2,0,0,0,0,0,0,0,0,0,0,0.274851,2.200374,22,22
2038-04-01,City of Koronadal,1206306000,8.820000,0.000000,53.325000,0.058963,0.128000,27,0,0,0,0,0,0,0,0,0,0,0,-2.843343,-1.404236,27,27
2038-04-01,Lake Sebu,1206319000,22.852000,0.000000,86.100000,0.290737,0.384000,8,11,0,0,0,0,0,0,0,0,0,0,0.022212,1.977445,19,19
2038-04-01,Norala,1206311000,16.140000,0.000000,64.875000,0.119429,0.164000,14,0,0,0,0,0,0,0,0,0,0,0,-0.489790,0.101894,14,14
2038-04-01,Polomolok,1206312000,57.548000,0.000000,186.425000,0.339826,0.476000,8,15,0,0,9,0,0,9,1,9,0,0,3.534789,7.232084,23,23
2038-04-01,Santo Niño,1206318000,11.684000,0.000000,45.325000,0.155600,0.236000,10,0,0,0,0,0,0,0,0,0,0,0,-0.295087,0.057682,10,10
2038-04-01,Surallah,1206313000,39.464000,0.000000,129.550000,0.177882,0.236000,17,0,0,0,6,0,0,6,1,7,6,0,2.328193,3.409423,17,17
2038-04-01,T'Boli,1206316000,32.276000,0.000000,119.650000,0.299200,0.380000,9,16,0,0,0,0,0,0,0,0,0,0,0.047962,1.442026,25,25
2038-04-01,Tampakan,1206314000,18.860000,0.000000,68.550000,0.213143,0.332000,11,3,0,0,0,0,0,0,0,0,0,0,-0.107488,0.549512,14,14
2038-04-01,Tantangan,1206315000,4.344000,0.000000,26.000000,0.084615,0.144000,13,0,0,0,0,0,0,0,0,0,0,0,-2.508501,-1.777237,13,13
2038-04-01,Tupi,1206317000,17.180000,0.000000,67.775000,0.029333,0.124000,15,0,0,0,0,0,0,0,0,1,0,0,0.015545,2.195513,15,15
2038-05-01,Banga,1206302000,30.688000,0.000000,111.200000,0.213273,0.316000,21,1,0,0,0,0,0,0,0,0,0,0,0.265213,1.999070,22,22
2038-05-01,City of Koronadal,1206306000,9.036000,0.000000,55.325000,0.063704,0.156000,27,0,0,0,0,0,0,0,0,0,0,0,-2.802441,-1.370838,27,27
2038-05-01,Lake Sebu,1206319000,22.580000,0.000000,81.775000,0.291158,0.376000,8,11,0,0,0,0,0,0,0,0,0,0,-0.085485,1.849024,19,19
2038-05-01,Norala,1206311000,16.300000,0.000000,64.875000,0.130286,0.164000,14,0,0,0,0,0,0,0,0,0,0,0,-0.447785,0.056326,14,14
2038-05-01,Polomolok,1206312000,58.288000,0.000000,185.325000,0.347826,0.480000,4,19,0,0,11,0,0,11,1,11,2,0,3.578957,7.380150,23,23
2038-05-01,Santo Niño,1206318000,12.024000,0.000000,46.875000,0.164000,0.252000,10,0,0,0,0,0,0,0,0,0,0,0,-0.217134,0.157275,10,10
2038-05-01,Surallah,1206313000,38.864000,0.000000,131.100000,0.181412,0.248000,17,0,0,0,7,0,0,7,2,9,4,0,2.211158,3.085956,17,17
2038-05-01,T'Boli,1206316000,32.676000,0.000000,120.325000,0.302080,0.428000,12,13,0,0,0,0,0,0,0,1,0,0,0.075247,1.474296,25,25
2038-05-01,Tampakan,1206314000,17.852000,0.000000,68.000000,0.194000,0.324000,12,2,0,0,0,0,0,0,0,0,0,0,-0.281018,0.378001,14,14
2038-05-01,Tantangan,1206315000,4.264000,0.000000,26.550000,0.079077,0.176000,13,0,0,0,0,0,0,0,0,0,0,0,-2.426135,-1.802477,13,13
2038-05-01,Tupi,1206317000,16.952000,0.000000,62.550000,0.023467,0.116000,15,0,0,0,0,0,0,0,0,1,0,0,0.003835,2.028650,15,15
2038-06-01,Banga,1206302000,30.692000,0.000000,113.875000,0.218000,0.320000,20,2,0,0,0,0,0,0,0,0,0,0,0.236589,2.016681,22,22
2038-06-01,City of Koronadal,1206306000,9.360000,0.000000,54.100000,0.064889,0.144000,27,0,0,0,0,0,0,0,0,0,0,0,-2.717459,-1.397277,27,27
2038-06-01,Lake Sebu,1206319000,22.568000,0.000000,84.775000,0.288632,0.380000,9,10,0,0,0,0,0,0,0,0,0,0,-0.110350,1.771113,19,19
2038-06-01,Norala,1206311000,16.640000,0.000000,63.875000,0.131714,0.192000,14,0,0,0,0,0,0,0,0,0,0,0,-0.404601,-0.000628,14,14
2038-06-01,Polomolok,1206312000,58.572000,0.000000,188.875000,0.341739,0.460000,6,17,0,0,11,0,0,11,1,11,1,0,3.471422,7.401288,23,23
2038-06-01,Santo Niño,1206318000,12.756000,0.000000,46.550000,0.179600,0.256000,10,0,0,0,0,0,0,0,0,0,0,0,-0.093601,0.103683,10,10
2038-06-01,Surallah,1206313000,40.428000,0.000000,129.100000,0.183765,0.308000,16,1,0,0,9,0,0,9,1,10,5,0,2.347835,3.390769,17,17
2038-06-01,T'Boli,1206316000,31.796000,0.000000,118.200000,0.293280,0.372000,11,14,0,0,0,0,0,0,0,0,0,0,-0.056917,1.216870,25,25
2038-06-01,Tampakan,1206314000,17.904000,0.000000,65.100000,0.190286,0.328000,13,1,0,0,0,0,0,0,0,0,0,0,-0.342314,0.224827,14,14
2038-06-01,Tantangan,1206315000,4.540000,0.000000,27.550000,0.079692,0.152000,13,0,0,0,0,0,0,0,0,0,0,0,-2.352447,-1.609006,13,13
2038-06-01,Tupi,1206317000,17.468000,0.000000,64.325000,0.023200,0.108000,15,0,0,0,0,0,0,0,0,1,0,0,-0.005295,2.019007,15,15
2038-07-01,Banga,1206302000,30.872000,0.000000,111.650000,0.216909,0.344000,20,2,0,0,0,0,0,0,0,0,0,0,0.258684,2.294366,22,22
2038-07-01,City of Koronadal,1206306000,9.096000,0.000000,55.325000,0.067259,0.164000,27,0,0,0,0,0,0,0,0,0,0,0,-2.752265,-1.512557,27,27
2038-07-01,Lake Sebu,1206319000,22.004000,0.000000,87.975000,0.277895,0.344000,10,9,0,0,0,0,0,0,0,0,0,0,-0.142058,1.642516,19,19
2038-07-01,Norala,1206311000,15.872000,0.000000,61.775000,0.126571,0.172000,14,0,0,0,0,0,0,0,0,0,0,0,-0.531452,-0.030165,14,14
2038-07-01,Polomolok,1206312000,58.236000,0.000000,185.200000,0.338783,0.432000,7,16,0,0,9,0,0,9,1,9,0,0,3.478784,7.150396,23,23
2038-07-01,Santo Niño,1206318000,12.724000,0.000000,46.775000,0.176000,0.272000,10,0,0,0,0,0,0,0,0,0,0,0,-0.068804,0.235279,10,10
2038-07-01,Surallah,1206313000,40.888000,0.000000,127.100000,0.195765,0.292000,17,0,0,0,7,0,0,7,1,8,0,0,2.481155,3.797397,17,17
2038-07-01,T'Boli,1206316000,31.732000,0.000000,114.325000,0.290720,0.408000,14,11,0,0,0,0,0,0,0,0,0,0,-0.032528,1.459231,25,25
2038-07-01,Tampakan,1206314000,17.304000,0.000000,65.325000,0.188000,0.284000,14,0,0,0,0,0,0,0,0,0,0,0,-0.430119,0.176105,14,14
2038-07-01,Tantangan,1206315000,4.492000,0.000000,28.775000,0.075692,0.144000,13,0,0,0,0,0,0,0,0,0,0,0,-2.374304,-1.653947,13,13
2038-07-01,Tupi,1206317000,17.836000,0.000000,65.550000,0.029333,0.168000,15,0,0,0,0,0,0,0,0,1,0,0,0.082304,2.260100,15,15
2038-08-01,Banga,1206302000,31.364000,0.000000,112.875000,0.223636,0.384000,17,5,0,0,0,0,0,0,0,0,0,0,0.373004,2.713807,22,22
2038-08-01,City of Koronadal,1206306000,9.604000,0.000000,56.550000,0.073333,0.144000,27,0,0,0,0,0,0,0,0,0,0,0,-2.810865,-1.421762,27,27
2038-08-01,Lake Sebu,1206319000,21.924000,0.000000,81.775000,0.276421,0.372000,10,9,0,0,0,0,0,0,0,0,0,0,-0.181646,1.894379,19,19
2038-08-01,Norala,1206311000,16.356000,0.000000,58.775000,0.130000,0.192000,14,0,0,0,0,0,0,0,0,0,0,0,-0.481730,0.184421,14,14
2038-08-01,Polomolok,1206312000,57.752000,1.000000,185.200000,0.337565,0.472000,6,17,0,0,9,0,0,9,1,9,1,0,3.494011,7.208768,23,23
2038-08-01,Santo Niño,1206318000,13.360000,0.000000,46.775000,0.192400,0.296000,10,0,0,0,0,0,0,0,0,0,0,0,0.144711,0.552720,10,10
2038-08-01,Surallah,1206313000,40.312000,0.000000,128.875000,0.190824,0.260000,17,0,0,0,0,0,0,0,0,5,0,0,2.499264,3.824128,17,17
2038-08-01,T'Boli,1206316000,31.432000,0.000000,114.650000,0.288320,0.380000,14,11,0,0,0,0,0,0,0,0,0,0,-0.073653,1.396639,25,25
2038-08-01,Tampakan,1206314000,17.156000,0.000000,62.000000,0.179714,0.292000,14,0,0,0,0,0,0,0,0,0,0,0,-0.477122,0.119791,14,14
2038-08-01,Tantangan,1206315000,4.476000,0.000000,25.775000,0.081846,0.192000,13,0,0,0,0,0,0,0,0,0,0,0,-2.485951,-1.742931,13,13
2038-08-01,Tupi,1206317000,17.152000,0.000000,63.775000,0.026400,0.128000,15,0,0,0,0,0,0,0,0,1,0,0,-0.004936,2.137784,15,15
2038-09-01,Banga,1206302000,31.256000,0.000000,111.650000,0.220364,0.344000,20,2,0,0,0,0,0,0,0,0,0,0,0.370737,2.428329,22,22
2038-09-01,City of Koronadal,1206306000,8.928000,0.000000,53.325000,0.062815,0.144000,27,0,0,0,0,0,0,0,0,0,0,0,-2.832244,-1.379239,27,27
2038-09-01,Lake Sebu,1206319000,21.576000,0.000000,82.325000,0.278526,0.348000,10,9,0,0,0,0,0,0,0,0,0,0,-0.189599,2.056275,19,19
2038-09-01,Norala,1206311000,16.728000,0.000000,62.000000,0.130000,0.172000,14,0,0,0,0,0,0,0,0,0,0,0,-0.339981,0.117594,14,14
2038-09-01,Polomolok,1206312000,56.916000,0.000000,184.875000,0.329217,0.496000,9,14,0,0,9,0,0,9,1,9,0,0,3.461864,7.016889,23,23
2038-09-01,Santo Niño,1206318000,13.032000,0.000000,48.775000,0.190000,0.312000,9,1,0,0,0,0,0,0,0,0,0,0,0.051786,0.438503,10,10
2038-09-01,Surallah,1206313000,41.628000,0.000000,132.875000,0.194118,0.272000,17,0,0,0,8,0,0,8,1,10,8,0,2.646430,3.781821,17,17
2038-09-01,T'Boli,1206316000,30.468000,0.000000,117.100000,0.278080,0.380000,13,12,0,0,0,0,0,0,0,0,0,0,-0.151433,1.423892,25,25
2038-09-01,Tampakan,1206314000,16.736000,0.000000,64.550000,0.176000,0.264000,14,0,0,0,0,0,0,0,0,0,0,0,-0.520427,-0.001957,14,14
2038-09-01,Tantangan,1206315000,4.204000,0.000000,26.100000,0.079385,0.148000,13,0,0,0,0,0,0,0,0,0,0,0,-2.448043,-1.637380,13,13
2038-09-01,Tupi,1206317000,17.532000,0.000000,66.775000,0.030133,0.140000,15,0,0,0,0,0,0,0,0,1,0,0,0.094441,2.301886,15,15
2038-10-01,Banga,1206302000,32.036000,0.000000,115.875000,0.223091,0.364000,19,3,0,0,0,0,0,0,0,0,0,0,0.451697,2.573651,22,22
2038-10-01,City of Koronadal,1206306000,9.164000,0.000000,54.550000,0.065630,0.148000,27,0,0,0,0,0,0,0,0,0,0,0,-2.721770,-1.416618,27,27
2038-10-01,Lake Sebu,1206319000,21.128000,0.000000,81.325000,0.265263,0.396000,13,6,0,0,0,0,0,0,0,0,0,0,-0.280170,1.939556,19,19
2038-10-01,Norala,1206311000,16.492000,0.000000,61.550000,0.126857,0.184000,14,0,0,0,0,0,0,0,0,0,0,0,-0.437723,0.032049,14,14
2038-10-01,Polomolok,1206312000,58.540000,0.000000,181.550000,0.345739,0.468000,3,20,0,0,9,0,0,9,1,9,0,0,3.464766,7.101137,23,23
2038-10-01,Santo Niño,1206318000,13.120000,0.000000,48.000000,0.198400,0.328000,9,1,0,0,0,0,0,0,0,0,0,0,0.035415,0.439857,10,10
2038-10-01,Surallah,1206313000,41.904000,0.000000,132.775000,0.197176,0.288000,17,0,0,0,7,0,0,7,1,9,1,0,2.551622,3.783984,17,17
2038-10-01,T'Boli,1206316000,30.656000,0.000000,113.875000,0.283040,0.412000,15,10,0,0,0,0,0,0,0,0,0,0,-0.146691,1.402119,25,25
2038-10-01,Tampakan,1206314000,16.552000,0.000000,60.550000,0.172571,0.308000,12,2,0,0,0,0,0,0,0,0,0,0,-0.574790,-0.056704,14,14
2038-10-01,Tantangan,1206315000,4.368000,0.000000,28.000000,0.080000,0.132000,13,0,0,0,0,0,0,0,0,0,0,0,-2.376864,-1.594401,13,13
2038-10-01,Tupi,1206317000,17.840000,0.000000,70.550000,0.036800,0.184000,15,0,0,0,0,0,0,0,0,1,0,0,0.064253,2.269831,15,15
2038-11-01,Banga,1206302000,32.456000,0.000000,118.100000,0.235455,0.336000,16,6,0,0,0,0,0,0,0,0,0,0,0.426424,2.650657,22,22
2038-11-01,City of Koronadal,1206306000,8.836000,0.000000,53.325000,0.066370,0.128000,27,0,0,0,0,0,0,0,0,0,0,0,-2.694922,-1.433190,27,27
2038-11-01,Lake Sebu,1206319000,21.596000,0.000000,79.775000,0.274526,0.364000,11,8,0,0,0,0,0,0,0,0,0,0,-0.198077,2.214602,19,19
2038-11-01,Norala,1206311000,16.480000,0.000000,61.325000,0.131429,0.188000,14,0,0,0,0,0,0,0,0,0,0,0,-0.440666,0.107745,14,14
2038-11-01,Polomolok,1206312000,58.728000,1.000000,185.875000,0.351478,0.460000,6,17,0,0,8,0,0,8,1,8,0,0,3.357806,7.086035,23,23
2038-11-01,Santo Niño,1206318000,13.412000,0.000000,48.550000,0.189600,0.260000,10,0,0,0,0,0,0,0,0,0,0,0,0.071752,0.380545,10,10
2038-11-01,Surallah,1206313000,43.724000,0.000000,144.100000,0.215529,0.300000,16,1,0,0,7,0,0,7,1,9,2,0,2.661040,3.856945,17,17
2038-11-01,T'Boli,1206316000,31.184000,0.000000,119.325000,0.283200,0.368000,16,9,0,0,0,0,0,0,0,0,0,0,-0.119627,1.236804,25,25
2038-11-01,Tampakan,1206314000,16.012000,0.000000,63.550000,0.163714,0.276000,14,0,0,0,0,0,0,0,0,0,0,0,-0.670816,-0.177294,14,14
2038-11-01,Tantangan,1206315000,4.468000,0.000000,28.550000,0.086769,0.172000,13,0,0,0,0,0,0,0,0,0,0,0,-2.303021,-1.543956,13,13
2038-11-01,Tupi,1206317000,16.856000,0.000000,64.550000,0.023733,0.128000,15,0,0,0,0,0,0,0,0,1,0,0,-0.131496,2.054817,15,15
2038-12-01,Banga,1206302000,33.176000,0.000000,118.100000,0.238000,0.316000,18,4,0,0,0,0,0,0,0,0,0,0,0.477914,2.787394,22,22
2038-12-01,City of Koronadal,1206306000,9.172000,0.000000,56.775000,0.065481,0.164000,27,0,0,0,0,0,0,0,0,0,0,0,-2.753396,-1.336934,27,27
2038-12-01,Lake Sebu,1206319000,21.876000,0.000000,83.100000,0.276211,0.372000,12,7,0,0,0,0,0,0,0,0,0,0,-0.250372,1.989185,19,19
2038-12-01,Norala,1206311000,17.280000,0.000000,64.550000,0.136000,0.176000,14,0,0,0,0,0,0,0,0,0,0,0,-0.332811,0.154256,14,14
2038-12-01,Polomolok,1206312000,59.212000,0.000000,190.750000,0.342609,0.452000,8,15,0,0,9,0,0,9,1,9,1,0,3.382422,7.016041,23,23
2038-12-01,Santo Niño,1206318000,13.292000,0.000000,51.550000,0.194000,0.292000,10,0,0,0,0,0,0,0,0,0,0,0,0.012336,0.228384,10,10
2038-12-01,Surallah,1206313000,43.732000,0.000000,143.650000,0.211294,0.324000,15,2,0,0,8,0,0,8,2,9,4,0,2.608276,3.725124,17,17
2038-12-01,T'Boli,1206316000,31.432000,0.000000,117.425000,0.288480,0.412000,14,11,0,0,0,0,0,0,0,0,0,0,-0.132654,1.249153,25,25
2038-12-01,Tampakan,1206314000,15.380000,0.000000,59.550000,0.153429,0.248000,14,0,0,0,0,0,0,0,0,0,0,0,-0.805965,-0.271654,14,14
2038-12-01,Tantangan,1206315000,4.492000,0.000000,28.775000,0.079692,0.152000,13,0,0,0,0,0,0,0,0,0,0,0,-2.361211,-1.522091,13,13
2038-12-01,Tupi,1206317000,18.204000,0.000000,67.550000,0.030933,0.136000,15,0,0,0,0,0,0,0,0,1,0,0,0.056023,2.106044,15,15
2039-01-01,Banga,1206302000,31.588000,0.000000,114.425000,0.216545,0.324000,21,1,0,0,0,0,0,0,0,0,0,0,0.361596,2.482525,22,22
2039-01-01,City of Koronadal,1206306000,8.872000,0.000000,56.325000,0.063852,0.108000,27,0,0,0,0,0,0,0,0,0,0,0,-2.797644,-1.348842,27,27
2039-01-01,Lake Sebu,1206319000,22.644000,0.000000,85.425000,0.292421,0.372000,8,11,0,0,0,0,0,0,0,0,0,0,-0.092619,1.804071,19,19
2039-01-01,Norala,1206311000,16.672000,0.000000,63.325000,0.137143,0.192000,14,0,0,0,0,0,0,0,0,0,0,0,-0.422603,-0.048891,14,14
2039-01-01,Polomolok,1206312000,57.752000,0.225000,179.200000,0.349739,0.456000,7,16,0,0,8,0,0,8,1,8,0,0,3.442044,7.352957,23,23
2039-01-01,Santo Niño,1206318000,12.656000,0.000000,48.550000,0.172400,0.284000,10,0,0,0,0,0,0,0,0,0,0,0,-0.064076,0.143425,10,10
2039-01-01,Surallah,1206313000,39.504000,0.000000,129.100000,0.180471,0.292000,17,0,0,0,3,0,0,3,1,7,0,0,2.322326,3.281637,17,17
2039-01-01,T'Boli,1206316000,31.368000,0.000000,116.100000,0.290400,0.388000,10,15,0,0,0,0,0,0,0,0,0,0,-0.083011,1.310538,25,25
2039-01-01,Tampakan,1206314000,17.836000,0.000000,68.550000,0.200000,0.332000,12,2,0,0,0,0,0,0,0,0,0,0,-0.334208,0.276771,14,14
2039-01-01,Tantangan,1206315000,4.544000,0.000000,28.325000,0.081846,0.132000,13,0,0,0,0,0,0,0,0,0,0,0,-2.341537,-1.477290,13,13
2039-01-01,Tupi,1206317000,17.436000,0.000000,66.000000,0.028533,0.112000,15,0,0,0,0,0,0,0,0,1,0,0,-0.013398,1.993617,15,15
2039-02-01,Banga,1206302000,31.220000,0.000000,114.100000,0.219091,0.320000,18,4,0,0,0,0,0,0,0,0,0,0,0.292649,2.149137,22,22
2039-02-01,City of Koronadal,1206306000,8.944000,0.000000,52.000000,0.063111,0.124000,27,0,0,0,0,0,0,0,0,0,0,0,-2.824661,-1.505069,27,27
2039-02-01,Lake Sebu,1206319000,22.564000,0.000000,85.775000,0.283579,0.400000,9,10,0,0,0,0,0,0,0,1,0,0,-0.077292,1.911100,19,19
2039-02-01,Norala,1206311000,16.536000,0.000000,60.775000,0.128286,0.176000,14,0,0,0,0,0,0,0,0,0,0,0,-0.423054,-0.020877,14,14
2039-02-01,Polomolok,1206312000,57.104000,0.000000,183.875000,0.335304,0.448000,7,16,0,0,9,0,0,9,1,9,2,0,3.475791,7.370093,23,23
2039-02-01,Santo Niño,1206318000,12.544000,0.000000,48.550000,0.177600,0.272000,10,0,0,0,0,0,0,0,0,0,0,0,-0.103052,0.200155,10,10
2039-02-01,Surallah,1206313000,37.884000,0.000000,125.550000,0.161647,0.224000,17,0,0,0,0,0,0,0,0,4,0,0,2.126761,3.178473,17,17
2039-02-01,T'Boli,1206316000,33.028000,0.000000,121.550000,0.306080,0.420000,7,18,0,0,0,0,0,0,0,1,0,0,0.117621,1.264187,25,25
2039-02-01,Tampakan,1206314000,18.820000,0.000000,70.000000,0.213143,0.380000,12,2,0,0,0,0,0,0,0,0,0,0,-0.132343,0.528205,14,14
2039-02-01,Tantangan,1206315000,4.156000,0.000000,26.000000,0.074154,0.148000,13,0,0,0,0,0,0,0,0,0,0,0,-2.498552,-1.717398,13,13
2039-02-01,Tupi,1206317000,17.440000,0.000000,63.550000,0.020267,0.116000,15,0,0,0,0,0,0,0,0,1,0,0,0.072813,2.140736,15,15
2039-03-01,Banga,1206302000,29.968000,0.000000,110.425000,0.206364,0.308000,20,2,0,0,0,0,0,0,0,0,0,0,0.215723,2.337738,22,22
2039-03-01,City of Koronadal,1206306000,8.748000,0.000000,55.325000,0.060000,0.116000,27,0,0,0,0,0,0,0,0,0,0,0,-2.837614,-1.460594,27,27
2039-03-01,Lake Sebu,1206319000,22.576000,0.000000,84.100000,0.285053,0.388000,7,12,0,0,0,0,0,0,0,0,0,0,-0.076889,1.891792,19,19
2039-03-01,Norala,1206311000,16.904000,0.000000,66.325000,0.140000,0.196000,14,0,0,0,0,0,0,0,0,0,0,0,-0.326769,0.114703,14,14
2039-03-01,Polomolok,1206312000,56.056000,0.000000,183.650000,0.326087,0.404000,9,14,0,0,9,0,0,9,1,9,2,0,3.417684,7.175875,23,23
2039-03-01,Santo Niño,1206318000,11.976000,0.000000,45.550000,0.166400,0.256000,10,0,0,0,0,0,0,0,0,0,0,0,-0.230126,-0.060937,10,10
2039-03-01,Surallah,1206313000,38.664000,0.000000,128.100000,0.172941,0.232000,17,0,0,0,0,0,0,0,0,5,0,0,2.294670,3.247754,17,17
2039-03-01,T'Boli,1206316000,32.580000,0.000000,119.325000,0.305440,0.408000,8,17,0,0,0,0,0,0,0,0,0,0,0.105399,1.469285,25,25
2039-03-01,Tampakan,1206314000,18.288000,0.000000,66.100000,0.210286,0.332000,11,3,0,0,0,0,0,0,0,0,0,0,-0.228762,0.358965,14,14
2039-03-01,Tantangan,1206315000,4.304000,0.000000,25.775000,0.079692,0.188000,13,0,0,0,0,0,0,0,0,0,0,0,-2.454151,-1.613036,13,13
2039-03-01,Tupi,1206317000,17.132000,0.000000,66.875000,0.025067,0.128000,15,0,0,0,0,0,0,0,0,1,0,0,0.036982,2.232485,15,15
2039-04-01,Banga,1206302000,30.588000,0.000000,110.325000,0.216182,0.336000,18,4,0,0,0,0,0,0,0,0,0,0,0.278512,2.254391,22,22
2039-04-01,City of Koronadal,1206306000,9.300000,0.000000,52.775000,0.064741,0.124000,27,0,0,0,0,0,0,0,0,0,0,0,-2.822413,-1.302400,27,27
2039-04-01,Lake Sebu,1206319000,21.932000,0.000000,81.100000,0.274105,0.368000,11,8,0,0,0,0,0,0,0,0,0,0,-0.184380,1.706431,19,19
2039-04-01,Norala,1206311000,16.688000,0.000000,61.325000,0.134857,0.212000,14,0,0,0,0,0,0,0,0,0,0,0,-0.332561,0.149890,14,14
2039-04-01,Polomolok,1206312000,56.700000,0.000000,182.100000,0.332870,0.456000,7,16,0,0,10,0,0,10,1,10,2,0,3.537328,7.122361,23,23
2039-04-01,Santo Niño,1206318000,12.376000,0.000000,46.550000,0.172800,0.244000,10,0,0,0,0,0,0,0,0,0,0,0,-0.162829,0.019814,10,10
2039-04-01,Surallah,1206313000,38.760000,0.000000,128.100000,0.171294,0.216000,17,0,0,0,0,0,0,0,0,7,0,0,2.352046,3.367527,17,17
2039-04-01,T'Boli,1206316000,31.768000,0.000000,117.100000,0.297600,0.392000,13,12,0,0,0,0,0,0,0,0,0,0,0.024364,1.308550,25,25
2039-04-01,Tampakan,1206314000,17.924000,0.000000,64.550000,0.191429,0.308000,13,1,0,0,0,0,0,0,0,0,0,0,-0.282238,0.360181,14,14
2039-04-01,Tantangan,1206315000,4.040000,0.000000,25.325000,0.075077,0.164000,13,0,0,0,0,0,0,0,0,0,0,0,-2.510515,-1.547932,13,13
2039-04-01,Tupi,1206317000,17.396000,0.000000,64.550000,0.024267,0.120000,15,0,0,0,0,0,0,0,0,1,0,0,0.074518,2.233500,15,15
2039-05-01,Banga,1206302000,30.672000,0.000000,113.100000,0.219273,0.356000,21,1,0,0,0,0,0,0,0,0,0,0,0.265211,2.241713,22,22
2039-05-01,City of Koronadal,1206306000,9.468000,0.000000,57.550000,0.066815,0.120000,27,0,0,0,0,0,0,0,0,0,0,0,-2.803756,-1.233208,27,27
2039-05-01,Lake Sebu,1206319000,22.680000,0.000000,86.875000,0.291158,0.372000,8,11,0,0,0,0,0,0,0,0,0,0,-0.017566,2.201334,19,19
2039-05-01,Norala,1206311000,16.116000,0.000000,62.550000,0.122286,0.184000,14,0,0,0,0,0,0,0,0,0,0,0,-0.538999,0.001416,14,14
2039-05-01,Polomolok,1206312000,57.040000,1.000000,185.750000,0.327304,0.428000,7,16,0,0,10,0,0,10,1,10,1,0,3.481051,7.015525,23,23
2039-05-01,Santo Niño,1206318000,12.484000,0.000000,46.775000,0.173600,0.220000,10,0,0,0,0,0,0,0,0,0,0,0,-0.161541,0.060940,10,10
2039-05-01,Surallah,1206313000,40.436000,0.000000,131.550000,0.188941,0.232000,17,0,0,0,9,0,0,9,1,9,9,0,2.558713,3.515524,17,17
2039-05-01,T'Boli,1206316000,32.180000,0.000000,118.325000,0.298560,0.380000,14,11,0,0,0,0,0,0,0,0,0,0,-0.008557,1.337375,25,25
2039-05-01,Tampakan,1206314000,17.908000,0.000000,66.325000,0.195143,0.324000,13,1,0,0,0,0,0,0,0,0,0,0,-0.278318,0.414120,14,14
2039-05-01,Tantangan,1206315000,4.056000,0.000000,24.775000,0.073538,0.172000,13,0,0,0,0,0,0,0,0,0,0,0,-2.518933,-1.742444,13,13
2039-05-01,Tupi,1206317000,17.688000,0.000000,65.000000,0.022933,0.088000,15,0,0,0,0,0,0,0,0,1,0,0,0.104014,2.165831,15,15
2039-06-01,Banga,1206302000,30.496000,0.000000,109.100000,0.208545,0.284000,22,0,0,0,0,0,0,0,0,0,0,0,0.288010,2.598950,22,22
2039-06-01,City of Koronadal,1206306000,8.856000,0.000000,52.550000,0.062519,0.108000,27,0,0,0,0,0,0,0,0,0,0,0,-2.779898,-1.346049,27,27
2039-06-01,Lake Sebu,1206319000,22.576000,0.000000,83.550000,0.293474,0.380000,10,9,0,0,0,0,0,0,0,1,0,0,-0.094871,1.999549,19,19
2039-06-01,Norala,1206311000,16.068000,0.000000,63.325000,0.123714,0.168000,14,0,0,0,0,0,0,0,0,0,0,0,-0.471277,0.062122,14,14
2039-06-01,Polomolok,1206312000,57.812000,0.225000,182.875000,0.336696,0.456000,6,17,0,0,7,0,0,7,1,7,1,0,3.459282,7.349425,23,23
2039-06-01,Santo Niño,1206318000,12.844000,0.000000,47.550000,0.188000,0.288000,10,0,0,0,0,0,0,0,0,0,0,0,-0.043115,0.078269,10,10
2039-06-01,Surallah,1206313000,40.408000,0.000000,131.875000,0.187059,0.260000,17,0,0,0,4,0,0,4,1,7,0,0,2.471211,3.576751,17,17
2039-06-01,T'Boli,1206316000,31.592000,0.000000,117.775000,0.289920,0.380000,12,13,0,0,0,0,0,0,0,0,0,0,-0.054948,1.262957,25,25
2039-06-01,Tampakan,1206314000,17.512000,0.000000,64.550000,0.191714,0.280000,14,0,0,0,0,0,0,0,0,0,0,0,-0.374952,0.316853,14,14
2039-06-01,Tantangan,1206315000,4.452000,0.000000,26.000000,0.082769,0.140000,13,0,0,0,0,0,0,0,0,0,0,0,-2.379757,-1.673125,13,13
2039-06-01,Tupi,1206317000,17.120000,0.000000,68.775000,0.028000,0.148000,15,0,0,0,0,0,0,0,0,1,0,0,-0.010235,2.114733,15,15
2039-07-01,Banga,1206302000,30.676000,0.000000,114.100000,0.216909,0.324000,21,1,0,0,0,0,0,0,0,0,0,0,0.317174,2.610730,22,22
2039-07-01,City of Koronadal,1206306000,8.848000,0.000000,54.100000,0.061778,0.132000,27,0,0,0,0,0,0,0,0,0,0,0,-2.803748,-1.536892,27,27
2039-07-01,Lake Sebu,1206319000,22.268000,0.000000,84.325000,0.287368,0.380000,10,9,0,0,0,0,0,0,0,1,0,0,-0.084988,1.909357,19,19
2039-07-01,Norala,1206311000,16.508000,0.000000,62.775000,0.133143,0.180000,14,0,0,0,0,0,0,0,0,0,0,0,-0.360689,0.190345,14,14
2039-07-01,Polomolok,1206312000,56.916000,1.000000,187.875000,0.326609,0.480000,8,15,0,0,9,0,0,9,1,9,2,0,3.405797,7.195168,23,23
2039-07-01,Santo Niño,1206318000,12.936000,0.000000,46.000000,0.189600,0.288000,10,0,0,0,0,0,0,0,0,0,0,0,-0.011806,0.310894,10,10
2039-07-01,Surallah,1206313000,41.072000,0.000000,131.650000,0.197412,0.316000,16,1,0,0,9,0,0,9,1,9,5,0,2.570929,3.667400,17,17
2039-07-01,T'Boli,1206316000,30.984000,0.000000,113.100000,0.289600,0.388000,14,11,0,0,0,0,0,0,0,0,0,0,-0.075069,1.278131,25,25
2039-07-01,Tampakan,1206314000,17.332000,0.000000,67.775000,0.184571,0.276000,14,0,0,0,0,0,0,0,0,0,0,0,-0.435348,0.096791,14,14
2039-07-01,Tantangan,1206315000,4.508000,0.000000,26.550000,0.080615,0.144000,13,0,0,0,0,0,0,0,0,0,0,0,-2.386069,-1.621195,13,13
2039-07-01,Tupi,1206317000,17.524000,0.000000,66.325000,0.028800,0.148000,15,0,0,0,0,0,0,0,0,1,0,0,0.045678,2.126487,15,15
2039-08-01,Banga,1206302000,30.676000,0.000000,110.550000,0.218182,0.376000,20,2,0,0,0,0,0,0,0,0,0,0,0.245751,2.386304,22,22
2039-08-01,City of Koronadal,1206306000,9.116000,0.000000,55.100000,0.065481,0.116000,27,0,0,0,0,0,0,0,0,0,0,0,-2.763082,-1.494535,27,27
2039-08-01,Lake Sebu,1206319000,21.924000,0.000000,83.875000,0.281053,0.368000,9,10,0,0,0,0,0,0,0,0,0,0,-0.146276,1.921303,19,19
2039-08-01,Norala,1206311000,16.460000,0.000000,65.875000,0.128000,0.196000,14,0,0,0,0,0,0,0,0,0,0,0,-0.411669,0.067026,14,14
2039-08-01,Polomolok,1206312000,59.132000,0.000000,186.325000,0.356174,0.452000,4,19,0,0,10,0,0,10,1,10,1,0,3.570043,7.273994,23,23
2039-08-01,Santo Niño,1206318000,12.660000,0.000000,45.550000,0.176000,0.340000,9,1,0,0,0,0,0,0,0,0,0,0,-0.107659,0.247950,10,10
2039-08-01,Surallah,1206313000,41.460000,0.000000,132.325000,0.200000,0.288000,17,0,0,0,7,0,0,7,1,8,2,0,2.481432,3.536583,17,17
2039-08-01,T'Boli,1206316000,31.924000,0.000000,120.775000,0.288480,0.368000,15,10,0,0,0,0,0,0,0,0,0,0,0.020047,1.464744,25,25
2039-08-01,Tampakan,1206314000,16.944000,0.000000,65.325000,0.186571,0.336000,13,1,0,0,0,0,0,0,0,0,0,0,-0.519497,0.067026,14,14
2039-08-01,Tantangan,1206315000,4.344000,0.000000,25.550000,0.083077,0.156000,13,0,0,0,0,0,0,0,0,0,0,0,-2.412013,-1.772531,13,13
2039-08-01,Tupi,1206317000,17.480000,0.000000,67.100000,0.026667,0.116000,15,0,0,0,0,0,0,0,0,1,0,0,0.012617,2.076524,15,15
2039-09-01,Banga,1206302000,30.864000,0.000000,111.100000,0.219455,0.348000,20,2,0,0,0,0,0,0,0,0,0,0,0.219247,2.262649,22,22
2039-09-01,City of Koronadal,1206306000,9.608000,0.000000,58.550000,0.070370,0.128000,27,0,0,0,0,0,0,0,0,0,0,0,-2.756748,-1.442197,27,27
2039-09-01,Lake Sebu,1206319000,21.976000,0.000000,87.100000,0.272000,0.376000,12,7,0,0,0,0,0,0,0,0,0,0,-0.178042,2.221915,19,19
2039-09-01,Norala,1206311000,17.064000,0.000000,64.550000,0.138571,0.192000,14,0,0,0,0,0,0,0,0,0,0,0,-0.347317,0.210467,14,14
2039-09-01,Polomolok,1206312000,58.048000,0.225000,187.875000,0.338957,0.420000,6,17,0,0,7,0,0,7,1,8,0,0,3.415628,7.139832,23,23
2039-09-01,Santo Niño,1206318000,12.988000,0.000000,47.550000,0.183200,0.272000,10,0,0,0,0,0,0,0,0,0,0,0,-0.042134,0.209202,10,10
2039-09-01,Surallah,1206313000,42.088000,0.000000,132.000000,0.212000,0.304000,16,1,0,0,6,0,0,6,1,8,0,0,2.587008,3.500976,17,17
2039-09-01,T'Boli,1206316000,31.640000,0.000000,115.550000,0.292320,0.396000,13,12,0,0,0,0,0,0,0,0,0,0,-0.088082,1.423476,25,25
2039-09-01,Tampakan,1206314000,16.888000,0.000000,61.775000,0.177143,0.284000,14,0,0,0,0,0,0,0,0,0,0,0,-0.509836,0.099721,14,14
2039-09-01,Tantangan,1206315000,4.200000,0.000000,24.000000,0.077231,0.148000,13,0,0,0,0,0,0,0,0,0,0,0,-2.432190,-1.559381,13,13
2039-09-01,Tupi,1206317000,18.156000,0.000000,66.550000,0.027467,0.120000,15,0,0,0,0,0,0,0,0,1,0,0,0.157815,2.283519,15,15
2039-10-01,Banga,1206302000,31.004000,0.000000,113.775000,0.214727,0.356000,20,2,0,0,0,0,0,0,0,0,0,0,0.244381,2.193912,22,22
2039-10-01,City of Koronadal,1206306000,9.368000,0.000000,54.325000,0.068593,0.152000,27,0,0,0,0,0,0,0,0,0,0,0,-2.743423,-1.413519,27,27
2039-10-01,Lake Sebu,1206319000,21.252000,0.000000,82.000000,0.271789,0.360000,10,9,0,0,0,0,0,0,0,0,0,0,-0.215790,2.129313,19,19
2039-10-01,Norala,1206311000,17.172000,0.000000,65.550000,0.136286,0.168000,14,0,0,0,0,0,0,0,0,0,0,0,-0.315813,0.153859,14,14
2039-10-01,Polomolok,1206312000,58.860000,0.000000,182.100000,0.354957,0.476000,3,20,0,0,8,0,0,8,1,9,1,0,3.527544,6.978609,23,23
2039-10-01,Santo Niño,1206318000,13.428000,0.000000,48.775000,0.199200,0.360000,8,2,0,0,0,0,0,0,0,0,0,0,0.084520,0.263984,10,10
2039-10-01,Surallah,1206313000,42.236000,0.000000,135.550000,0.196471,0.292000,17,0,0,0,8,0,0,8,1,10,2,0,2.616825,3.656246,17,17
2039-10-01,T'Boli,1206316000,30.700000,0.000000,112.550000,0.276640,0.396000,16,9,0,0,0,0,0,0,0,0,0,0,-0.147635,1.405159,25,25
2039-10-01,Tampakan,1206314000,16.324000,0.000000,62.875000,0.170857,0.300000,13,1,0,0,0,0,0,0,0,0,0,0,-0.629647,-0.140452,14,14
2039-10-01,Tantangan,1206315000,4.232000,0.000000,26.875000,0.075692,0.140000,13,0,0,0,0,0,0,0,0,0,0,0,-2.400662,-1.517837,13,13
2039-10-01,Tupi,1206317000,17.656000,0.000000,66.775000,0.030400,0.140000,15,0,0,0,0,0,0,0,0,1,0,0,0.049224,2.358808,15,15
2039-11-01,Banga,1206302000,30.812000,0.000000,110.325000,0.222727,0.368000,20,2,0,0,0,0,0,0,0,0,0,0,0.291885,2.502670,22,22
2039-11-01,City of Koronadal,1206306000,9.176000,0.000000,53.550000,0.070667,0.140000,27,0,0,0,0,0,0,0,0,0,0,0,-2.717522,-1.277039,27,27
2039-11-01,Lake Sebu,1206319000,21.068000,0.000000,82.550000,0.264842,0.348000,13,6,0,0,0,0,0,0,0,0,0,0,-0.213318,2.226887,19,19
2039-11-01,Norala,1206311000,16.952000,0.000000,64.775000,0.142857,0.204000,14,0,0,0,0,0,0,0,0,0,0,0,-0.325348,0.057220,14,14
2039-11-01,Polomolok,1206312000,57.368000,0.000000,186.100000,0.333913,0.460000,9,14,0,0,7,0,0,7,1,8,0,0,3.355213,7.043602,23,23
2039-11-01,Santo Niño,1206318000,12.840000,0.000000,49.425000,0.190000,0.272000,10,0,0,0,0,0,0,0,0,0,0,0,-0.039961,0.204626,10,10
2039-11-01,Surallah,1206313000,43.188000,0.000000,137.425000,0.211059,0.316000,16,1,0,0,9,0,0,9,1,9,4,0,2.720487,4.001919,17,17
2039-11-01,T'Boli,1206316000,30.688000,0.000000,117.650000,0.281280,0.356000,13,12,0,0,0,0,0,0,0,0,0,0,-0.127206,1.304468,25,25
2039-11-01,Tampakan,1206314000,16.104000,0.000000,59.775000,0.168857,0.296000,14,0,0,0,0,0,0,0,0,0,0,0,-0.607042,-0.038055,14,14
2039-11-01,Tantangan,1206315000,4.392000,0.000000,23.775000,0.079692,0.172000,13,0,0,0,0,0,0,0,0,0,0,0,-2.331269,-1.422257,13,13
2039-11-01,Tupi,1206317000,18.580000,0.000000,69.775000,0.032800,0.116000,15,0,0,0,0,0,0,0,0,1,0,0,0.179956,2.298596,15,15
2039-12-01,Banga,1206302000,32.116000,0.000000,116.325000,0.236182,0.340000,17,5,0,0,0,0,0,0,0,0,0,0,0.454309,2.671449,22,22
2039-12-01,City of Koronadal,1206306000,8.928000,0.000000,52.550000,0.065185,0.136000,27,0,0,0,0,0,0,0,0,0,0,0,-2.699379,-1.326553,27,27
2039-12-01,Lake Sebu,1206319000,20.600000,0.000000,80.650000,0.256000,0.348000,14,5,0,0,0,0,0,0,0,0,0,0,-0.319390,2.005775,19,19
2039-12-01,Norala,1206311000,16.632000,0.000000,63.000000,0.129429,0.204000,14,0,0,0,0,0,0,0,0,0,0,0,-0.378435,0.120342,14,14
2039-12-01,Polomolok,1206312000,59.068000,0.000000,191.325000,0.339652,0.464000,6,17,0,0,9,0,0,9,1,9,3,0,3.475474,7.235645,23,23
2039-12-01,Santo Niño,1206318000,12.836000,0.000000,49.000000,0.181600,0.248000,10,0,0,0,0,0,0,0,0,0,0,0,-0.046858,0.276239,10,10
2039-12-01,Surallah,1206313000,42.880000,0.000000,144.100000,0.209882,0.288000,17,0,0,0,10,0,0,10,1,10,2,0,2.623072,3.805728,17,17
2039-12-01,T'Boli,1206316000,30.452000,0.000000,114.650000,0.282080,0.352000,13,12,0,0,0,0,0,0,0,0,0,0,-0.164937,1.426229,25,25
2039-12-01,Tampakan,1206314000,15.920000,0.000000,59.325000,0.162571,0.268000,14,0,0,0,0,0,0,0,0,0,0,0,-0.647336,-0.215634,14,14
2039-12-01,Tantangan,1206315000,4.280000,0.000000,26.550000,0.075692,0.160000,13,0,0,0,0,0,0,0,0,0,0,0,-2.326713,-1.630844,13,13
2039-12-01,Tupi,1206317000,18.204000,0.000000,70.325000,0.032800,0.140000,15,0,0,0,0,0,0,0,0,1,0,0,0.102167,2.107129,15,15
2040-01-01,Banga,1206302000,31.220000,0.000000,113.550000,0.218545,0.356000,19,3,0,0,0,0,0,0,0,0,0,0,0.308698,2.259535,22,22
2040-01-01,City of Koronadal,1206306000,9.268000,0.000000,53.550000,0.066963,0.132000,27,0,0,0,0,0,0,0,0,0,0,0,-2.852154,-1.434598,27,27
2040-01-01,Lake Sebu,1206319000,22.528000,0.000000,85.325000,0.284421,0.364000,8,11,0,0,0,0,0,0,0,0,0,0,-0.125773,1.773411,19,19
2040-01-01,Norala,1206311000,16.556000,0.000000,63.325000,0.127143,0.188000,14,0,0,0,0,0,0,0,0,0,0,0,-0.450923,0.034057,14,14
2040-01-01,Polomolok,1206312000,57.344000,0.000000,180.325000,0.336000,0.448000,4,19,0,0,10,0,0,10,1,10,1,0,3.594014,7.275043,23,23
2040-01-01,Santo Niño,1206318000,12.408000,0.000000,48.325000,0.178400,0.332000,9,1,0,0,0,0,0,0,0,0,0,0,-0.137598,0.309759,10,10
2040-01-01,Surallah,1206313000,38.124000,0.000000,125.875000,0.171059,0.260000,17,0,0,0,4,0,0,4,1,6,0,0,2.292114,3.339486,17,17
2040-01-01,T'Boli,1206316000,32.076000,0.000000,115.875000,0.297280,0.376000,13,12,0,0,0,0,0,0,0,0,0,0,0.029450,1.678291,25,25
2040-01-01,Tampakan,1206314000,18.752000,0.000000,69.550000,0.209143,0.324000,12,2,0,0,0,0,0,0,0,0,0,0,-0.114926,0.632180,14,14
2040-01-01,Tantangan,1206315000,4.176000,0.000000,25.775000,0.076615,0.128000,13,0,0,0,0,0,0,0,0,0,0,0,-2.520463,-1.775002,13,13
2040-01-01,Tupi,1206317000,17.196000,0.000000,67.775000,0.028000,0.132000,15,0,0,0,0,0,0,0,0,1,0,0,0.015041,2.110122,15,15
2040-02-01,Banga,1206302000,30.600000,0.000000,112.100000,0.219273,0.320000,20,2,0,0,0,0,0,0,0,0,0,0,0.264438,2.211383,22,22
2040-02-01,City of Koronadal,1206306000,8.932000,0.000000,52.325000,0.063704,0.144000,27,0,0,0,0,0,0,0,0,0,0,0,-2.828876,-1.419817,27,27
2040-02-01,Lake Sebu,1206319000,22.232000,0.000000,86.875000,0.280211,0.364000,10,9,0,0,0,0,0,0,0,1,0,0,-0.159494,1.521625,19,19
2040-02-01,Norala,1206311000,16.356000,0.000000,63.775000,0.133143,0.192000,14,0,0,0,0,0,0,0,0,0,0,0,-0.449481,0.057395,14,14
2040-02-01,Polomolok,1206312000,57.808000,0.000000,190.875000,0.334783,0.460000,10,13,0,0,9,0,0,9,1,10,1,0,3.548532,7.313384,23,23
2040-02-01,Santo Niño,1206318000,11.948000,0.000000,46.550000,0.166000,0.268000,10,0,0,0,0,0,0,0,0,0,0,0,-0.262992,-0.020251,10,10
2040-02-01,Surallah,1206313000,37.772000,0.000000,122.425000,0.171765,0.236000,17,0,0,0,0,0,0,0,0,6,0,0,2.142144,2.964147,17,17
2040-02-01,T'Boli,1206316000,32.848000,0.000000,122.875000,0.307360,0.376000,9,16,0,0,0,0,0,0,0,0,0,0,0.106233,1.494647,25,25
2040-02-01,Tampakan,1206314000,18.976000,0.000000,69.325000,0.208000,0.324000,13,1,0,0,0,0,0,0,0,1,0,0,-0.117341,0.534541,14,14
2040-02-01,Tantangan,1206315000,4.608000,0.000000,28.100000,0.084923,0.156000,13,0,0,0,0,0,0,0,0,0,0,0,-2.426454,-1.672830,13,13
2040-02-01,Tupi,1206317000,17.012000,0.000000,65.775000,0.024267,0.116000,15,0,0,0,0,0,0,0,0,1,0,0,-0.002325,2.045344,15,15
2040-03-01,Banga,1206302000,30.488000,0.000000,112.875000,0.213273,0.312000,21,1,0,0,0,0,0,0,0,0,0,0,0.242517,2.069966,22,22
2040-03-01,City of Koronadal,1206306000,9.184000,0.000000,56.775000,0.065778,0.132000,27,0,0,0,0,0,0,0,0,0,0,0,-2.812962,-1.376190,27,27
2040-03-01,Lake Sebu,1206319000,22.296000,0.000000,85.100000,0.281895,0.388000,10,9,0,0,0,0,0,0,0,1,0,0,-0.104215,1.785845,19,19
2040-03-01,Norala,1206311000,16.576000,0.000000,64.550000,0.129143,0.172000,14,0,0,0,0,0,0,0,0,0,0,0,-0.397780,-0.035196,14,14
2040-03-01,Polomolok,1206312000,57.636000,0.000000,185.875000,0.340522,0.440000,6,17,0,0,11,0,0,11,1,11,3,0,3.622098,7.425700,23,23
2040-03-01,Santo Niño,1206318000,12.036000,0.000000,44.775000,0.172800,0.288000,10,0,0,0,0,0,0,0,0,0,0,0,-0.240586,0.009269,10,10
2040-03-01,Surallah,1206313000,37.616000,0.000000,124.325000,0.164000,0.220000,17,0,0,0,8,0,0,8,1,10,8,0,2.147614,2.911909,17,17
2040-03-01,T'Boli,1206316000,32.408000,0.000000,119.650000,0.296480,0.392000,13,12,0,0,0,0,0,0,0,0,0,0,0.080246,1.458570,25,25
2040-03-01,Tampakan,1206314000,18.380000,0.000000,68.000000,0.202000,0.356000,12,2,0,0,0,0,0,0,0,0,0,0,-0.193557,0.306375,14,14
2040-03-01,Tantangan,1206315000,4.344000,0.000000,24.775000,0.078769,0.140000,13,0,0,0,0,0,0,0,0,0,0,0,-2.438702,-1.642416,13,13
2040-03-01,Tupi,1206317000,17.592000,0.000000,66.325000,0.028533,0.128000,15,0,0,0,0,0,0,0,0,1,0,0,0.075856,2.192865,15,15
2040-04-01,Banga,1206302000,30.800000,0.000000,115.100000,0.210545,0.320000,20,2,0,0,0,0,0,0,0,0,0,0,0.314651,2.219608,22,22
2040-04-01,City of Koronadal,1206306000,9.240000,0.000000,55.000000,0.069778,0.184000,27,0,0,0,0,0,0,0,0,0,0,0,-2.856976,-1.328292,27,27
2040-04-01,Lake Sebu,1206319000,22.824000,0.000000,85.650000,0.296211,0.360000,8,11,0,0,0,0,0,0,0,0,0,0,-0.069687,1.724790,19,19
2040-04-01,Norala,1206311000,15.964000,0.000000,62.100000,0.128000,0.172000,14,0,0,0,0,0,0,0,0,0,0,0,-0.519740,-0.082112,14,14
2040-04-01,Polomolok,1206312000,56.344000,0.000000,186.100000,0.328174,0.428000,6,17,0,0,7,0,0,7,1,8,0,0,3.499050,7.154082,23,23
2040-04-01,Santo Niño,1206318000,12.464000,0.000000,45.550000,0.179600,0.276000,10,0,0,0,0,0,0,0,0,0,0,0,-0.112722,0.103669,10,10
2040-04-01,Surallah,1206313000,37.880000,0.000000,123.550000,0.168235,0.268000,17,0,0,0,0,0,0,0,0,4,0,0,2.283094,3.392943,17,17
2040-04-01,T'Boli,1206316000,31.932000,0.000000,116.775000,0.294240,0.404000,12,13,0,0,0,0,0,0,0,0,0,0,0.040287,1.566320,25,25
2040-04-01,Tampakan,1206314000,18.160000,0.000000,68.100000,0.206571,0.324000,12,2,0,0,0,0,0,0,0,0,0,0,-0.190963,0.278011,14,14
2040-04-01,Tantangan,1206315000,4.276000,0.000000,24.775000,0.083692,0.200000,13,0,0,0,0,0,0,0,0,0,0,0,-2.490678,-1.761216,13,13
2040-04-01,Tupi,1206317000,17.728000,0.000000,67.550000,0.024267,0.112000,15,0,0,0,0,0,0,0,0,1,0,0,0.126262,2.142551,15,15
2040-05-01,Banga,1206302000,30.616000,0.000000,112.875000,0.212000,0.344000,18,4,0,0,0,0,0,0,0,0,0,0,0.249224,2.153509,22,22
2040-05-01,City of Koronadal,1206306000,8.840000,0.000000,54.550000,0.065778,0.156000,27,0,0,0,0,0,0,0,0,0,0,0,-2.779668,-1.509053,27,27
2040-05-01,Lake Sebu,1206319000,21.740000,0.000000,84.100000,0.277053,0.364000,11,8,0,0,0,0,0,0,0,0,0,0,-0.182005,1.588190,19,19
2040-05-01,Norala,1206311000,16.004000,0.000000,64.100000,0.123714,0.168000,14,0,0,0,0,0,0,0,0,0,0,0,-0.495892,-0.060151,14,14
2040-05-01,Polomolok,1206312000,57.924000,0.000000,186.325000,0.332348,0.484000,8,15,0,0,7,0,0,7,1,7,1,0,3.498362,7.539034,23,23
2040-05-01,Santo Niño,1206318000,12.776000,0.000000,50.325000,0.179200,0.264000,10,0,0,0,0,0,0,0,0,0,0,0,-0.059741,0.320845,10,10
2040-05-01,Surallah,1206313000,39.124000,0.000000,136.875000,0.177882,0.244000,17,0,0,0,4,0,0,4,1,4,4,0,2.270592,3.380281,17,17
2040-05-01,T'Boli,1206316000,32.540000,0.000000,120.875000,0.302400,0.392000,11,14,0,0,0,0,0,0,0,0,0,0,0.047057,1.350628,25,25
2040-05-01,Tampakan,1206314000,17.904000,0.000000,70.875000,0.194571,0.352000,12,2,0,0,0,0,0,0,0,0,0,0,-0.294651,0.254140,14,14
2040-05-01,Tantangan,1206315000,4.244000,0.000000,25.550000,0.077231,0.172000,13,0,0,0,0,0,0,0,0,0,0,0,-2.413589,-1.684691,13,13
2040-05-01,Tupi,1206317000,18.208000,0.000000,71.550000,0.031733,0.128000,15,0,0,0,0,0,0,0,0,1,0,0,0.133688,1.963073,15,15
2040-06-01,Banga,1206302000,30.596000,0.000000,114.875000,0.211818,0.332000,19,3,0,0,0,0,0,0,0,0,0,0,0.262174,2.145165,22,22
2040-06-01,City of Koronadal,1206306000,8.768000,0.000000,55.550000,0.061185,0.160000,27,0,0,0,0,0,0,0,0,0,0,0,-2.753894,-1.386964,27,27
2040-06-01,Lake Sebu,1206319000,21.824000,0.000000,82.100000,0.272632,0.360000,12,7,0,0,0,0,0,0,0,0,0,0,-0.135050,1.805201,19,19
2040-06-01,Norala,1206311000,16.300000,0.000000,61.550000,0.127429,0.224000,14,0,0,0,0,0,0,0,0,0,0,0,-0.442546,0.021862,14,14
2040-06-01,Polomolok,1206312000,57.372000,0.000000,190.425000,0.332000,0.452000,7,16,0,0,6,0,0,6,1,7,0,0,3.447122,7.348378,23,23
2040-06-01,Santo Niño,1206318000,12.456000,0.000000,49.325000,0.176400,0.284000,10,0,0,0,0,0,0,0,0,0,0,0,-0.094169,0.106546,10,10
2040-06-01,Surallah,1206313000,39.556000,0.000000,131.325000,0.186824,0.260000,17,0,0,0,4,0,0,4,1,5,0,0,2.447749,3.516490,17,17
2040-06-01,T'Boli,1206316000,31.544000,0.000000,117.875000,0.293280,0.416000,13,12,0,0,0,0,0,0,0,0,0,0,0.005874,1.424061,25,25
2040-06-01,Tampakan,1206314000,17.772000,0.000000,65.550000,0.197143,0.348000,12,2,0,0,0,0,0,0,0,0,0,0,-0.302582,0.128211,14,14
2040-06-01,Tantangan,1206315000,4.236000,0.000000,27.325000,0.076923,0.168000,13,0,0,0,0,0,0,0,0,0,0,0,-2.326528,-1.518137,13,13
2040-06-01,Tupi,1206317000,17.572000,0.000000,67.100000,0.027200,0.120000,15,0,0,0,0,0,0,0,0,1,0,0,0.096570,2.088441,15,15
2040-07-01,Banga,1206302000,30.908000,0.000000,114.100000,0.221818,0.304000,21,1,0,0,0,0,0,0,0,0,0,0,0.321813,2.441625,22,22
2040-07-01,City of Koronadal,1206306000,8.876000,0.000000,55.875000,0.066222,0.128000,27,0,0,0,0,0,0,0,0,0,0,0,-2.734441,-1.418762,27,27
2040-07-01,Lake Sebu,1206319000,21.276000,0.000000,85.100000,0.268211,0.352000,12,7,0,0,0,0,0,0,0,0,0,0,-0.250239,1.766374,19,19
2040-07-01,Norala,1206311000,16.448000,0.000000,60.775000,0.136286,0.200000,14,0,0,0,0,0,0,0,0,0,0,0,-0.402084,0.001934,14,14
2040-07-01,Polomolok,1206312000,58.524000,0.000000,188.875000,0.338087,0.416000,7,16,0,0,9,0,0,9,1,9,3,0,3.516140,7.145279,23,23
2040-07-01,Santo Niño,1206318000,12.692000,0.000000,47.000000,0.180400,0.356000,9,1,0,0,0,0,0,0,0,0,0,0,-0.095474,0.149928,10,10
2040-07-01,Surallah,1206313000,40.148000,0.000000,131.100000,0.184941,0.288000,17,0,0,0,8,0,0,8,1,8,4,0,2.416645,3.467443,17,17
2040-07-01,T'Boli,1206316000,31.596000,0.000000,119.100000,0.290400,0.392000,14,11,0,0,0,0,0,0,0,0,0,0,-0.025586,1.525827,25,25
2040-07-01,Tampakan,1206314000,17.572000,0.000000,68.550000,0.197714,0.340000,12,2,0,0,0,0,0,0,0,0,0,0,-0.364104,0.091627,14,14
2040-07-01,Tantangan,1206315000,4.548000,0.000000,25.000000,0.083385,0.148000,13,0,0,0,0,0,0,0,0,0,0,0,-2.322704,-1.550249,13,13
2040-07-01,Tupi,1206317000,17.556000,0.000000,69.425000,0.029600,0.176000,15,0,0,0,0,0,0,0,0,1,0,0,0.061847,2.107489,15,15
2040-08-01,Banga,1206302000,31.440000,0.000000,117.550000,0.220545,0.352000,17,5,0,0,0,0,0,0,0,0,0,0,0.362178,2.294300,22,22
2040-08-01,City of Koronadal,1206306000,9.408000,0.000000,53.550000,0.069778,0.152000,27,0,0,0,0,0,0,0,0,0,0,0,-2.818350,-1.479821,27,27
2040-08-01,Lake Sebu,1206319000,21.896000,0.000000,85.550000,0.277053,0.352000,12,7,0,0,0,0,0,0,0,0,0,0,-0.131851,2.120643,19,19
2040-08-01,Norala,1206311000,16.476000,0.000000,61.325000,0.130857,0.160000,14,0,0,0,0,0,0,0,0,0,0,0,-0.458507,0.001781,14,14
2040-08-01,Polomolok,1206312000,57.164000,0.000000,181.875000,0.336000,0.452000,7,16,0,0,9,0,0,9,1,9,1,0,3.477523,7.229498,23,23
2040-08-01,Santo Niño,1206318000,12.524000,0.000000,47.550000,0.184800,0.352000,9,1,0,0,0,0,0,0,0,0,0,0,-0.129118,0.245813,10,10
2040-08-01,Surallah,1206313000,41.148000,0.000000,137.200000,0.190824,0.252000,17,0,0,0,9,0,0,9,1,10,3,0,2.639861,3.715585,17,17
2040-08-01,T'Boli,1206316000,31.384000,0.000000,121.750000,0.286560,0.372000,12,13,0,0,0,0,0,0,0,0,0,0,-0.074640,1.409296,25,25
2040-08-01,Tampakan,1206314000,17.200000,0.000000,66.775000,0.180857,0.308000,13,1,0,0,0,0,0,0,0,0,0,0,-0.459695,0.065147,14,14
2040-08-01,Tantangan,1206315000,4.640000,0.000000,27.550000,0.089231,0.192000,13,0,0,0,0,0,0,0,0,0,0,0,-2.373296,-1.556521,13,13
2040-08-01,Tupi,1206317000,17.556000,0.000000,67.550000,0.027200,0.148000,15,0,0,0,0,0,0,0,0,1,0,0,0.050973,2.250844,15,15
2040-09-01,Banga,1206302000,31.396000,0.000000,114.875000,0.227818,0.348000,17,5,0,0,0,0,0,0,0,0,0,0,0.341895,2.651256,22,22
2040-09-01,City of Koronadal,1206306000,9.480000,0.000000,54.550000,0.066815,0.132000,27,0,0,0,0,0,0,0,0,0,0,0,-2.785462,-1.600208,27,27
2040-09-01,Lake Sebu,1206319000,21.284000,0.000000,84.325000,0.268632,0.360000,12,7,0,0,0,0,0,0,0,0,0,0,-0.201475,2.157034,19,19
2040-09-01,Norala,1206311000,16.832000,0.000000,62.775000,0.132571,0.192000,14,0,0,0,0,0,0,0,0,0,0,0,-0.384352,0.033209,14,14
2040-09-01,Polomolok,1206312000,57.808000,0.000000,184.425000,0.345043,0.460000,4,19,0,0,9,0,0,9,1,9,1,0,3.468548,7.154186,23,23
2040-09-01,Santo Niño,1206318000,12.824000,0.000000,46.775000,0.194000,0.292000,10,0,0,0,0,0,0,0,0,0,0,0,-0.076586,0.174434,10,10
2040-09-01,Surallah,1206313000,42.312000,0.000000,135.550000,0.206824,0.280000,17,0,0,0,9,0,0,9,1,9,3,0,2.650146,3.765368,17,17
2040-09-01,T'Boli,1206316000,31.768000,0.000000,122.100000,0.289760,0.392000,13,12,0,0,0,0,0,0,0,0,0,0,-0.058366,1.419355,25,25
2040-09-01,Tampakan,1206314000,17.176000,0.000000,66.100000,0.184286,0.308000,13,1,0,0,0,0,0,0,0,0,0,0,-0.484972,0.081759,14,14
2040-09-01,Tantangan,1206315000,4.772000,0.000000,29.550000,0.093538,0.164000,13,0,0,0,0,0,0,0,0,0,0,0,-2.342984,-1.562925,13,13
2040-09-01,Tupi,1206317000,17.280000,0.000000,66.000000,0.025067,0.120000,15,0,0,0,0,0,0,0,0,1,0,0,-0.066601,1.989556,15,15
2040-10-01,Banga,1206302000,31.432000,0.000000,115.325000,0.216727,0.316000,21,1,0,0,0,0,0,0,0,0,0,0,0.325270,2.339128,22,22
2040-10-01,City of Koronadal,1206306000,9.344000,0.000000,56.775000,0.065630,0.156000,27,0,0,0,0,0,0,0,0,0,0,0,-2.786641,-1.509775,27,27
2040-10-01,Lake Sebu,1206319000,21.736000,0.000000,85.875000,0.273684,0.344000,12,7,0,0,0,0,0,0,0,0,0,0,-0.177548,2.096628,19,19
2040-10-01,Norala,1206311000,17.220000,0.000000,66.550000,0.148286,0.216000,14,0,0,0,0,0,0,0,0,0,0,0,-0.337567,0.152794,14,14
2040-10-01,Polomolok,1206312000,58.916000,0.000000,187.875000,0.351478,0.468000,5,18,0,0,10,0,0,10,1,10,1,0,3.536585,7.277456,23,23
2040-10-01,Santo Niño,1206318000,12.988000,0.000000,49.875000,0.180800,0.280000,10,0,0,0,0,0,0,0,0,0,0,0,0.014308,0.321607,10,10
2040-10-01,Surallah,1206313000,41.716000,0.000000,139.650000,0.202824,0.284000,17,0,0,0,9,0,0,9,1,9,2,0,2.589332,3.872014,17,17
2040-10-01,T'Boli,1206316000,31.472000,0.000000,121.325000,0.289120,0.384000,13,12,0,0,0,0,0,0,0,0,0,0,-0.092814,1.556046,25,25
2040-10-01,Tampakan,1206314000,16.364000,0.000000,62.775000,0.172286,0.324000,13,1,0,0,0,0,0,0,0,0,0,0,-0.639352,-0.257549,14,14
2040-10-01,Tantangan,1206315000,4.664000,0.000000,28.000000,0.084308,0.128000,13,0,0,0,0,0,0,0,0,0,0,0,-2.364367,-1.556638,13,13
2040-10-01,Tupi,1206317000,16.836000,0.000000,64.100000,0.022667,0.108000,15,0,0,0,0,0,0,0,0,1,0,0,-0.090083,2.284587,15,15
2040-11-01,Banga,1206302000,31.748000,0.000000,115.325000,0.218000,0.316000,21,1,0,0,0,0,0,0,0,0,0,0,0.378485,2.546371,22,22
2040-11-01,City of Koronadal,1206306000,9.520000,0.000000,55.100000,0.071111,0.148000,27,0,0,0,0,0,0,0,0,0,0,0,-2.758533,-1.428231,27,27
2040-11-01,Lake Sebu,1206319000,21.944000,0.000000,85.100000,0.276000,0.352000,11,8,0,0,0,0,0,0,0,0,0,0,-0.177348,2.089586,19,19
2040-11-01,Norala,1206311000,16.312000,0.000000,65.325000,0.124571,0.192000,14,0,0,0,0,0,0,0,0,0,0,0,-0.447005,0.114300,14,14
2040-11-01,Polomolok,1206312000,58.060000,0.000000,192.975000,0.335826,0.480000,6,17,0,0,7,0,0,7,1,8,0,0,3.383035,6.832218,23,23
2040-11-01,Santo Niño,1206318000,13.404000,0.000000,50.550000,0.195600,0.268000,10,0,0,0,0,0,0,0,0,0,0,0,0.086497,0.331925,10,10
2040-11-01,Surallah,1206313000,43.076000,0.000000,135.875000,0.205412,0.332000,16,1,0,0,6,0,0,6,1,7,1,0,2.707516,3.899220,17,17
2040-11-01,T'Boli,1206316000,30.828000,0.000000,116.875000,0.282560,0.364000,13,12,0,0,0,0,0,0,0,0,0,0,-0.147601,1.298088,25,25
2040-11-01,Tampakan,1206314000,16.332000,0.000000,61.650000,0.177714,0.276000,14,0,0,0,0,0,0,0,0,0,0,0,-0.671779,-0.151050,14,14
2040-11-01,Tantangan,1206315000,4.668000,0.000000,28.325000,0.085231,0.156000,13,0,0,0,0,0,0,0,0,0,0,0,-2.378214,-1.640004,13,13
2040-11-01,Tupi,1206317000,17.468000,0.000000,67.325000,0.030933,0.140000,15,0,0,0,0,0,0,0,0,1,0,0,0.015477,2.174838,15,15
2040-12-01,Banga,1206302000,31.784000,0.000000,116.875000,0.219091,0.316000,20,2,0,0,0,0,0,0,0,0,0,0,0.419082,2.642734,22,22
2040-12-01,City of Koronadal,1206306000,9.184000,0.000000,55.650000,0.063407,0.124000,27,0,0,0,0,0,0,0,0,0,0,0,-2.756492,-1.275200,27,27
2040-12-01,Lake Sebu,1206319000,21.284000,0.000000,80.325000,0.271789,0.360000,13,6,0,0,0,0,0,0,0,0,0,0,-0.235568,2.410915,19,19
2040-12-01,Norala,1206311000,16.472000,0.000000,62.550000,0.131143,0.176000,14,0,0,0,0,0,0,0,0,0,0,0,-0.393628,0.249298,14,14
2040-12-01,Polomolok,1206312000,57.464000,0.000000,186.650000,0.338783,0.472000,5,18,0,0,7,0,0,7,1,8,0,0,3.376085,6.759080,23,23
2040-12-01,Santo Niño,1206318000,13.636000,0.000000,48.775000,0.210800,0.340000,9,1,0,0,0,0,0,0,0,0,0,0,0.155814,0.434834,10,10
2040-12-01,Surallah,1206313000,43.708000,0.000000,149.875000,0.210824,0.304000,16,1,0,0,5,0,0,5,1,9,1,0,2.788016,3.925936,17,17
2040-12-01,T'Boli,1206316000,30.468000,0.000000,121.875000,0.277440,0.368000,13,12,0,0,0,0,0,0,0,0,0,0,-0.167805,1.266662,25,25
2040-12-01,Tampakan,1206314000,15.632000,0.000000,60.550000,0.154857,0.260000,14,0,0,0,0,0,0,0,0,0,0,0,-0.725279,-0.210018,14,14
2040-12-01,Tantangan,1206315000,4.596000,0.000000,26.775000,0.093231,0.144000,13,0,0,0,0,0,0,0,0,0,0,0,-2.343702,-1.631813,13,13
2040-12-01,Tupi,1206317000,17.432000,0.000000,66.100000,0.027200,0.140000,15,0,0,0,0,0,0,0,0,1,0,0,-0.002812,2.217846,15,15
2041-01-01,Banga,1206302000,30.756000,0.000000,110.100000,0.217273,0.336000,19,3,0,0,0,0,0,0,0,0,0,0,0.310069,2.519475,22,22
2041-01-01,City of Koronadal,1206306000,8.992000,0.000000,54.325000,0.064148,0.152000,27,0,0,0,0,0,0,0,0,0,0,0,-2.883437,-1.386575,27,27
2041-01-01,Lake Sebu,1206319000,21.892000,0.000000,84.550000,0.277263,0.360000,12,7,0,0,0,0,0,0,0,0,0,0,-0.125717,2.028179,19,19
2041-01-01,Norala,1206311000,16.300000,0.000000,62.775000,0.129714,0.168000,14,0,0,0,0,0,0,0,0,0,0,0,-0.404467,0.150485,14,14
2041-01-01,Polomolok,1206312000,55.164000,0.000000,181.750000,0.320174,0.432000,9,14,0,0,10,0,0,10,1,10,3,0,3.437142,7.237723,23,23
2041-01-01,Santo Niño,1206318000,12.800000,0.000000,48.100000,0.188400,0.292000,10,0,0,0,0,0,0,0,0,0,0,0,-0.032232,0.256614,10,10
2041-01-01,Surallah,1206313000,39.064000,0.000000,132.650000,0.177647,0.256000,17,0,0,0,10,0,0,10,1,10,6,0,2.484919,3.479248,17,17
2041-01-01,T'Boli,1206316000,31.624000,0.000000,120.650000,0.286720,0.412000,15,10,0,0,0,0,0,0,0,0,0,0,0.023229,1.231041,25,25
2041-01-01,Tampakan,1206314000,18.484000,0.000000,69.550000,0.204571,0.288000,14,0,0,0,0,0,0,0,0,1,0,0,-0.167094,0.645729,14,14
2041-01-01,Tantangan,1206315000,4.504000,0.000000,28.775000,0.083692,0.140000,13,0,0,0,0,0,0,0,0,0,0,0,-2.438348,-1.597122,13,13
2041-01-01,Tupi,1206317000,17.488000,0.000000,65.550000,0.030933,0.184000,15,0,0,0,0,0,0,0,0,1,0,0,0.047681,2.105613,15,15
2041-02-01,Banga,1206302000,30.168000,0.000000,111.325000,0.210909,0.324000,20,2,0,0,0,0,0,0,0,0,0,0,0.207176,2.146919,22,22
2041-02-01,City of Koronadal,1206306000,8.872000,0.000000,56.100000,0.064593,0.140000,27,0,0,0,0,0,0,0,0,0,0,0,-2.817594,-1.472917,27,27
2041-02-01,Lake Sebu,1206319000,21.980000,0.000000,83.775000,0.276632,0.380000,11,8,0,0,0,0,0,0,0,0,0,0,-0.090636,1.818817,19,19
2041-02-01,Norala,1206311000,16.492000,0.000000,63.550000,0.130286,0.188000,14,0,0,0,0,0,0,0,0,0,0,0,-0.351505,0.046678,14,14
2041-02-01,Polomolok,1206312000,56.904000,0.000000,187.875000,0.328870,0.440000,7,16,0,0,11,0,0,11,1,11,1,0,3.572993,7.294998,23,23
2041-02-01,Santo Niño,1206318000,11.620000,0.000000,43.775000,0.164000,0.252000,10,0,0,0,0,0,0,0,0,0,0,0,-0.283432,-0.013875,10,10
2041-02-01,Surallah,1206313000,37.280000,0.000000,130.650000,0.161176,0.212000,17,0,0,0,0,0,0,0,0,6,0,0,2.173963,3.105131,17,17
2041-02-01,T'Boli,1206316000,32.480000,0.000000,122.100000,0.298240,0.372000,11,14,0,0,0,0,0,0,0,0,0,0,0.132121,1.465279,25,25
2041-02-01,Tampakan,1206314000,18.372000,0.000000,71.875000,0.195714,0.296000,14,0,0,0,0,0,0,0,0,0,0,0,-0.172368,0.482060,14,14
2041-02-01,Tantangan,1206315000,4.220000,0.000000,27.325000,0.074769,0.140000,13,0,0,0,0,0,0,0,0,0,0,0,-2.450470,-1.643932,13,13
2041-02-01,Tupi,1206317000,17.344000,0.000000,67.550000,0.026933,0.112000,15,0,0,0,0,0,0,0,0,1,0,0,0.107531,2.235945,15,15
2041-03-01,Banga,1206302000,30.472000,0.000000,112.650000,0.217636,0.312000,20,2,0,0,0,0,0,0,0,0,0,0,0.273405,2.191807,22,22
2041-03-01,City of Koronadal,1206306000,8.472000,0.000000,54.100000,0.062222,0.144000,27,0,0,0,0,0,0,0,0,0,0,0,-2.875220,-1.554011,27,27
2041-03-01,Lake Sebu,1206319000,22.520000,0.000000,90.325000,0.280211,0.396000,11,8,0,0,0,0,0,0,0,1,0,0,-0.062841,1.728411,19,19
2041-03-01,Norala,1206311000,16.492000,0.000000,65.550000,0.132286,0.180000,14,0,0,0,0,0,0,0,0,0,0,0,-0.423461,0.120611,14,14
2041-03-01,Polomolok,1206312000,56.064000,0.000000,187.075000,0.321913,0.412000,6,17,0,0,9,0,0,9,1,9,1,0,3.493632,7.180719,23,23
2041-03-01,Santo Niño,1206318000,12.156000,0.000000,45.775000,0.172000,0.272000,10,0,0,0,0,0,0,0,0,0,0,0,-0.114743,0.171398,10,10
2041-03-01,Surallah,1206313000,37.060000,0.000000,121.325000,0.166824,0.208000,17,0,0,0,0,0,0,0,0,5,0,0,2.112211,3.038768,17,17
2041-03-01,T'Boli,1206316000,31.856000,0.000000,120.100000,0.289280,0.396000,14,11,0,0,0,0,0,0,0,0,0,0,0.054190,1.530855,25,25
2041-03-01,Tampakan,1206314000,18.364000,0.000000,67.325000,0.200286,0.324000,12,2,0,0,0,0,0,0,0,0,0,0,-0.160414,0.494073,14,14
2041-03-01,Tantangan,1206315000,4.624000,0.000000,28.000000,0.092923,0.200000,13,0,0,0,0,0,0,0,0,0,0,0,-2.419526,-1.534616,13,13
2041-03-01,Tupi,1206317000,17.104000,0.000000,66.550000,0.029867,0.140000,15,0,0,0,0,0,0,0,0,1,0,0,0.010656,1.974036,15,15
2041-04-01,Banga,1206302000,30.600000,0.000000,115.100000,0.213273,0.320000,20,2,0,0,0,0,0,0,0,0,0,0,0.248925,2.255733,22,22
2041-04-01,City of Koronadal,1206306000,8.748000,0.000000,53.325000,0.062667,0.144000,27,0,0,0,0,0,0,0,0,0,0,0,-2.843969,-1.484205,27,27
2041-04-01,Lake Sebu,1206319000,22.316000,0.000000,86.100000,0.286105,0.368000,8,11,0,0,0,0,0,0,0,0,0,0,-0.070635,1.920567,19,19
2041-04-01,Norala,1206311000,16.604000,0.000000,64.550000,0.139714,0.184000,14,0,0,0,0,0,0,0,0,0,0,0,-0.408388,-0.018579,14,14
2041-04-01,Polomolok,1206312000,57.696000,0.000000,194.200000,0.335652,0.464000,5,18,0,0,8,0,0,8,1,9,2,0,3.591647,7.242481,23,23
2041-04-01,Santo Niño,1206318000,12.092000,0.000000,46.550000,0.172000,0.260000,10,0,0,0,0,0,0,0,0,0,0,0,-0.170565,0.108813,10,10
2041-04-01,Surallah,1206313000,38.320000,0.000000,129.100000,0.175294,0.260000,17,0,0,0,8,0,0,8,1,9,8,0,2.247990,3.257622,17,17
2041-04-01,T'Boli,1206316000,31.576000,0.000000,118.875000,0.290400,0.376000,16,9,0,0,0,0,0,0,0,0,0,0,0.000392,1.449184,25,25
2041-04-01,Tampakan,1206314000,18.308000,0.000000,69.325000,0.193429,0.268000,14,0,0,0,0,0,0,0,0,0,0,0,-0.221785,0.275760,14,14
2041-04-01,Tantangan,1206315000,4.496000,0.000000,26.550000,0.081231,0.144000,13,0,0,0,0,0,0,0,0,0,0,0,-2.412805,-1.568053,13,13
2041-04-01,Tupi,1206317000,16.928000,0.000000,67.100000,0.026933,0.104000,15,0,0,0,0,0,0,0,0,1,0,0,-0.016988,2.194597,15,15
2041-05-01,Banga,1206302000,31.048000,0.000000,113.325000,0.222000,0.336000,19,3,0,0,0,0,0,0,0,0,0,0,0.306156,2.233870,22,22
2041-05-01,City of Koronadal,1206306000,9.180000,0.000000,51.550000,0.068593,0.140000,27,0,0,0,0,0,0,0,0,0,0,0,-2.784868,-1.243494,27,27
2041-05-01,Lake Sebu,1206319000,22.100000,0.000000,86.875000,0.279789,0.368000,10,9,0,0,0,0,0,0,0,0,0,0,-0.137115,1.929698,19,19
2041-05-01,Norala,1206311000,16.660000,0.000000,66.100000,0.130286,0.180000,14,0,0,0,0,0,0,0,0,0,0,0,-0.397481,0.040472,14,14
2041-05-01,Polomolok,1206312000,57.440000,0.000000,184.325000,0.343478,0.456000,5,18,0,0,7,0,0,7,1,8,0,0,3.531651,7.169989,23,23
2041-05-01,Santo Niño,1206318000,12.164000,0.000000,48.325000,0.169200,0.280000,10,0,0,0,0,0,0,0,0,0,0,0,-0.212752,-0.015579,10,10
2041-05-01,Surallah,1206313000,39.088000,0.000000,130.875000,0.178353,0.240000,17,0,0,0,5,0,0,5,1,6,0,0,2.295930,3.294090,17,17
2041-05-01,T'Boli,1206316000,31.972000,0.000000,120.325000,0.293600,0.400000,11,14,0,0,0,0,0,0,0,0,0,0,0.029255,1.315430,25,25
2041-05-01,Tampakan,1206314000,17.780000,0.000000,70.550000,0.195714,0.308000,12,2,0,0,0,0,0,0,0,0,0,0,-0.312255,0.189229,14,14
2041-05-01,Tantangan,1206315000,4.520000,0.000000,27.000000,0.089231,0.196000,13,0,0,0,0,0,0,0,0,0,0,0,-2.417058,-1.679346,13,13
2041-05-01,Tupi,1206317000,17.420000,0.000000,66.775000,0.029867,0.140000,15,0,0,0,0,0,0,0,0,1,0,0,0.082834,2.296722,15,15
2041-06-01,Banga,1206302000,30.604000,0.000000,112.100000,0.216909,0.320000,20,2,0,0,0,0,0,0,0,0,0,0,0.269789,2.185019,22,22
2041-06-01,City of Koronadal,1206306000,9.380000,0.000000,54.775000,0.064444,0.132000,27,0,0,0,0,0,0,0,0,0,0,0,-2.846171,-1.395811,27,27
2041-06-01,Lake Sebu,1206319000,22.028000,0.000000,82.325000,0.276632,0.356000,11,8,0,0,0,0,0,0,0,0,0,0,-0.135729,2.239343,19,19
2041-06-01,Norala,1206311000,16.544000,0.000000,61.550000,0.130571,0.184000,14,0,0,0,0,0,0,0,0,0,0,0,-0.400679,0.090416,14,14
2041-06-01,Polomolok,1206312000,56.980000,0.000000,190.100000,0.330783,0.448000,8,15,0,0,8,0,0,8,1,9,1,0,3.506411,7.175865,23,23
2041-06-01,Santo Niño,1206318000,12.604000,0.000000,48.325000,0.186400,0.300000,9,1,0,0,0,0,0,0,0,0,0,0,-0.072741,0.184658,10,10
2041-06-01,Surallah,1206313000,39.732000,0.000000,135.875000,0.186588,0.280000,17,0,0,0,0,0,0,0,0,6,0,0,2.375963,3.456314,17,17
2041-06-01,T'Boli,1206316000,32.228000,0.000000,121.425000,0.292960,0.420000,15,10,0,0,0,0,0,0,0,0,0,0,0.073137,1.299846,25,25
2041-06-01,Tampakan,1206314000,17.548000,0.000000,65.550000,0.189714,0.308000,12,2,0,0,0,0,0,0,0,0,0,0,-0.353685,0.151592,14,14
2041-06-01,Tantangan,1206315000,4.496000,0.000000,25.775000,0.081846,0.156000,13,0,0,0,0,0,0,0,0,0,0,0,-2.428262,-1.601786,13,13
2041-06-01,Tupi,1206317000,17.756000,0.000000,64.550000,0.026133,0.160000,15,0,0,0,0,0,0,0,0,1,0,0,0.105427,2.158886,15,15
2041-07-01,Banga,1206302000,30.744000,0.000000,113.325000,0.213636,0.368000,20,2,0,0,0,0,0,0,0,0,0,0,0.265456,2.286309,22,22
2041-07-01,City of Koronadal,1206306000,9.288000,0.000000,58.775000,0.067556,0.132000,27,0,0,0,0,0,0,0,0,0,0,0,-2.861434,-1.519326,27,27
2041-07-01,Lake Sebu,1206319000,21.896000,0.000000,85.325000,0.280421,0.372000,10,9,0,0,0,0,0,0,0,0,0,0,-0.170303,2.148468,19,19
2041-07-01,Norala,1206311000,17.232000,0.000000,67.325000,0.144286,0.184000,14,0,0,0,0,0,0,0,0,0,0,0,-0.316538,0.162209,14,14
2041-07-01,Polomolok,1206312000,56.816000,0.000000,196.650000,0.322609,0.444000,9,14,0,0,10,0,0,10,1,10,3,0,3.481749,7.038284,23,23
2041-07-01,Santo Niño,1206318000,12.820000,0.000000,49.550000,0.183600,0.292000,10,0,0,0,0,0,0,0,0,0,0,0,-0.047111,0.136615,10,10
2041-07-01,Surallah,1206313000,39.372000,0.000000,133.200000,0.180235,0.268000,17,0,0,0,3,0,0,3,1,9,3,0,2.339725,3.280871,17,17
2041-07-01,T'Boli,1206316000,32.828000,0.000000,125.200000,0.301120,0.424000,12,13,0,0,0,0,0,0,0,0,0,0,0.125413,1.499732,25,25
2041-07-01,Tampakan,1206314000,17.572000,0.000000,65.775000,0.194000,0.308000,12,2,0,0,0,0,0,0,0,0,0,0,-0.389644,0.188311,14,14
2041-07-01,Tantangan,1206315000,4.384000,0.000000,27.000000,0.083692,0.148000,13,0,0,0,0,0,0,0,0,0,0,0,-2.493866,-1.665458,13,13
2041-07-01,Tupi,1206317000,17.368000,0.000000,68.550000,0.026667,0.112000,15,0,0,0,0,0,0,0,0,1,0,0,-0.001005,2.160418,15,15
2041-08-01,Banga,1206302000,31.624000,0.000000,115.325000,0.232909,0.348000,18,4,0,0,0,0,0,0,0,0,0,0,0.337848,2.155603,22,22
2041-08-01,City of Koronadal,1206306000,9.240000,0.000000,56.550000,0.066074,0.144000,27,0,0,0,0,0,0,0,0,0,0,0,-2.811726,-1.522828,27,27
2041-08-01,Lake Sebu,1206319000,22.080000,0.000000,85.650000,0.277895,0.372000,13,6,0,0,0,0,0,0,0,0,0,0,-0.150048,1.959838,19,19
2041-08-01,Norala,1206311000,16.916000,0.000000,66.775000,0.140286,0.204000,14,0,0,0,0,0,0,0,0,0,0,0,-0.361968,0.252264,14,14
2041-08-01,Polomolok,1206312000,57.276000,0.000000,192.975000,0.332522,0.448000,7,16,0,0,10,0,0,10,1,10,0,0,3.419361,7.067754,23,23
2041-08-01,Santo Niño,1206318000,13.040000,0.000000,50.100000,0.194400,0.292000,10,0,0,0,0,0,0,0,0,0,0,0,0.025603,0.282495,10,10
2041-08-01,Surallah,1206313000,40.312000,0.000000,131.325000,0.190353,0.268000,17,0,0,0,8,0,0,8,1,10,5,0,2.422805,3.397519,17,17
2041-08-01,T'Boli,1206316000,32.056000,0.000000,121.325000,0.295680,0.388000,13,12,0,0,0,0,0,0,0,0,0,0,0.011956,1.282522,25,25
2041-08-01,Tampakan,1206314000,16.616000,0.000000,66.875000,0.177714,0.292000,14,0,0,0,0,0,0,0,0,0,0,0,-0.553244,-0.028622,14,14
2041-08-01,Tantangan,1206315000,4.576000,0.000000,27.550000,0.084000,0.168000,13,0,0,0,0,0,0,0,0,0,0,0,-2.395888,-1.625924,13,13
2041-08-01,Tupi,1206317000,17.972000,0.000000,65.550000,0.028000,0.144000,15,0,0,0,0,0,0,0,0,1,0,0,0.102477,2.298201,15,15
2041-09-01,Banga,1206302000,30.984000,0.000000,121.100000,0.214545,0.308000,20,2,0,0,0,0,0,0,0,0,0,0,0.304903,2.399915,22,22
2041-09-01,City of Koronadal,1206306000,9.180000,0.000000,56.775000,0.064000,0.156000,27,0,0,0,0,0,0,0,0,0,0,0,-2.818418,-1.546659,27,27
2041-09-01,Lake Sebu,1206319000,21.760000,0.000000,84.325000,0.278316,0.368000,10,9,0,0,0,0,0,0,0,0,0,0,-0.192481,2.127120,19,19
2041-09-01,Norala,1206311000,16.928000,0.000000,65.325000,0.138571,0.180000,14,0,0,0,0,0,0,0,0,0,0,0,-0.324317,0.171535,14,14
2041-09-01,Polomolok,1206312000,57.720000,0.000000,187.325000,0.336000,0.440000,5,18,0,0,10,0,0,10,1,10,1,0,3.519249,7.116960,23,23
2041-09-01,Santo Niño,1206318000,13.280000,0.000000,50.100000,0.194800,0.276000,10,0,0,0,0,0,0,0,0,0,0,0,0.128768,0.329821,10,10
2041-09-01,Surallah,1206313000,40.748000,0.000000,135.650000,0.196471,0.264000,17,0,0,0,9,0,0,9,1,9,3,0,2.537184,3.444945,17,17
2041-09-01,T'Boli,1206316000,31.164000,0.000000,121.550000,0.280640,0.360000,13,12,0,0,0,0,0,0,0,0,0,0,-0.059834,1.263234,25,25
2041-09-01,Tampakan,1206314000,15.936000,0.000000,61.775000,0.167714,0.264000,14,0,0,0,0,0,0,0,0,0,0,0,-0.631219,-0.033304,14,14
2041-09-01,Tantangan,1206315000,4.784000,0.000000,26.000000,0.091077,0.180000,13,0,0,0,0,0,0,0,0,0,0,0,-2.346060,-1.458210,13,13
2041-09-01,Tupi,1206317000,17.428000,0.000000,71.325000,0.033867,0.136000,15,0,0,0,0,0,0,0,0,1,0,0,0.064844,2.345357,15,15
2041-10-01,Banga,1206302000,31.940000,0.000000,116.325000,0.226909,0.352000,19,3,0,0,0,0,0,0,0,0,0,0,0.410722,2.727980,22,22
2041-10-01,City of Koronadal,1206306000,8.964000,0.000000,51.875000,0.061778,0.132000,27,0,0,0,0,0,0,0,0,0,0,0,-2.740523,-1.386241,27,27
2041-10-01,Lake Sebu,1206319000,20.980000,0.000000,83.100000,0.268211,0.352000,13,6,0,0,0,0,0,0,0,0,0,0,-0.256596,2.205324,19,19
2041-10-01,Norala,1206311000,16.476000,0.000000,64.550000,0.129143,0.180000,14,0,0,0,0,0,0,0,0,0,0,0,-0.399060,-0.005921,14,14
2041-10-01,Polomolok,1206312000,57.992000,0.000000,196.200000,0.336522,0.448000,7,16,0,0,9,0,0,9,1,9,0,0,3.385755,7.001344,23,23
2041-10-01,Santo Niño,1206318000,12.852000,0.000000,45.775000,0.196000,0.272000,10,0,0,0,0,0,0,0,0,0,0,0,-0.035744,0.255309,10,10
2041-10-01,Surallah,1206313000,43.208000,0.000000,144.200000,0.206588,0.260000,17,0,0,0,9,0,0,9,1,9,0,0,2.694759,3.980133,17,17
2041-10-01,T'Boli,1206316000,30.868000,0.000000,120.100000,0.276800,0.380000,15,10,0,0,0,0,0,0,0,0,0,0,-0.100933,1.016746,25,25
2041-10-01,Tampakan,1206314000,16.092000,0.000000,63.550000,0.176857,0.272000,14,0,0,0,0,0,0,0,0,0,0,0,-0.639173,-0.036340,14,14
2041-10-01,Tantangan,1206315000,4.624000,0.000000,25.550000,0.084615,0.124000,13,0,0,0,0,0,0,0,0,0,0,0,-2.310356,-1.600277,13,13
2041-10-01,Tupi,1206317000,17.508000,0.000000,68.550000,0.031733,0.164000,15,0,0,0,0,0,0,0,0,1,0,0,-0.001474,2.196128,15,15
2041-11-01,Banga,1206302000,31.276000,0.000000,116.100000,0.221455,0.328000,20,2,0,0,0,0,0,0,0,0,0,0,0.332176,2.718957,22,22
2041-11-01,City of Koronadal,1206306000,8.832000,0.000000,54.100000,0.063556,0.160000,27,0,0,0,0,0,0,0,0,0,0,0,-2.753391,-1.456720,27,27
2041-11-01,Lake Sebu,1206319000,21.316000,0.000000,85.425000,0.268211,0.364000,11,8,0,0,0,0,0,0,0,0,0,0,-0.213147,2.311745,19,19
2041-11-01,Norala,1206311000,16.484000,0.000000,62.000000,0.128000,0.184000,14,0,0,0,0,0,0,0,0,0,0,0,-0.372700,0.088734,14,14
2041-11-01,Polomolok,1206312000,58.132000,0.000000,198.650000,0.333217,0.428000,5,18,0,0,7,0,0,7,1,8,1,0,3.421263,6.988356,23,23
2041-11-01,Santo Niño,1206318000,13.316000,0.000000,50.100000,0.202000,0.308000,8,2,0,0,0,0,0,0,0,0,0,0,0.095021,0.449610,10,10
2041-11-01,Surallah,1206313000,43.496000,0.000000,141.100000,0.209176,0.288000,17,0,0,0,9,0,0,9,2,11,3,0,2.771195,3.896877,17,17
2041-11-01,T'Boli,1206316000,30.200000,0.000000,118.325000,0.275520,0.384000,16,9,0,0,0,0,0,0,0,0,0,0,-0.169324,1.230474,25,25
2041-11-01,Tampakan,1206314000,15.424000,0.000000,62.875000,0.156571,0.240000,14,0,0,0,0,0,0,0,0,0,0,0,-0.710342,-0.116345,14,14
2041-11-01,Tantangan,1206315000,4.428000,0.000000,27.550000,0.083077,0.148000,13,0,0,0,0,0,0,0,0,0,0,0,-2.310213,-1.556321,13,13
2041-11-01,Tupi,1206317000,17.636000,0.000000,68.100000,0.032267,0.156000,15,0,0,0,0,0,0,0,0,1,0,0,0.035017,2.167657,15,15
2041-12-01,Banga,1206302000,31.100000,0.000000,114.100000,0.218364,0.336000,20,2,0,0,0,0,0,0,0,0,0,0,0.338349,2.709026,22,22
2041-12-01,City of Koronadal,1206306000,8.764000,0.000000,55.100000,0.059704,0.140000,27,0,0,0,0,0,0,0,0,0,0,0,-2.758350,-1.536284,27,27
2041-12-01,Lake Sebu,1206319000,21.156000,0.000000,82.100000,0.260842,0.344000,16,3,0,0,0,0,0,0,0,0,0,0,-0.229366,2.108811,19,19
2041-12-01,Norala,1206311000,16.904000,0.000000,60.775000,0.137714,0.188000,14,0,0,0,0,0,0,0,0,0,0,0,-0.277153,0.248048,14,14
2041-12-01,Polomolok,1206312000,58.336000,0.000000,190.425000,0.339304,0.444000,3,20,0,0,9,0,0,9,1,9,3,0,3.416475,6.917348,23,23
2041-12-01,Santo Niño,1206318000,13.392000,0.000000,49.775000,0.191600,0.312000,9,1,0,0,0,0,0,0,0,0,0,0,0.142887,0.407879,10,10
2041-12-01,Surallah,1206313000,43.960000,0.000000,150.100000,0.215529,0.304000,16,1,0,0,11,0,0,11,1,11,3,0,2.813817,4.017095,17,17
2041-12-01,T'Boli,1206316000,29.572000,0.000000,117.875000,0.266560,0.356000,18,7,0,0,0,0,0,0,0,0,0,0,-0.223046,1.143806,25,25
2041-12-01,Tampakan,1206314000,15.084000,0.000000,58.775000,0.152571,0.244000,14,0,0,0,0,0,0,0,0,0,0,0,-0.829410,-0.334940,14,14
2041-12-01,Tantangan,1206315000,4.272000,0.000000,25.550000,0.079385,0.148000,13,0,0,0,0,0,0,0,0,0,0,0,-2.357010,-1.649021,13,13
2041-12-01,Tupi,1206317000,17.424000,0.000000,67.775000,0.030667,0.156000,15,0,0,0,0,0,0,0,0,1,0,0,-0.013328,2.092815,15,15
2042-01-01,Banga,1206302000,29.340000,0.000000,111.975000,0.204727,0.300000,21,1,0,0,0,0,0,0,0,0,0,0,0.160785,2.029154,22,22
2042-01-01,City of Koronadal,1206306000,8.636000,0.000000,49.000000,0.061778,0.128000,27,0,0,0,0,0,0,0,0,0,0,0,-2.796481,-1.474249,27,27
2042-01-01,Lake Sebu,1206319000,22.012000,0.000000,84.775000,0.280842,0.392000,11,8,0,0,0,0,0,0,0,1,0,0,-0.124021,1.837844,19,19
2042-01-01,Norala,1206311000,16.828000,0.000000,64.550000,0.136000,0.180000,14,0,0,0,0,0,0,0,0,0,0,0,-0.359972,0.094701,14,14
2042-01-01,Polomolok,1206312000,57.208000,0.000000,193.875000,0.321217,0.400000,7,16,0,0,9,0,0,9,1,9,0,0,3.519531,7.377570,23,23
2042-01-01,Santo Niño,1206318000,12.328000,0.000000,49.550000,0.179200,0.312000,9,1,0,0,0,0,0,0,0,0,0,0,-0.072809,0.173615,10,10
2042-01-01,Surallah,1206313000,38.708000,0.000000,126.775000,0.179294,0.264000,17,0,0,0,5,0,0,5,1,8,0,0,2.315384,3.126189,17,17
2042-01-01,T'Boli,1206316000,31.544000,0.000000,118.100000,0.285600,0.416000,13,12,0,0,0,0,0,0,0,0,0,0,0.006037,1.418168,25,25
2042-01-01,Tampakan,1206314000,17.764000,0.000000,69.100000,0.186857,0.292000,14,0,0,0,0,0,0,0,0,0,0,0,-0.259632,0.500362,14,14
2042-01-01,Tantangan,1206315000,4.100000,0.000000,26.775000,0.071077,0.132000,13,0,0,0,0,0,0,0,0,0,0,0,-2.429247,-1.654430,13,13
2042-01-01,Tupi,1206317000,17.036000,0.000000,66.325000,0.029867,0.164000,15,0,0,0,0,0,0,0,0,1,0,0,0.040912,2.074977,15,15
2042-02-01,Banga,1206302000,30.168000,0.000000,112.875000,0.212545,0.372000,21,1,0,0,0,0,0,0,0,0,0,0,0.257774,2.193809,22,22
2042-02-01,City of Koronadal,1206306000,8.676000,0.000000,55.550000,0.062074,0.164000,27,0,0,0,0,0,0,0,0,0,0,0,-2.830496,-1.398560,27,27
2042-02-01,Lake Sebu,1206319000,22.544000,0.000000,89.325000,0.282316,0.384000,11,8,0,0,0,0,0,0,0,0,0,0,-0.091833,1.835955,19,19
2042-02-01,Norala,1206311000,16.828000,0.000000,64.325000,0.137143,0.172000,14,0,0,0,0,0,0,0,0,0,0,0,-0.297868,0.123590,14,14
2042-02-01,Polomolok,1206312000,56.328000,0.000000,194.300000,0.319826,0.424000,9,14,0,0,8,0,0,8,1,8,0,0,3.412288,7.334520,23,23
2042-02-01,Santo Niño,1206318000,12.368000,0.000000,44.775000,0.174800,0.264000,10,0,0,0,0,0,0,0,0,0,0,0,-0.150231,-0.017346,10,10
2042-02-01,Surallah,1206313000,38.492000,0.000000,130.775000,0.178353,0.224000,17,0,0,0,4,0,0,4,1,5,2,0,2.338253,3.316656,17,17
2042-02-01,T'Boli,1206316000,31.516000,0.000000,120.875000,0.284640,0.436000,14,11,0,0,0,0,0,0,0,0,0,0,-0.027344,1.251905,25,25
2042-02-01,Tampakan,1206314000,18.564000,0.000000,71.775000,0.196000,0.284000,14,0,0,0,0,0,0,0,0,0,0,0,-0.135822,0.695275,14,14
2042-02-01,Tantangan,1206315000,4.440000,0.000000,26.000000,0.081231,0.156000,13,0,0,0,0,0,0,0,0,0,0,0,-2.404523,-1.598705,13,13
2042-02-01,Tupi,1206317000,16.884000,0.000000,65.325000,0.029333,0.140000,15,0,0,0,0,0,0,0,0,1,0,0,0.006255,2.019547,15,15
2042-03-01,Banga,1206302000,29.944000,0.000000,115.325000,0.209273,0.300000,21,1,0,0,0,0,0,0,0,0,0,0,0.208481,2.136836,22,22
2042-03-01,City of Koronadal,1206306000,8.656000,0.000000,52.550000,0.061778,0.140000,27,0,0,0,0,0,0,0,0,0,0,0,-2.880361,-1.489907,27,27
2042-03-01,Lake Sebu,1206319000,21.952000,0.000000,86.550000,0.270737,0.380000,12,7,0,0,0,0,0,0,0,0,0,0,-0.189071,1.623380,19,19
2042-03-01,Norala,1206311000,16.652000,0.000000,65.325000,0.141143,0.184000,14,0,0,0,0,0,0,0,0,0,0,0,-0.360818,0.345021,14,14
2042-03-01,Polomolok,1206312000,57.004000,0.000000,189.650000,0.331478,0.476000,7,16,0,0,10,0,0,10,1,10,2,0,3.530199,7.379396,23,23
2042-03-01,Santo Niño,1206318000,12.760000,0.000000,46.775000,0.190400,0.320000,9,1,0,0,0,0,0,0,0,0,0,0,-0.057846,0.237135,10,10
2042-03-01,Surallah,1206313000,38.036000,0.000000,128.875000,0.172235,0.240000,17,0,0,0,0,0,0,0,0,5,0,0,2.226210,3.194798,17,17
2042-03-01,T'Boli,1206316000,32.480000,0.000000,123.775000,0.294560,0.388000,15,10,0,0,0,0,0,0,0,0,0,0,0.069203,1.514478,25,25
2042-03-01,Tampakan,1206314000,18.716000,0.000000,69.550000,0.212571,0.328000,12,2,0,0,0,0,0,0,0,0,0,0,-0.103231,0.664926,14,14
2042-03-01,Tantangan,1206315000,4.480000,0.000000,24.550000,0.086769,0.176000,13,0,0,0,0,0,0,0,0,0,0,0,-2.446338,-1.608554,13,13
2042-03-01,Tupi,1206317000,17.560000,0.000000,70.325000,0.034667,0.156000,15,0,0,0,0,0,0,0,0,1,0,0,0.079158,2.232028,15,15
2042-04-01,Banga,1206302000,29.612000,0.000000,108.100000,0.203273,0.324000,21,1,0,0,0,0,0,0,0,0,0,0,0.220615,2.053359,22,22
2042-04-01,City of Koronadal,1206306000,9.104000,0.000000,56.000000,0.063407,0.136000,27,0,0,0,0,0,0,0,0,0,0,0,-2.862562,-1.471854,27,27
2042-04-01,Lake Sebu,1206319000,21.600000,0.000000,86.325000,0.268632,0.336000,11,8,0,0,0,0,0,0,0,0,0,0,-0.170593,1.812053,19,19
2042-04-01,Norala,1206311000,15.924000,0.000000,61.325000,0.130857,0.160000,14,0,0,0,0,0,0,0,0,0,0,0,-0.464974,0.084238,14,14
2042-04-01,Polomolok,1206312000,55.808000,0.000000,188.100000,0.322783,0.408000,7,16,0,0,10,0,0,10,1,10,1,0,3.472666,6.932368,23,23
2042-04-01,Santo Niño,1206318000,12.632000,0.000000,50.550000,0.189600,0.308000,9,1,0,0,0,0,0,0,0,0,0,0,-0.077208,0.274216,10,10
2042-04-01,Surallah,1206313000,38.996000,0.000000,133.100000,0.180235,0.248000,17,0,0,0,6,0,0,6,1,8,6,0,2.404156,3.477094,17,17
2042-04-01,T'Boli,1206316000,32.256000,0.000000,124.200000,0.297440,0.396000,12,13,0,0,0,0,0,0,0,0,0,0,0.072613,1.563974,25,25
2042-04-01,Tampakan,1206314000,18.240000,0.000000,70.325000,0.198857,0.304000,13,1,0,0,0,0,0,0,0,0,0,0,-0.208366,0.330848,14,14
2042-04-01,Tantangan,1206315000,4.372000,0.000000,27.000000,0.080615,0.204000,13,0,0,0,0,0,0,0,0,0,0,0,-2.497668,-1.656173,13,13
2042-04-01,Tupi,1206317000,17.724000,0.000000,67.550000,0.030133,0.136000,15,0,0,0,0,0,0,0,0,1,0,0,0.147020,2.441728,15,15
2042-05-01,Banga,1206302000,30.580000,0.000000,120.650000,0.211818,0.316000,19,3,0,0,0,0,0,0,0,0,0,0,0.246350,2.302473,22,22
2042-05-01,City of Koronadal,1206306000,8.916000,0.000000,54.100000,0.062963,0.168000,27,0,0,0,0,0,0,0,0,0,0,0,-2.785287,-1.472976,27,27
2042-05-01,Lake Sebu,1206319000,21.616000,0.000000,81.325000,0.266316,0.340000,11,8,0,0,0,0,0,0,0,1,0,0,-0.222067,2.086507,19,19
2042-05-01,Norala,1206311000,16.684000,0.000000,65.550000,0.135714,0.172000,14,0,0,0,0,0,0,0,0,0,0,0,-0.362140,0.257286,14,14
2042-05-01,Polomolok,1206312000,56.752000,0.000000,191.650000,0.326435,0.412000,7,16,0,0,10,0,0,10,1,10,1,0,3.452602,7.137106,23,23
2042-05-01,Santo Niño,1206318000,12.216000,0.000000,48.775000,0.171600,0.268000,10,0,0,0,0,0,0,0,0,0,0,0,-0.131052,0.152077,10,10
2042-05-01,Surallah,1206313000,39.588000,0.000000,133.875000,0.184000,0.268000,17,0,0,0,7,0,0,7,1,9,4,0,2.399948,3.331486,17,17
2042-05-01,T'Boli,1206316000,31.216000,0.000000,122.100000,0.288960,0.404000,16,9,0,0,0,0,0,0,0,0,0,0,-0.051139,1.288849,25,25
2042-05-01,Tampakan,1206314000,18.000000,0.000000,66.325000,0.200286,0.300000,13,1,0,0,0,0,0,0,0,0,0,0,-0.231462,0.474026,14,14
2042-05-01,Tantangan,1206315000,4.472000,0.000000,26.775000,0.080923,0.196000,13,0,0,0,0,0,0,0,0,0,0,0,-2.366138,-1.481248,13,13
2042-05-01,Tupi,1206317000,17.848000,0.000000,66.550000,0.034133,0.168000,15,0,0,0,0,0,0,0,0,1,0,0,0.136652,2.207422,15,15
2042-06-01,Banga,1206302000,30.048000,0.000000,114.100000,0.209455,0.320000,21,1,0,0,0,0,0,0,0,0,0,0,0.207726,2.183868,22,22
2042-06-01,City of Koronadal,1206306000,9.220000,0.000000,52.775000,0.065333,0.164000,27,0,0,0,0,0,0,0,0,0,0,0,-2.789260,-1.361791,27,27
2042-06-01,Lake Sebu,1206319000,21.280000,0.000000,82.550000,0.264211,0.348000,14,5,0,0,0,0,0,0,0,0,0,0,-0.225078,1.931872,19,19
2042-06-01,Norala,1206311000,16.384000,0.000000,59.000000,0.138857,0.192000,14,0,0,0,0,0,0,0,0,0,0,0,-0.404020,0.119654,14,14
2042-06-01,Polomolok,1206312000,57.096000,0.000000,187.325000,0.328522,0.444000,6,17,0,0,10,0,0,10,1,10,0,0,3.514521,7.251159,23,23
2042-06-01,Santo Niño,1206318000,11.996000,0.000000,46.000000,0.170800,0.288000,10,0,0,0,0,0,0,0,0,0,0,0,-0.178542,0.129682,10,10
2042-06-01,Surallah,1206313000,39.684000,0.000000,135.100000,0.187765,0.276000,17,0,0,0,9,0,0,9,1,9,5,0,2.399957,3.423283,17,17
2042-06-01,T'Boli,1206316000,31.084000,0.000000,118.425000,0.282400,0.420000,15,10,0,0,0,0,0,0,0,0,0,0,-0.024460,1.387507,25,25
2042-06-01,Tampakan,1206314000,17.856000,0.000000,67.550000,0.208286,0.324000,12,2,0,0,0,0,0,0,0,0,0,0,-0.248162,0.254989,14,14
2042-06-01,Tantangan,1206315000,4.520000,0.000000,27.775000,0.082769,0.168000,13,0,0,0,0,0,0,0,0,0,0,0,-2.385585,-1.517623,13,13
2042-06-01,Tupi,1206317000,17.924000,0.000000,66.550000,0.028533,0.148000,15,0,0,0,0,0,0,0,0,1,0,0,0.156882,2.282565,15,15
2042-07-01,Banga,1206302000,31.188000,0.000000,119.875000,0.225636,0.360000,20,2,0,0,0,0,0,0,0,0,0,0,0.287571,2.103711,22,22
2042-07-01,City of Koronadal,1206306000,9.080000,0.000000,56.100000,0.062963,0.144000,27,0,0,0,0,0,0,0,0,0,0,0,-2.753434,-1.292854,27,27
2042-07-01,Lake Sebu,1206319000,21.240000,0.000000,82.100000,0.269474,0.332000,13,6,0,0,0,0,0,0,0,0,0,0,-0.246913,1.924011,19,19
2042-07-01,Norala,1206311000,16.232000,0.000000,65.775000,0.129429,0.208000,14,0,0,0,0,0,0,0,0,0,0,0,-0.448400,0.226866,14,14
2042-07-01,Polomolok,1206312000,58.472000,0.000000,194.200000,0.334783,0.464000,8,15,0,0,10,0,0,10,1,10,0,0,3.526968,7.570658,23,23
2042-07-01,Santo Niño,1206318000,12.828000,0.000000,49.775000,0.193200,0.276000,10,0,0,0,0,0,0,0,0,0,0,0,-0.008175,0.499059,10,10
2042-07-01,Surallah,1206313000,40.116000,0.000000,134.550000,0.189647,0.240000,17,0,0,0,0,0,0,0,0,7,0,0,2.383389,3.229352,17,17
2042-07-01,T'Boli,1206316000,32.228000,0.000000,120.100000,0.300000,0.380000,10,15,0,0,0,0,0,0,0,0,0,0,-0.001524,1.483472,25,25
2042-07-01,Tampakan,1206314000,17.192000,0.000000,63.775000,0.191714,0.300000,13,1,0,0,0,0,0,0,0,0,0,0,-0.413417,0.118665,14,14
2042-07-01,Tantangan,1206315000,4.764000,0.000000,26.775000,0.087692,0.160000,13,0,0,0,0,0,0,0,0,0,0,0,-2.303770,-1.551097,13,13
2042-07-01,Tupi,1206317000,17.760000,0.000000,67.550000,0.030133,0.160000,15,0,0,0,0,0,0,0,0,1,0,0,0.057582,2.096512,15,15
2042-08-01,Banga,1206302000,31.804000,0.000000,116.325000,0.234727,0.320000,19,3,0,0,0,0,0,0,0,0,0,0,0.348000,2.280335,22,22
2042-08-01,City of Koronadal,1206306000,9.212000,0.000000,53.550000,0.068148,0.128000,27,0,0,0,0,0,0,0,0,0,0,0,-2.752520,-1.379277,27,27
2042-08-01,Lake Sebu,1206319000,21.204000,0.000000,79.550000,0.265684,0.364000,13,6,0,0,0,0,0,0,0,0,0,0,-0.182695,1.901950,19,19
2042-08-01,Norala,1206311000,16.584000,0.000000,63.100000,0.134857,0.180000,14,0,0,0,0,0,0,0,0,0,0,0,-0.370927,0.134228,14,14
2042-08-01,Polomolok,1206312000,57.632000,0.000000,190.200000,0.335130,0.448000,8,15,0,0,9,0,0,9,1,9,0,0,3.448234,7.110329,23,23
2042-08-01,Santo Niño,1206318000,12.888000,0.000000,48.000000,0.187600,0.240000,10,0,0,0,0,0,0,0,0,0,0,0,-0.007130,0.219475,10,10
2042-08-01,Surallah,1206313000,39.956000,0.000000,137.550000,0.192941,0.260000,17,0,0,0,5,0,0,5,1,6,5,0,2.413998,3.519396,17,17
2042-08-01,T'Boli,1206316000,31.180000,0.000000,126.325000,0.283680,0.360000,11,14,0,0,0,0,0,0,0,0,0,0,-0.108034,1.687492,25,25
2042-08-01,Tampakan,1206314000,17.136000,0.000000,68.550000,0.186857,0.312000,13,1,0,0,0,0,0,0,0,0,0,0,-0.427415,0.147790,14,14
2042-08-01,Tantangan,1206315000,4.860000,0.000000,27.775000,0.094769,0.168000,13,0,0,0,0,0,0,0,0,0,0,0,-2.285775,-1.529298,13,13
2042-08-01,Tupi,1206317000,17.268000,0.000000,68.000000,0.029867,0.148000,15,0,0,0,0,0,0,0,0,1,0,0,-0.004314,2.041450,15,15
2042-09-01,Banga,1206302000,32.780000,0.000000,123.425000,0.237818,0.348000,19,3,0,0,0,0,0,0,0,0,0,0,0.512973,2.543290,22,22
2042-09-01,City of Koronadal,1206306000,9.572000,0.000000,56.550000,0.069185,0.148000,27,0,0,0,0,0,0,0,0,0,0,0,-2.853158,-1.310349,27,27
2042-09-01,Lake Sebu,1206319000,21.320000,0.000000,85.425000,0.262105,0.352000,13,6,0,0,0,0,0,0,0,0,0,0,-0.227402,2.176590,19,19
2042-09-01,Norala,1206311000,16.800000,0.000000,68.100000,0.140857,0.188000,14,0,0,0,0,0,0,0,0,0,0,0,-0.353997,0.181164,14,14
2042-09-01,Polomolok,1206312000,56.932000,0.000000,189.325000,0.337217,0.448000,6,17,0,0,9,0,0,9,1,9,0,0,3.559913,7.108977,23,23
2042-09-01,Santo Niño,1206318000,12.832000,0.000000,47.775000,0.193200,0.304000,9,1,0,0,0,0,0,0,0,0,0,0,-0.016278,0.222646,10,10
2042-09-01,Surallah,1206313000,40.248000,0.000000,139.325000,0.187294,0.228000,17,0,0,0,5,0,0,5,1,6,0,0,2.586864,3.836926,17,17
2042-09-01,T'Boli,1206316000,30.612000,0.000000,116.100000,0.281600,0.368000,14,11,0,0,0,0,0,0,0,0,0,0,-0.130142,1.689102,25,25
2042-09-01,Tampakan,1206314000,16.264000,0.000000,62.325000,0.174857,0.324000,13,1,0,0,0,0,0,0,0,0,0,0,-0.605569,-0.076872,14,14
2042-09-01,Tantangan,1206315000,4.808000,0.000000,28.775000,0.091385,0.184000,13,0,0,0,0,0,0,0,0,0,0,0,-2.402633,-1.602846,13,13
2042-09-01,Tupi,1206317000,17.576000,0.000000,68.325000,0.030400,0.132000,15,0,0,0,0,0,0,0,0,1,0,0,0.057872,2.299373,15,15
2042-10-01,Banga,1206302000,30.808000,0.000000,114.875000,0.216364,0.348000,19,3,0,0,0,0,0,0,0,0,0,0,0.269788,2.413839,22,22
2042-10-01,City of Koronadal,1206306000,9.232000,0.000000,56.325000,0.069481,0.152000,27,0,0,0,0,0,0,0,0,0,0,0,-2.782371,-1.546813,27,27
2042-10-01,Lake Sebu,1206319000,21.716000,0.000000,86.100000,0.276842,0.400000,12,7,0,0,0,0,0,0,0,0,0,0,-0.188373,2.143851,19,19
2042-10-01,Norala,1206311000,16.692000,0.000000,66.325000,0.136857,0.168000,14,0,0,0,0,0,0,0,0,0,0,0,-0.409964,0.088873,14,14
2042-10-01,Polomolok,1206312000,58.568000,0.000000,196.425000,0.345391,0.444000,5,18,0,0,9,0,0,9,1,9,0,0,3.500083,7.045470,23,23
2042-10-01,Santo Niño,1206318000,13.156000,0.000000,48.775000,0.198400,0.268000,10,0,0,0,0,0,0,0,0,0,0,0,0.017932,0.280713,10,10
2042-10-01,Surallah,1206313000,43.224000,0.000000,147.650000,0.212235,0.268000,17,0,0,0,7,0,0,7,1,9,2,0,2.728257,3.841481,17,17
2042-10-01,T'Boli,1206316000,30.256000,0.000000,115.100000,0.275680,0.336000,14,11,0,0,0,0,0,0,0,0,0,0,-0.164646,1.405013,25,25
2042-10-01,Tampakan,1206314000,16.488000,0.000000,63.325000,0.179143,0.280000,14,0,0,0,0,0,0,0,0,0,0,0,-0.613363,-0.117159,14,14
2042-10-01,Tantangan,1206315000,4.548000,0.000000,29.000000,0.082154,0.192000,13,0,0,0,0,0,0,0,0,0,0,0,-2.374913,-1.655680,13,13
2042-10-01,Tupi,1206317000,17.816000,0.000000,66.000000,0.030400,0.144000,15,0,0,0,0,0,0,0,0,1,0,0,0.076083,2.362377,15,15
2042-11-01,Banga,1206302000,31.648000,0.000000,119.650000,0.226545,0.352000,19,3,0,0,0,0,0,0,0,0,0,0,0.378568,2.221778,22,22
2042-11-01,City of Koronadal,1206306000,9.196000,0.000000,56.775000,0.065630,0.172000,27,0,0,0,0,0,0,0,0,0,0,0,-2.751044,-1.296733,27,27
2042-11-01,Lake Sebu,1206319000,21.324000,0.000000,86.100000,0.270526,0.364000,12,7,0,0,0,0,0,0,0,0,0,0,-0.228334,2.146143,19,19
2042-11-01,Norala,1206311000,17.148000,0.000000,64.550000,0.142286,0.192000,14,0,0,0,0,0,0,0,0,0,0,0,-0.283630,0.302688,14,14
2042-11-01,Polomolok,1206312000,58.032000,0.000000,199.975000,0.328522,0.436000,7,16,0,0,6,0,0,6,1,6,0,0,3.373593,6.962533,23,23
2042-11-01,Santo Niño,1206318000,13.036000,0.000000,48.550000,0.194000,0.264000,10,0,0,0,0,0,0,0,0,0,0,0,0.040093,0.456582,10,10
2042-11-01,Surallah,1206313000,42.568000,0.000000,147.875000,0.205412,0.284000,17,0,0,0,6,0,0,6,1,7,0,0,2.658659,3.745808,17,17
2042-11-01,T'Boli,1206316000,30.664000,0.000000,119.550000,0.275040,0.364000,16,9,0,0,0,0,0,0,0,0,0,0,-0.121989,1.296849,25,25
2042-11-01,Tampakan,1206314000,15.096000,0.000000,57.325000,0.157429,0.268000,14,0,0,0,0,0,0,0,0,0,0,0,-0.819775,-0.291222,14,14
2042-11-01,Tantangan,1206315000,4.312000,0.000000,27.325000,0.078154,0.156000,13,0,0,0,0,0,0,0,0,0,0,0,-2.377240,-1.727471,13,13
2042-11-01,Tupi,1206317000,18.388000,0.000000,68.775000,0.027467,0.104000,15,0,0,0,0,0,0,0,0,1,0,0,0.180685,2.388743,15,15
2042-12-01,Banga,1206302000,31.516000,0.000000,119.875000,0.225455,0.336000,18,4,0,0,0,0,0,0,0,0,0,0,0.363782,2.684996,22,22
2042-12-01,City of Koronadal,1206306000,8.876000,0.000000,55.325000,0.062519,0.108000,27,0,0,0,0,0,0,0,0,0,0,0,-2.776031,-1.220207,27,27
2042-12-01,Lake Sebu,1206319000,21.392000,0.000000,87.100000,0.263579,0.324000,16,3,0,0,0,0,0,0,0,0,0,0,-0.213903,2.309782,19,19
2042-12-01,Norala,1206311000,17.272000,0.000000,67.325000,0.146286,0.212000,14,0,0,0,0,0,0,0,0,0,0,0,-0.273845,0.142800,14,14
2042-12-01,Polomolok,1206312000,58.324000,0.000000,197.750000,0.339652,0.452000,6,17,0,0,6,0,0,6,1,7,0,0,3.427089,6.952705,23,23
2042-12-01,Santo Niño,1206318000,12.768000,0.000000,50.875000,0.182400,0.344000,9,1,0,0,0,0,0,0,0,0,0,0,-0.046083,0.280310,10,10
2042-12-01,Surallah,1206313000,43.364000,0.000000,147.775000,0.212471,0.304000,16,1,0,0,11,0,0,11,1,11,5,0,2.763304,4.102458,17,17
2042-12-01,T'Boli,1206316000,29.992000,0.000000,115.650000,0.273920,0.348000,15,10,0,0,0,0,0,0,0,0,0,0,-0.214892,1.220593,25,25
2042-12-01,Tampakan,1206314000,14.984000,0.000000,61.775000,0.154286,0.280000,14,0,0,0,0,0,0,0,0,0,0,0,-0.807276,-0.438808,14,14
2042-12-01,Tantangan,1206315000,4.600000,0.000000,29.000000,0.088615,0.144000,13,0,0,0,0,0,0,0,0,0,0,0,-2.339893,-1.589624,13,13
2042-12-01,Tupi,1206317000,18.516000,0.000000,69.325000,0.036000,0.180000,15,0,0,0,0,0,0,0,0,1,0,0,0.119977,2.264269,15,15
2043-01-01,Banga,1206302000,30.548000,0.000000,113.325000,0.218182,0.312000,20,2,0,0,0,0,0,0,0,0,0,0,0.270686,2.202095,22,22
2043-01-01,City of Koronadal,1206306000,9.076000,0.000000,55.100000,0.064148,0.116000,27,0,0,0,0,0,0,0,0,0,0,0,-2.855203,-1.480724,27,27
2043-01-01,Lake Sebu,1206319000,22.132000,0.000000,87.325000,0.277474,0.340000,11,8,0,0,0,0,0,0,0,0,0,0,-0.158055,1.860454,19,19
2043-01-01,Norala,1206311000,16.380000,0.000000,64.325000,0.133714,0.188000,14,0,0,0,0,0,0,0,0,0,0,0,-0.399687,0.228425,14,14
2043-01-01,Polomolok,1206312000,57.036000,0.000000,191.875000,0.334609,0.468000,7,16,0,0,7,0,0,7,1,7,2,0,3.541775,7.249861,23,23
2043-01-01,Santo Niño,1206318000,12.852000,0.000000,51.325000,0.187200,0.276000,10,0,0,0,0,0,0,0,0,0,0,0,-0.044069,0.218269,10,10
2043-01-01,Surallah,1206313000,38.840000,0.000000,136.100000,0.182353,0.252000,17,0,0,0,0,0,0,0,0,5,0,0,2.322567,3.393316,17,17
2043-01-01,T'Boli,1206316000,31.720000,0.000000,117.325000,0.290720,0.384000,14,11,0,0,0,0,0,0,0,0,0,0,-0.036645,1.374676,25,25
2043-01-01,Tampakan,1206314000,18.000000,0.000000,69.100000,0.190571,0.296000,14,0,0,0,0,0,0,0,0,0,0,0,-0.255682,0.351860,14,14
2043-01-01,Tantangan,1206315000,4.444000,0.000000,26.775000,0.080000,0.168000,13,0,0,0,0,0,0,0,0,0,0,0,-2.451859,-1.737081,13,13
2043-01-01,Tupi,1206317000,18.120000,0.000000,72.550000,0.030933,0.124000,15,0,0,0,0,0,0,0,0,1,0,0,0.172067,2.387771,15,15
2043-02-01,Banga,1206302000,30.660000,0.000000,119.100000,0.214909,0.308000,21,1,0,0,0,0,0,0,0,0,0,0,0.259655,2.227541,22,22
2043-02-01,City of Koronadal,1206306000,9.040000,0.000000,52.875000,0.064296,0.156000,27,0,0,0,0,0,0,0,0,0,0,0,-2.908105,-1.364475,27,27
2043-02-01,Lake Sebu,1206319000,22.144000,0.000000,91.775000,0.276000,0.344000,11,8,0,0,0,0,0,0,0,1,0,0,-0.160981,1.740237,19,19
2043-02-01,Norala,1206311000,16.884000,0.000000,66.775000,0.144571,0.196000,14,0,0,0,0,0,0,0,0,0,0,0,-0.357991,0.100501,14,14
2043-02-01,Polomolok,1206312000,55.280000,0.000000,184.550000,0.310609,0.404000,10,13,0,0,10,0,0,10,1,10,3,0,3.495835,7.258145,23,23
2043-02-01,Santo Niño,1206318000,11.980000,0.000000,46.775000,0.170000,0.260000,10,0,0,0,0,0,0,0,0,0,0,0,-0.208340,0.102780,10,10
2043-02-01,Surallah,1206313000,37.384000,0.000000,128.325000,0.163059,0.236000,17,0,0,0,5,0,0,5,1,5,5,0,2.250295,3.273899,17,17
2043-02-01,T'Boli,1206316000,32.340000,0.000000,122.100000,0.292320,0.364000,14,11,0,0,0,0,0,0,0,0,0,0,0.077466,1.449186,25,25
2043-02-01,Tampakan,1206314000,18.904000,0.000000,71.550000,0.210000,0.328000,13,1,0,0,0,0,0,0,0,0,0,0,-0.070480,0.605662,14,14
2043-02-01,Tantangan,1206315000,4.412000,0.000000,26.100000,0.080923,0.180000,13,0,0,0,0,0,0,0,0,0,0,0,-2.520748,-1.803517,13,13
2043-02-01,Tupi,1206317000,18.400000,0.000000,71.550000,0.032000,0.140000,15,0,0,0,0,0,0,0,0,1,0,0,0.231211,2.333054,15,15
2043-03-01,Banga,1206302000,29.968000,0.000000,111.325000,0.209636,0.340000,21,1,0,0,0,0,0,0,0,0,0,0,0.236039,2.302524,22,22
2043-03-01,City of Koronadal,1206306000,8.484000,0.000000,52.000000,0.058667,0.124000,27,0,0,0,0,0,0,0,0,0,0,0,-2.861348,-1.515525,27,27
2043-03-01,Lake Sebu,1206319000,21.648000,0.000000,85.100000,0.274105,0.364000,10,9,0,0,0,0,0,0,0,0,0,0,-0.174924,1.787226,19,19
2043-03-01,Norala,1206311000,16.128000,0.000000,65.100000,0.125143,0.176000,14,0,0,0,0,0,0,0,0,0,0,0,-0.387382,0.127497,14,14
2043-03-01,Polomolok,1206312000,56.140000,0.000000,188.325000,0.316870,0.432000,6,17,0,0,8,0,0,8,1,8,0,0,3.482461,7.153006,23,23
2043-03-01,Santo Niño,1206318000,12.196000,0.000000,46.775000,0.176800,0.288000,10,0,0,0,0,0,0,0,0,0,0,0,-0.173944,-0.024839,10,10
2043-03-01,Surallah,1206313000,37.936000,0.000000,131.975000,0.172471,0.236000,17,0,0,0,5,0,0,5,1,6,0,0,2.267880,3.299628,17,17
2043-03-01,T'Boli,1206316000,31.412000,0.000000,121.325000,0.287520,0.400000,13,12,0,0,0,0,0,0,0,0,0,0,0.042606,1.564381,25,25
2043-03-01,Tampakan,1206314000,18.500000,0.000000,66.775000,0.204571,0.344000,12,2,0,0,0,0,0,0,0,0,0,0,-0.125055,0.500320,14,14
2043-03-01,Tantangan,1206315000,4.500000,0.000000,29.100000,0.082154,0.156000,13,0,0,0,0,0,0,0,0,0,0,0,-2.357166,-1.509672,13,13
2043-03-01,Tupi,1206317000,17.860000,0.000000,69.875000,0.030667,0.160000,15,0,0,0,0,0,0,0,0,1,0,0,0.162506,2.208075,15,15
2043-04-01,Banga,1206302000,30.464000,0.000000,118.875000,0.215091,0.316000,20,2,0,0,0,0,0,0,0,0,0,0,0.283242,2.145602,22,22
2043-04-01,City of Koronadal,1206306000,8.956000,0.000000,55.775000,0.063556,0.120000,27,0,0,0,0,0,0,0,0,0,0,0,-2.715882,-1.331698,27,27
2043-04-01,Lake Sebu,1206319000,21.868000,0.000000,88.100000,0.272632,0.376000,13,6,0,0,0,0,0,0,0,0,0,0,-0.132538,1.976033,19,19
2043-04-01,Norala,1206311000,16.244000,0.000000,66.325000,0.129714,0.224000,14,0,0,0,0,0,0,0,0,0,0,0,-0.444838,-0.107297,14,14
2043-04-01,Polomolok,1206312000,56.236000,0.000000,186.200000,0.321043,0.424000,9,14,0,0,7,0,0,7,1,7,1,0,3.377156,7.151270,23,23
2043-04-01,Santo Niño,1206318000,11.880000,0.000000,46.325000,0.169600,0.276000,10,0,0,0,0,0,0,0,0,0,0,0,-0.248023,-0.031460,10,10
2043-04-01,Surallah,1206313000,38.932000,0.000000,132.775000,0.183059,0.292000,17,0,0,0,0,0,0,0,0,7,0,0,2.293889,3.078130,17,17
2043-04-01,T'Boli,1206316000,31.708000,0.000000,120.875000,0.288800,0.408000,15,10,0,0,0,0,0,0,0,0,0,0,0.034168,1.480584,25,25
2043-04-01,Tampakan,1206314000,18.232000,0.000000,71.875000,0.206857,0.344000,12,2,0,0,0,0,0,0,0,0,0,0,-0.184443,0.380292,14,14
2043-04-01,Tantangan,1206315000,4.308000,0.000000,24.775000,0.080000,0.152000,13,0,0,0,0,0,0,0,0,0,0,0,-2.370894,-1.680304,13,13
2043-04-01,Tupi,1206317000,17.900000,0.000000,67.550000,0.029333,0.156000,15,0,0,0,0,0,0,0,0,1,0,0,0.154674,2.201821,15,15
2043-05-01,Banga,1206302000,30.120000,0.000000,117.200000,0.207636,0.340000,21,1,0,0,0,0,0,0,0,0,0,0,0.285352,2.462677,22,22
2043-05-01,City of Koronadal,1206306000,8.792000,0.000000,55.550000,0.058519,0.112000,27,0,0,0,0,0,0,0,0,0,0,0,-2.898029,-1.439503,27,27
2043-05-01,Lake Sebu,1206319000,22.064000,0.000000,87.775000,0.276421,0.356000,10,9,0,0,0,0,0,0,0,0,0,0,-0.139983,1.953073,19,19
2043-05-01,Norala,1206311000,16.808000,0.000000,65.775000,0.137429,0.204000,14,0,0,0,0,0,0,0,0,0,0,0,-0.370904,0.073968,14,14
2043-05-01,Polomolok,1206312000,55.656000,0.000000,188.975000,0.316696,0.428000,9,14,0,0,8,0,0,8,1,8,2,0,3.446668,7.131846,23,23
2043-05-01,Santo Niño,1206318000,12.196000,0.000000,46.775000,0.179200,0.304000,9,1,0,0,0,0,0,0,0,0,0,0,-0.148410,0.298192,10,10
2043-05-01,Surallah,1206313000,39.196000,0.000000,136.650000,0.183765,0.276000,17,0,0,0,0,0,0,0,0,5,0,0,2.421245,3.610075,17,17
2043-05-01,T'Boli,1206316000,31.128000,0.000000,118.325000,0.289760,0.356000,13,12,0,0,0,0,0,0,0,0,0,0,-0.043626,1.387693,25,25
2043-05-01,Tampakan,1206314000,18.560000,0.000000,70.550000,0.206857,0.336000,13,1,0,0,0,0,0,0,0,0,0,0,-0.129150,0.543632,14,14
2043-05-01,Tantangan,1206315000,4.316000,0.000000,24.000000,0.078154,0.168000,13,0,0,0,0,0,0,0,0,0,0,0,-2.465316,-1.587458,13,13
2043-05-01,Tupi,1206317000,18.208000,0.000000,75.100000,0.031733,0.128000,15,0,0,0,0,0,0,0,0,1,0,0,0.241611,2.313560,15,15
2043-06-01,Banga,1206302000,30.196000,0.000000,115.325000,0.208545,0.316000,21,1,0,0,0,0,0,0,0,0,0,0,0.231457,2.308676,22,22
2043-06-01,City of Koronadal,1206306000,8.844000,0.000000,53.775000,0.062963,0.112000,27,0,0,0,0,0,0,0,0,0,0,0,-2.854552,-1.460374,27,27
2043-06-01,Lake Sebu,1206319000,21.648000,0.000000,87.000000,0.271789,0.356000,13,6,0,0,0,0,0,0,0,0,0,0,-0.179392,2.185341,19,19
2043-06-01,Norala,1206311000,16.388000,0.000000,65.325000,0.138286,0.204000,14,0,0,0,0,0,0,0,0,0,0,0,-0.386295,0.174767,14,14
2043-06-01,Polomolok,1206312000,56.364000,0.000000,190.650000,0.325043,0.448000,7,16,0,0,9,0,0,9,1,9,1,0,3.454431,6.830687,23,23
2043-06-01,Santo Niño,1206318000,12.480000,0.000000,47.550000,0.177200,0.284000,10,0,0,0,0,0,0,0,0,0,0,0,-0.087170,0.121035,10,10
2043-06-01,Surallah,1206313000,40.336000,0.000000,140.650000,0.189412,0.240000,17,0,0,0,6,0,0,6,1,8,6,0,2.450930,3.571325,17,17
2043-06-01,T'Boli,1206316000,32.124000,0.000000,124.775000,0.295840,0.404000,10,15,0,0,0,0,0,0,0,0,0,0,0.051734,1.421058,25,25
2043-06-01,Tampakan,1206314000,17.508000,0.000000,67.875000,0.193714,0.268000,14,0,0,0,0,0,0,0,0,0,0,0,-0.353197,0.192678,14,14
2043-06-01,Tantangan,1206315000,4.232000,0.000000,26.550000,0.073538,0.156000,13,0,0,0,0,0,0,0,0,0,0,0,-2.460356,-1.724629,13,13
2043-06-01,Tupi,1206317000,17.808000,0.000000,71.775000,0.032533,0.140000,15,0,0,0,0,0,0,0,0,1,0,0,0.115782,2.398450,15,15
2043-07-01,Banga,1206302000,30.080000,0.000000,114.325000,0.207636,0.328000,20,2,0,0,0,0,0,0,0,0,0,0,0.209918,2.413784,22,22
2043-07-01,City of Koronadal,1206306000,8.512000,0.000000,53.875000,0.060296,0.144000,27,0,0,0,0,0,0,0,0,0,0,0,-2.756366,-1.576608,27,27
2043-07-01,Lake Sebu,1206319000,22.132000,0.000000,88.550000,0.273474,0.360000,10,9,0,0,0,0,0,0,0,0,0,0,-0.131664,2.075762,19,19
2043-07-01,Norala,1206311000,16.616000,0.000000,66.550000,0.136571,0.188000,14,0,0,0,0,0,0,0,0,0,0,0,-0.388705,0.167642,14,14
2043-07-01,Polomolok,1206312000,57.556000,0.000000,199.650000,0.325913,0.444000,10,13,0,0,3,0,0,3,1,6,0,0,3.425553,7.075114,23,23
2043-07-01,Santo Niño,1206318000,12.864000,0.000000,51.775000,0.194000,0.300000,9,1,0,0,0,0,0,0,0,0,0,0,-0.028235,0.167642,10,10
2043-07-01,Surallah,1206313000,40.444000,0.000000,143.650000,0.187529,0.272000,17,0,0,0,0,0,0,0,0,6,0,0,2.384712,3.563413,17,17
2043-07-01,T'Boli,1206316000,31.152000,0.000000,121.875000,0.282880,0.380000,16,9,0,0,0,0,0,0,0,0,0,0,-0.061017,1.304527,25,25
2043-07-01,Tampakan,1206314000,17.300000,0.000000,68.100000,0.192000,0.304000,13,1,0,0,0,0,0,0,0,0,0,0,-0.408667,0.129884,14,14
2043-07-01,Tantangan,1206315000,4.428000,0.000000,25.000000,0.084923,0.124000,13,0,0,0,0,0,0,0,0,0,0,0,-2.272527,-1.563206,13,13
2043-07-01,Tupi,1206317000,17.908000,0.000000,70.775000,0.030933,0.112000,15,0,0,0,0,0,0,0,0,1,0,0,0.146010,2.290981,15,15
2043-08-01,Banga,1206302000,30.236000,0.000000,115.100000,0.205818,0.324000,19,3,0,0,0,0,0,0,0,0,0,0,0.274102,2.409654,22,22
2043-08-01,City of Koronadal,1206306000,9.368000,0.000000,52.550000,0.072000,0.152000,27,0,0,0,0,0,0,0,0,0,0,0,-2.773780,-1.405111,27,27
2043-08-01,Lake Sebu,1206319000,21.948000,0.000000,85.875000,0.280421,0.368000,10,9,0,0,0,0,0,0,0,0,0,0,-0.035508,2.522460,19,19
2043-08-01,Norala,1206311000,16.188000,0.000000,64.325000,0.124286,0.176000,14,0,0,0,0,0,0,0,0,0,0,0,-0.477162,-0.024361,14,14
2043-08-01,Polomolok,1206312000,56.452000,0.000000,192.200000,0.328000,0.440000,8,15,0,0,6,0,0,6,1,6,3,0,3.364886,6.997062,23,23
2043-08-01,Santo Niño,1206318000,12.068000,0.000000,48.000000,0.172800,0.280000,10,0,0,0,0,0,0,0,0,0,0,0,-0.223304,0.068611,10,10
2043-08-01,Surallah,1206313000,42.520000,0.000000,149.325000,0.208235,0.272000,17,0,0,0,9,0,0,9,1,9,9,0,2.779177,3.724661,17,17
2043-08-01,T'Boli,1206316000,30.388000,0.000000,118.975000,0.270400,0.368000,19,6,0,0,0,0,0,0,0,0,0,0,-0.123150,1.171897,25,25
2043-08-01,Tampakan,1206314000,16.716000,0.000000,65.325000,0.179429,0.296000,14,0,0,0,0,0,0,0,0,0,0,0,-0.448544,0.128173,14,14
2043-08-01,Tantangan,1206315000,4.684000,0.000000,27.775000,0.093538,0.192000,13,0,0,0,0,0,0,0,0,0,0,0,-2.330966,-1.482759,13,13
2043-08-01,Tupi,1206317000,17.388000,0.000000,66.550000,0.030667,0.160000,15,0,0,0,0,0,0,0,0,1,0,0,0.020390,1.877821,15,15
2043-09-01,Banga,1206302000,31.076000,0.000000,118.650000,0.224727,0.360000,18,4,0,0,0,0,0,0,0,0,0,0,0.343710,2.269696,22,22
2043-09-01,City of Koronadal,1206306000,8.824000,0.000000,53.000000,0.061778,0.188000,27,0,0,0,0,0,0,0,0,0,0,0,-2.780636,-1.423514,27,27
2043-09-01,Lake Sebu,1206319000,21.692000,0.000000,85.325000,0.274737,0.352000,13,6,0,0,0,0,0,0,0,0,0,0,-0.121639,2.274821,19,19
2043-09-01,Norala,1206311000,16.404000,0.000000,65.550000,0.132857,0.204000,14,0,0,0,0,0,0,0,0,0,0,0,-0.388379,0.037976,14,14
2043-09-01,Polomolok,1206312000,56.856000,0.000000,195.525000,0.322435,0.428000,8,15,0,0,10,0,0,10,1,10,4,0,3.415432,7.117310,23,23
2043-09-01,Santo Niño,1206318000,12.512000,0.000000,51.000000,0.190800,0.284000,10,0,0,0,0,0,0,0,0,0,0,0,-0.128981,0.085148,10,10
2043-09-01,Surallah,1206313000,41.596000,0.000000,143.875000,0.203294,0.272000,17,0,0,0,8,0,0,8,1,10,2,0,2.573446,3.470521,17,17
2043-09-01,T'Boli,1206316000,30.656000,0.000000,116.875000,0.280640,0.404000,14,11,0,0,0,0,0,0,0,0,0,0,-0.099701,1.421437,25,25
2043-09-01,Tampakan,1206314000,16.520000,0.000000,66.550000,0.173714,0.268000,14,0,0,0,0,0,0,0,0,0,0,0,-0.531139,0.040930,14,14
2043-09-01,Tantangan,1206315000,4.524000,0.000000,27.325000,0.087385,0.176000,13,0,0,0,0,0,0,0,0,0,0,0,-2.374461,-1.616864,13,13
2043-09-01,Tupi,1206317000,17.828000,0.000000,70.550000,0.030400,0.108000,15,0,0,0,0,0,0,0,0,1,0,0,0.082596,2.083550,15,15
2043-10-01,Banga,1206302000,30.852000,0.000000,119.325000,0.217818,0.384000,19,3,0,0,0,0,0,0,0,0,0,0,0.330135,2.396876,22,22
2043-10-01,City of Koronadal,1206306000,8.856000,0.000000,53.000000,0.064444,0.116000,27,0,0,0,0,0,0,0,0,0,0,0,-2.723101,-1.350675,27,27
2043-10-01,Lake Sebu,1206319000,21.588000,0.000000,83.550000,0.271158,0.364000,11,8,0,0,0,0,0,0,0,0,0,0,-0.160656,2.322411,19,19
2043-10-01,Norala,1206311000,16.220000,0.000000,63.775000,0.133429,0.188000,14,0,0,0,0,0,0,0,0,0,0,0,-0.427887,-0.047368,14,14
2043-10-01,Polomolok,1206312000,57.588000,0.000000,197.325000,0.333913,0.436000,7,16,0,0,7,0,0,7,1,7,0,0,3.390896,7.210526,23,23
2043-10-01,Santo Niño,1206318000,12.364000,0.000000,47.775000,0.178000,0.300000,9,1,0,0,0,0,0,0,0,0,0,0,-0.128350,0.289460,10,10
2043-10-01,Surallah,1206313000,42.256000,0.000000,141.650000,0.209647,0.332000,15,2,0,0,8,0,0,8,1,9,5,0,2.660463,3.661583,17,17
2043-10-01,T'Boli,1206316000,30.700000,0.000000,122.325000,0.273600,0.388000,19,6,0,0,0,0,0,0,0,0,0,0,-0.111584,1.333249,25,25
2043-10-01,Tampakan,1206314000,16.484000,0.000000,65.775000,0.175714,0.244000,14,0,0,0,0,0,0,0,0,0,0,0,-0.541103,0.079095,14,14
2043-10-01,Tantangan,1206315000,4.628000,0.000000,28.775000,0.088000,0.216000,13,0,0,0,0,0,0,0,0,0,0,0,-2.306499,-1.545184,13,13
2043-10-01,Tupi,1206317000,17.840000,0.000000,69.325000,0.031467,0.148000,15,0,0,0,0,0,0,0,0,1,0,0,0.099629,2.107583,15,15
2043-11-01,Banga,1206302000,31.108000,0.000000,114.325000,0.219636,0.304000,21,1,0,0,0,0,0,0,0,0,0,0,0.369728,2.481409,22,22
2043-11-01,City of Koronadal,1206306000,9.088000,0.000000,57.100000,0.065185,0.124000,27,0,0,0,0,0,0,0,0,0,0,0,-2.666515,-1.394443,27,27
2043-11-01,Lake Sebu,1206319000,20.832000,0.000000,83.875000,0.258526,0.348000,16,3,0,0,0,0,0,0,0,0,0,0,-0.231397,2.105213,19,19
2043-11-01,Norala,1206311000,16.140000,0.000000,64.325000,0.129714,0.188000,14,0,0,0,0,0,0,0,0,0,0,0,-0.421898,0.152271,14,14
2043-11-01,Polomolok,1206312000,57.812000,0.000000,196.875000,0.335304,0.464000,8,15,0,0,7,0,0,7,1,7,0,0,3.330970,7.068750,23,23
2043-11-01,Santo Niño,1206318000,12.628000,0.000000,50.325000,0.176400,0.248000,10,0,0,0,0,0,0,0,0,0,0,0,-0.082665,0.379307,10,10
2043-11-01,Surallah,1206313000,43.468000,0.000000,147.650000,0.216941,0.284000,17,0,0,0,0,0,0,0,0,8,0,0,2.705085,3.806061,17,17
2043-11-01,T'Boli,1206316000,30.944000,0.000000,122.100000,0.277120,0.404000,14,11,0,0,0,0,0,0,0,0,0,0,-0.104503,1.222146,25,25
2043-11-01,Tampakan,1206314000,15.880000,0.000000,65.325000,0.162857,0.284000,14,0,0,0,0,0,0,0,0,0,0,0,-0.663486,-0.076562,14,14
2043-11-01,Tantangan,1206315000,4.620000,0.000000,29.550000,0.087692,0.156000,13,0,0,0,0,0,0,0,0,0,0,0,-2.225995,-1.416627,13,13
2043-11-01,Tupi,1206317000,17.704000,0.000000,69.325000,0.026933,0.136000,15,0,0,0,0,0,0,0,0,1,0,0,0.052099,2.013430,15,15
2043-12-01,Banga,1206302000,30.744000,0.000000,119.425000,0.216545,0.316000,20,2,0,0,0,0,0,0,0,0,0,0,0.299058,2.403111,22,22
2043-12-01,City of Koronadal,1206306000,8.872000,0.000000,55.550000,0.063704,0.128000,27,0,0,0,0,0,0,0,0,0,0,0,-2.705606,-1.488260,27,27
2043-12-01,Lake Sebu,1206319000,21.244000,0.000000,87.000000,0.260842,0.384000,16,3,0,0,0,0,0,0,0,0,0,0,-0.200093,1.986012,19,19
2043-12-01,Norala,1206311000,17.036000,0.000000,66.550000,0.140857,0.192000,14,0,0,0,0,0,0,0,0,0,0,0,-0.282941,0.115192,14,14
2043-12-01,Polomolok,1206312000,58.092000,0.000000,196.425000,0.333739,0.456000,8,15,0,0,9,0,0,9,1,9,3,0,3.408036,7.178108,23,23
2043-12-01,Santo Niño,1206318000,12.708000,0.000000,47.775000,0.189200,0.260000,10,0,0,0,0,0,0,0,0,0,0,0,-0.017917,0.198178,10,10
2043-12-01,Surallah,1206313000,42.592000,0.000000,148.425000,0.207059,0.292000,17,0,0,0,11,0,0,11,1,11,11,0,2.624395,3.560733,17,17
2043-12-01,T'Boli,1206316000,30.628000,0.000000,122.875000,0.278560,0.392000,17,8,0,0,0,0,0,0,0,0,0,0,-0.146313,1.332222,25,25
2043-12-01,Tampakan,1206314000,15.280000,0.000000,60.550000,0.161714,0.288000,14,0,0,0,0,0,0,0,0,0,0,0,-0.735790,-0.288945,14,14
2043-12-01,Tantangan,1206315000,4.620000,0.000000,28.325000,0.090462,0.192000,13,0,0,0,0,0,0,0,0,0,0,0,-2.261678,-1.562314,13,13
2043-12-01,Tupi,1206317000,17.840000,0.000000,72.000000,0.034667,0.144000,15,0,0,0,0,0,0,0,0,1,0,0,0.082949,2.274648,15,15
2044-01-01,Banga,1206302000,30.432000,0.000000,112.650000,0.211273,0.304000,20,2,0,0,0,0,0,0,0,0,0,0,0.325055,2.261239,22,22
2044-01-01,City of Koronadal,1206306000,8.456000,0.000000,52.775000,0.060296,0.140000,27,0,0,0,0,0,0,0,0,0,0,0,-2.865568,-1.302611,27,27
2044-01-01,Lake Sebu,1206319000,21.500000,0.000000,86.550000,0.259368,0.348000,14,5,0,0,0,0,0,0,0,1,0,0,-0.178150,1.757539,19,19
2044-01-01,Norala,1206311000,16.676000,0.000000,64.325000,0.136000,0.184000,14,0,0,0,0,0,0,0,0,0,0,0,-0.350856,-0.010813,14,14
2044-01-01,Polomolok,1206312000,55.192000,0.000000,191.650000,0.313913,0.424000,10,13,0,0,9,0,0,9,1,9,1,0,3.546466,7.320289,23,23
2044-01-01,Santo Niño,1206318000,11.972000,0.000000,45.550000,0.171600,0.292000,10,0,0,0,0,0,0,0,0,0,0,0,-0.128246,0.095736,10,10
2044-01-01,Surallah,1206313000,36.792000,0.000000,132.325000,0.164471,0.216000,17,0,0,0,5,0,0,5,1,7,0,0,2.297797,3.202485,17,17
2044-01-01,T'Boli,1206316000,31.156000,0.000000,119.100000,0.279680,0.420000,17,8,0,0,0,0,0,0,0,0,0,0,0.017207,1.590764,25,25
2044-01-01,Tampakan,1206314000,18.084000,0.000000,70.775000,0.197714,0.308000,13,1,0,0,0,0,0,0,0,0,0,0,-0.186337,0.465979,14,14
2044-01-01,Tantangan,1206315000,4.300000,0.000000,27.775000,0.078462,0.164000,13,0,0,0,0,0,0,0,0,0,0,0,-2.455118,-1.746724,13,13
2044-01-01,Tupi,1206317000,17.276000,0.000000,67.550000,0.025600,0.096000,15,0,0,0,0,0,0,0,0,1,0,0,0.126735,2.340972,15,15
2044-02-01,Banga,1206302000,29.460000,0.000000,113.325000,0.204545,0.372000,20,2,0,0,0,0,0,0,0,0,0,0,0.178508,2.257349,22,22
2044-02-01,City of Koronadal,1206306000,8.648000,0.000000,52.550000,0.062667,0.120000,27,0,0,0,0,0,0,0,0,0,0,0,-2.811299,-1.518464,27,27
2044-02-01,Lake Sebu,1206319000,21.900000,0.000000,88.325000,0.274526,0.372000,13,6,0,0,0,0,0,0,0,0,0,0,-0.127326,1.665462,19,19
2044-02-01,Norala,1206311000,16.420000,0.000000,62.550000,0.136000,0.180000,14,0,0,0,0,0,0,0,0,0,0,0,-0.342338,0.044617,14,14
2044-02-01,Polomolok,1206312000,55.428000,0.000000,193.875000,0.314087,0.452000,9,14,0,0,7,0,0,7,1,8,0,0,3.427742,7.164233,23,23
2044-02-01,Santo Niño,1206318000,12.040000,0.000000,45.550000,0.184000,0.328000,9,1,0,0,0,0,0,0,0,0,0,0,-0.155935,0.014312,10,10
2044-02-01,Surallah,1206313000,36.812000,0.000000,124.100000,0.167294,0.220000,17,0,0,0,0,0,0,0,0,5,0,0,2.088153,3.027243,17,17
2044-02-01,T'Boli,1206316000,31.548000,0.000000,123.425000,0.285440,0.412000,15,10,0,0,0,0,0,0,0,0,0,0,0.044757,1.541391,25,25
2044-02-01,Tampakan,1206314000,18.680000,0.000000,73.325000,0.212000,0.328000,13,1,0,0,0,0,0,0,0,0,0,0,-0.080168,0.580058,14,14
2044-02-01,Tantangan,1206315000,4.248000,0.000000,23.550000,0.079385,0.168000,13,0,0,0,0,0,0,0,0,0,0,0,-2.388258,-1.626040,13,13
2044-02-01,Tupi,1206317000,17.884000,0.000000,69.325000,0.029600,0.172000,15,0,0,0,0,0,0,0,0,1,0,0,0.215697,2.316466,15,15
2044-03-01,Banga,1206302000,29.592000,0.000000,114.650000,0.206727,0.332000,21,1,0,0,0,0,0,0,0,0,0,0,0.228980,2.161752,22,22
2044-03-01,City of Koronadal,1206306000,8.948000,0.000000,51.325000,0.064741,0.152000,27,0,0,0,0,0,0,0,0,0,0,0,-2.900939,-1.409526,27,27
2044-03-01,Lake Sebu,1206319000,22.172000,0.000000,88.325000,0.276421,0.396000,12,7,0,0,0,0,0,0,0,0,0,0,-0.064854,1.988457,19,19
2044-03-01,Norala,1206311000,16.580000,0.000000,66.550000,0.138000,0.208000,14,0,0,0,0,0,0,0,0,0,0,0,-0.372303,-0.004306,14,14
2044-03-01,Polomolok,1206312000,54.836000,0.000000,196.425000,0.314783,0.420000,11,12,0,0,10,0,0,10,1,10,3,0,3.439146,6.973592,23,23
2044-03-01,Santo Niño,1206318000,12.060000,0.000000,48.550000,0.168000,0.260000,10,0,0,0,0,0,0,0,0,0,0,0,-0.191362,0.075746,10,10
2044-03-01,Surallah,1206313000,38.084000,0.000000,131.100000,0.176941,0.284000,17,0,0,0,10,0,0,10,1,10,10,0,2.350555,3.423675,17,17
2044-03-01,T'Boli,1206316000,31.724000,0.000000,120.775000,0.284960,0.388000,14,11,0,0,0,0,0,0,0,0,0,0,0.070718,1.360901,25,25
2044-03-01,Tampakan,1206314000,18.604000,0.000000,70.000000,0.207143,0.324000,11,3,0,0,0,0,0,0,0,0,0,0,-0.095466,0.687151,14,14
2044-03-01,Tantangan,1206315000,4.424000,0.000000,25.775000,0.080000,0.132000,13,0,0,0,0,0,0,0,0,0,0,0,-2.499469,-1.690785,13,13
2044-03-01,Tupi,1206317000,17.520000,0.000000,68.775000,0.026133,0.112000,15,0,0,0,0,0,0,0,0,1,0,0,0.177128,2.421612,15,15
2044-04-01,Banga,1206302000,30.196000,0.000000,115.875000,0.212000,0.320000,19,3,0,0,0,0,0,0,0,0,0,0,0.250797,1.920677,22,22
2044-04-01,City of Koronadal,1206306000,8.660000,0.000000,54.100000,0.065333,0.136000,27,0,0,0,0,0,0,0,0,0,0,0,-2.921070,-1.553469,27,27
2044-04-01,Lake Sebu,1206319000,22.016000,0.000000,86.775000,0.280632,0.400000,11,8,0,0,0,0,0,0,0,0,0,0,-0.089097,1.940416,19,19
2044-04-01,Norala,1206311000,16.708000,0.000000,66.550000,0.142571,0.216000,14,0,0,0,0,0,0,0,0,0,0,0,-0.371739,0.212707,14,14
2044-04-01,Polomolok,1206312000,55.040000,0.000000,188.200000,0.308000,0.412000,10,13,0,0,8,0,0,8,1,9,0,0,3.419060,7.107345,23,23
2044-04-01,Santo Niño,1206318000,12.496000,0.000000,48.775000,0.180800,0.300000,9,1,0,0,0,0,0,0,0,0,0,0,-0.085005,0.111082,10,10
2044-04-01,Surallah,1206313000,38.368000,0.000000,137.650000,0.178118,0.232000,17,0,0,0,6,0,0,6,1,7,0,0,2.335594,3.147160,17,17
2044-04-01,T'Boli,1206316000,32.496000,0.000000,127.875000,0.296480,0.400000,13,12,0,0,0,0,0,0,0,0,0,0,0.119350,1.523351,25,25
2044-04-01,Tampakan,1206314000,18.352000,0.000000,72.550000,0.201143,0.324000,11,3,0,0,0,0,0,0,0,0,0,0,-0.185706,0.486187,14,14
2044-04-01,Tantangan,1206315000,4.452000,0.000000,27.550000,0.080308,0.148000,13,0,0,0,0,0,0,0,0,0,0,0,-2.480413,-1.698535,13,13
2044-04-01,Tupi,1206317000,17.804000,0.000000,68.775000,0.026667,0.108000,15,0,0,0,0,0,0,0,0,1,0,0,0.136269,2.249814,15,15
2044-05-01,Banga,1206302000,29.576000,0.000000,115.100000,0.202182,0.268000,22,0,0,0,0,0,0,0,0,0,0,0,0.201770,2.073921,22,22
2044-05-01,City of Koronadal,1206306000,8.752000,0.000000,58.325000,0.062222,0.164000,27,0,0,0,0,0,0,0,0,0,0,0,-2.804743,-1.520032,27,27
2044-05-01,Lake Sebu,1206319000,21.188000,0.000000,86.100000,0.261053,0.348000,14,5,0,0,0,0,0,0,0,0,0,0,-0.205862,1.716132,19,19
2044-05-01,Norala,1206311000,15.880000,0.000000,64.100000,0.127714,0.184000,14,0,0,0,0,0,0,0,0,0,0,0,-0.389707,0.315447,14,14
2044-05-01,Polomolok,1206312000,56.316000,0.000000,199.200000,0.318783,0.408000,10,13,0,0,10,0,0,10,1,10,2,0,3.540577,7.390631,23,23
2044-05-01,Santo Niño,1206318000,12.372000,0.000000,48.100000,0.184000,0.312000,9,1,0,0,0,0,0,0,0,0,0,0,-0.098535,0.241720,10,10
2044-05-01,Surallah,1206313000,37.992000,0.000000,134.100000,0.178118,0.236000,17,0,0,0,8,0,0,8,1,9,2,0,2.254780,3.118605,17,17
2044-05-01,T'Boli,1206316000,31.072000,0.000000,121.550000,0.286720,0.384000,14,11,0,0,0,0,0,0,0,0,0,0,0.035700,1.204000,25,25
2044-05-01,Tampakan,1206314000,17.796000,0.000000,70.650000,0.194286,0.316000,13,1,0,0,0,0,0,0,0,0,0,0,-0.218384,0.318794,14,14
2044-05-01,Tantangan,1206315000,4.568000,0.000000,27.775000,0.084000,0.164000,13,0,0,0,0,0,0,0,0,0,0,0,-2.372600,-1.738671,13,13
2044-05-01,Tupi,1206317000,17.820000,0.000000,71.325000,0.029867,0.116000,15,0,0,0,0,0,0,0,0,1,0,0,0.175118,2.134310,15,15
2044-06-01,Banga,1206302000,30.212000,0.000000,115.550000,0.213636,0.320000,19,3,0,0,0,0,0,0,0,0,0,0,0.291417,2.134522,22,22
2044-06-01,City of Koronadal,1206306000,9.020000,0.000000,55.775000,0.069778,0.200000,27,0,0,0,0,0,0,0,0,0,0,0,-2.790717,-1.300535,27,27
2044-06-01,Lake Sebu,1206319000,21.424000,0.000000,85.325000,0.269895,0.356000,13,6,0,0,0,0,0,0,0,1,0,0,-0.212910,1.806766,19,19
2044-06-01,Norala,1206311000,16.628000,0.000000,62.650000,0.140000,0.188000,14,0,0,0,0,0,0,0,0,0,0,0,-0.296947,0.334658,14,14
2044-06-01,Polomolok,1206312000,55.868000,0.000000,188.650000,0.317391,0.420000,10,13,0,0,11,0,0,11,1,11,1,0,3.459348,7.350937,23,23
2044-06-01,Santo Niño,1206318000,12.472000,0.000000,48.000000,0.170400,0.284000,10,0,0,0,0,0,0,0,0,0,0,0,-0.063178,0.246882,10,10
2044-06-01,Surallah,1206313000,38.048000,0.000000,135.200000,0.172471,0.264000,17,0,0,0,6,0,0,6,1,7,1,0,2.295230,3.156412,17,17
2044-06-01,T'Boli,1206316000,31.184000,0.000000,124.975000,0.281600,0.372000,13,12,0,0,0,0,0,0,0,0,0,0,0.012601,1.234279,25,25
2044-06-01,Tampakan,1206314000,17.512000,0.000000,69.875000,0.196857,0.312000,13,1,0,0,0,0,0,0,0,0,0,0,-0.307538,0.180674,14,14
2044-06-01,Tantangan,1206315000,4.432000,0.000000,26.775000,0.077538,0.120000,13,0,0,0,0,0,0,0,0,0,0,0,-2.397061,-1.652326,13,13
2044-06-01,Tupi,1206317000,17.476000,0.000000,65.775000,0.030400,0.184000,15,0,0,0,0,0,0,0,0,1,0,0,0.089989,1.992012,15,15
2044-07-01,Banga,1206302000,30.732000,0.000000,117.650000,0.214182,0.328000,19,3,0,0,0,0,0,0,0,0,0,0,0.313941,2.185854,22,22
2044-07-01,City of Koronadal,1206306000,8.892000,0.000000,55.100000,0.062370,0.124000,27,0,0,0,0,0,0,0,0,0,0,0,-2.806628,-1.481150,27,27
2044-07-01,Lake Sebu,1206319000,21.836000,0.000000,89.650000,0.278316,0.352000,11,8,0,0,0,0,0,0,0,0,0,0,-0.122728,1.978727,19,19
2044-07-01,Norala,1206311000,16.544000,0.000000,65.550000,0.141143,0.192000,14,0,0,0,0,0,0,0,0,0,0,0,-0.325944,0.329879,14,14
2044-07-01,Polomolok,1206312000,56.220000,0.000000,196.425000,0.317739,0.404000,9,14,0,0,9,0,0,9,1,9,0,0,3.484513,7.291281,23,23
2044-07-01,Santo Niño,1206318000,12.624000,0.000000,48.550000,0.184400,0.264000,10,0,0,0,0,0,0,0,0,0,0,0,0.001821,0.420229,10,10
2044-07-01,Surallah,1206313000,39.060000,0.000000,133.875000,0.182824,0.248000,17,0,0,0,6,0,0,6,1,6,1,0,2.337627,3.458876,17,17
2044-07-01,T'Boli,1206316000,30.736000,0.000000,120.550000,0.280800,0.352000,16,9,0,0,0,0,0,0,0,0,0,0,-0.088290,1.392922,25,25
2044-07-01,Tampakan,1206314000,17.392000,0.000000,66.550000,0.190000,0.340000,13,1,0,0,0,0,0,0,0,0,0,0,-0.373996,0.274441,14,14
2044-07-01,Tantangan,1206315000,4.504000,0.000000,28.775000,0.088308,0.160000,13,0,0,0,0,0,0,0,0,0,0,0,-2.382904,-1.726638,13,13
2044-07-01,Tupi,1206317000,17.956000,0.000000,70.550000,0.027467,0.116000,15,0,0,0,0,0,0,0,0,1,0,0,0.141128,2.209496,15,15
2044-08-01,Banga,1206302000,30.964000,0.000000,120.200000,0.219273,0.320000,19,3,0,0,0,0,0,0,0,0,0,0,0.313456,2.394106,22,22
2044-08-01,City of Koronadal,1206306000,8.680000,0.000000,54.100000,0.062667,0.144000,27,0,0,0,0,0,0,0,0,0,0,0,-2.840899,-1.356763,27,27
2044-08-01,Lake Sebu,1206319000,22.080000,0.000000,86.325000,0.278105,0.392000,14,5,0,0,0,0,0,0,0,0,0,0,-0.130414,2.015000,19,19
2044-08-01,Norala,1206311000,16.352000,0.000000,65.875000,0.131429,0.184000,14,0,0,0,0,0,0,0,0,0,0,0,-0.435247,-0.004804,14,14
2044-08-01,Polomolok,1206312000,56.964000,0.000000,198.325000,0.327478,0.424000,9,14,0,0,8,0,0,8,1,9,1,0,3.453482,7.280399,23,23
2044-08-01,Santo Niño,1206318000,12.572000,0.000000,48.775000,0.182000,0.288000,10,0,0,0,0,0,0,0,0,0,0,0,-0.034516,0.255759,10,10
2044-08-01,Surallah,1206313000,40.756000,0.000000,144.875000,0.197176,0.280000,17,0,0,0,10,0,0,10,1,10,5,0,2.568672,3.682089,17,17
2044-08-01,T'Boli,1206316000,31.248000,0.000000,122.550000,0.282400,0.404000,15,10,0,0,0,0,0,0,0,0,0,0,-0.010730,1.461801,25,25
2044-08-01,Tampakan,1206314000,17.104000,0.000000,70.100000,0.183429,0.276000,14,0,0,0,0,0,0,0,0,0,0,0,-0.429707,0.222340,14,14
2044-08-01,Tantangan,1206315000,4.588000,0.000000,29.000000,0.087692,0.152000,13,0,0,0,0,0,0,0,0,0,0,0,-2.379525,-1.540219,13,13
2044-08-01,Tupi,1206317000,17.184000,0.000000,67.100000,0.026933,0.100000,15,0,0,0,0,0,0,0,0,1,0,0,0.015204,2.176252,15,15
2044-09-01,Banga,1206302000,30.576000,0.000000,116.650000,0.218727,0.324000,21,1,0,0,0,0,0,0,0,0,0,0,0.375455,2.866417,22,22
2044-09-01,City of Koronadal,1206306000,8.752000,0.000000,55.325000,0.058815,0.132000,27,0,0,0,0,0,0,0,0,0,0,0,-2.874903,-1.395311,27,27
2044-09-01,Lake Sebu,1206319000,20.804000,0.000000,83.000000,0.259158,0.340000,15,4,0,0,0,0,0,0,0,0,0,0,-0.201987,2.171941,19,19
2044-09-01,Norala,1206311000,16.020000,0.000000,63.550000,0.127143,0.172000,14,0,0,0,0,0,0,0,0,0,0,0,-0.422953,0.120386,14,14
2044-09-01,Polomolok,1206312000,56.700000,0.000000,203.100000,0.327826,0.436000,8,15,0,0,9,0,0,9,1,9,2,0,3.538145,6.950116,23,23
2044-09-01,Santo Niño,1206318000,12.400000,0.000000,53.325000,0.176800,0.244000,10,0,0,0,0,0,0,0,0,0,0,0,-0.084805,0.191790,10,10
2044-09-01,Surallah,1206313000,41.560000,0.000000,144.650000,0.196471,0.284000,17,0,0,0,11,0,0,11,1,11,2,0,2.816648,4.193749,17,17
2044-09-01,T'Boli,1206316000,29.916000,0.000000,115.650000,0.272160,0.344000,15,10,0,0,0,0,0,0,0,0,0,0,-0.117397,1.500902,25,25
2044-09-01,Tampakan,1206314000,16.624000,0.000000,65.775000,0.174571,0.288000,14,0,0,0,0,0,0,0,0,0,0,0,-0.482321,0.136734,14,14
2044-09-01,Tantangan,1206315000,4.396000,0.000000,25.775000,0.079385,0.132000,13,0,0,0,0,0,0,0,0,0,0,0,-2.414707,-1.662109,13,13
2044-09-01,Tupi,1206317000,17.236000,0.000000,67.650000,0.031733,0.136000,15,0,0,0,0,0,0,0,0,1,0,0,0.011980,2.136131,15,15
2044-10-01,Banga,1206302000,31.464000,0.000000,121.100000,0.222727,0.332000,18,4,0,0,0,0,0,0,0,0,0,0,0.363054,2.291756,22,22
2044-10-01,City of Koronadal,1206306000,9.200000,0.000000,55.325000,0.068000,0.180000,27,0,0,0,0,0,0,0,0,0,0,0,-2.762140,-1.475310,27,27
2044-10-01,Lake Sebu,1206319000,20.928000,0.000000,82.100000,0.270316,0.328000,12,7,0,0,0,0,0,0,0,0,0,0,-0.228819,2.087869,19,19
2044-10-01,Norala,1206311000,16.484000,0.000000,68.100000,0.136857,0.200000,14,0,0,0,0,0,0,0,0,0,0,0,-0.352548,0.219668,14,14
2044-10-01,Polomolok,1206312000,57.752000,0.000000,197.200000,0.331478,0.460000,6,17,0,0,10,0,0,10,1,10,1,0,3.482128,7.266967,23,23
2044-10-01,Santo Niño,1206318000,13.228000,0.000000,48.775000,0.195600,0.272000,10,0,0,0,0,0,0,0,0,0,0,0,0.036185,0.290982,10,10
2044-10-01,Surallah,1206313000,41.188000,0.000000,144.650000,0.198353,0.300000,16,1,0,0,7,0,0,7,1,9,1,0,2.494659,3.345029,17,17
2044-10-01,T'Boli,1206316000,30.656000,0.000000,123.200000,0.275360,0.364000,14,11,0,0,0,0,0,0,0,0,0,0,-0.102405,1.468664,25,25
2044-10-01,Tampakan,1206314000,16.180000,0.000000,64.550000,0.173429,0.256000,14,0,0,0,0,0,0,0,0,0,0,0,-0.608332,-0.132727,14,14
2044-10-01,Tantangan,1206315000,4.508000,0.000000,27.325000,0.084308,0.140000,13,0,0,0,0,0,0,0,0,0,0,0,-2.334701,-1.581610,13,13
2044-10-01,Tupi,1206317000,17.912000,0.000000,71.325000,0.032533,0.176000,15,0,0,0,0,0,0,0,0,1,0,0,0.134059,2.151315,15,15
2044-11-01,Banga,1206302000,31.672000,0.000000,120.325000,0.224545,0.340000,20,2,0,0,0,0,0,0,0,0,0,0,0.398133,2.520670,22,22
2044-11-01,City of Koronadal,1206306000,9.152000,0.000000,54.550000,0.066222,0.140000,27,0,0,0,0,0,0,0,0,0,0,0,-2.813221,-1.395201,27,27
2044-11-01,Lake Sebu,1206319000,20.856000,0.000000,83.875000,0.262526,0.372000,13,6,0,0,0,0,0,0,0,0,0,0,-0.293354,2.062432,19,19
2044-11-01,Norala,1206311000,17.412000,0.000000,74.425000,0.150000,0.196000,14,0,0,0,0,0,0,0,0,0,0,0,-0.238424,0.122851,14,14
2044-11-01,Polomolok,1206312000,57.032000,0.000000,196.550000,0.332522,0.440000,7,16,0,0,9,0,0,9,1,9,0,0,3.373672,6.908283,23,23
2044-11-01,Santo Niño,1206318000,13.092000,0.000000,47.775000,0.196000,0.288000,10,0,0,0,0,0,0,0,0,0,0,0,0.021783,0.343398,10,10
2044-11-01,Surallah,1206313000,42.332000,0.000000,148.650000,0.210353,0.316000,16,1,0,0,9,0,0,9,1,11,2,0,2.733998,3.910014,17,17
2044-11-01,T'Boli,1206316000,31.244000,0.000000,122.100000,0.283840,0.440000,15,10,0,0,0,0,0,0,0,0,0,0,-0.065535,1.540260,25,25
2044-11-01,Tampakan,1206314000,15.844000,0.000000,65.550000,0.164000,0.260000,14,0,0,0,0,0,0,0,0,0,0,0,-0.676886,-0.146277,14,14
2044-11-01,Tantangan,1206315000,4.580000,0.000000,25.775000,0.088615,0.160000,13,0,0,0,0,0,0,0,0,0,0,0,-2.356198,-1.561419,13,13
2044-11-01,Tupi,1206317000,17.704000,0.000000,74.100000,0.036533,0.148000,15,0,0,0,0,0,0,0,0,1,0,0,0.007620,2.027781,15,15
2044-12-01,Banga,1206302000,32.104000,0.000000,122.875000,0.228364,0.332000,20,2,0,0,0,0,0,0,0,0,0,0,0.418818,2.469196,22,22
2044-12-01,City of Koronadal,1206306000,8.996000,0.000000,55.775000,0.063407,0.148000,27,0,0,0,0,0,0,0,0,0,0,0,-2.680060,-1.477791,27,27
2044-12-01,Lake Sebu,1206319000,20.740000,0.000000,87.550000,0.250947,0.348000,13,6,0,0,0,0,0,0,0,0,0,0,-0.298791,2.233671,19,19
2044-12-01,Norala,1206311000,17.012000,0.000000,67.325000,0.145143,0.188000,14,0,0,0,0,0,0,0,0,0,0,0,-0.316698,0.130780,14,14
2044-12-01,Polomolok,1206312000,58.748000,0.000000,200.425000,0.332348,0.440000,7,16,0,0,9,0,0,9,1,9,0,0,3.414540,7.016029,23,23
2044-12-01,Santo Niño,1206318000,12.820000,0.000000,50.550000,0.191200,0.320000,9,1,0,0,0,0,0,0,0,0,0,0,-0.043190,0.300443,10,10
2044-12-01,Surallah,1206313000,43.968000,0.000000,151.425000,0.212941,0.284000,17,0,0,0,8,0,0,8,1,10,0,0,2.760038,3.787647,17,17
2044-12-01,T'Boli,1206316000,30.712000,0.000000,120.325000,0.284320,0.444000,12,13,0,0,0,0,0,0,0,0,0,0,-0.115745,1.557580,25,25
2044-12-01,Tampakan,1206314000,14.876000,0.000000,62.775000,0.148286,0.240000,14,0,0,0,0,0,0,0,0,0,0,0,-0.873337,-0.413900,14,14
2044-12-01,Tantangan,1206315000,4.660000,0.000000,27.100000,0.084308,0.176000,13,0,0,0,0,0,0,0,0,0,0,0,-2.246377,-1.467149,13,13
2044-12-01,Tupi,1206317000,17.616000,0.000000,68.875000,0.034667,0.148000,15,0,0,0,0,0,0,0,0,1,0,0,-0.019519,2.088839,15,15
2045-01-01,Banga,1206302000,30.192000,0.000000,119.100000,0.214545,0.316000,20,2,0,0,0,0,0,0,0,0,0,0,0.212233,2.179178,22,22
2045-01-01,City of Koronadal,1206306000,8.920000,0.000000,54.325000,0.068000,0.144000,27,0,0,0,0,0,0,0,0,0,0,0,-2.831826,-1.511113,27,27
2045-01-01,Lake Sebu,1206319000,22.152000,0.000000,90.550000,0.280211,0.372000,11,8,0,0,0,0,0,0,0,0,0,0,-0.067268,2.211636,19,19
2045-01-01,Norala,1206311000,16.232000,0.000000,65.550000,0.130286,0.184000,14,0,0,0,0,0,0,0,0,0,0,0,-0.376258,0.071989,14,14
2045-01-01,Polomolok,1206312000,54.968000,0.000000,187.775000,0.311652,0.456000,9,14,0,0,6,0,0,6,1,7,0,0,3.351357,6.974623,23,23
2045-01-01,Santo Niño,1206318000,12.104000,0.000000,48.550000,0.172000,0.260000,10,0,0,0,0,0,0,0,0,0,0,0,-0.161441,0.091073,10,10
2045-01-01,Surallah,1206313000,38.544000,0.000000,132.875000,0.184000,0.248000,17,0,0,0,6,0,0,6,1,8,0,0,2.412904,3.445309,17,17
2045-01-01,T'Boli,1206316000,31.336000,0.000000,124.875000,0.285600,0.380000,15,10,0,0,0,0,0,0,0,0,0,0,0.032982,1.398532,25,25
2045-01-01,Tampakan,1206314000,18.728000,0.000000,71.775000,0.212000,0.312000,12,2,0,0,0,0,0,0,0,0,0,0,-0.129937,0.607930,14,14
2045-01-01,Tantangan,1206315000,4.560000,0.000000,27.000000,0.090154,0.168000,13,0,0,0,0,0,0,0,0,0,0,0,-2.435727,-1.695888,13,13
2045-01-01,Tupi,1206317000,17.256000,0.000000,70.325000,0.031200,0.100000,15,0,0,0,0,0,0,0,0,1,0,0,0.053349,2.192161,15,15
2045-02-01,Banga,1206302000,30.192000,0.000000,117.875000,0.207273,0.324000,20,2,0,0,0,0,0,0,0,0,0,0,0.213019,2.014951,22,22
2045-02-01,City of Koronadal,1206306000,8.992000,0.000000,55.550000,0.067259,0.144000,27,0,0,0,0,0,0,0,0,0,0,0,-2.869321,-1.440982,27,27
2045-02-01,Lake Sebu,1206319000,22.360000,0.000000,87.775000,0.285684,0.380000,10,9,0,0,0,0,0,0,0,0,0,0,-0.089690,1.879566,19,19
2045-02-01,Norala,1206311000,16.728000,0.000000,68.875000,0.141143,0.212000,14,0,0,0,0,0,0,0,0,0,0,0,-0.363275,0.089112,14,14
2045-02-01,Polomolok,1206312000,55.924000,0.000000,197.975000,0.319652,0.412000,9,14,0,0,7,0,0,7,1,9,2,0,3.537951,7.275512,23,23
2045-02-01,Santo Niño,1206318000,11.616000,0.000000,48.550000,0.161200,0.272000,10,0,0,0,0,0,0,0,0,0,0,0,-0.276816,-0.088621,10,10
2045-02-01,Surallah,1206313000,36.704000,0.000000,126.875000,0.174118,0.228000,17,0,0,0,4,0,0,4,1,5,0,0,2.141798,3.243099,17,17
2045-02-01,T'Boli,1206316000,32.164000,0.000000,122.425000,0.297920,0.424000,10,15,0,0,0,0,0,0,0,0,0,0,0.133751,1.534135,25,25
2045-02-01,Tampakan,1206314000,19.328000,0.000000,73.325000,0.215714,0.348000,13,1,0,0,0,0,0,0,0,1,0,0,0.008333,0.951842,14,14
2045-02-01,Tantangan,1206315000,4.748000,0.000000,27.550000,0.088615,0.172000,13,0,0,0,0,0,0,0,0,0,0,0,-2.388480,-1.514982,13,13
2045-02-01,Tupi,1206317000,17.240000,0.000000,71.325000,0.030667,0.164000,15,0,0,0,0,0,0,0,0,1,0,0,0.034016,2.029075,15,15
2045-03-01,Banga,1206302000,30.256000,0.000000,121.425000,0.209455,0.292000,22,0,0,0,0,0,0,0,0,0,0,0,0.179018,2.004544,22,22
2045-03-01,City of Koronadal,1206306000,9.320000,0.000000,55.550000,0.067556,0.116000,27,0,0,0,0,0,0,0,0,0,0,0,-2.798789,-1.403195,27,27
2045-03-01,Lake Sebu,1206319000,22.188000,0.000000,90.100000,0.276000,0.376000,10,9,0,0,0,0,0,0,0,1,0,0,-0.146287,1.805517,19,19
2045-03-01,Norala,1206311000,16.472000,0.000000,64.100000,0.130857,0.172000,14,0,0,0,0,0,0,0,0,0,0,0,-0.373388,0.072260,14,14
2045-03-01,Polomolok,1206312000,56.960000,0.000000,194.650000,0.321391,0.460000,8,15,0,0,6,1,0,6,1,7,1,0,3.510994,7.440883,23,23
2045-03-01,Santo Niño,1206318000,12.612000,0.000000,47.550000,0.176800,0.232000,10,0,0,0,0,0,0,0,0,0,0,0,-0.063024,0.247563,10,10
2045-03-01,Surallah,1206313000,37.692000,0.000000,139.650000,0.174824,0.228000,17,0,0,0,0,0,0,0,0,6,0,0,2.124452,3.169998,17,17
2045-03-01,T'Boli,1206316000,31.388000,0.000000,123.775000,0.288000,0.376000,13,12,0,0,0,0,0,0,0,0,0,0,-0.013341,1.525924,25,25
2045-03-01,Tampakan,1206314000,19.152000,0.000000,74.325000,0.221429,0.320000,12,2,0,0,0,0,0,0,0,0,0,0,-0.091630,0.756731,14,14
2045-03-01,Tantangan,1206315000,4.796000,0.000000,29.775000,0.089538,0.152000,13,0,0,0,0,0,0,0,0,0,0,0,-2.358394,-1.562166,13,13
2045-03-01,Tupi,1206317000,17.808000,0.000000,69.325000,0.033333,0.172000,15,0,0,0,0,0,0,0,0,1,0,0,0.111201,2.240454,15,15
2045-04-01,Banga,1206302000,29.860000,0.000000,112.100000,0.210727,0.336000,20,2,0,0,0,0,0,0,0,0,0,0,0.144172,1.856241,22,22
2045-04-01,City of Koronadal,1206306000,8.896000,0.000000,55.000000,0.060889,0.120000,27,0,0,0,0,0,0,0,0,0,0,0,-2.853764,-1.431171,27,27
2045-04-01,Lake Sebu,1206319000,22.212000,0.000000,87.100000,0.277895,0.408000,13,6,0,0,0,0,0,0,0,0,0,0,-0.099462,1.914343,19,19
2045-04-01,Norala,1206311000,16.516000,0.000000,67.325000,0.133714,0.212000,14,0,0,0,0,0,0,0,0,0,0,0,-0.388010,-0.031612,14,14
2045-04-01,Polomolok,1206312000,56.536000,0.000000,199.750000,0.324522,0.452000,8,15,0,0,8,0,0,8,1,9,2,0,3.502317,7.204253,23,23
2045-04-01,Santo Niño,1206318000,12.408000,0.000000,49.550000,0.177200,0.252000,10,0,0,0,0,0,0,0,0,0,0,0,-0.103217,0.106799,10,10
2045-04-01,Surallah,1206313000,38.380000,0.000000,137.100000,0.177176,0.232000,17,0,0,0,6,0,0,6,1,8,6,0,2.289666,3.121357,17,17
2045-04-01,T'Boli,1206316000,31.300000,0.000000,124.100000,0.284800,0.376000,15,10,0,0,0,0,0,0,0,0,0,0,0.018844,1.830141,25,25
2045-04-01,Tampakan,1206314000,18.688000,0.000000,73.100000,0.201714,0.300000,13,1,0,0,0,0,0,0,0,0,0,0,-0.128916,0.644434,14,14
2045-04-01,Tantangan,1206315000,4.404000,0.000000,26.000000,0.078154,0.144000,13,0,0,0,0,0,0,0,0,0,0,0,-2.430015,-1.739479,13,13
2045-04-01,Tupi,1206317000,17.332000,0.000000,66.775000,0.026400,0.112000,15,0,0,0,0,0,0,0,0,1,0,0,0.098191,2.296233,15,15
2045-05-01,Banga,1206302000,29.632000,0.000000,114.775000,0.208545,0.304000,20,2,0,0,0,0,0,0,0,0,0,0,0.206472,2.296628,22,22
2045-05-01,City of Koronadal,1206306000,9.288000,0.000000,53.550000,0.069333,0.140000,27,0,0,0,0,0,0,0,0,0,0,0,-2.805369,-1.392676,27,27
2045-05-01,Lake Sebu,1206319000,21.112000,0.000000,90.100000,0.254737,0.344000,15,4,0,0,0,0,0,0,0,0,0,0,-0.203003,1.931284,19,19
2045-05-01,Norala,1206311000,16.824000,0.000000,71.325000,0.136571,0.176000,14,0,0,0,0,0,0,0,0,0,0,0,-0.301641,0.112912,14,14
2045-05-01,Polomolok,1206312000,57.112000,1.000000,202.750000,0.322435,0.420000,7,16,0,0,8,0,0,8,1,9,0,0,3.540064,7.148403,23,23
2045-05-01,Santo Niño,1206318000,12.172000,0.000000,48.100000,0.174000,0.284000,10,0,0,0,0,0,0,0,0,0,0,0,-0.173355,0.010804,10,10
2045-05-01,Surallah,1206313000,39.872000,0.000000,143.875000,0.190118,0.260000,17,0,0,0,8,0,0,8,2,10,4,0,2.444522,3.290120,17,17
2045-05-01,T'Boli,1206316000,31.188000,0.000000,120.100000,0.284960,0.360000,16,9,0,0,0,0,0,0,0,0,0,0,-0.055381,1.468032,25,25
2045-05-01,Tampakan,1206314000,17.580000,0.000000,69.100000,0.197714,0.308000,13,1,0,0,0,0,0,0,0,0,0,0,-0.343094,0.256296,14,14
2045-05-01,Tantangan,1206315000,4.564000,0.000000,26.775000,0.079077,0.164000,13,0,0,0,0,0,0,0,0,0,0,0,-2.331779,-1.482298,13,13
2045-05-01,Tupi,1206317000,17.088000,0.000000,67.775000,0.028533,0.112000,15,0,0,0,0,0,0,0,0,1,0,0,0.063789,2.253244,15,15
2045-06-01,Banga,1206302000,29.320000,0.000000,119.425000,0.206364,0.352000,21,1,0,0,0,0,0,0,0,0,0,0,0.147170,1.921232,22,22
2045-06-01,City of Koronadal,1206306000,8.996000,0.000000,55.875000,0.064444,0.132000,27,0,0,0,0,0,0,0,0,0,0,0,-2.791336,-1.439043,27,27
2045-06-01,Lake Sebu,1206319000,20.552000,0.000000,83.875000,0.254737,0.376000,15,4,0,0,0,0,0,0,0,0,0,0,-0.260190,1.887839,19,19
2045-06-01,Norala,1206311000,16.716000,0.000000,70.100000,0.136571,0.184000,14,0,0,0,0,0,0,0,0,0,0,0,-0.314355,0.049865,14,14
2045-06-01,Polomolok,1206312000,56.432000,0.000000,194.425000,0.321217,0.392000,9,14,0,0,10,0,0,10,1,10,2,0,3.537064,7.368018,23,23
2045-06-01,Santo Niño,1206318000,12.264000,0.000000,47.775000,0.181200,0.308000,9,1,0,0,0,0,0,0,0,0,0,0,-0.091727,0.139675,10,10
2045-06-01,Surallah,1206313000,38.800000,0.000000,135.875000,0.183765,0.268000,17,0,0,0,5,0,0,5,1,7,2,0,2.354907,3.237694,17,17
2045-06-01,T'Boli,1206316000,31.120000,0.000000,122.875000,0.282080,0.384000,14,11,0,0,0,0,0,0,0,0,0,0,-0.005295,1.475169,25,25
2045-06-01,Tampakan,1206314000,17.348000,0.000000,69.100000,0.192571,0.316000,13,1,0,0,0,0,0,0,0,0,0,0,-0.337985,0.161788,14,14
2045-06-01,Tantangan,1206315000,4.808000,0.000000,26.775000,0.094462,0.180000,13,0,0,0,0,0,0,0,0,0,0,0,-2.329880,-1.479929,13,13
2045-06-01,Tupi,1206317000,17.840000,0.000000,73.550000,0.035200,0.168000,15,0,0,0,0,0,0,0,0,1,0,0,0.204419,2.281835,15,15
2045-07-01,Banga,1206302000,30.396000,0.000000,118.775000,0.214909,0.332000,19,3,0,0,0,0,0,0,0,0,0,0,0.312802,2.007470,22,22
2045-07-01,City of Koronadal,1206306000,8.772000,0.000000,52.775000,0.065630,0.168000,27,0,0,0,0,0,0,0,0,0,0,0,-2.896260,-1.390606,27,27
2045-07-01,Lake Sebu,1206319000,22.156000,0.000000,87.325000,0.276211,0.372000,12,7,0,0,0,0,0,0,0,0,0,0,-0.117599,1.760285,19,19
2045-07-01,Norala,1206311000,16.696000,0.000000,66.325000,0.138857,0.192000,14,0,0,0,0,0,0,0,0,0,0,0,-0.313367,0.190355,14,14
2045-07-01,Polomolok,1206312000,55.880000,0.000000,199.100000,0.317043,0.404000,7,16,0,0,8,0,0,8,1,9,0,0,3.558087,7.233867,23,23
2045-07-01,Santo Niño,1206318000,12.504000,0.000000,47.000000,0.181600,0.272000,10,0,0,0,0,0,0,0,0,0,0,0,-0.050095,0.142330,10,10
2045-07-01,Surallah,1206313000,38.536000,0.000000,137.875000,0.183529,0.264000,17,0,0,0,8,0,0,8,1,9,3,0,2.402179,3.300912,17,17
2045-07-01,T'Boli,1206316000,30.320000,0.000000,125.875000,0.270240,0.368000,17,8,0,0,0,0,0,0,0,0,0,0,-0.089720,1.670450,25,25
2045-07-01,Tampakan,1206314000,17.332000,0.000000,69.550000,0.189143,0.292000,14,0,0,0,0,0,0,0,0,0,0,0,-0.360872,0.237863,14,14
2045-07-01,Tantangan,1206315000,4.388000,0.000000,29.000000,0.083077,0.176000,13,0,0,0,0,0,0,0,0,0,0,0,-2.477022,-1.725850,13,13
2045-07-01,Tupi,1206317000,17.852000,0.000000,71.325000,0.036267,0.160000,15,0,0,0,0,0,0,0,0,1,0,0,0.168101,2.245121,15,15
2045-08-01,Banga,1206302000,30.864000,0.000000,119.650000,0.214000,0.308000,20,2,0,0,0,0,0,0,0,0,0,0,0.334171,2.283491,22,22
2045-08-01,City of Koronadal,1206306000,8.628000,0.000000,51.325000,0.058519,0.152000,27,0,0,0,0,0,0,0,0,0,0,0,-2.823280,-1.394659,27,27
2045-08-01,Lake Sebu,1206319000,21.832000,0.000000,89.550000,0.270316,0.344000,12,7,0,0,0,0,0,0,0,1,0,0,-0.122902,1.911214,19,19
2045-08-01,Norala,1206311000,16.480000,0.000000,64.325000,0.135714,0.200000,14,0,0,0,0,0,0,0,0,0,0,0,-0.373114,0.056672,14,14
2045-08-01,Polomolok,1206312000,56.784000,0.000000,196.425000,0.325739,0.440000,8,15,0,0,4,0,0,4,1,7,0,0,3.494202,7.004361,23,23
2045-08-01,Santo Niño,1206318000,12.408000,0.000000,50.550000,0.184000,0.256000,10,0,0,0,0,0,0,0,0,0,0,0,-0.058359,0.271286,10,10
2045-08-01,Surallah,1206313000,40.608000,0.000000,139.875000,0.203294,0.256000,17,0,0,0,6,0,0,6,1,8,0,0,2.581438,3.641980,17,17
2045-08-01,T'Boli,1206316000,30.252000,0.000000,124.775000,0.270240,0.364000,18,7,0,0,0,0,0,0,0,0,0,0,-0.106745,1.511744,25,25
2045-08-01,Tampakan,1206314000,16.336000,0.000000,67.000000,0.171143,0.288000,14,0,0,0,0,0,0,0,0,0,0,0,-0.526280,-0.041815,14,14
2045-08-01,Tantangan,1206315000,4.164000,0.000000,26.000000,0.074769,0.136000,13,0,0,0,0,0,0,0,0,0,0,0,-2.451059,-1.727621,13,13
2045-08-01,Tupi,1206317000,17.860000,0.000000,70.100000,0.032267,0.144000,15,0,0,0,0,0,0,0,0,1,0,0,0.115359,2.201068,15,15
2045-09-01,Banga,1206302000,30.408000,0.000000,116.100000,0.216364,0.348000,20,2,0,0,0,0,0,0,0,0,0,0,0.285637,2.387903,22,22
2045-09-01,City of Koronadal,1206306000,9.036000,0.000000,56.550000,0.066074,0.116000,27,0,0,0,0,0,0,0,0,0,0,0,-2.819166,-1.317882,27,27
2045-09-01,Lake Sebu,1206319000,21.420000,0.000000,88.875000,0.265684,0.344000,12,7,0,0,0,0,0,0,0,0,0,0,-0.222643,1.880194,19,19
2045-09-01,Norala,1206311000,17.612000,0.000000,70.325000,0.155143,0.224000,14,0,0,0,0,0,0,0,0,0,0,0,-0.174456,0.293553,14,14
2045-09-01,Polomolok,1206312000,57.200000,0.000000,201.525000,0.328870,0.412000,9,14,0,0,8,0,0,8,1,9,4,0,3.421579,7.043174,23,23
2045-09-01,Santo Niño,1206318000,13.540000,0.000000,52.550000,0.206000,0.280000,10,0,0,0,0,0,0,0,0,0,0,0,0.143165,0.326804,10,10
2045-09-01,Surallah,1206313000,41.184000,0.000000,147.650000,0.195529,0.244000,17,0,0,0,5,0,0,5,1,6,0,0,2.515122,3.660299,17,17
2045-09-01,T'Boli,1206316000,30.520000,0.000000,124.100000,0.276160,0.380000,17,8,0,0,0,0,0,0,0,0,0,0,-0.181214,1.325671,25,25
2045-09-01,Tampakan,1206314000,16.480000,0.000000,67.550000,0.177143,0.268000,14,0,0,0,0,0,0,0,0,0,0,0,-0.579516,-0.117187,14,14
2045-09-01,Tantangan,1206315000,4.572000,0.000000,28.550000,0.084923,0.164000,13,0,0,0,0,0,0,0,0,0,0,0,-2.366034,-1.543161,13,13
2045-09-01,Tupi,1206317000,18.176000,0.000000,70.550000,0.035467,0.148000,15,0,0,0,0,0,0,0,0,1,0,0,0.151248,2.124718,15,15
2045-10-01,Banga,1206302000,31.004000,0.000000,119.100000,0.220909,0.328000,20,2,0,0,0,0,0,0,0,0,0,0,0.311403,2.383375,22,22
2045-10-01,City of Koronadal,1206306000,9.052000,0.000000,56.325000,0.066074,0.132000,27,0,0,0,0,0,0,0,0,0,0,0,-2.791144,-1.335681,27,27
2045-10-01,Lake Sebu,1206319000,21.264000,0.000000,87.100000,0.263579,0.352000,14,5,0,0,0,0,0,0,0,0,0,0,-0.181689,2.091238,19,19
2045-10-01,Norala,1206311000,16.612000,0.000000,67.550000,0.140000,0.180000,14,0,0,0,0,0,0,0,0,0,0,0,-0.336408,0.104436,14,14
2045-10-01,Polomolok,1206312000,57.064000,0.000000,209.200000,0.326435,0.404000,8,15,0,0,7,0,0,7,1,8,0,0,3.443156,6.923172,23,23
2045-10-01,Santo Niño,1206318000,13.268000,0.000000,50.550000,0.200000,0.272000,10,0,0,0,0,0,0,0,0,0,0,0,0.101495,0.356982,10,10
2045-10-01,Surallah,1206313000,42.960000,0.000000,154.200000,0.204000,0.256000,17,0,0,0,5,0,0,5,1,7,0,0,2.838288,3.832885,17,17
2045-10-01,T'Boli,1206316000,30.040000,0.000000,120.100000,0.275840,0.380000,17,8,0,0,0,0,0,0,0,0,0,0,-0.199514,1.180828,25,25
2045-10-01,Tampakan,1206314000,15.788000,0.000000,64.775000,0.164000,0.220000,14,0,0,0,0,0,0,0,0,0,0,0,-0.697233,-0.342164,14,14
2045-10-01,Tantangan,1206315000,4.376000,0.000000,26.000000,0.084308,0.172000,13,0,0,0,0,0,0,0,0,0,0,0,-2.382345,-1.619967,13,13
2045-10-01,Tupi,1206317000,18.100000,0.000000,69.875000,0.034667,0.156000,15,0,0,0,0,0,0,0,0,1,0,0,0.169428,2.406538,15,15
2045-11-01,Banga,1206302000,31.952000,0.000000,121.425000,0.230909,0.328000,19,3,0,0,0,0,0,0,0,0,0,0,0.424023,2.288642,22,22
2045-11-01,City of Koronadal,1206306000,9.012000,0.000000,55.325000,0.061481,0.116000,27,0,0,0,0,0,0,0,0,0,0,0,-2.680384,-1.297244,27,27
2045-11-01,Lake Sebu,1206319000,20.640000,0.000000,83.550000,0.253895,0.352000,15,4,0,0,0,0,0,0,0,0,0,0,-0.295343,2.047796,19,19
2045-11-01,Norala,1206311000,17.328000,0.000000,69.325000,0.143429,0.212000,14,0,0,0,0,0,0,0,0,0,0,0,-0.177731,0.506111,14,14
2045-11-01,Polomolok,1206312000,58.148000,0.000000,201.975000,0.332000,0.440000,7,16,0,0,7,0,0,7,1,8,1,0,3.396384,7.188194,23,23
2045-11-01,Santo Niño,1206318000,13.240000,0.000000,55.325000,0.198000,0.236000,10,0,0,0,0,0,0,0,0,0,0,0,0.065858,0.376466,10,10
2045-11-01,Surallah,1206313000,42.844000,0.000000,149.200000,0.212235,0.296000,17,0,0,0,6,0,0,6,1,7,1,0,2.671333,3.807580,17,17
2045-11-01,T'Boli,1206316000,29.664000,0.000000,115.550000,0.271680,0.408000,20,5,0,0,0,0,0,0,0,0,0,0,-0.213119,1.365798,25,25
2045-11-01,Tampakan,1206314000,15.328000,0.000000,63.100000,0.158571,0.272000,14,0,0,0,0,0,0,0,0,0,0,0,-0.750711,-0.360115,14,14
2045-11-01,Tantangan,1206315000,4.420000,0.000000,28.775000,0.079077,0.156000,13,0,0,0,0,0,0,0,0,0,0,0,-2.295981,-1.580153,13,13
2045-11-01,Tupi,1206317000,17.732000,0.000000,74.100000,0.032533,0.144000,15,0,0,0,0,0,0,0,0,1,0,0,0.107457,2.165854,15,15
2045-12-01,Banga,1206302000,31.228000,0.000000,122.550000,0.226545,0.376000,18,4,0,0,0,0,0,0,0,0,0,0,0.319074,2.592851,22,22
2045-12-01,City of Koronadal,1206306000,9.200000,0.000000,56.875000,0.065630,0.124000,27,0,0,0,0,0,0,0,0,0,0,0,-2.709230,-1.469927,27,27
2045-12-01,Lake Sebu,1206319000,21.160000,0.000000,85.875000,0.263158,0.336000,14,5,0,0,0,0,0,0,0,0,0,0,-0.235909,2.101607,19,19
2045-12-01,Norala,1206311000,17.116000,0.000000,69.325000,0.150286,0.208000,14,0,0,0,0,0,0,0,0,0,0,0,-0.288992,0.222176,14,14
2045-12-01,Polomolok,1206312000,58.408000,0.000000,204.875000,0.337391,0.432000,7,16,0,0,5,0,0,5,1,6,0,0,3.466040,7.130495,23,23
2045-12-01,Santo Niño,1206318000,13.152000,0.000000,50.325000,0.199600,0.340000,9,1,0,0,0,0,0,0,0,0,0,0,0.014760,0.374821,10,10
2045-12-01,Surallah,1206313000,43.088000,0.000000,152.875000,0.205882,0.288000,17,0,0,0,0,0,0,0,0,5,0,0,2.663741,3.887009,17,17
2045-12-01,T'Boli,1206316000,29.368000,0.000000,118.650000,0.265760,0.356000,18,7,0,0,0,0,0,0,0,0,0,0,-0.244991,1.241925,25,25
2045-12-01,Tampakan,1206314000,15.588000,0.000000,66.000000,0.166000,0.284000,14,0,0,0,0,0,0,0,0,0,0,0,-0.725770,-0.237929,14,14
2045-12-01,Tantangan,1206315000,4.688000,0.000000,29.775000,0.086769,0.192000,13,0,0,0,0,0,0,0,0,0,0,0,-2.275969,-1.473056,13,13
2045-12-01,Tupi,1206317000,18.148000,0.000000,73.550000,0.033600,0.136000,15,0,0,0,0,0,0,0,0,1,0,0,0.074325,2.301908,15,15
2046-01-01,Banga,1206302000,29.392000,0.000000,114.650000,0.205455,0.336000,21,1,0,0,0,0,0,0,0,0,0,0,0.167049,2.147451,22,22
2046-01-01,City of Koronadal,1206306000,8.904000,0.000000,54.550000,0.062074,0.112000,27,0,0,0,0,0,0,0,0,0,0,0,-2.872783,-1.538322,27,27
2046-01-01,Lake Sebu,1206319000,21.972000,0.000000,88.650000,0.273263,0.392000,11,8,0,0,0,0,0,0,0,0,0,0,-0.109621,1.870201,19,19
2046-01-01,Norala,1206311000,16.448000,0.000000,65.775000,0.132571,0.192000,14,0,0,0,0,0,0,0,0,0,0,0,-0.356523,-0.004897,14,14
2046-01-01,Polomolok,1206312000,55.772000,0.000000,194.425000,0.328174,0.452000,8,15,0,0,10,0,0,10,1,10,5,0,3.481044,7.200363,23,23
2046-01-01,Santo Niño,1206318000,12.008000,0.000000,49.325000,0.173600,0.276000,10,0,0,0,0,0,0,0,0,0,0,0,-0.163552,0.193605,10,10
2046-01-01,Surallah,1206313000,38.540000,0.000000,138.325000,0.179059,0.252000,17,0,0,0,6,0,0,6,1,6,6,0,2.441083,3.545476,17,17
2046-01-01,T'Boli,1206316000,31.024000,0.000000,124.650000,0.281920,0.428000,15,10,0,0,0,0,0,0,0,0,0,0,0.027281,1.562391,25,25
2046-01-01,Tampakan,1206314000,17.888000,0.000000,71.550000,0.193429,0.292000,14,0,0,0,0,0,0,0,0,0,0,0,-0.235905,0.408366,14,14
2046-01-01,Tantangan,1206315000,4.384000,0.000000,26.775000,0.082462,0.168000,13,0,0,0,0,0,0,0,0,0,0,0,-2.460531,-1.615173,13,13
2046-01-01,Tupi,1206317000,17.112000,0.000000,73.100000,0.031733,0.140000,15,0,0,0,0,0,0,0,0,1,0,0,0.044006,2.122799,15,15
2046-02-01,Banga,1206302000,29.500000,0.000000,115.100000,0.207818,0.332000,21,1,0,0,0,0,0,0,0,0,0,0,0.216689,2.086540,22,22
2046-02-01,City of Koronadal,1206306000,9.128000,0.000000,54.775000,0.064593,0.120000,27,0,0,0,0,0,0,0,0,0,0,0,-2.837847,-1.522695,27,27
2046-02-01,Lake Sebu,1206319000,21.284000,0.000000,86.875000,0.266947,0.336000,12,7,0,0,0,0,0,0,0,0,0,0,-0.212282,1.962145,19,19
2046-02-01,Norala,1206311000,16.248000,0.000000,68.100000,0.130857,0.212000,14,0,0,0,0,0,0,0,0,0,0,0,-0.373268,0.089099,14,14
2046-02-01,Polomolok,1206312000,54.568000,0.000000,190.425000,0.302957,0.368000,11,12,0,0,7,0,0,7,1,8,0,0,3.430753,7.024978,23,23
2046-02-01,Santo Niño,1206318000,11.860000,0.000000,47.325000,0.173600,0.256000,10,0,0,0,0,0,0,0,0,0,0,0,-0.191090,0.009035,10,10
2046-02-01,Surallah,1206313000,37.968000,0.000000,130.100000,0.173412,0.284000,17,0,0,0,4,0,0,4,1,7,2,0,2.353616,3.252006,17,17
2046-02-01,T'Boli,1206316000,31.756000,0.000000,124.425000,0.287840,0.392000,14,11,0,0,0,0,0,0,0,0,0,0,0.104792,1.493397,25,25
2046-02-01,Tampakan,1206314000,18.108000,0.000000,69.000000,0.194571,0.308000,13,1,0,0,0,0,0,0,0,0,0,0,-0.139026,0.478261,14,14
2046-02-01,Tantangan,1206315000,4.568000,0.000000,27.775000,0.090154,0.172000,13,0,0,0,0,0,0,0,0,0,0,0,-2.450974,-1.631406,13,13
2046-02-01,Tupi,1206317000,17.320000,0.000000,70.550000,0.033067,0.148000,15,0,0,0,0,0,0,0,0,1,0,0,0.068948,2.232483,15,15
2046-03-01,Banga,1206302000,29.160000,0.000000,115.325000,0.198909,0.300000,21,1,0,0,0,0,0,0,0,0,0,0,0.142185,1.870509,22,22
2046-03-01,City of Koronadal,1206306000,9.020000,0.000000,55.325000,0.064444,0.128000,27,0,0,0,0,0,0,0,0,0,0,0,-2.830201,-1.503611,27,27
2046-03-01,Lake Sebu,1206319000,21.512000,0.000000,84.325000,0.273684,0.360000,12,7,0,0,0,0,0,0,0,1,0,0,-0.168146,1.853989,19,19
2046-03-01,Norala,1206311000,16.464000,0.000000,66.100000,0.144571,0.184000,14,0,0,0,0,0,0,0,0,0,0,0,-0.398935,-0.038484,14,14
2046-03-01,Polomolok,1206312000,56.020000,0.000000,193.875000,0.316522,0.432000,11,12,0,0,10,0,0,10,1,10,3,0,3.570929,7.382009,23,23
2046-03-01,Santo Niño,1206318000,11.632000,0.000000,48.325000,0.176400,0.272000,10,0,0,0,0,0,0,0,0,0,0,0,-0.300660,-0.140122,10,10
2046-03-01,Surallah,1206313000,37.356000,0.000000,134.100000,0.180471,0.244000,17,0,0,0,7,0,0,7,1,9,5,0,2.224752,3.177455,17,17
2046-03-01,T'Boli,1206316000,31.972000,0.000000,127.325000,0.288960,0.404000,16,9,0,0,0,0,0,0,0,0,0,0,0.111865,1.510793,25,25
2046-03-01,Tampakan,1206314000,18.160000,0.000000,73.425000,0.202571,0.308000,13,1,0,0,0,0,0,0,0,0,0,0,-0.156499,0.509859,14,14
2046-03-01,Tantangan,1206315000,4.400000,0.000000,27.000000,0.082462,0.180000,13,0,0,0,0,0,0,0,0,0,0,0,-2.419285,-1.579439,13,13
2046-03-01,Tupi,1206317000,17.672000,0.000000,73.100000,0.031467,0.120000,15,0,0,0,0,0,0,0,0,1,0,0,0.138289,2.173282,15,15
2046-04-01,Banga,1206302000,29.180000,0.000000,114.550000,0.202727,0.308000,20,2,0,0,0,0,0,0,0,0,0,0,0.163054,2.082080,22,22
2046-04-01,City of Koronadal,1206306000,8.496000,0.000000,53.100000,0.057037,0.156000,27,0,0,0,0,0,0,0,0,0,0,0,-2.843714,-1.546588,27,27
2046-04-01,Lake Sebu,1206319000,21.608000,0.000000,89.100000,0.274316,0.344000,11,8,0,0,0,0,0,0,0,1,0,0,-0.228884,1.691476,19,19
2046-04-01,Norala,1206311000,16.340000,0.000000,70.000000,0.131143,0.184000,14,0,0,0,0,0,0,0,0,0,0,0,-0.429236,-0.017226,14,14
2046-04-01,Polomolok,1206312000,56.612000,0.000000,199.200000,0.323130,0.428000,8,15,0,0,9,0,0,9,1,10,1,0,3.522673,7.337956,23,23
2046-04-01,Santo Niño,1206318000,11.848000,0.000000,49.325000,0.168400,0.252000,10,0,0,0,0,0,0,0,0,0,0,0,-0.170245,0.149048,10,10
2046-04-01,Surallah,1206313000,38.164000,0.000000,133.325000,0.176000,0.252000,17,0,0,0,3,0,0,3,1,7,0,0,2.265642,3.279354,17,17
2046-04-01,T'Boli,1206316000,31.716000,0.000000,130.100000,0.287520,0.412000,16,9,0,0,0,0,0,0,0,0,0,0,0.088469,1.336265,25,25
2046-04-01,Tampakan,1206314000,18.240000,0.000000,73.100000,0.200857,0.288000,14,0,0,0,0,0,0,0,0,0,0,0,-0.181687,0.427059,14,14
2046-04-01,Tantangan,1206315000,4.440000,0.000000,26.775000,0.079077,0.152000,13,0,0,0,0,0,0,0,0,0,0,0,-2.423798,-1.717868,13,13
2046-04-01,Tupi,1206317000,17.356000,0.000000,71.100000,0.032000,0.148000,15,0,0,0,0,0,0,0,0,1,0,0,0.086332,2.146940,15,15
2046-05-01,Banga,1206302000,29.868000,0.000000,116.100000,0.209091,0.328000,19,3,0,0,0,0,0,0,0,0,0,0,0.219380,2.211430,22,22
2046-05-01,City of Koronadal,1206306000,8.852000,0.000000,56.550000,0.062222,0.140000,27,0,0,0,0,0,0,0,0,0,0,0,-2.820348,-1.473576,27,27
2046-05-01,Lake Sebu,1206319000,21.464000,0.000000,88.100000,0.266737,0.360000,11,8,0,0,0,0,0,0,0,0,0,0,-0.184640,1.726845,19,19
2046-05-01,Norala,1206311000,16.472000,0.000000,68.550000,0.135143,0.212000,14,0,0,0,0,0,0,0,0,0,0,0,-0.388797,0.060425,14,14
2046-05-01,Polomolok,1206312000,56.648000,0.000000,205.975000,0.322087,0.408000,7,16,0,0,8,0,0,8,1,8,1,0,3.504204,7.234060,23,23
2046-05-01,Santo Niño,1206318000,12.548000,0.000000,49.550000,0.181200,0.244000,10,0,0,0,0,0,0,0,0,0,0,0,-0.065100,0.230067,10,10
2046-05-01,Surallah,1206313000,39.580000,0.000000,140.875000,0.190588,0.232000,17,0,0,0,0,0,0,0,0,4,0,0,2.511648,3.575331,17,17
2046-05-01,T'Boli,1206316000,31.760000,0.000000,124.425000,0.293440,0.380000,12,13,0,0,0,0,0,0,0,0,0,0,0.003137,1.407431,25,25
2046-05-01,Tampakan,1206314000,17.904000,0.000000,68.875000,0.202857,0.336000,13,1,0,0,0,0,0,0,0,0,0,0,-0.264790,0.310662,14,14
2046-05-01,Tantangan,1206315000,4.424000,0.000000,27.550000,0.079692,0.132000,13,0,0,0,0,0,0,0,0,0,0,0,-2.398173,-1.667305,13,13
2046-05-01,Tupi,1206317000,17.784000,0.000000,71.550000,0.031733,0.128000,15,0,0,0,0,0,0,0,0,1,0,0,0.125833,2.162993,15,15
2046-06-01,Banga,1206302000,29.676000,0.000000,117.875000,0.214000,0.300000,21,1,0,0,0,0,0,0,0,0,0,0,0.211975,2.341219,22,22
2046-06-01,City of Koronadal,1206306000,8.820000,0.000000,54.775000,0.061926,0.100000,27,0,0,0,0,0,0,0,0,0,0,0,-2.803729,-1.492703,27,27
2046-06-01,Lake Sebu,1206319000,21.492000,0.000000,85.550000,0.268000,0.332000,13,6,0,0,0,0,0,0,0,0,0,0,-0.194597,1.880323,19,19
2046-06-01,Norala,1206311000,16.408000,0.000000,67.325000,0.127143,0.164000,14,0,0,0,0,0,0,0,0,0,0,0,-0.383497,0.173260,14,14
2046-06-01,Polomolok,1206312000,56.576000,0.000000,203.425000,0.328000,0.460000,6,17,0,0,8,0,0,8,1,8,1,0,3.436050,7.236565,23,23
2046-06-01,Santo Niño,1206318000,12.508000,0.000000,49.000000,0.191200,0.288000,10,0,0,0,0,0,0,0,0,0,0,0,-0.056389,0.148786,10,10
2046-06-01,Surallah,1206313000,39.608000,0.000000,138.650000,0.187294,0.256000,17,0,0,0,0,0,0,0,0,5,0,0,2.385615,3.376079,17,17
2046-06-01,T'Boli,1206316000,31.760000,0.000000,129.650000,0.290240,0.376000,12,13,0,0,0,0,0,0,0,0,0,0,0.038517,1.455153,25,25
2046-06-01,Tampakan,1206314000,17.560000,0.000000,71.875000,0.192857,0.284000,14,0,0,0,0,0,0,0,0,0,0,0,-0.325103,0.251071,14,14
2046-06-01,Tantangan,1206315000,4.572000,0.000000,28.325000,0.087385,0.188000,13,0,0,0,0,0,0,0,0,0,0,0,-2.376414,-1.705005,13,13
2046-06-01,Tupi,1206317000,16.988000,0.000000,69.775000,0.032000,0.132000,15,0,0,0,0,0,0,0,0,1,0,0,-0.017710,1.872552,15,15
2046-07-01,Banga,1206302000,29.084000,0.000000,113.550000,0.201273,0.312000,21,1,0,0,0,0,0,0,0,0,0,0,0.118598,2.385939,22,22
2046-07-01,City of Koronadal,1206306000,8.500000,0.000000,57.100000,0.063704,0.140000,27,0,0,0,0,0,0,0,0,0,0,0,-2.805606,-1.632154,27,27
2046-07-01,Lake Sebu,1206319000,21.928000,0.000000,87.325000,0.274737,0.376000,12,7,0,0,0,0,0,0,0,1,0,0,-0.130464,1.819035,19,19
2046-07-01,Norala,1206311000,16.636000,0.000000,67.100000,0.135429,0.176000,14,0,0,0,0,0,0,0,0,0,0,0,-0.354408,0.143210,14,14
2046-07-01,Polomolok,1206312000,56.388000,0.000000,201.750000,0.320696,0.416000,9,14,0,0,10,0,0,10,1,10,2,0,3.459639,7.132264,23,23
2046-07-01,Santo Niño,1206318000,12.928000,0.000000,50.000000,0.193600,0.312000,8,2,0,0,0,0,0,0,0,0,0,0,0.024865,0.175161,10,10
2046-07-01,Surallah,1206313000,40.040000,0.000000,145.650000,0.192706,0.272000,17,0,0,0,7,0,0,7,1,8,7,0,2.446030,3.561447,17,17
2046-07-01,T'Boli,1206316000,31.424000,0.000000,127.200000,0.284800,0.384000,13,12,0,0,0,0,0,0,0,0,0,0,0.006076,1.560020,25,25
2046-07-01,Tampakan,1206314000,17.288000,0.000000,67.775000,0.191429,0.296000,14,0,0,0,0,0,0,0,0,0,0,0,-0.354079,0.172542,14,14
2046-07-01,Tantangan,1206315000,4.380000,0.000000,27.550000,0.086769,0.140000,13,0,0,0,0,0,0,0,0,0,0,0,-2.367101,-1.621183,13,13
2046-07-01,Tupi,1206317000,18.112000,0.000000,70.100000,0.031200,0.120000,15,0,0,0,0,0,0,0,0,1,0,0,0.140117,2.295270,15,15
2046-08-01,Banga,1206302000,29.904000,0.000000,118.100000,0.209455,0.356000,20,2,0,0,0,0,0,0,0,0,0,0,0.243537,2.291863,22,22
2046-08-01,City of Koronadal,1206306000,8.636000,0.000000,54.775000,0.062815,0.136000,27,0,0,0,0,0,0,0,0,0,0,0,-2.810496,-1.440294,27,27
2046-08-01,Lake Sebu,1206319000,21.288000,0.000000,90.100000,0.267158,0.344000,13,6,0,0,0,0,0,0,0,0,0,0,-0.182814,2.065675,19,19
2046-08-01,Norala,1206311000,16.428000,0.000000,67.650000,0.132857,0.168000,14,0,0,0,0,0,0,0,0,0,0,0,-0.399063,0.101111,14,14
2046-08-01,Polomolok,1206312000,57.256000,0.000000,202.425000,0.325739,0.412000,6,17,0,0,11,0,0,11,1,11,1,0,3.524436,7.204604,23,23
2046-08-01,Santo Niño,1206318000,12.572000,0.000000,50.550000,0.192800,0.280000,10,0,0,0,0,0,0,0,0,0,0,0,-0.041289,0.299826,10,10
2046-08-01,Surallah,1206313000,40.152000,0.000000,150.875000,0.194118,0.260000,17,0,0,0,7,0,0,7,1,9,1,0,2.410123,3.440645,17,17
2046-08-01,T'Boli,1206316000,31.364000,0.000000,122.425000,0.286880,0.364000,10,15,0,0,0,0,0,0,0,0,0,0,-0.020351,1.425190,25,25
2046-08-01,Tampakan,1206314000,17.208000,0.000000,69.100000,0.185714,0.288000,14,0,0,0,0,0,0,0,0,0,0,0,-0.391405,0.210442,14,14
2046-08-01,Tantangan,1206315000,4.304000,0.000000,27.325000,0.075077,0.152000,13,0,0,0,0,0,0,0,0,0,0,0,-2.380401,-1.549570,13,13
2046-08-01,Tupi,1206317000,17.492000,0.000000,68.550000,0.032533,0.144000,15,0,0,0,0,0,0,0,0,1,0,0,0.022561,2.023125,15,15
2046-09-01,Banga,1206302000,29.980000,0.000000,120.775000,0.204727,0.328000,20,2,0,0,0,0,0,0,0,0,0,0,0.252888,2.357933,22,22
2046-09-01,City of Koronadal,1206306000,8.840000,0.000000,55.100000,0.064000,0.140000,27,0,0,0,0,0,0,0,0,0,0,0,-2.834207,-1.567548,27,27
2046-09-01,Lake Sebu,1206319000,21.248000,0.000000,87.550000,0.263579,0.348000,12,7,0,0,0,0,0,0,0,0,0,0,-0.162826,1.931512,19,19
2046-09-01,Norala,1206311000,16.156000,0.000000,66.000000,0.130000,0.164000,14,0,0,0,0,0,0,0,0,0,0,0,-0.411763,0.170938,14,14
2046-09-01,Polomolok,1206312000,55.956000,0.000000,197.200000,0.320522,0.432000,6,17,0,0,6,0,0,6,1,6,0,0,3.392048,6.965889,23,23
2046-09-01,Santo Niño,1206318000,13.096000,0.000000,52.000000,0.196000,0.272000,10,0,0,0,0,0,0,0,0,0,0,0,0.134584,0.364128,10,10
2046-09-01,Surallah,1206313000,40.672000,0.000000,140.875000,0.196941,0.264000,17,0,0,0,7,0,0,7,1,7,1,0,2.542899,3.737423,17,17
2046-09-01,T'Boli,1206316000,30.988000,0.000000,124.875000,0.276640,0.356000,16,9,0,0,0,0,0,0,0,0,0,0,-0.029473,1.149980,25,25
2046-09-01,Tampakan,1206314000,16.260000,0.000000,64.550000,0.174571,0.252000,14,0,0,0,0,0,0,0,0,0,0,0,-0.559114,-0.034712,14,14
2046-09-01,Tantangan,1206315000,4.332000,0.000000,26.550000,0.084000,0.192000,13,0,0,0,0,0,0,0,0,0,0,0,-2.431224,-1.757846,13,13
2046-09-01,Tupi,1206317000,18.312000,0.000000,71.875000,0.032800,0.156000,15,0,0,0,0,0,0,0,0,1,0,0,0.230021,2.386601,15,15
2046-10-01,Banga,1206302000,30.472000,0.000000,119.650000,0.213273,0.356000,21,1,0,0,0,0,0,0,0,0,0,0,0.244312,2.389978,22,22
2046-10-01,City of Koronadal,1206306000,8.728000,0.000000,53.550000,0.062667,0.124000,27,0,0,0,0,0,0,0,0,0,0,0,-2.764207,-1.585830,27,27
2046-10-01,Lake Sebu,1206319000,21.544000,0.000000,89.875000,0.262947,0.344000,14,5,0,0,0,0,0,0,0,0,0,0,-0.177843,1.963546,19,19
2046-10-01,Norala,1206311000,16.852000,0.000000,69.325000,0.144857,0.208000,14,0,0,0,0,0,0,0,0,0,0,0,-0.340012,0.179625,14,14
2046-10-01,Polomolok,1206312000,57.108000,0.000000,200.425000,0.317913,0.456000,9,14,0,0,4,0,0,4,1,6,1,0,3.438237,7.293820,23,23
2046-10-01,Santo Niño,1206318000,13.412000,0.000000,54.550000,0.202800,0.304000,9,1,0,0,0,0,0,0,0,0,0,0,0.176741,0.364745,10,10
2046-10-01,Surallah,1206313000,40.708000,0.000000,148.100000,0.200000,0.272000,17,0,0,0,4,0,0,4,1,7,2,0,2.471176,3.601443,17,17
2046-10-01,T'Boli,1206316000,31.324000,0.000000,127.325000,0.284960,0.376000,13,12,0,0,0,0,0,0,0,0,0,0,-0.058876,1.300659,25,25
2046-10-01,Tampakan,1206314000,15.888000,0.000000,64.000000,0.168000,0.272000,14,0,0,0,0,0,0,0,0,0,0,0,-0.678666,-0.112369,14,14
2046-10-01,Tantangan,1206315000,4.544000,0.000000,28.775000,0.087077,0.156000,13,0,0,0,0,0,0,0,0,0,0,0,-2.296876,-1.624171,13,13
2046-10-01,Tupi,1206317000,18.104000,0.000000,72.550000,0.033600,0.124000,15,0,0,0,0,0,0,0,0,1,0,0,0.110301,2.176832,15,15
2046-11-01,Banga,1206302000,30.412000,0.000000,120.100000,0.221455,0.328000,19,3,0,0,0,0,0,0,0,0,0,0,0.312207,2.290518,22,22
2046-11-01,City of Koronadal,1206306000,9.168000,0.000000,56.550000,0.066963,0.132000,27,0,0,0,0,0,0,0,0,0,0,0,-2.732875,-1.448757,27,27
2046-11-01,Lake Sebu,1206319000,20.300000,0.000000,87.650000,0.254947,0.360000,14,5,0,0,0,0,0,0,0,0,0,0,-0.309386,2.083482,19,19
2046-11-01,Norala,1206311000,16.520000,0.000000,68.775000,0.136286,0.184000,14,0,0,0,0,0,0,0,0,0,0,0,-0.380991,0.073205,14,14
2046-11-01,Polomolok,1206312000,56.952000,0.000000,202.200000,0.328870,0.460000,7,16,0,0,8,0,0,8,1,8,4,0,3.463603,7.128049,23,23
2046-11-01,Santo Niño,1206318000,13.372000,0.000000,51.550000,0.198400,0.284000,10,0,0,0,0,0,0,0,0,0,0,0,0.139077,0.260529,10,10
2046-11-01,Surallah,1206313000,41.452000,0.000000,140.325000,0.201412,0.272000,17,0,0,0,10,0,0,10,1,10,7,0,2.602147,3.474624,17,17
2046-11-01,T'Boli,1206316000,30.616000,0.000000,122.650000,0.270560,0.364000,17,8,0,0,0,0,0,0,0,0,0,0,-0.118647,1.440568,25,25
2046-11-01,Tampakan,1206314000,15.908000,0.000000,68.325000,0.162000,0.264000,14,0,0,0,0,0,0,0,0,0,0,0,-0.633043,-0.201221,14,14
2046-11-01,Tantangan,1206315000,4.392000,0.000000,28.325000,0.082769,0.144000,13,0,0,0,0,0,0,0,0,0,0,0,-2.328852,-1.630341,13,13
2046-11-01,Tupi,1206317000,18.032000,0.000000,70.775000,0.033867,0.144000,15,0,0,0,0,0,0,0,0,1,0,0,0.125302,2.332315,15,15
2046-12-01,Banga,1206302000,31.196000,0.000000,122.325000,0.221455,0.312000,21,1,0,0,0,0,0,0,0,0,0,0,0.331626,2.373515,22,22
2046-12-01,City of Koronadal,1206306000,9.260000,0.000000,55.550000,0.068148,0.128000,27,0,0,0,0,0,0,0,0,0,0,0,-2.685566,-1.265638,27,27
2046-12-01,Lake Sebu,1206319000,20.948000,0.000000,85.000000,0.259368,0.364000,14,5,0,0,0,0,0,0,0,0,0,0,-0.295130,2.287600,19,19
2046-12-01,Norala,1206311000,16.136000,0.000000,67.100000,0.136857,0.180000,14,0,0,0,0,0,0,0,0,0,0,0,-0.462923,0.034306,14,14
2046-12-01,Polomolok,1206312000,59.360000,0.000000,209.200000,0.333391,0.420000,7,16,0,0,9,0,0,9,1,9,1,0,3.564928,7.284569,23,23
2046-12-01,Santo Niño,1206318000,13.260000,0.000000,56.550000,0.194000,0.276000,10,0,0,0,0,0,0,0,0,0,0,0,0.055617,0.271972,10,10
2046-12-01,Surallah,1206313000,43.332000,0.000000,153.325000,0.211529,0.292000,17,0,0,0,5,0,0,5,1,9,1,0,2.731028,3.761027,17,17
2046-12-01,T'Boli,1206316000,29.748000,0.000000,120.875000,0.272160,0.364000,15,10,0,0,0,0,0,0,0,0,0,0,-0.190627,1.377523,25,25
2046-12-01,Tampakan,1206314000,15.144000,0.000000,63.775000,0.164571,0.276000,14,0,0,0,0,0,0,0,0,0,0,0,-0.800154,-0.459495,14,14
2046-12-01,Tantangan,1206315000,4.324000,0.000000,25.775000,0.077538,0.156000,13,0,0,0,0,0,0,0,0,0,0,0,-2.332544,-1.592265,13,13
2046-12-01,Tupi,1206317000,18.336000,0.000000,71.325000,0.036267,0.148000,15,0,0,0,0,0,0,0,0,1,0,0,0.119721,2.221491,15,15
2047-01-01,Banga,1206302000,30.088000,0.000000,119.425000,0.215636,0.300000,20,2,0,0,0,0,0,0,0,0,0,0,0.281142,2.176430,22,22
2047-01-01,City of Koronadal,1206306000,8.980000,0.000000,57.550000,0.066519,0.148000,27,0,0,0,0,0,0,0,0,0,0,0,-2.851692,-1.400202,27,27
2047-01-01,Lake Sebu,1206319000,21.380000,0.000000,88.325000,0.263368,0.340000,15,4,0,0,0,0,0,0,0,0,0,0,-0.170426,1.857491,19,19
2047-01-01,Norala,1206311000,16.364000,0.000000,68.650000,0.136000,0.192000,14,0,0,0,0,0,0,0,0,0,0,0,-0.402503,0.155348,14,14
2047-01-01,Polomolok,1206312000,56.008000,0.000000,195.100000,0.321391,0.440000,8,15,0,0,6,0,0,6,2,7,1,0,3.571763,7.220013,23,23
2047-01-01,Santo Niño,1206318000,12.596000,0.000000,53.100000,0.184800,0.260000,10,0,0,0,0,0,0,0,0,0,0,0,-0.021072,0.239532,10,10
2047-01-01,Surallah,1206313000,37.240000,0.000000,135.325000,0.178353,0.288000,17,0,0,0,0,0,0,0,0,4,0,0,2.213765,3.148702,17,17
2047-01-01,T'Boli,1206316000,32.080000,0.000000,129.875000,0.289440,0.384000,14,11,0,0,0,0,0,0,0,0,0,0,0.072215,1.734438,25,25
2047-01-01,Tampakan,1206314000,16.860000,0.000000,68.100000,0.179714,0.272000,14,0,0,0,0,0,0,0,0,0,0,0,-0.458646,0.200524,14,14
2047-01-01,Tantangan,1206315000,4.216000,0.000000,25.775000,0.078462,0.164000,13,0,0,0,0,0,0,0,0,0,0,0,-2.509520,-1.762498,13,13
2047-01-01,Tupi,1206317000,17.892000,0.000000,77.100000,0.040267,0.140000,15,0,0,0,0,0,0,0,0,1,0,0,0.214991,2.244891,15,15
2047-02-01,Banga,1206302000,29.620000,0.000000,118.425000,0.215273,0.296000,22,0,0,0,0,0,0,0,0,0,0,0,0.156537,1.691286,22,22
2047-02-01,City of Koronadal,1206306000,9.120000,0.000000,55.550000,0.065481,0.136000,27,0,0,0,0,0,0,0,0,0,0,0,-2.731375,-1.274945,27,27
2047-02-01,Lake Sebu,1206319000,21.300000,0.000000,86.325000,0.270526,0.368000,13,6,0,0,0,0,0,0,0,0,0,0,-0.210583,1.604605,19,19
2047-02-01,Norala,1206311000,16.368000,0.000000,67.875000,0.140286,0.176000,14,0,0,0,0,0,0,0,0,0,0,0,-0.379113,0.054245,14,14
2047-02-01,Polomolok,1206312000,57.484000,0.000000,212.750000,0.325043,0.428000,8,15,0,0,10,0,0,10,1,10,5,0,3.673496,7.530128,23,23
2047-02-01,Santo Niño,1206318000,12.056000,0.000000,50.775000,0.165600,0.240000,10,0,0,0,0,0,0,0,0,0,0,0,-0.127837,0.143539,10,10
2047-02-01,Surallah,1206313000,36.148000,0.000000,138.650000,0.163765,0.240000,17,0,0,0,0,0,0,0,0,4,0,0,1.988482,2.565555,17,17
2047-02-01,T'Boli,1206316000,31.368000,0.000000,125.650000,0.283840,0.396000,17,8,0,0,0,0,0,0,0,0,0,0,0.030674,1.541499,25,25
2047-02-01,Tampakan,1206314000,17.980000,0.000000,73.775000,0.200286,0.292000,14,0,0,0,0,0,0,0,0,0,0,0,-0.185456,0.437220,14,14
2047-02-01,Tantangan,1206315000,4.256000,0.000000,26.775000,0.084308,0.136000,13,0,0,0,0,0,0,0,0,0,0,0,-2.347316,-1.588255,13,13
2047-02-01,Tupi,1206317000,18.312000,0.000000,74.550000,0.033867,0.120000,15,0,0,0,0,0,0,0,0,1,0,0,0.296439,2.503645,15,15
2047-03-01,Banga,1206302000,28.860000,0.000000,113.875000,0.202545,0.312000,21,1,0,0,0,0,0,0,0,0,0,0,0.098028,1.823412,22,22
2047-03-01,City of Koronadal,1206306000,8.624000,0.000000,55.325000,0.060741,0.140000,27,0,0,0,0,0,0,0,0,0,0,0,-2.909482,-1.394995,27,27
2047-03-01,Lake Sebu,1206319000,22.444000,0.000000,91.550000,0.276842,0.384000,11,8,0,0,0,0,0,0,0,1,0,0,-0.047050,1.812458,19,19
2047-03-01,Norala,1206311000,16.724000,0.000000,67.000000,0.134857,0.172000,14,0,0,0,0,0,0,0,0,0,0,0,-0.276199,0.181978,14,14
2047-03-01,Polomolok,1206312000,55.576000,0.000000,203.425000,0.317565,0.420000,10,13,0,0,12,0,0,12,1,12,2,0,3.548126,7.214088,23,23
2047-03-01,Santo Niño,1206318000,12.108000,0.000000,48.100000,0.176000,0.248000,10,0,0,0,0,0,0,0,0,0,0,0,-0.134003,0.142467,10,10
2047-03-01,Surallah,1206313000,36.840000,0.000000,137.325000,0.167765,0.224000,17,0,0,0,3,0,0,3,1,8,3,0,2.186538,2.926037,17,17
2047-03-01,T'Boli,1206316000,31.432000,0.000000,131.100000,0.282080,0.356000,15,10,0,0,0,0,0,0,0,1,0,0,0.067419,1.789129,25,25
2047-03-01,Tampakan,1206314000,17.844000,0.000000,73.100000,0.196000,0.304000,13,1,0,0,0,0,0,0,0,0,0,0,-0.258972,0.325501,14,14
2047-03-01,Tantangan,1206315000,4.292000,0.000000,26.550000,0.078462,0.152000,13,0,0,0,0,0,0,0,0,0,0,0,-2.465860,-1.589586,13,13
2047-03-01,Tupi,1206317000,18.452000,0.000000,75.875000,0.042667,0.164000,15,0,0,0,0,0,0,0,0,1,0,0,0.283698,2.590637,15,15
2047-04-01,Banga,1206302000,30.036000,0.000000,117.550000,0.211091,0.320000,21,1,0,0,0,0,0,0,0,0,0,0,0.268299,2.211623,22,22
2047-04-01,City of Koronadal,1206306000,8.644000,0.000000,50.875000,0.057778,0.144000,27,0,0,0,0,0,0,0,0,0,0,0,-2.881567,-1.411329,27,27
2047-04-01,Lake Sebu,1206319000,21.320000,0.000000,85.875000,0.275158,0.356000,11,8,0,0,0,0,0,0,0,0,0,0,-0.196382,1.722022,19,19
2047-04-01,Norala,1206311000,16.800000,0.000000,68.550000,0.144571,0.196000,14,0,0,0,0,0,0,0,0,0,0,0,-0.353354,0.300100,14,14
2047-04-01,Polomolok,1206312000,55.564000,0.000000,208.875000,0.315130,0.420000,10,13,0,0,8,0,0,8,1,9,0,0,3.524576,7.181293,23,23
2047-04-01,Santo Niño,1206318000,11.980000,0.000000,51.325000,0.177600,0.260000,10,0,0,0,0,0,0,0,0,0,0,0,-0.134020,0.185594,10,10
2047-04-01,Surallah,1206313000,36.924000,0.000000,137.325000,0.172471,0.236000,17,0,0,0,4,0,0,4,1,6,3,0,2.235931,3.145762,17,17
2047-04-01,T'Boli,1206316000,31.936000,0.000000,128.650000,0.293280,0.380000,11,14,0,0,0,0,0,0,0,0,0,0,0.067833,1.465145,25,25
2047-04-01,Tampakan,1206314000,17.916000,0.000000,70.325000,0.194857,0.316000,13,1,0,0,0,0,0,0,0,0,0,0,-0.249877,0.472411,14,14
2047-04-01,Tantangan,1206315000,4.352000,0.000000,26.550000,0.077538,0.132000,13,0,0,0,0,0,0,0,0,0,0,0,-2.407818,-1.559768,13,13
2047-04-01,Tupi,1206317000,18.280000,0.000000,75.100000,0.039733,0.164000,15,0,0,0,0,0,0,0,0,1,0,0,0.321421,2.394310,15,15
2047-05-01,Banga,1206302000,29.428000,0.000000,115.875000,0.206364,0.320000,20,2,0,0,0,0,0,0,0,0,0,0,0.178490,2.196624,22,22
2047-05-01,City of Koronadal,1206306000,8.940000,0.000000,52.875000,0.065778,0.144000,27,0,0,0,0,0,0,0,0,0,0,0,-2.852712,-1.363319,27,27
2047-05-01,Lake Sebu,1206319000,21.616000,0.000000,88.100000,0.268842,0.364000,13,6,0,0,0,0,0,0,0,0,0,0,-0.093647,1.678594,19,19
2047-05-01,Norala,1206311000,16.716000,0.000000,68.875000,0.144286,0.192000,14,0,0,0,0,0,0,0,0,0,0,0,-0.310257,0.125945,14,14
2047-05-01,Polomolok,1206312000,55.612000,0.000000,204.975000,0.316870,0.464000,10,13,0,0,10,0,0,10,1,10,2,0,3.580492,7.134220,23,23
2047-05-01,Santo Niño,1206318000,11.356000,0.000000,45.000000,0.158800,0.208000,10,0,0,0,0,0,0,0,0,0,0,0,-0.303026,-0.034596,10,10
2047-05-01,Surallah,1206313000,37.420000,0.000000,137.650000,0.172000,0.252000,17,0,0,0,6,0,0,6,1,8,2,0,2.293443,3.210707,17,17
2047-05-01,T'Boli,1206316000,31.008000,0.000000,127.875000,0.278880,0.344000,15,10,0,0,0,0,0,0,0,0,0,0,-0.002355,1.555454,25,25
2047-05-01,Tampakan,1206314000,17.716000,0.000000,70.875000,0.192286,0.268000,14,0,0,0,0,0,0,0,0,0,0,0,-0.234789,0.365152,14,14
2047-05-01,Tantangan,1206315000,4.288000,0.000000,26.325000,0.075077,0.144000,13,0,0,0,0,0,0,0,0,0,0,0,-2.453854,-1.508319,13,13
2047-05-01,Tupi,1206317000,18.620000,0.000000,74.325000,0.033867,0.140000,15,0,0,0,0,0,0,0,0,1,0,0,0.360162,2.539229,15,15
2047-06-01,Banga,1206302000,30.152000,0.000000,121.325000,0.208727,0.316000,20,2,0,0,0,0,0,0,0,0,0,0,0.279474,2.522928,22,22
2047-06-01,City of Koronadal,1206306000,8.880000,0.000000,57.100000,0.065630,0.152000,27,0,0,0,0,0,0,0,0,0,0,0,-2.817200,-1.435236,27,27
2047-06-01,Lake Sebu,1206319000,20.996000,0.000000,85.325000,0.256421,0.344000,15,4,0,0,0,0,0,0,0,0,0,0,-0.208186,1.672493,19,19
2047-06-01,Norala,1206311000,16.220000,0.000000,66.325000,0.130571,0.168000,14,0,0,0,0,0,0,0,0,0,0,0,-0.412794,0.016070,14,14
2047-06-01,Polomolok,1206312000,56.084000,0.000000,202.200000,0.319652,0.416000,10,13,0,0,6,0,0,6,1,7,0,0,3.471831,6.880502,23,23
2047-06-01,Santo Niño,1206318000,11.864000,0.000000,47.550000,0.172800,0.236000,10,0,0,0,0,0,0,0,0,0,0,0,-0.236621,0.090401,10,10
2047-06-01,Surallah,1206313000,39.264000,0.000000,145.550000,0.183059,0.256000,17,0,0,0,6,0,0,6,1,6,0,0,2.524264,3.792867,17,17
2047-06-01,T'Boli,1206316000,30.168000,0.000000,123.325000,0.275200,0.352000,16,9,0,0,0,0,0,0,0,0,0,0,-0.113632,1.126457,25,25
2047-06-01,Tampakan,1206314000,17.496000,0.000000,71.550000,0.192571,0.328000,13,1,0,0,0,0,0,0,0,0,0,0,-0.288278,0.380947,14,14
2047-06-01,Tantangan,1206315000,4.504000,0.000000,28.550000,0.083385,0.180000,13,0,0,0,0,0,0,0,0,0,0,0,-2.404493,-1.585469,13,13
2047-06-01,Tupi,1206317000,18.964000,0.000000,77.425000,0.034400,0.148000,15,0,0,0,0,0,0,0,0,1,0,0,0.382023,2.684197,15,15
2047-07-01,Banga,1206302000,30.400000,0.000000,120.100000,0.217273,0.320000,19,3,0,0,0,0,0,0,0,0,0,0,0.320467,2.099591,22,22
2047-07-01,City of Koronadal,1206306000,9.112000,0.000000,55.100000,0.065185,0.152000,27,0,0,0,0,0,0,0,0,0,0,0,-2.753450,-1.361386,27,27
2047-07-01,Lake Sebu,1206319000,20.972000,0.000000,86.325000,0.269474,0.320000,13,6,0,0,0,0,0,0,0,1,0,0,-0.256901,1.756577,19,19
2047-07-01,Norala,1206311000,16.812000,0.000000,71.875000,0.145714,0.200000,14,0,0,0,0,0,0,0,0,0,0,0,-0.309723,0.170424,14,14
2047-07-01,Polomolok,1206312000,57.484000,0.000000,206.425000,0.322435,0.440000,8,15,0,0,9,0,0,9,1,9,3,0,3.551092,7.161923,23,23
2047-07-01,Santo Niño,1206318000,12.508000,0.000000,50.775000,0.182800,0.304000,9,1,0,0,0,0,0,0,0,0,0,0,-0.067034,0.220078,10,10
2047-07-01,Surallah,1206313000,39.296000,0.000000,148.075000,0.185412,0.244000,17,0,0,0,6,0,0,6,1,6,2,0,2.340316,3.499081,17,17
2047-07-01,T'Boli,1206316000,30.740000,0.000000,124.650000,0.276480,0.372000,16,9,0,0,0,0,0,0,0,0,0,0,-0.073511,1.314158,25,25
2047-07-01,Tampakan,1206314000,17.264000,0.000000,71.775000,0.188286,0.292000,14,0,0,0,0,0,0,0,0,0,0,0,-0.380041,0.111422,14,14
2047-07-01,Tantangan,1206315000,4.228000,0.000000,27.775000,0.075077,0.148000,13,0,0,0,0,0,0,0,0,0,0,0,-2.427779,-1.675682,13,13
2047-07-01,Tupi,1206317000,17.940000,0.000000,73.875000,0.038400,0.152000,15,0,0,0,0,0,0,0,0,1,0,0,0.191899,2.497660,15,15
2047-08-01,Banga,1206302000,30.428000,0.000000,120.325000,0.216182,0.348000,20,2,0,0,0,0,0,0,0,0,0,0,0.302237,2.083669,22,22
2047-08-01,City of Koronadal,1206306000,8.508000,0.000000,52.550000,0.059852,0.120000,27,0,0,0,0,0,0,0,0,0,0,0,-2.808592,-1.594114,27,27
2047-08-01,Lake Sebu,1206319000,21.260000,0.000000,88.550000,0.264632,0.348000,13,6,0,0,0,0,0,0,0,0,0,0,-0.212894,1.847485,19,19
2047-08-01,Norala,1206311000,16.848000,0.000000,65.325000,0.141429,0.220000,14,0,0,0,0,0,0,0,0,0,0,0,-0.242331,0.329313,14,14
2047-08-01,Polomolok,1206312000,56.584000,0.000000,200.100000,0.319826,0.424000,9,14,0,0,3,0,0,3,1,6,0,0,3.492481,7.231851,23,23
2047-08-01,Santo Niño,1206318000,13.024000,0.000000,54.550000,0.199600,0.304000,9,1,0,0,0,0,0,0,0,0,0,0,0.094825,0.494142,10,10
2047-08-01,Surallah,1206313000,39.928000,0.000000,143.325000,0.194118,0.272000,17,0,0,0,0,0,0,0,0,5,0,0,2.419558,3.502408,17,17
2047-08-01,T'Boli,1206316000,30.480000,0.000000,124.875000,0.270720,0.400000,20,5,0,0,0,0,0,0,0,0,0,0,-0.066134,1.394952,25,25
2047-08-01,Tampakan,1206314000,16.604000,0.000000,65.325000,0.185143,0.304000,13,1,0,0,0,0,0,0,0,0,0,0,-0.468709,0.098709,14,14
2047-08-01,Tantangan,1206315000,4.148000,0.000000,28.325000,0.078154,0.148000,13,0,0,0,0,0,0,0,0,0,0,0,-2.403200,-1.707202,13,13
2047-08-01,Tupi,1206317000,17.576000,0.000000,72.875000,0.033867,0.140000,15,0,0,0,0,0,0,0,0,1,0,0,0.062106,2.299743,15,15
2047-09-01,Banga,1206302000,30.312000,0.000000,125.325000,0.214727,0.340000,20,2,0,0,0,0,0,0,0,0,0,0,0.339811,2.453736,22,22
2047-09-01,City of Koronadal,1206306000,9.072000,0.000000,54.100000,0.065630,0.128000,27,0,0,0,0,0,0,0,0,0,0,0,-2.757893,-1.406991,27,27
2047-09-01,Lake Sebu,1206319000,20.616000,0.000000,84.550000,0.253895,0.336000,14,5,0,0,0,0,0,0,0,1,0,0,-0.257479,1.948882,19,19
2047-09-01,Norala,1206311000,16.768000,0.000000,66.325000,0.141714,0.184000,14,0,0,0,0,0,0,0,0,0,0,0,-0.345106,0.073805,14,14
2047-09-01,Polomolok,1206312000,57.100000,0.000000,204.525000,0.322261,0.416000,8,15,0,0,9,0,0,9,1,9,6,0,3.459242,7.001984,23,23
2047-09-01,Santo Niño,1206318000,12.936000,0.000000,54.550000,0.184800,0.296000,10,0,0,0,0,0,0,0,0,0,0,0,0.027347,0.437223,10,10
2047-09-01,Surallah,1206313000,41.908000,0.000000,154.650000,0.213412,0.292000,17,0,0,0,8,0,0,8,1,9,8,0,2.659384,3.894005,17,17
2047-09-01,T'Boli,1206316000,30.896000,0.000000,123.325000,0.280960,0.368000,17,8,0,0,0,0,0,0,0,0,0,0,-0.106586,1.491266,25,25
2047-09-01,Tampakan,1206314000,16.112000,0.000000,64.775000,0.175429,0.264000,14,0,0,0,0,0,0,0,0,0,0,0,-0.623660,-0.002129,14,14
2047-09-01,Tantangan,1206315000,4.324000,0.000000,26.775000,0.085846,0.212000,13,0,0,0,0,0,0,0,0,0,0,0,-2.371684,-1.610258,13,13
2047-09-01,Tupi,1206317000,17.740000,0.000000,73.000000,0.037867,0.164000,15,0,0,0,0,0,0,0,0,1,0,0,0.066905,2.174836,15,15
2047-10-01,Banga,1206302000,30.656000,0.000000,123.425000,0.221636,0.352000,19,3,0,0,0,0,0,0,0,0,0,0,0.348293,2.417883,22,22
2047-10-01,City of Koronadal,1206306000,9.132000,0.000000,55.775000,0.067704,0.128000,27,0,0,0,0,0,0,0,0,0,0,0,-2.740769,-1.406708,27,27
2047-10-01,Lake Sebu,1206319000,20.784000,0.000000,86.325000,0.253263,0.340000,16,3,0,0,0,0,0,0,0,0,0,0,-0.209032,2.040612,19,19
2047-10-01,Norala,1206311000,16.600000,0.000000,66.550000,0.141429,0.200000,14,0,0,0,0,0,0,0,0,0,0,0,-0.328353,0.142640,14,14
2047-10-01,Polomolok,1206312000,56.180000,0.000000,205.200000,0.318783,0.428000,8,15,0,0,0,0,0,0,0,4,0,0,3.300510,6.654176,23,23
2047-10-01,Santo Niño,1206318000,12.920000,0.000000,50.550000,0.194000,0.276000,10,0,0,0,0,0,0,0,0,0,0,0,0.066857,0.391607,10,10
2047-10-01,Surallah,1206313000,43.004000,0.000000,152.875000,0.214588,0.316000,16,1,0,0,3,0,0,3,1,7,1,0,2.718145,3.805236,17,17
2047-10-01,T'Boli,1206316000,29.616000,0.000000,122.550000,0.263840,0.360000,17,8,0,0,0,0,0,0,0,0,0,0,-0.168544,1.409631,25,25
2047-10-01,Tampakan,1206314000,15.768000,0.000000,66.775000,0.158571,0.272000,14,0,0,0,0,0,0,0,0,0,0,0,-0.638611,-0.100912,14,14
2047-10-01,Tantangan,1206315000,4.368000,0.000000,27.550000,0.081846,0.160000,13,0,0,0,0,0,0,0,0,0,0,0,-2.349660,-1.594558,13,13
2047-10-01,Tupi,1206317000,18.240000,0.000000,71.325000,0.034133,0.140000,15,0,0,0,0,0,0,0,0,1,0,0,0.218046,2.423847,15,15
2047-11-01,Banga,1206302000,30.596000,0.000000,119.325000,0.217636,0.340000,20,2,0,0,0,0,0,0,0,0,0,0,0.389197,2.704599,22,22
2047-11-01,City of Koronadal,1206306000,9.204000,0.000000,54.000000,0.068889,0.120000,27,0,0,0,0,0,0,0,0,0,0,0,-2.806397,-1.355288,27,27
2047-11-01,Lake Sebu,1206319000,21.496000,0.000000,88.875000,0.268421,0.340000,13,6,0,0,0,0,0,0,0,0,0,0,-0.163574,2.131452,19,19
2047-11-01,Norala,1206311000,16.684000,0.000000,68.775000,0.141143,0.212000,14,0,0,0,0,0,0,0,0,0,0,0,-0.345394,0.231057,14,14
2047-11-01,Polomolok,1206312000,56.664000,0.000000,206.425000,0.326609,0.432000,10,13,0,0,7,0,0,7,1,8,7,0,3.442168,6.888609,23,23
2047-11-01,Santo Niño,1206318000,12.592000,0.000000,50.775000,0.185600,0.268000,10,0,0,0,0,0,0,0,0,0,0,0,-0.028794,0.225638,10,10
2047-11-01,Surallah,1206313000,41.792000,0.000000,147.875000,0.205176,0.252000,17,0,0,0,6,0,0,6,1,8,4,0,2.699632,3.880012,17,17
2047-11-01,T'Boli,1206316000,30.012000,0.000000,119.875000,0.271200,0.356000,16,9,0,0,0,0,0,0,0,0,0,0,-0.130900,1.343658,25,25
2047-11-01,Tampakan,1206314000,15.368000,0.000000,63.550000,0.164000,0.312000,13,1,0,0,0,0,0,0,0,0,0,0,-0.739145,-0.235034,14,14
2047-11-01,Tantangan,1206315000,4.436000,0.000000,25.775000,0.082154,0.184000,13,0,0,0,0,0,0,0,0,0,0,0,-2.422020,-1.655820,13,13
2047-11-01,Tupi,1206317000,18.596000,0.000000,79.650000,0.037333,0.148000,15,0,0,0,0,0,0,0,0,1,0,0,0.241343,2.508543,15,15
2047-12-01,Banga,1206302000,30.840000,0.000000,125.425000,0.217455,0.344000,18,4,0,0,0,0,0,0,0,0,0,0,0.335101,2.717205,22,22
2047-12-01,City of Koronadal,1206306000,8.972000,0.000000,53.775000,0.062519,0.128000,27,0,0,0,0,0,0,0,0,0,0,0,-2.781351,-1.420172,27,27
2047-12-01,Lake Sebu,1206319000,21.556000,0.000000,91.550000,0.264000,0.328000,14,5,0,0,0,0,0,0,0,0,0,0,-0.183426,1.889456,19,19
2047-12-01,Norala,1206311000,17.268000,0.000000,73.425000,0.145714,0.180000,14,0,0,0,0,0,0,0,0,0,0,0,-0.250166,0.212408,14,14
2047-12-01,Polomolok,1206312000,56.736000,0.000000,202.750000,0.328522,0.492000,7,16,0,0,6,0,0,6,1,7,0,0,3.404684,6.922588,23,23
2047-12-01,Santo Niño,1206318000,12.872000,0.000000,53.775000,0.187600,0.272000,10,0,0,0,0,0,0,0,0,0,0,0,0.079592,0.383935,10,10
2047-12-01,Surallah,1206313000,41.444000,0.000000,152.425000,0.203294,0.288000,17,0,0,0,0,0,0,0,0,3,0,0,2.664178,3.885906,17,17
2047-12-01,T'Boli,1206316000,29.688000,0.000000,119.650000,0.266400,0.324000,20,5,0,0,0,0,0,0,0,0,0,0,-0.200758,1.197638,25,25
2047-12-01,Tampakan,1206314000,15.692000,0.000000,65.875000,0.159714,0.276000,14,0,0,0,0,0,0,0,0,0,0,0,-0.659260,-0.051828,14,14
2047-12-01,Tantangan,1206315000,4.172000,0.000000,28.550000,0.075385,0.132000,13,0,0,0,0,0,0,0,0,0,0,0,-2.403980,-1.635112,13,13
2047-12-01,Tupi,1206317000,18.556000,0.000000,75.550000,0.038133,0.168000,15,0,0,0,0,0,0,0,0,1,0,0,0.235923,2.467529,15,15
2048-01-01,Banga,1206302000,29.336000,0.000000,118.325000,0.206182,0.264000,22,0,0,0,0,0,0,0,0,0,0,0,0.140634,1.886959,22,22
2048-01-01,City of Koronadal,1206306000,8.536000,0.000000,54.100000,0.062815,0.120000,27,0,0,0,0,0,0,0,0,0,0,0,-2.931363,-1.450396,27,27
2048-01-01,Lake Sebu,1206319000,22.460000,0.000000,91.100000,0.280632,0.364000,11,8,0,0,0,0,0,0,0,0,0,0,-0.046775,1.980169,19,19
2048-01-01,Norala,1206311000,16.556000,0.000000,72.325000,0.133143,0.160000,14,0,0,0,0,0,0,0,0,0,0,0,-0.326084,0.182615,14,14
2048-01-01,Polomolok,1206312000,55.708000,0.000000,196.875000,0.319478,0.452000,9,14,0,0,9,0,0,9,1,9,3,0,3.576006,7.061029,23,23
2048-01-01,Santo Niño,1206318000,12.500000,0.000000,50.550000,0.185600,0.276000,10,0,0,0,0,0,0,0,0,0,0,0,-0.031368,0.124745,10,10
2048-01-01,Surallah,1206313000,36.988000,0.000000,134.875000,0.174588,0.256000,17,0,0,0,0,0,0,0,0,6,0,0,2.174543,3.015576,17,17
2048-01-01,T'Boli,1206316000,31.260000,0.000000,125.875000,0.280960,0.368000,14,11,0,0,0,0,0,0,0,0,0,0,0.008837,1.358998,25,25
2048-01-01,Tampakan,1206314000,18.192000,0.000000,73.325000,0.196000,0.272000,14,0,0,0,0,0,0,0,0,0,0,0,-0.182951,0.409962,14,14
2048-01-01,Tantangan,1206315000,4.280000,0.000000,24.775000,0.082462,0.144000,13,0,0,0,0,0,0,0,0,0,0,0,-2.494363,-1.677558,13,13
2048-01-01,Tupi,1206317000,18.724000,0.000000,74.775000,0.037067,0.164000,15,0,0,0,0,0,0,0,0,1,0,0,0.390144,2.823453,15,15
2048-02-01,Banga,1206302000,29.856000,0.000000,119.875000,0.214909,0.352000,20,2,0,0,0,0,0,0,0,0,0,0,0.261189,2.013947,22,22
2048-02-01,City of Koronadal,1206306000,8.928000,0.000000,52.550000,0.062963,0.136000,27,0,0,0,0,0,0,0,0,0,0,0,-2.856506,-1.293092,27,27
2048-02-01,Lake Sebu,1206319000,21.984000,0.000000,91.875000,0.270526,0.340000,14,5,0,0,0,0,0,0,0,0,0,0,-0.067897,1.886346,19,19
2048-02-01,Norala,1206311000,16.452000,0.000000,66.325000,0.136286,0.224000,14,0,0,0,0,0,0,0,0,0,0,0,-0.337006,0.077744,14,14
2048-02-01,Polomolok,1206312000,54.188000,0.000000,195.750000,0.301913,0.384000,11,12,0,0,9,0,0,9,1,9,1,0,3.467953,7.200227,23,23
2048-02-01,Santo Niño,1206318000,11.556000,0.000000,46.775000,0.165200,0.260000,10,0,0,0,0,0,0,0,0,0,0,0,-0.216135,0.127919,10,10
2048-02-01,Surallah,1206313000,35.976000,0.000000,130.000000,0.168471,0.224000,17,0,0,0,0,0,0,0,0,7,0,0,2.155185,2.794758,17,17
2048-02-01,T'Boli,1206316000,30.324000,0.000000,121.200000,0.269120,0.336000,16,9,0,0,0,0,0,0,0,1,0,0,-0.010502,1.463066,25,25
2048-02-01,Tampakan,1206314000,18.688000,0.000000,75.550000,0.212571,0.332000,11,3,0,0,0,0,0,0,0,0,0,0,-0.031990,0.675932,14,14
2048-02-01,Tantangan,1206315000,4.372000,0.000000,27.550000,0.082769,0.148000,13,0,0,0,0,0,0,0,0,0,0,0,-2.439584,-1.627405,13,13
2048-02-01,Tupi,1206317000,17.880000,0.000000,74.550000,0.038400,0.160000,15,0,0,0,0,0,0,0,0,1,0,0,0.246650,2.321009,15,15
2048-03-01,Banga,1206302000,29.524000,0.000000,117.425000,0.209273,0.356000,21,1,0,0,0,0,0,0,0,0,0,0,0.260150,2.131046,22,22
2048-03-01,City of Koronadal,1206306000,8.828000,0.000000,56.650000,0.059259,0.132000,27,0,0,0,0,0,0,0,0,0,0,0,-2.890913,-1.218623,27,27
2048-03-01,Lake Sebu,1206319000,21.836000,0.000000,89.100000,0.266737,0.344000,12,7,0,0,0,0,0,0,0,1,0,0,-0.088784,1.657961,19,19
2048-03-01,Norala,1206311000,16.572000,0.000000,68.325000,0.142286,0.200000,14,0,0,0,0,0,0,0,0,0,0,0,-0.340902,0.161713,14,14
2048-03-01,Polomolok,1206312000,55.492000,0.000000,202.975000,0.314087,0.396000,9,14,0,0,9,0,0,9,1,9,1,0,3.546699,7.123616,23,23
2048-03-01,Santo Niño,1206318000,11.668000,0.000000,50.775000,0.162800,0.232000,10,0,0,0,0,0,0,0,0,0,0,0,-0.250662,-0.010724,10,10
2048-03-01,Surallah,1206313000,36.904000,0.000000,137.100000,0.166353,0.264000,17,0,0,0,0,0,0,0,0,7,0,0,2.222770,3.057149,17,17
2048-03-01,T'Boli,1206316000,31.496000,0.000000,129.425000,0.282080,0.348000,16,9,0,0,0,0,0,0,0,1,0,0,0.079617,1.552284,25,25
2048-03-01,Tampakan,1206314000,18.396000,0.000000,72.775000,0.205714,0.332000,11,3,0,0,0,0,0,0,0,0,0,0,-0.139312,0.502515,14,14
2048-03-01,Tantangan,1206315000,4.116000,0.000000,27.775000,0.068308,0.140000,13,0,0,0,0,0,0,0,0,0,0,0,-2.542929,-1.721404,13,13
2048-03-01,Tupi,1206317000,17.524000,0.000000,73.100000,0.032000,0.136000,15,0,0,0,0,0,0,0,0,1,0,0,0.179143,2.210066,15,15
2048-04-01,Banga,1206302000,29.316000,0.000000,116.325000,0.201273,0.324000,20,2,0,0,0,0,0,0,0,0,0,0,0.137395,1.809740,22,22
2048-04-01,City of Koronadal,1206306000,8.556000,0.000000,56.325000,0.061333,0.152000,27,0,0,0,0,0,0,0,0,0,0,0,-2.860955,-1.504070,27,27
2048-04-01,Lake Sebu,1206319000,21.908000,0.000000,94.550000,0.274737,0.344000,10,9,0,0,0,0,0,0,0,0,0,0,-0.126537,1.849975,19,19
2048-04-01,Norala,1206311000,16.160000,0.000000,67.550000,0.128571,0.172000,14,0,0,0,0,0,0,0,0,0,0,0,-0.391964,0.109962,14,14
2048-04-01,Polomolok,1206312000,57.596000,0.000000,207.300000,0.328174,0.420000,7,16,0,0,10,0,0,10,1,10,1,0,3.741733,7.499076,23,23
2048-04-01,Santo Niño,1206318000,11.776000,0.000000,50.550000,0.178400,0.312000,9,1,0,0,0,0,0,0,0,0,0,0,-0.255941,-0.020936,10,10
2048-04-01,Surallah,1206313000,36.692000,0.000000,133.200000,0.172000,0.236000,17,0,0,0,0,0,0,0,0,5,0,0,2.122686,2.822987,17,17
2048-04-01,T'Boli,1206316000,30.588000,0.000000,126.875000,0.274560,0.344000,17,8,0,0,0,0,0,0,0,0,0,0,-0.033935,1.674909,25,25
2048-04-01,Tampakan,1206314000,18.000000,0.000000,73.875000,0.202286,0.320000,13,1,0,0,0,0,0,0,0,0,0,0,-0.156433,0.561004,14,14
2048-04-01,Tantangan,1206315000,4.216000,0.000000,25.775000,0.081846,0.180000,13,0,0,0,0,0,0,0,0,0,0,0,-2.460718,-1.655067,13,13
2048-04-01,Tupi,1206317000,18.216000,0.000000,75.550000,0.041067,0.140000,15,0,0,0,0,0,0,0,0,1,0,0,0.240802,2.407253,15,15
2048-05-01,Banga,1206302000,29.776000,0.000000,114.775000,0.213818,0.308000,19,3,0,0,0,0,0,0,0,0,0,0,0.226912,1.961845,22,22
2048-05-01,City of Koronadal,1206306000,8.680000,0.000000,52.000000,0.060148,0.120000,27,0,0,0,0,0,0,0,0,0,0,0,-2.865498,-1.478998,27,27
2048-05-01,Lake Sebu,1206319000,20.920000,0.000000,88.325000,0.266737,0.336000,14,5,0,0,0,0,0,0,0,0,0,0,-0.210462,2.109917,19,19
2048-05-01,Norala,1206311000,16.208000,0.000000,68.875000,0.134857,0.188000,14,0,0,0,0,0,0,0,0,0,0,0,-0.360858,0.239690,14,14
2048-05-01,Polomolok,1206312000,55.452000,0.000000,197.650000,0.314087,0.392000,10,13,0,0,6,0,0,6,1,8,1,0,3.567818,7.048513,23,23
2048-05-01,Santo Niño,1206318000,12.480000,0.000000,53.325000,0.176400,0.292000,10,0,0,0,0,0,0,0,0,0,0,0,-0.014930,0.189962,10,10
2048-05-01,Surallah,1206313000,37.884000,0.000000,143.650000,0.177882,0.216000,17,0,0,0,0,0,0,0,0,5,0,0,2.309471,3.171376,17,17
2048-05-01,T'Boli,1206316000,30.072000,0.000000,126.325000,0.264960,0.376000,17,8,0,0,0,0,0,0,0,0,0,0,-0.071819,1.529549,25,25
2048-05-01,Tampakan,1206314000,18.108000,0.000000,77.100000,0.203714,0.300000,13,1,0,0,0,0,0,0,0,0,0,0,-0.138104,0.506179,14,14
2048-05-01,Tantangan,1206315000,4.300000,0.000000,26.000000,0.078462,0.156000,13,0,0,0,0,0,0,0,0,0,0,0,-2.476457,-1.790750,13,13
2048-05-01,Tupi,1206317000,17.552000,0.000000,74.100000,0.033333,0.132000,15,0,0,0,0,0,0,0,0,1,0,0,0.158745,2.415631,15,15
2048-06-01,Banga,1206302000,29.628000,0.000000,123.100000,0.208909,0.336000,20,2,0,0,0,0,0,0,0,0,0,0,0.256718,2.202074,22,22
2048-06-01,City of Koronadal,1206306000,8.740000,0.000000,53.325000,0.064148,0.140000,27,0,0,0,0,0,0,0,0,0,0,0,-2.746300,-1.526689,27,27
2048-06-01,Lake Sebu,1206319000,21.704000,0.000000,91.100000,0.269895,0.380000,12,7,0,0,0,0,0,0,0,0,0,0,-0.168718,1.861419,19,19
2048-06-01,Norala,1206311000,16.964000,0.000000,68.775000,0.145143,0.184000,14,0,0,0,0,0,0,0,0,0,0,0,-0.219361,0.312808,14,14
2048-06-01,Polomolok,1206312000,55.736000,0.000000,200.200000,0.313739,0.444000,12,11,0,0,7,0,0,7,1,8,4,0,3.399307,7.068905,23,23
2048-06-01,Santo Niño,1206318000,12.760000,0.000000,54.100000,0.190000,0.308000,9,1,0,0,0,0,0,0,0,0,0,0,0.094010,0.276392,10,10
2048-06-01,Surallah,1206313000,38.008000,0.000000,136.325000,0.181647,0.240000,17,0,0,0,0,0,0,0,0,5,0,0,2.195896,3.218733,17,17
2048-06-01,T'Boli,1206316000,30.208000,0.000000,131.875000,0.262880,0.376000,19,6,0,0,0,0,0,0,0,0,0,0,-0.055707,1.493998,25,25
2048-06-01,Tampakan,1206314000,17.132000,0.000000,68.000000,0.192571,0.312000,13,1,0,0,0,0,0,0,0,0,0,0,-0.335767,0.193803,14,14
2048-06-01,Tantangan,1206315000,3.956000,0.000000,24.775000,0.067077,0.124000,13,0,0,0,0,0,0,0,0,0,0,0,-2.366386,-1.586899,13,13
2048-06-01,Tupi,1206317000,17.848000,0.000000,75.550000,0.034400,0.144000,15,0,0,0,0,0,0,0,0,1,0,0,0.186527,2.363632,15,15
2048-07-01,Banga,1206302000,29.812000,0.000000,121.650000,0.211091,0.332000,20,2,0,0,0,0,0,0,0,0,0,0,0.263919,2.306290,22,22
2048-07-01,City of Koronadal,1206306000,8.676000,0.000000,56.325000,0.062222,0.096000,27,0,0,0,0,0,0,0,0,0,0,0,-2.852467,-1.542634,27,27
2048-07-01,Lake Sebu,1206319000,20.760000,0.000000,88.100000,0.253895,0.328000,14,5,0,0,0,0,0,0,0,0,0,0,-0.229011,1.779749,19,19
2048-07-01,Norala,1206311000,16.672000,0.000000,68.325000,0.140857,0.196000,14,0,0,0,0,0,0,0,0,0,0,0,-0.291958,0.317137,14,14
2048-07-01,Polomolok,1206312000,56.012000,0.000000,210.300000,0.317565,0.440000,12,11,0,0,10,0,0,10,1,10,3,0,3.557238,7.068331,23,23
2048-07-01,Santo Niño,1206318000,13.268000,0.000000,53.650000,0.192000,0.260000,10,0,0,0,0,0,0,0,0,0,0,0,0.166177,0.360595,10,10
2048-07-01,Surallah,1206313000,38.456000,0.000000,139.100000,0.178353,0.260000,17,0,0,0,3,0,0,3,1,6,3,0,2.218233,3.215714,17,17
2048-07-01,T'Boli,1206316000,30.964000,0.000000,124.100000,0.277760,0.360000,18,7,0,0,0,0,0,0,0,0,0,0,0.000133,1.305071,25,25
2048-07-01,Tampakan,1206314000,17.108000,0.000000,68.550000,0.186571,0.288000,14,0,0,0,0,0,0,0,0,0,0,0,-0.386352,0.151761,14,14
2048-07-01,Tantangan,1206315000,4.208000,0.000000,25.775000,0.076615,0.172000,13,0,0,0,0,0,0,0,0,0,0,0,-2.485169,-1.935310,13,13
2048-07-01,Tupi,1206317000,18.068000,0.000000,76.325000,0.038400,0.156000,15,0,0,0,0,0,0,0,0,1,0,0,0.244289,2.622105,15,15
2048-08-01,Banga,1206302000,30.232000,0.000000,121.875000,0.211818,0.336000,19,3,0,0,0,0,0,0,0,0,0,0,0.277598,2.035103,22,22
2048-08-01,City of Koronadal,1206306000,8.968000,0.000000,55.325000,0.064593,0.144000,27,0,0,0,0,0,0,0,0,0,0,0,-2.835100,-1.421040,27,27
2048-08-01,Lake Sebu,1206319000,21.480000,0.000000,89.550000,0.265053,0.344000,13,6,0,0,0,0,0,0,0,0,0,0,-0.142410,1.999309,19,19
2048-08-01,Norala,1206311000,16.124000,0.000000,66.325000,0.131429,0.180000,14,0,0,0,0,0,0,0,0,0,0,0,-0.373301,0.152896,14,14
2048-08-01,Polomolok,1206312000,56.112000,0.000000,203.875000,0.323304,0.440000,10,13,0,0,12,0,0,12,1,12,3,0,3.554992,7.080567,23,23
2048-08-01,Santo Niño,1206318000,12.768000,0.000000,55.325000,0.186400,0.288000,10,0,0,0,0,0,0,0,0,0,0,0,0.027785,0.385752,10,10
2048-08-01,Surallah,1206313000,38.692000,0.000000,149.200000,0.189412,0.240000,17,0,0,0,9,0,0,9,1,9,6,0,2.355779,3.322743,17,17
2048-08-01,T'Boli,1206316000,29.836000,0.000000,121.325000,0.262720,0.344000,19,6,0,0,0,0,0,0,0,0,0,0,-0.155381,1.238952,25,25
2048-08-01,Tampakan,1206314000,16.936000,0.000000,69.875000,0.187714,0.312000,13,1,0,0,0,0,0,0,0,0,0,0,-0.380359,0.085940,14,14
2048-08-01,Tantangan,1206315000,4.388000,0.000000,26.775000,0.084000,0.144000,13,0,0,0,0,0,0,0,0,0,0,0,-2.430272,-1.728877,13,13
2048-08-01,Tupi,1206317000,18.208000,0.000000,74.550000,0.037600,0.128000,15,0,0,0,0,0,0,0,0,1,0,0,0.293797,2.533547,15,15
2048-09-01,Banga,1206302000,29.956000,0.000000,119.550000,0.213273,0.316000,20,2,0,0,0,0,0,0,0,0,0,0,0.290089,2.497970,22,22
2048-09-01,City of Koronadal,1206306000,9.160000,0.000000,55.550000,0.067407,0.164000,27,0,0,0,0,0,0,0,0,0,0,0,-2.836485,-1.338093,27,27
2048-09-01,Lake Sebu,1206319000,21.052000,0.000000,91.650000,0.259158,0.328000,16,3,0,0,0,0,0,0,0,0,0,0,-0.209123,2.019307,19,19
2048-09-01,Norala,1206311000,16.452000,0.000000,66.775000,0.133143,0.192000,14,0,0,0,0,0,0,0,0,0,0,0,-0.332646,0.102142,14,14
2048-09-01,Polomolok,1206312000,56.036000,0.000000,203.975000,0.322957,0.428000,8,15,0,0,7,0,0,7,1,8,0,0,3.589593,7.185389,23,23
2048-09-01,Santo Niño,1206318000,12.736000,0.000000,55.100000,0.188000,0.276000,10,0,0,0,0,0,0,0,0,0,0,0,0.036374,0.218615,10,10
2048-09-01,Surallah,1206313000,39.136000,0.000000,143.100000,0.186353,0.232000,17,0,0,0,0,0,0,0,0,5,0,0,2.448442,3.637324,17,17
2048-09-01,T'Boli,1206316000,29.992000,0.000000,119.200000,0.271360,0.352000,17,8,0,0,0,0,0,0,0,0,0,0,-0.130190,1.458570,25,25
2048-09-01,Tampakan,1206314000,16.276000,0.000000,67.775000,0.173714,0.276000,14,0,0,0,0,0,0,0,0,0,0,0,-0.488168,0.023753,14,14
2048-09-01,Tantangan,1206315000,4.380000,0.000000,28.775000,0.087385,0.224000,13,0,0,0,0,0,0,0,0,0,0,0,-2.434585,-1.662791,13,13
2048-09-01,Tupi,1206317000,18.488000,0.000000,79.325000,0.044800,0.176000,15,0,0,0,0,0,0,0,0,1,0,0,0.293066,2.597738,15,15
2048-10-01,Banga,1206302000,30.984000,0.000000,125.875000,0.219818,0.312000,19,3,0,0,0,0,0,0,0,0,0,0,0.363429,2.520239,22,22
2048-10-01,City of Koronadal,1206306000,8.884000,0.000000,53.775000,0.063556,0.128000,27,0,0,0,0,0,0,0,0,0,0,0,-2.736707,-1.509694,27,27
2048-10-01,Lake Sebu,1206319000,20.876000,0.000000,86.550000,0.253053,0.308000,16,3,0,0,0,0,0,0,0,0,0,0,-0.145076,2.236082,19,19
2048-10-01,Norala,1206311000,15.796000,0.000000,64.775000,0.120857,0.180000,14,0,0,0,0,0,0,0,0,0,0,0,-0.461430,0.056683,14,14
2048-10-01,Polomolok,1206312000,57.080000,0.000000,212.525000,0.321043,0.472000,7,16,0,0,3,0,0,3,1,6,0,0,3.400208,6.826218,23,23
2048-10-01,Santo Niño,1206318000,12.696000,0.000000,52.550000,0.192400,0.280000,10,0,0,0,0,0,0,0,0,0,0,0,-0.039908,0.216000,10,10
2048-10-01,Surallah,1206313000,42.112000,0.000000,158.425000,0.204941,0.252000,17,0,0,0,5,0,0,5,1,7,5,0,2.610686,3.765198,17,17
2048-10-01,T'Boli,1206316000,29.720000,0.000000,126.325000,0.265280,0.364000,18,7,0,0,0,0,0,0,0,0,0,0,-0.166827,1.552505,25,25
2048-10-01,Tampakan,1206314000,15.784000,0.000000,67.325000,0.172857,0.284000,14,0,0,0,0,0,0,0,0,0,0,0,-0.658668,-0.218853,14,14
2048-10-01,Tantangan,1206315000,4.300000,0.000000,27.775000,0.076615,0.172000,13,0,0,0,0,0,0,0,0,0,0,0,-2.362231,-1.721511,13,13
2048-10-01,Tupi,1206317000,17.896000,0.000000,73.550000,0.033067,0.140000,15,0,0,0,0,0,0,0,0,1,0,0,0.130316,2.419204,15,15
2048-11-01,Banga,1206302000,30.520000,0.000000,122.325000,0.216364,0.316000,21,1,0,0,0,0,0,0,0,0,0,0,0.352367,2.772454,22,22
2048-11-01,City of Koronadal,1206306000,9.056000,0.000000,55.550000,0.066815,0.160000,27,0,0,0,0,0,0,0,0,0,0,0,-2.772360,-1.572059,27,27
2048-11-01,Lake Sebu,1206319000,20.680000,0.000000,89.875000,0.258947,0.348000,14,5,0,0,0,0,0,0,0,0,0,0,-0.249192,2.184240,19,19
2048-11-01,Norala,1206311000,16.660000,0.000000,66.325000,0.144857,0.188000,14,0,0,0,0,0,0,0,0,0,0,0,-0.307511,0.275615,14,14
2048-11-01,Polomolok,1206312000,56.572000,0.000000,210.975000,0.321391,0.420000,6,17,0,0,10,0,0,10,1,10,7,0,3.415023,6.981134,23,23
2048-11-01,Santo Niño,1206318000,12.872000,0.000000,52.100000,0.194400,0.292000,10,0,0,0,0,0,0,0,0,0,0,0,0.056159,0.266037,10,10
2048-11-01,Surallah,1206313000,42.556000,0.000000,153.200000,0.215059,0.308000,16,1,0,0,12,0,0,12,1,12,7,0,2.755488,3.973207,17,17
2048-11-01,T'Boli,1206316000,30.096000,0.000000,125.550000,0.268320,0.364000,14,11,0,0,0,0,0,0,0,0,0,0,-0.118494,1.558342,25,25
2048-11-01,Tampakan,1206314000,15.420000,0.000000,64.550000,0.160286,0.244000,14,0,0,0,0,0,0,0,0,0,0,0,-0.724632,-0.281449,14,14
2048-11-01,Tantangan,1206315000,4.136000,0.000000,26.775000,0.080000,0.168000,13,0,0,0,0,0,0,0,0,0,0,0,-2.406805,-1.688992,13,13
2048-11-01,Tupi,1206317000,17.644000,0.000000,74.325000,0.035733,0.148000,15,0,0,0,0,0,0,0,0,1,0,0,0.085309,2.145065,15,15
2048-12-01,Banga,1206302000,30.584000,0.000000,122.650000,0.214909,0.320000,19,3,0,0,0,0,0,0,0,0,0,0,0.319026,2.347201,22,22
2048-12-01,City of Koronadal,1206306000,8.480000,0.000000,54.550000,0.062222,0.172000,27,0,0,0,0,0,0,0,0,0,0,0,-2.712943,-1.467485,27,27
2048-12-01,Lake Sebu,1206319000,21.368000,0.000000,87.550000,0.270316,0.364000,11,8,0,0,0,0,0,0,0,0,0,0,-0.090504,2.274907,19,19
2048-12-01,Norala,1206311000,16.524000,0.000000,67.325000,0.144286,0.184000,14,0,0,0,0,0,0,0,0,0,0,0,-0.320270,0.136235,14,14
2048-12-01,Polomolok,1206312000,57.160000,0.000000,211.425000,0.315304,0.476000,12,11,0,0,9,0,0,9,1,10,1,0,3.456284,7.354715,23,23
2048-12-01,Santo Niño,1206318000,13.172000,0.000000,52.775000,0.199200,0.304000,9,1,0,0,0,0,0,0,0,0,0,0,0.117366,0.370276,10,10
2048-12-01,Surallah,1206313000,42.640000,0.000000,160.650000,0.216000,0.312000,16,1,0,0,14,0,0,14,1,14,2,0,2.730605,3.910321,17,17
2048-12-01,T'Boli,1206316000,29.016000,0.000000,120.100000,0.254720,0.372000,19,6,0,0,0,0,0,0,0,0,0,0,-0.226072,1.354399,25,25
2048-12-01,Tampakan,1206314000,14.680000,0.000000,63.775000,0.151429,0.248000,14,0,0,0,0,0,0,0,0,0,0,0,-0.824437,-0.404091,14,14
2048-12-01,Tantangan,1206315000,4.236000,0.000000,24.775000,0.076615,0.160000,13,0,0,0,0,0,0,0,0,0,0,0,-2.281350,-1.569312,13,13
2048-12-01,Tupi,1206317000,17.376000,0.000000,66.775000,0.032267,0.140000,15,0,0,0,0,0,0,0,0,1,0,0,0.007794,2.161309,15,15
2049-01-01,Banga,1206302000,29.360000,0.000000,114.550000,0.209273,0.284000,22,0,0,0,0,0,0,0,0,0,0,0,0.233525,2.228606,22,22
2049-01-01,City of Koronadal,1206306000,8.640000,0.000000,52.775000,0.064296,0.136000,27,0,0,0,0,0,0,0,0,0,0,0,-2.851280,-1.424938,27,27
2049-01-01,Lake Sebu,1206319000,21.704000,0.000000,89.650000,0.272000,0.384000,10,9,0,0,0,0,0,0,0,1,0,0,-0.087691,1.869224,19,19
2049-01-01,Norala,1206311000,16.140000,0.000000,66.000000,0.141143,0.192000,14,0,0,0,0,0,0,0,0,0,0,0,-0.360956,0.009394,14,14
2049-01-01,Polomolok,1206312000,54.804000,0.000000,204.425000,0.315304,0.436000,11,12,0,0,11,0,0,11,1,11,2,0,3.501144,7.365251,23,23
2049-01-01,Santo Niño,1206318000,12.056000,0.000000,48.775000,0.179600,0.284000,10,0,0,0,0,0,0,0,0,0,0,0,-0.072715,0.205396,10,10
2049-01-01,Surallah,1206313000,37.248000,0.000000,134.100000,0.183294,0.244000,17,0,0,0,7,0,0,7,1,8,0,0,2.428968,3.586226,17,17
2049-01-01,T'Boli,1206316000,30.304000,0.000000,124.325000,0.272320,0.356000,16,9,0,0,0,0,0,0,0,0,0,0,-0.034320,1.363074,25,25
2049-01-01,Tampakan,1206314000,17.696000,0.000000,72.000000,0.192286,0.280000,14,0,0,0,0,0,0,0,0,0,0,0,-0.195337,0.557174,14,14
2049-01-01,Tantangan,1206315000,4.308000,0.000000,25.775000,0.079692,0.124000,13,0,0,0,0,0,0,0,0,0,0,0,-2.425621,-1.741268,13,13
2049-01-01,Tupi,1206317000,17.216000,0.000000,71.650000,0.033600,0.148000,15,0,0,0,0,0,0,0,0,1,0,0,0.130349,2.281730,15,15
2049-02-01,Banga,1206302000,29.796000,0.000000,122.325000,0.206909,0.284000,22,0,0,0,0,0,0,0,0,0,0,0,0.264618,2.227537,22,22
2049-02-01,City of Koronadal,1206306000,8.188000,0.000000,54.100000,0.058074,0.112000,27,0,0,0,0,0,0,0,0,0,0,0,-2.898249,-1.472471,27,27
2049-02-01,Lake Sebu,1206319000,22.024000,0.000000,89.775000,0.277263,0.368000,11,8,0,0,0,0,0,0,0,0,0,0,-0.071560,1.663441,19,19
2049-02-01,Norala,1206311000,16.260000,0.000000,66.775000,0.135429,0.208000,14,0,0,0,0,0,0,0,0,0,0,0,-0.353170,0.155728,14,14
2049-02-01,Polomolok,1206312000,54.024000,0.000000,193.975000,0.303304,0.400000,12,11,0,0,7,0,0,7,1,8,0,0,3.447062,7.082019,23,23
2049-02-01,Santo Niño,1206318000,12.320000,0.000000,47.000000,0.186000,0.272000,10,0,0,0,0,0,0,0,0,0,0,0,-0.005667,0.207560,10,10
2049-02-01,Surallah,1206313000,36.748000,0.000000,139.650000,0.170118,0.248000,17,0,0,0,3,0,0,3,1,5,1,0,2.266948,3.170417,17,17
2049-02-01,T'Boli,1206316000,30.868000,0.000000,127.325000,0.275680,0.376000,15,10,0,0,0,0,0,0,0,0,0,0,0.018970,1.635320,25,25
2049-02-01,Tampakan,1206314000,17.824000,0.000000,73.000000,0.199429,0.356000,13,1,0,0,0,0,0,0,0,0,0,0,-0.172520,0.489062,14,14
2049-02-01,Tantangan,1206315000,4.076000,0.000000,27.875000,0.072615,0.156000,13,0,0,0,0,0,0,0,0,0,0,0,-2.444592,-1.630233,13,13
2049-02-01,Tupi,1206317000,17.920000,0.000000,77.775000,0.039467,0.140000,15,0,0,0,0,0,0,0,0,1,0,0,0.255491,2.341283,15,15
2049-03-01,Banga,1206302000,29.756000,0.000000,121.975000,0.208182,0.304000,21,1,0,0,0,0,0,0,0,0,0,0,0.208131,2.218553,22,22
2049-03-01,City of Koronadal,1206306000,8.580000,0.000000,52.775000,0.061037,0.148000,27,0,0,0,0,0,0,0,0,0,0,0,-2.808929,-1.411164,27,27
2049-03-01,Lake Sebu,1206319000,22.428000,0.000000,91.325000,0.281474,0.396000,15,4,0,0,0,0,0,0,0,1,0,0,-0.061090,1.692473,19,19
2049-03-01,Norala,1206311000,16.544000,0.000000,69.775000,0.143714,0.196000,14,0,0,0,0,0,0,0,0,0,0,0,-0.312160,0.173333,14,14
2049-03-01,Polomolok,1206312000,54.204000,0.000000,193.650000,0.304522,0.432000,12,11,0,0,7,0,0,7,1,8,1,0,3.310080,7.171074,23,23
2049-03-01,Santo Niño,1206318000,12.132000,0.000000,53.550000,0.177600,0.260000,10,0,0,0,0,0,0,0,0,0,0,0,-0.106804,0.119518,10,10
2049-03-01,Surallah,1206313000,36.372000,0.000000,139.650000,0.164941,0.228000,17,0,0,0,4,0,0,4,1,5,2,0,2.087081,3.028939,17,17
2049-03-01,T'Boli,1206316000,31.020000,0.000000,127.425000,0.275200,0.384000,16,9,0,0,0,0,0,0,0,1,0,0,0.038446,1.385348,25,25
2049-03-01,Tampakan,1206314000,18.316000,0.000000,77.550000,0.210857,0.332000,12,2,0,0,0,0,0,0,0,0,0,0,-0.124703,0.632384,14,14
2049-03-01,Tantangan,1206315000,4.252000,0.000000,26.000000,0.079385,0.164000,13,0,0,0,0,0,0,0,0,0,0,0,-2.383079,-1.623328,13,13
2049-03-01,Tupi,1206317000,18.716000,0.000000,76.000000,0.035200,0.112000,15,0,0,0,0,0,0,0,0,1,0,0,0.380008,2.364199,15,15
2049-04-01,Banga,1206302000,29.712000,0.000000,123.325000,0.208909,0.336000,20,2,0,0,0,0,0,0,0,0,0,0,0.237947,1.826453,22,22
2049-04-01,City of Koronadal,1206306000,8.516000,0.000000,56.100000,0.059852,0.132000,27,0,0,0,0,0,0,0,0,0,0,0,-2.929110,-1.487320,27,27
2049-04-01,Lake Sebu,1206319000,21.208000,0.000000,89.100000,0.262737,0.360000,13,6,0,0,0,0,0,0,0,0,0,0,-0.140768,2.149747,19,19
2049-04-01,Norala,1206311000,16.568000,0.000000,68.325000,0.146571,0.196000,14,0,0,0,0,0,0,0,0,0,0,0,-0.299649,0.221514,14,14
2049-04-01,Polomolok,1206312000,54.024000,0.000000,203.200000,0.305391,0.432000,10,13,0,0,8,0,0,8,1,8,3,0,3.401476,7.227052,23,23
2049-04-01,Santo Niño,1206318000,12.152000,0.000000,52.325000,0.181600,0.244000,10,0,0,0,0,0,0,0,0,0,0,0,-0.051297,0.268465,10,10
2049-04-01,Surallah,1206313000,37.500000,0.000000,138.550000,0.185882,0.272000,17,0,0,0,3,0,0,3,1,7,1,0,2.295289,3.187569,17,17
2049-04-01,T'Boli,1206316000,30.836000,0.000000,130.100000,0.277120,0.372000,16,9,0,0,0,0,0,0,0,0,0,0,0.027501,1.407037,25,25
2049-04-01,Tampakan,1206314000,17.768000,0.000000,74.325000,0.198857,0.356000,13,1,0,0,0,0,0,0,0,0,0,0,-0.215910,0.246228,14,14
2049-04-01,Tantangan,1206315000,4.180000,0.000000,26.550000,0.072615,0.136000,13,0,0,0,0,0,0,0,0,0,0,0,-2.510799,-1.751998,13,13
2049-04-01,Tupi,1206317000,17.732000,0.000000,73.325000,0.037600,0.156000,15,0,0,0,0,0,0,0,0,1,0,0,0.169928,1.808563,15,15
2049-05-01,Banga,1206302000,29.720000,0.000000,121.200000,0.202909,0.288000,22,0,0,0,0,0,0,0,0,0,0,0,0.284816,2.331389,22,22
2049-05-01,City of Koronadal,1206306000,8.648000,0.000000,51.000000,0.059407,0.108000,27,0,0,0,0,0,0,0,0,0,0,0,-2.850610,-1.332106,27,27
2049-05-01,Lake Sebu,1206319000,21.232000,0.000000,92.550000,0.261263,0.340000,15,4,0,0,0,0,0,0,0,1,0,0,-0.199831,1.507029,19,19
2049-05-01,Norala,1206311000,16.424000,0.000000,67.100000,0.143143,0.208000,14,0,0,0,0,0,0,0,0,0,0,0,-0.393122,0.158143,14,14
2049-05-01,Polomolok,1206312000,55.144000,0.000000,205.200000,0.308870,0.404000,9,14,0,0,8,0,0,8,1,8,2,0,3.536307,7.517945,23,23
2049-05-01,Santo Niño,1206318000,12.364000,0.000000,53.325000,0.178800,0.252000,10,0,0,0,0,0,0,0,0,0,0,0,-0.023928,0.240020,10,10
2049-05-01,Surallah,1206313000,36.628000,0.000000,139.775000,0.170824,0.220000,17,0,0,0,0,0,0,0,0,5,0,0,2.201538,3.096117,17,17
2049-05-01,T'Boli,1206316000,30.812000,0.000000,127.875000,0.278880,0.384000,15,10,0,0,0,0,0,0,0,0,0,0,0.015128,1.613111,25,25
2049-05-01,Tampakan,1206314000,18.168000,0.000000,73.100000,0.202857,0.284000,14,0,0,0,0,0,0,0,0,0,0,0,-0.148347,0.355412,14,14
2049-05-01,Tantangan,1206315000,4.152000,0.000000,27.775000,0.074462,0.124000,13,0,0,0,0,0,0,0,0,0,0,0,-2.496158,-1.727384,13,13
2049-05-01,Tupi,1206317000,17.984000,0.000000,77.100000,0.037867,0.136000,15,0,0,0,0,0,0,0,0,1,0,0,0.199035,2.072126,15,15
2049-06-01,Banga,1206302000,29.880000,0.000000,118.875000,0.209636,0.308000,19,3,0,0,0,0,0,0,0,0,0,0,0.309717,2.161486,22,22
2049-06-01,City of Koronadal,1206306000,8.872000,0.000000,58.325000,0.066222,0.120000,27,0,0,0,0,0,0,0,0,0,0,0,-2.901122,-1.405418,27,27
2049-06-01,Lake Sebu,1206319000,21.340000,0.000000,87.875000,0.270316,0.344000,11,8,0,0,0,0,0,0,0,0,0,0,-0.127970,1.973488,19,19
2049-06-01,Norala,1206311000,16.788000,0.000000,68.550000,0.145429,0.216000,14,0,0,0,0,0,0,0,0,0,0,0,-0.311621,0.168110,14,14
2049-06-01,Polomolok,1206312000,54.532000,0.000000,202.325000,0.316174,0.428000,7,16,0,0,8,0,0,8,1,8,0,0,3.516301,7.286503,23,23
2049-06-01,Santo Niño,1206318000,12.044000,0.000000,50.550000,0.183200,0.248000,10,0,0,0,0,0,0,0,0,0,0,0,-0.087484,0.151524,10,10
2049-06-01,Surallah,1206313000,37.984000,0.000000,140.650000,0.176941,0.240000,17,0,0,0,5,0,0,5,1,6,5,0,2.405363,3.406135,17,17
2049-06-01,T'Boli,1206316000,30.792000,0.000000,130.325000,0.273120,0.336000,17,8,0,0,0,0,0,0,0,0,0,0,-0.033023,1.321707,25,25
2049-06-01,Tampakan,1206314000,17.216000,0.000000,73.325000,0.189714,0.304000,13,1,0,0,0,0,0,0,0,0,0,0,-0.355485,0.066878,14,14
2049-06-01,Tantangan,1206315000,4.216000,0.000000,25.550000,0.073231,0.136000,13,0,0,0,0,0,0,0,0,0,0,0,-2.507694,-1.708564,13,13
2049-06-01,Tupi,1206317000,17.132000,0.000000,74.100000,0.035467,0.096000,15,0,0,0,0,0,0,0,0,1,0,0,0.057999,2.008045,15,15
2049-07-01,Banga,1206302000,30.808000,0.000000,126.650000,0.221636,0.340000,20,2,0,0,0,0,0,0,0,0,0,0,0.267189,2.241450,22,22
2049-07-01,City of Koronadal,1206306000,8.616000,0.000000,51.550000,0.062519,0.156000,27,0,0,0,0,0,0,0,0,0,0,0,-2.789762,-1.441679,27,27
2049-07-01,Lake Sebu,1206319000,21.276000,0.000000,90.325000,0.264211,0.332000,14,5,0,0,0,0,0,0,0,0,0,0,-0.176475,1.859663,19,19
2049-07-01,Norala,1206311000,16.868000,0.000000,67.550000,0.146286,0.204000,14,0,0,0,0,0,0,0,0,0,0,0,-0.277537,0.040238,14,14
2049-07-01,Polomolok,1206312000,56.456000,0.000000,207.425000,0.317565,0.440000,10,13,0,0,7,0,0,7,1,8,0,0,3.427416,7.301626,23,23
2049-07-01,Santo Niño,1206318000,11.964000,0.000000,49.550000,0.170400,0.232000,10,0,0,0,0,0,0,0,0,0,0,0,-0.160286,0.193229,10,10
2049-07-01,Surallah,1206313000,38.816000,0.000000,142.650000,0.183059,0.220000,17,0,0,0,6,0,0,6,1,8,1,0,2.287786,3.365092,17,17
2049-07-01,T'Boli,1206316000,31.256000,0.000000,123.775000,0.283200,0.376000,15,10,0,0,0,0,0,0,0,0,0,0,0.019298,1.255892,25,25
2049-07-01,Tampakan,1206314000,17.132000,0.000000,70.100000,0.190000,0.280000,14,0,0,0,0,0,0,0,0,0,0,0,-0.377804,0.124534,14,14
2049-07-01,Tantangan,1206315000,4.060000,0.000000,24.325000,0.071385,0.132000,13,0,0,0,0,0,0,0,0,0,0,0,-2.432420,-1.634045,13,13
2049-07-01,Tupi,1206317000,17.660000,0.000000,74.100000,0.034933,0.128000,15,0,0,0,0,0,0,0,0,1,0,0,0.175377,2.171271,15,15
2049-08-01,Banga,1206302000,30.164000,0.000000,123.975000,0.206545,0.312000,20,2,0,0,0,0,0,0,0,0,0,0,0.288883,2.281873,22,22
2049-08-01,City of Koronadal,1206306000,8.756000,0.000000,54.325000,0.062815,0.144000,27,0,0,0,0,0,0,0,0,0,0,0,-2.774382,-1.384212,27,27
2049-08-01,Lake Sebu,1206319000,20.392000,0.000000,88.550000,0.249263,0.332000,17,2,0,0,0,0,0,0,0,0,0,0,-0.243253,1.957583,19,19
2049-08-01,Norala,1206311000,16.456000,0.000000,66.325000,0.140571,0.192000,14,0,0,0,0,0,0,0,0,0,0,0,-0.297698,0.068974,14,14
2049-08-01,Polomolok,1206312000,55.852000,0.000000,200.975000,0.311130,0.448000,11,12,0,0,5,0,0,5,1,7,1,0,3.445726,6.973470,23,23
2049-08-01,Santo Niño,1206318000,12.336000,0.000000,51.325000,0.181200,0.236000,10,0,0,0,0,0,0,0,0,0,0,0,-0.081373,0.138300,10,10
2049-08-01,Surallah,1206313000,40.040000,0.000000,152.425000,0.200235,0.232000,17,0,0,0,6,0,0,6,1,6,0,0,2.435863,3.489704,17,17
2049-08-01,T'Boli,1206316000,31.332000,0.000000,130.650000,0.277280,0.352000,13,12,0,0,0,0,0,0,0,0,0,0,0.015167,1.193670,25,25
2049-08-01,Tampakan,1206314000,16.272000,0.000000,67.325000,0.177143,0.304000,13,1,0,0,0,0,0,0,0,0,0,0,-0.529402,-0.127485,14,14
2049-08-01,Tantangan,1206315000,4.040000,0.000000,27.775000,0.067385,0.140000,13,0,0,0,0,0,0,0,0,0,0,0,-2.393583,-1.618948,13,13
2049-08-01,Tupi,1206317000,18.564000,0.000000,77.100000,0.042133,0.196000,15,0,0,0,0,0,0,0,0,1,0,0,0.304300,2.550996,15,15
2049-09-01,Banga,1206302000,30.596000,0.000000,123.100000,0.221091,0.348000,20,2,0,0,0,0,0,0,0,0,0,0,0.318148,2.600424,22,22
2049-09-01,City of Koronadal,1206306000,8.908000,0.000000,56.775000,0.063852,0.128000,27,0,0,0,0,0,0,0,0,0,0,0,-2.718260,-1.402847,27,27
2049-09-01,Lake Sebu,1206319000,20.920000,0.000000,88.775000,0.256421,0.356000,16,3,0,0,0,0,0,0,0,0,0,0,-0.222353,2.089086,19,19
2049-09-01,Norala,1206311000,16.448000,0.000000,68.775000,0.144000,0.184000,14,0,0,0,0,0,0,0,0,0,0,0,-0.375893,0.013631,14,14
2049-09-01,Polomolok,1206312000,56.276000,0.000000,212.975000,0.310609,0.408000,11,12,0,0,6,0,0,6,1,6,3,0,3.306068,6.970466,23,23
2049-09-01,Santo Niño,1206318000,12.508000,0.000000,52.550000,0.189200,0.316000,9,1,0,0,0,0,0,0,0,0,0,0,-0.088030,0.158585,10,10
2049-09-01,Surallah,1206313000,41.836000,0.000000,152.875000,0.210118,0.256000,17,0,0,0,11,0,0,11,1,11,5,0,2.575331,3.852561,17,17
2049-09-01,T'Boli,1206316000,30.228000,0.000000,128.200000,0.264320,0.344000,19,6,0,0,0,0,0,0,0,0,0,0,-0.113368,1.218073,25,25
2049-09-01,Tampakan,1206314000,16.248000,0.000000,68.550000,0.176571,0.244000,14,0,0,0,0,0,0,0,0,0,0,0,-0.546930,0.019930,14,14
2049-09-01,Tantangan,1206315000,4.296000,0.000000,24.775000,0.077231,0.184000,13,0,0,0,0,0,0,0,0,0,0,0,-2.312327,-1.691231,13,13
2049-09-01,Tupi,1206317000,18.288000,0.000000,76.775000,0.038933,0.128000,15,0,0,0,0,0,0,0,0,1,0,0,0.161173,2.086220,15,15
2049-10-01,Banga,1206302000,30.272000,0.000000,121.325000,0.214727,0.288000,22,0,0,0,0,0,0,0,0,0,0,0,0.283603,2.248333,22,22
2049-10-01,City of Koronadal,1206306000,8.944000,0.000000,55.550000,0.064000,0.144000,27,0,0,0,0,0,0,0,0,0,0,0,-2.787286,-1.324065,27,27
2049-10-01,Lake Sebu,1206319000,21.296000,0.000000,89.550000,0.257684,0.360000,15,4,0,0,0,0,0,0,0,0,0,0,-0.187538,2.256280,19,19
2049-10-01,Norala,1206311000,16.744000,0.000000,72.875000,0.141143,0.196000,14,0,0,0,0,0,0,0,0,0,0,0,-0.322645,0.146969,14,14
2049-10-01,Polomolok,1206312000,55.672000,0.000000,213.300000,0.314957,0.440000,11,12,0,0,10,0,0,10,1,10,4,0,3.406287,6.979504,23,23
2049-10-01,Santo Niño,1206318000,13.192000,0.000000,54.875000,0.195200,0.268000,10,0,0,0,0,0,0,0,0,0,0,0,0.075708,0.210498,10,10
2049-10-01,Surallah,1206313000,41.300000,0.000000,154.425000,0.208000,0.300000,16,1,0,0,7,0,0,7,1,9,0,0,2.647193,3.442692,17,17
2049-10-01,T'Boli,1206316000,29.892000,0.000000,124.550000,0.266400,0.360000,19,6,0,0,0,0,0,0,0,0,0,0,-0.133292,1.210627,25,25
2049-10-01,Tampakan,1206314000,15.744000,0.000000,66.325000,0.168286,0.272000,14,0,0,0,0,0,0,0,0,0,0,0,-0.643513,-0.137724,14,14
2049-10-01,Tantangan,1206315000,4.232000,0.000000,24.775000,0.079077,0.128000,13,0,0,0,0,0,0,0,0,0,0,0,-2.391042,-1.617421,13,13
2049-10-01,Tupi,1206317000,19.176000,0.000000,77.325000,0.036533,0.128000,15,0,0,0,0,0,0,0,0,1,0,0,0.329360,2.572833,15,15
2049-11-01,Banga,1206302000,30.532000,0.000000,123.775000,0.219636,0.372000,21,1,0,0,0,0,0,0,0,0,0,0,0.341359,2.430677,22,22
2049-11-01,City of Koronadal,1206306000,9.080000,0.000000,57.550000,0.066074,0.164000,27,0,0,0,0,0,0,0,0,0,0,0,-2.805753,-1.406778,27,27
2049-11-01,Lake Sebu,1206319000,21.136000,0.000000,88.100000,0.263579,0.336000,12,7,0,0,0,0,0,0,0,0,0,0,-0.179560,2.011034,19,19
2049-11-01,Norala,1206311000,16.716000,0.000000,70.325000,0.141429,0.200000,14,0,0,0,0,0,0,0,0,0,0,0,-0.259809,0.199075,14,14
2049-11-01,Polomolok,1206312000,55.620000,0.000000,202.975000,0.315652,0.404000,9,14,0,0,5,0,0,5,1,6,0,0,3.401942,7.070061,23,23
2049-11-01,Santo Niño,1206318000,13.280000,0.000000,54.325000,0.204800,0.304000,9,1,0,0,0,0,0,0,0,0,0,0,0.158301,0.615840,10,10
2049-11-01,Surallah,1206313000,41.816000,0.000000,161.975000,0.207529,0.264000,17,0,0,0,7,0,0,7,1,8,1,0,2.739412,4.167298,17,17
2049-11-01,T'Boli,1206316000,28.920000,0.000000,120.875000,0.258240,0.332000,20,5,0,0,0,0,0,0,0,0,0,0,-0.244268,1.164025,25,25
2049-11-01,Tampakan,1206314000,15.740000,0.000000,67.775000,0.168286,0.272000,14,0,0,0,0,0,0,0,0,0,0,0,-0.631339,-0.183752,14,14
2049-11-01,Tantangan,1206315000,4.424000,0.000000,29.550000,0.080308,0.144000,13,0,0,0,0,0,0,0,0,0,0,0,-2.380455,-1.526126,13,13
2049-11-01,Tupi,1206317000,18.144000,0.000000,76.875000,0.037867,0.176000,15,0,0,0,0,0,0,0,0,1,0,0,0.173755,2.371962,15,15
2049-12-01,Banga,1206302000,30.756000,0.000000,123.875000,0.220182,0.304000,20,2,0,0,0,0,0,0,0,0,0,0,0.357043,2.535573,22,22
2049-12-01,City of Koronadal,1206306000,8.636000,0.000000,54.325000,0.065037,0.140000,27,0,0,0,0,0,0,0,0,0,0,0,-2.862172,-1.577207,27,27
2049-12-01,Lake Sebu,1206319000,21.100000,0.000000,87.875000,0.260632,0.348000,16,3,0,0,0,0,0,0,0,0,0,0,-0.221729,2.174779,19,19
2049-12-01,Norala,1206311000,17.124000,0.000000,72.550000,0.143143,0.192000,14,0,0,0,0,0,0,0,0,0,0,0,-0.214636,0.369045,14,14
2049-12-01,Polomolok,1206312000,55.780000,0.000000,204.650000,0.314957,0.400000,12,11,0,0,7,0,0,7,1,8,2,0,3.384264,6.658396,23,23
2049-12-01,Santo Niño,1206318000,13.748000,0.000000,57.000000,0.204400,0.308000,9,1,0,0,0,0,0,0,0,0,0,0,0.320719,0.840367,10,10
2049-12-01,Surallah,1206313000,41.940000,0.000000,154.875000,0.204471,0.296000,17,0,0,0,7,0,0,7,1,9,1,0,2.779685,3.887800,17,17
2049-12-01,T'Boli,1206316000,29.152000,0.000000,120.875000,0.265760,0.368000,17,8,0,0,0,0,0,0,0,0,0,0,-0.236535,1.253912,25,25
2049-12-01,Tampakan,1206314000,15.388000,0.000000,66.550000,0.154857,0.268000,14,0,0,0,0,0,0,0,0,0,0,0,-0.730016,-0.089225,14,14
2049-12-01,Tantangan,1206315000,4.652000,0.000000,27.000000,0.088923,0.148000,13,0,0,0,0,0,0,0,0,0,0,0,-2.313694,-1.546899,13,13
2049-12-01,Tupi,1206317000,18.028000,0.000000,76.875000,0.039733,0.148000,15,0,0,0,0,0,0,0,0,1,0,0,0.174939,2.599141,15,15
2050-01-01,Banga,1206302000,29.284000,0.000000,124.100000,0.198545,0.324000,21,1,0,0,0,0,0,0,0,0,0,0,0.191027,2.088269,22,22
2050-01-01,City of Koronadal,1206306000,8.652000,0.000000,54.325000,0.061926,0.176000,27,0,0,0,0,0,0,0,0,0,0,0,-2.875680,-1.331473,27,27
2050-01-01,Lake Sebu,1206319000,20.656000,0.000000,86.775000,0.254737,0.328000,14,5,0,0,0,0,0,0,0,0,0,0,-0.251702,1.683769,19,19
2050-01-01,Norala,1206311000,16.460000,0.000000,65.775000,0.148286,0.200000,14,0,0,0,0,0,0,0,0,0,0,0,-0.320595,0.153250,14,14
2050-01-01,Polomolok,1206312000,54.904000,0.000000,211.425000,0.308174,0.408000,10,13,0,0,10,0,0,10,1,10,3,0,3.551853,7.316460,23,23
2050-01-01,Santo Niño,1206318000,12.608000,0.000000,51.775000,0.194400,0.320000,9,1,0,0,0,0,0,0,0,0,0,0,0.016412,0.340268,10,10
2050-01-01,Surallah,1206313000,36.700000,0.000000,133.650000,0.172471,0.256000,17,0,0,0,5,0,0,5,1,5,0,0,2.223822,3.317881,17,17
2050-01-01,T'Boli,1206316000,30.872000,0.000000,129.550000,0.279680,0.364000,18,7,0,0,0,0,0,0,0,0,0,0,-0.013832,1.557607,25,25
2050-01-01,Tampakan,1206314000,18.488000,0.000000,77.100000,0.198286,0.292000,14,0,0,0,0,0,0,0,0,1,0,0,-0.071101,0.760291,14,14
2050-01-01,Tantangan,1206315000,4.540000,0.000000,28.775000,0.084308,0.148000,13,0,0,0,0,0,0,0,0,0,0,0,-2.417282,-1.653966,13,13
2050-01-01,Tupi,1206317000,17.992000,0.000000,79.875000,0.039467,0.120000,15,0,0,0,0,0,0,0,0,1,0,0,0.304681,2.455137,15,15
2050-02-01,Banga,1206302000,29.064000,0.000000,120.875000,0.202000,0.328000,21,1,0,0,0,0,0,0,0,0,0,0,0.166568,2.266746,22,22
2050-02-01,City of Koronadal,1206306000,8.416000,0.000000,55.775000,0.062519,0.136000,27,0,0,0,0,0,0,0,0,0,0,0,-2.918569,-1.583952,27,27
2050-02-01,Lake Sebu,1206319000,21.088000,0.000000,87.325000,0.257263,0.364000,14,5,0,0,0,0,0,0,0,0,0,0,-0.200791,1.575171,19,19
2050-02-01,Norala,1206311000,16.916000,0.000000,69.325000,0.141429,0.192000,14,0,0,0,0,0,0,0,0,0,0,0,-0.247508,0.276638,14,14
2050-02-01,Polomolok,1206312000,55.488000,0.000000,207.100000,0.306435,0.416000,11,12,0,0,8,0,0,8,1,9,0,0,3.557288,7.305590,23,23
2050-02-01,Santo Niño,1206318000,12.444000,0.000000,51.325000,0.181200,0.312000,9,1,0,0,0,0,0,0,0,0,0,0,-0.040133,0.140608,10,10
2050-02-01,Surallah,1206313000,36.916000,0.000000,141.875000,0.170353,0.244000,17,0,0,0,0,0,0,0,0,3,0,0,2.203810,3.394962,17,17
2050-02-01,T'Boli,1206316000,31.968000,0.000000,136.300000,0.285120,0.376000,15,10,0,0,0,0,0,0,0,0,0,0,0.092187,1.821924,25,25
2050-02-01,Tampakan,1206314000,18.088000,0.000000,74.325000,0.197714,0.300000,13,1,0,0,0,0,0,0,0,0,0,0,-0.189417,0.424100,14,14
2050-02-01,Tantangan,1206315000,4.200000,0.000000,25.325000,0.072308,0.136000,13,0,0,0,0,0,0,0,0,0,0,0,-2.470401,-1.731113,13,13
2050-02-01,Tupi,1206317000,17.276000,0.000000,76.550000,0.037867,0.140000,15,0,0,0,0,0,0,0,0,1,0,0,0.111188,2.185772,15,15
2050-03-01,Banga,1206302000,29.308000,0.000000,120.325000,0.199636,0.292000,22,0,0,0,0,0,0,0,0,0,0,0,0.224465,2.073617,22,22
2050-03-01,City of Koronadal,1206306000,8.764000,0.000000,55.550000,0.061778,0.152000,27,0,0,0,0,0,0,0,0,0,0,0,-2.848618,-1.448912,27,27
2050-03-01,Lake Sebu,1206319000,21.348000,0.000000,85.650000,0.267789,0.352000,12,7,0,0,0,0,0,0,0,0,0,0,-0.151647,1.628110,19,19
2050-03-01,Norala,1206311000,16.176000,0.000000,67.775000,0.138286,0.208000,14,0,0,0,0,0,0,0,0,0,0,0,-0.380209,0.091218,14,14
2050-03-01,Polomolok,1206312000,54.720000,0.000000,198.425000,0.314261,0.416000,8,15,0,0,9,0,0,9,1,9,2,0,3.511937,7.156987,23,23
2050-03-01,Santo Niño,1206318000,12.272000,0.000000,52.775000,0.177200,0.284000,10,0,0,0,0,0,0,0,0,0,0,0,-0.084360,0.078777,10,10
2050-03-01,Surallah,1206313000,36.400000,0.000000,135.650000,0.168706,0.216000,17,0,0,0,0,0,0,0,0,5,0,0,2.120268,2.980572,17,17
2050-03-01,T'Boli,1206316000,30.836000,0.000000,128.100000,0.275840,0.340000,17,8,0,0,0,0,0,0,0,0,0,0,-0.031092,1.361694,25,25
2050-03-01,Tampakan,1206314000,18.604000,0.000000,78.100000,0.200571,0.296000,14,0,0,0,0,0,0,0,0,0,0,0,-0.075220,0.692567,14,14
2050-03-01,Tantangan,1206315000,4.576000,0.000000,28.000000,0.091692,0.160000,13,0,0,0,0,0,0,0,0,0,0,0,-2.402717,-1.675106,13,13
2050-03-01,Tupi,1206317000,17.472000,0.000000,73.550000,0.035467,0.132000,15,0,0,0,0,0,0,0,0,1,0,0,0.177084,2.144662,15,15
2050-04-01,Banga,1206302000,30.536000,0.000000,124.875000,0.215273,0.328000,20,2,0,0,0,0,0,0,0,0,0,0,0.354892,2.399775,22,22
2050-04-01,City of Koronadal,1206306000,8.224000,0.000000,52.550000,0.057926,0.136000,27,0,0,0,0,0,0,0,0,0,0,0,-2.933275,-1.345011,27,27
2050-04-01,Lake Sebu,1206319000,21.272000,0.000000,88.325000,0.261895,0.328000,14,5,0,0,0,0,0,0,0,0,0,0,-0.149524,1.903873,19,19
2050-04-01,Norala,1206311000,15.516000,0.000000,70.875000,0.125143,0.156000,14,0,0,0,0,0,0,0,0,0,0,0,-0.510799,-0.078028,14,14
2050-04-01,Polomolok,1206312000,54.492000,0.000000,200.200000,0.307652,0.372000,10,13,0,0,7,0,0,7,1,8,0,0,3.466278,7.304126,23,23
2050-04-01,Santo Niño,1206318000,12.428000,0.000000,53.550000,0.186800,0.280000,10,0,0,0,0,0,0,0,0,0,0,0,-0.060468,0.223321,10,10
2050-04-01,Surallah,1206313000,36.920000,0.000000,137.650000,0.169176,0.220000,17,0,0,0,0,0,0,0,0,7,0,0,2.276240,3.172976,17,17
2050-04-01,T'Boli,1206316000,30.256000,0.000000,128.425000,0.268160,0.332000,19,6,0,0,0,0,0,0,0,0,0,0,-0.032054,1.482061,25,25
2050-04-01,Tampakan,1206314000,18.140000,0.000000,79.100000,0.200286,0.292000,14,0,0,0,0,0,0,0,0,0,0,0,-0.117488,0.464878,14,14
2050-04-01,Tantangan,1206315000,4.260000,0.000000,27.000000,0.077538,0.156000,13,0,0,0,0,0,0,0,0,0,0,0,-2.499853,-1.712622,13,13
2050-04-01,Tupi,1206317000,18.224000,0.000000,74.775000,0.038667,0.156000,15,0,0,0,0,0,0,0,0,1,0,0,0.273781,2.557081,15,15
2050-05-01,Banga,1206302000,29.212000,0.000000,119.100000,0.203818,0.328000,20,2,0,0,0,0,0,0,0,0,0,0,0.170034,2.308518,22,22
2050-05-01,City of Koronadal,1206306000,8.544000,0.000000,52.325000,0.059852,0.116000,27,0,0,0,0,0,0,0,0,0,0,0,-2.815850,-1.388744,27,27
2050-05-01,Lake Sebu,1206319000,21.388000,0.000000,92.650000,0.263579,0.336000,14,5,0,0,0,0,0,0,0,0,0,0,-0.192675,1.895068,19,19
2050-05-01,Norala,1206311000,16.472000,0.000000,70.325000,0.137429,0.196000,14,0,0,0,0,0,0,0,0,0,0,0,-0.357377,-0.043191,14,14
2050-05-01,Polomolok,1206312000,55.992000,0.000000,209.750000,0.308174,0.392000,10,13,0,0,8,0,0,8,1,9,1,0,3.425268,7.314620,23,23
2050-05-01,Santo Niño,1206318000,12.492000,0.000000,52.000000,0.192000,0.276000,10,0,0,0,0,0,0,0,0,0,0,0,-0.056298,0.063303,10,10
2050-05-01,Surallah,1206313000,38.396000,0.000000,145.100000,0.189176,0.280000,17,0,0,0,0,0,0,0,0,6,0,0,2.296520,3.202527,17,17
2050-05-01,T'Boli,1206316000,30.436000,0.000000,131.875000,0.267520,0.348000,16,9,0,0,0,0,0,0,0,0,0,0,-0.080430,1.350479,25,25
2050-05-01,Tampakan,1206314000,18.180000,0.000000,74.550000,0.203143,0.296000,14,0,0,0,0,0,0,0,0,0,0,0,-0.155109,0.564731,14,14
2050-05-01,Tantangan,1206315000,4.432000,0.000000,28.550000,0.084615,0.188000,13,0,0,0,0,0,0,0,0,0,0,0,-2.346136,-1.563535,13,13
2050-05-01,Tupi,1206317000,18.048000,0.000000,74.775000,0.034667,0.136000,15,0,0,0,0,0,0,0,0,1,0,0,0.229441,2.167735,15,15
2050-06-01,Banga,1206302000,29.628000,0.000000,123.100000,0.201091,0.296000,22,0,0,0,0,0,0,0,0,0,0,0,0.262275,2.194095,22,22
2050-06-01,City of Koronadal,1206306000,8.544000,0.000000,54.550000,0.062074,0.120000,27,0,0,0,0,0,0,0,0,0,0,0,-2.817350,-1.378772,27,27
2050-06-01,Lake Sebu,1206319000,21.424000,0.000000,92.550000,0.264632,0.336000,15,4,0,0,0,0,0,0,0,1,0,0,-0.114938,1.761461,19,19
2050-06-01,Norala,1206311000,15.796000,0.000000,69.100000,0.136571,0.172000,14,0,0,0,0,0,0,0,0,0,0,0,-0.416951,0.136635,14,14
2050-06-01,Polomolok,1206312000,55.180000,0.000000,202.425000,0.305043,0.436000,10,13,0,0,6,1,0,6,1,7,0,0,3.426476,7.222027,23,23
2050-06-01,Santo Niño,1206318000,12.900000,0.000000,53.550000,0.192800,0.280000,10,0,0,0,0,0,0,0,0,0,0,0,0.087405,0.314752,10,10
2050-06-01,Surallah,1206313000,38.324000,0.000000,143.875000,0.179765,0.256000,17,0,0,0,6,0,0,6,1,7,6,0,2.294338,3.320165,17,17
2050-06-01,T'Boli,1206316000,30.492000,0.000000,126.425000,0.273600,0.356000,17,8,0,0,0,0,0,0,0,0,0,0,-0.053154,1.388868,25,25
2050-06-01,Tampakan,1206314000,16.756000,0.000000,71.775000,0.176286,0.268000,14,0,0,0,0,0,0,0,0,0,0,0,-0.387788,0.244172,14,14
2050-06-01,Tantangan,1206315000,4.608000,0.000000,26.000000,0.087692,0.192000,13,0,0,0,0,0,0,0,0,0,0,0,-2.355941,-1.658087,13,13
2050-06-01,Tupi,1206317000,17.920000,0.000000,76.550000,0.040000,0.148000,15,0,0,0,0,0,0,0,0,1,0,0,0.278340,2.219522,15,15
2050-07-01,Banga,1206302000,29.908000,0.000000,124.100000,0.206364,0.304000,21,1,0,0,0,0,0,0,0,0,0,0,0.323589,2.557635,22,22
2050-07-01,City of Koronadal,1206306000,8.760000,0.000000,58.325000,0.063407,0.132000,27,0,0,0,0,0,0,0,0,0,0,0,-2.842822,-1.476034,27,27
2050-07-01,Lake Sebu,1206319000,20.412000,0.000000,86.325000,0.254316,0.388000,16,3,0,0,0,0,0,0,0,0,0,0,-0.261930,1.740416,19,19
2050-07-01,Norala,1206311000,17.092000,0.000000,74.100000,0.151143,0.188000,14,0,0,0,0,0,0,0,0,0,0,0,-0.203717,0.323912,14,14
2050-07-01,Polomolok,1206312000,54.168000,0.000000,202.625000,0.304348,0.416000,10,13,0,0,3,0,0,3,1,6,0,0,3.335745,6.757429,23,23
2050-07-01,Santo Niño,1206318000,12.608000,0.000000,51.775000,0.185200,0.228000,10,0,0,0,0,0,0,0,0,0,0,0,0.044694,0.258316,10,10
2050-07-01,Surallah,1206313000,39.012000,0.000000,145.775000,0.189412,0.280000,17,0,0,0,6,0,0,6,1,7,1,0,2.537438,3.841147,17,17
2050-07-01,T'Boli,1206316000,30.680000,0.000000,129.875000,0.273600,0.344000,15,10,0,0,0,0,0,0,0,0,0,0,-0.019983,1.188264,25,25
2050-07-01,Tampakan,1206314000,16.832000,0.000000,70.325000,0.184571,0.256000,14,0,0,0,0,0,0,0,0,0,0,0,-0.391736,0.200235,14,14
2050-07-01,Tantangan,1206315000,4.504000,0.000000,30.550000,0.084308,0.144000,13,0,0,0,0,0,0,0,0,0,0,0,-2.360783,-1.571329,13,13
2050-07-01,Tupi,1206317000,17.796000,0.000000,76.325000,0.038400,0.140000,15,0,0,0,0,0,0,0,0,1,0,0,0.228559,2.405345,15,15
2050-08-01,Banga,1206302000,29.780000,0.000000,120.425000,0.208727,0.312000,21,1,0,0,0,0,0,0,0,0,0,0,0.274886,2.129523,22,22
2050-08-01,City of Koronadal,1206306000,8.920000,0.000000,54.325000,0.064000,0.136000,27,0,0,0,0,0,0,0,0,0,0,0,-2.830284,-1.658776,27,27
2050-08-01,Lake Sebu,1206319000,21.052000,0.000000,92.100000,0.260632,0.348000,13,6,0,0,0,0,0,0,0,0,0,0,-0.210274,2.271436,19,19
2050-08-01,Norala,1206311000,16.548000,0.000000,68.775000,0.148857,0.188000,14,0,0,0,0,0,0,0,0,0,0,0,-0.326108,0.246737,14,14
2050-08-01,Polomolok,1206312000,54.804000,0.000000,208.200000,0.306957,0.408000,11,12,0,0,9,0,0,9,1,9,6,0,3.371085,6.927312,23,23
2050-08-01,Santo Niño,1206318000,12.960000,0.000000,50.550000,0.188000,0.272000,10,0,0,0,0,0,0,0,0,0,0,0,0.118653,0.323732,10,10
2050-08-01,Surallah,1206313000,40.064000,0.000000,149.975000,0.198353,0.264000,17,0,0,0,9,0,0,9,1,11,5,0,2.527162,3.464818,17,17
2050-08-01,T'Boli,1206316000,29.980000,0.000000,124.650000,0.263040,0.360000,20,5,0,0,0,0,0,0,0,0,0,0,-0.098987,1.269151,25,25
2050-08-01,Tampakan,1206314000,16.904000,0.000000,70.875000,0.188286,0.292000,14,0,0,0,0,0,0,0,0,0,0,0,-0.412358,0.275104,14,14
2050-08-01,Tantangan,1206315000,4.296000,0.000000,26.775000,0.073846,0.132000,13,0,0,0,0,0,0,0,0,0,0,0,-2.415204,-1.582216,13,13
2050-08-01,Tupi,1206317000,18.248000,0.000000,78.100000,0.039733,0.136000,15,0,0,0,0,0,0,0,0,1,0,0,0.247687,2.589345,15,15
2050-09-01,Banga,1206302000,29.584000,0.000000,121.875000,0.206545,0.296000,22,0,0,0,0,0,0,0,0,0,0,0,0.248658,2.084450,22,22
2050-09-01,City of Koronadal,1206306000,8.816000,0.000000,55.325000,0.062667,0.140000,27,0,0,0,0,0,0,0,0,0,0,0,-2.867210,-1.498519,27,27
2050-09-01,Lake Sebu,1206319000,20.796000,0.000000,91.875000,0.249053,0.356000,16,3,0,0,0,0,0,0,0,0,0,0,-0.186251,2.407846,19,19
2050-09-01,Norala,1206311000,15.912000,0.000000,70.325000,0.131429,0.200000,14,0,0,0,0,0,0,0,0,0,0,0,-0.426225,0.133194,14,14
2050-09-01,Polomolok,1206312000,54.416000,0.000000,207.975000,0.308696,0.404000,9,14,0,0,9,0,0,9,1,9,0,0,3.394962,6.885138,23,23
2050-09-01,Santo Niño,1206318000,12.676000,0.000000,54.550000,0.186000,0.264000,10,0,0,0,0,0,0,0,0,0,0,0,0.037125,0.244306,10,10
2050-09-01,Surallah,1206313000,40.352000,0.000000,151.325000,0.198353,0.276000,17,0,0,0,10,0,0,10,1,10,3,0,2.711406,3.730873,17,17
2050-09-01,T'Boli,1206316000,30.452000,0.000000,124.775000,0.274560,0.368000,14,11,0,0,0,0,0,0,0,0,0,0,-0.021491,1.364636,25,25
2050-09-01,Tampakan,1206314000,15.932000,0.000000,67.100000,0.172286,0.248000,14,0,0,0,0,0,0,0,0,0,0,0,-0.567529,0.014351,14,14
2050-09-01,Tantangan,1206315000,4.568000,0.000000,30.000000,0.084308,0.160000,13,0,0,0,0,0,0,0,0,0,0,0,-2.398779,-1.640477,13,13
2050-09-01,Tupi,1206317000,18.040000,0.000000,73.550000,0.038133,0.144000,15,0,0,0,0,0,0,0,0,1,0,0,0.238078,2.382521,15,15
2050-10-01,Banga,1206302000,30.692000,0.000000,128.425000,0.213273,0.324000,20,2,0,0,0,0,0,0,0,0,0,0,0.377713,2.308302,22,22
2050-10-01,City of Koronadal,1206306000,8.432000,0.000000,50.550000,0.060444,0.112000,27,0,0,0,0,0,0,0,0,0,0,0,-2.674579,-1.370366,27,27
2050-10-01,Lake Sebu,1206319000,20.460000,0.000000,89.100000,0.253474,0.336000,15,4,0,0,0,0,0,0,0,0,0,0,-0.205297,2.193643,19,19
2050-10-01,Norala,1206311000,15.576000,0.000000,66.550000,0.128857,0.184000,14,0,0,0,0,0,0,0,0,0,0,0,-0.479928,0.008478,14,14
2050-10-01,Polomolok,1206312000,55.684000,0.000000,208.975000,0.308870,0.408000,13,10,0,0,7,0,0,7,1,8,0,0,3.269817,6.980811,23,23
2050-10-01,Santo Niño,1206318000,12.816000,0.000000,52.775000,0.204400,0.304000,9,1,0,0,0,0,0,0,0,0,0,0,0.057224,0.363004,10,10
2050-10-01,Surallah,1206313000,41.284000,0.000000,155.200000,0.206353,0.260000,17,0,0,0,13,0,0,13,1,13,3,0,2.520600,3.567053,17,17
2050-10-01,T'Boli,1206316000,29.244000,0.000000,126.875000,0.258880,0.348000,18,7,0,0,0,0,0,0,0,0,0,0,-0.157238,1.308307,25,25
2050-10-01,Tampakan,1206314000,15.964000,0.000000,71.100000,0.170286,0.240000,14,0,0,0,0,0,0,0,0,0,0,0,-0.528814,-0.039227,14,14
2050-10-01,Tantangan,1206315000,4.372000,0.000000,28.775000,0.076923,0.160000,13,0,0,0,0,0,0,0,0,0,0,0,-2.247717,-1.594658,13,13
2050-10-01,Tupi,1206317000,18.276000,0.000000,77.550000,0.041867,0.156000,15,0,0,0,0,0,0,0,0,1,0,0,0.205099,1.969138,15,15
2050-11-01,Banga,1206302000,30.352000,0.000000,126.100000,0.213273,0.312000,21,1,0,0,0,0,0,0,0,0,0,0,0.336052,2.515512,22,22
2050-11-01,City of Koronadal,1206306000,9.088000,0.000000,55.550000,0.065481,0.152000,27,0,0,0,0,0,0,0,0,0,0,0,-2.778012,-1.475405,27,27
2050-11-01,Lake Sebu,1206319000,21.208000,0.000000,86.550000,0.266316,0.340000,11,8,0,0,0,0,0,0,0,0,0,0,-0.124845,2.277807,19,19
2050-11-01,Norala,1206311000,15.796000,0.000000,71.650000,0.132286,0.176000,14,0,0,0,0,0,0,0,0,0,0,0,-0.412499,0.177577,14,14
2050-11-01,Polomolok,1206312000,54.880000,0.000000,200.425000,0.313739,0.420000,9,14,0,0,3,0,0,3,1,6,0,0,3.275556,6.810074,23,23
2050-11-01,Santo Niño,1206318000,12.852000,0.000000,52.775000,0.193200,0.260000,10,0,0,0,0,0,0,0,0,0,0,0,0.005738,0.311145,10,10
2050-11-01,Surallah,1206313000,42.548000,0.000000,157.325000,0.208235,0.276000,17,0,0,0,12,0,0,12,1,12,0,0,2.913917,4.074429,17,17
2050-11-01,T'Boli,1206316000,29.372000,0.000000,121.325000,0.266880,0.332000,16,9,0,0,0,0,0,0,0,0,0,0,-0.167068,1.456581,25,25
2050-11-01,Tampakan,1206314000,15.476000,0.000000,66.775000,0.165429,0.300000,13,1,0,0,0,0,0,0,0,0,0,0,-0.696752,-0.309475,14,14
2050-11-01,Tantangan,1206315000,4.408000,0.000000,27.775000,0.081846,0.144000,13,0,0,0,0,0,0,0,0,0,0,0,-2.364569,-1.635797,13,13
2050-11-01,Tupi,1206317000,17.756000,0.000000,75.325000,0.035200,0.184000,15,0,0,0,0,0,0,0,0,1,0,0,0.175426,2.352735,15,15
2050-12-01,Banga,1206302000,30.648000,0.000000,128.650000,0.214545,0.320000,20,2,0,0,0,0,0,0,0,0,0,0,0.379425,2.789097,22,22
2050-12-01,City of Koronadal,1206306000,9.248000,0.000000,55.875000,0.065185,0.152000,27,0,0,0,0,0,0,0,0,0,0,0,-2.740446,-1.251422,27,27
2050-12-01,Lake Sebu,1206319000,21.168000,0.000000,87.775000,0.262316,0.332000,14,5,0,0,0,0,0,0,0,0,0,0,-0.182567,2.171688,19,19
2050-12-01,Norala,1206311000,16.316000,0.000000,69.650000,0.140857,0.192000,14,0,0,0,0,0,0,0,0,0,0,0,-0.365923,0.195191,14,14
2050-12-01,Polomolok,1206312000,55.404000,0.000000,203.975000,0.309217,0.452000,10,13,0,0,6,0,0,6,1,6,3,0,3.322486,7.137232,23,23
2050-12-01,Santo Niño,1206318000,12.984000,0.000000,54.550000,0.193600,0.264000,10,0,0,0,0,0,0,0,0,0,0,0,0.067306,0.375842,10,10
2050-12-01,Surallah,1206313000,41.664000,0.000000,156.525000,0.203765,0.284000,17,0,0,0,0,0,0,0,0,7,0,0,2.729469,3.887504,17,17
2050-12-01,T'Boli,1206316000,29.488000,0.000000,123.325000,0.264960,0.336000,18,7,0,0,0,0,0,0,0,0,0,0,-0.181749,1.194952,25,25
2050-12-01,Tampakan,1206314000,15.128000,0.000000,65.550000,0.160000,0.244000,14,0,0,0,0,0,0,0,0,0,0,0,-0.757433,-0.264211,14,14
2050-12-01,Tantangan,1206315000,4.460000,0.000000,29.550000,0.085846,0.152000,13,0,0,0,0,0,0,0,0,0,0,0,-2.342399,-1.668128,13,13
2050-12-01,Tupi,1206317000,18.952000,0.000000,80.550000,0.043467,0.164000,15,0,0,0,0,0,0,0,0,1,0,0,0.297564,2.458333,15,15
