DATE,RED_CLUSTER_ID,CLUSTER_SIZE,NEW_CLUSTER_ONSET,LIKELY_ORIGIN_PSGC,LIKELY_ORIGIN_MUNICIPALITY,LIKELY_ORIGIN_BARANGAY,MEMBER_PSGC_LIST,MEMBER_NAME_LIST,MUNICIPALITY_LIST,PROJECTED_CLUSTER_CASES,MEAN_OUTBREAK_PROBABILITY,MAX_OUTBREAK_PROBABILITY,DOMINANT_FACTOR_MODE
2026-01-01,1,7,True,1206312016,Polomolok,Magsaysay,1206312024; 1206312003; 1206312016; 1206312025; 1206312014; 1206312017; 1206312022,Cannery Site (Polomolok); Glamang (Polomolok); Magsaysay (Polomolok); Pagalungan (Polomolok); Poblacion (Polomolok); Rubber (Polomolok); Upper Klinan (Polomolok),Polomolok,23.780000,0.269714,0.436000,Seasonal baseline
2026-01-01,2,3,True,1206317014,Tupi,Polonuling,1206312013; 1206317013; 1206317014,Palkan (Polomolok); Poblacion (Tupi); Polonuling (Tupi),Polomolok; Tupi,7.716000,0.068000,0.200000,Seasonal baseline
2026-01-01,3,7,True,1206313006,Surallah,Duengas,1206313008; 1206313003; 1206313004; 1206313006; 1206313019; 1206313020; 1206313023,Canahay (Surallah); Centrala (Surallah); Colongulo (Surallah); Duengas (Surallah); Libertad (Surallah); Little Baguio (Surallah); Moloy (Surallah),Surallah,16.312000,0.117714,0.200000,Seasonal baseline
2026-02-01,1,9,False,1206312022,Polomolok,Upper Klinan,1206312024; 1206312003; 1206312007; 1206312016; 1206312025; 1206312013; 1206312014; 1206312017; 1206312022,Cannery Site (Polomolok); Glamang (Polomolok); Lam-Caliaf (Polomolok); Magsaysay (Polomolok); Pagalungan (Polomolok); Palkan (Polomolok); Poblacion (Polomolok); Rubber (Polomolok); Upper Klinan (Polomolok),Polomolok,27.748000,0.267111,0.392000,Seasonal baseline
2026-02-01,2,7,False,1206313003,Surallah,Centrala,1206313008; 1206313003; 1206313004; 1206313006; 1206313019; 1206313020; 1206313023,Canahay (Surallah); Centrala (Surallah); Colongulo (Surallah); Duengas (Surallah); Libertad (Surallah); Little Baguio (Surallah); Moloy (Surallah),Surallah,15.908000,0.111429,0.184000,Seasonal baseline
2026-03-01,1,4,False,1206312025,Polomolok,Pagalungan,1206312024; 1206312025; 1206312014; 1206312022,Cannery Site (Polomolok); Pagalungan (Polomolok); Poblacion (Polomolok); Upper Klinan (Polomolok),Polomolok,16.168000,0.255000,0.400000,Seasonal baseline
2026-03-01,2,3,False,1206313019,Surallah,Libertad,1206313003; 1206313019; 1206313030,Centrala (Surallah); Libertad (Surallah); Tubiala (Surallah),Surallah,7.228000,0.125333,0.220000,Seasonal baseline
2026-04-01,1,6,False,1206312014,Polomolok,Poblacion,1206312024; 1206312003; 1206312016; 1206312025; 1206312014; 1206312017,Cannery Site (Polomolok); Glamang (Polomolok); Magsaysay (Polomolok); Pagalungan (Polomolok); Poblacion (Polomolok); Rubber (Polomolok),Polomolok,21.284000,0.234000,0.388000,Seasonal baseline
2026-05-01,1,8,False,1206312003,Polomolok,Glamang,1206312024; 1206312003; 1206312016; 1206312025; 1206312014; 1206312017; 1206312019; 1206312022,Cannery Site (Polomolok); Glamang (Polomolok); Magsaysay (Polomolok); Pagalungan (Polomolok); Poblacion (Polomolok); Rubber (Polomolok); Silway 8 (Polomolok); Upper Klinan (Polomolok),Polomolok,24.800000,0.262500,0.364000,Seasonal baseline
2026-05-01,2,5,True,1206313019,Surallah,Libertad,1206313003; 1206313018; 1206313019; 1206313030; 1206313032,Centrala (Surallah); Lamsugod (Surallah); Libertad (Surallah); Tubiala (Surallah); Veterans (Surallah),Surallah,12.036000,0.122400,0.188000,Seasonal baseline
2026-05-01,3,3,True,1206313023,Surallah,Moloy,1206313006; 1206313023; 1206313028,Duengas (Surallah); Moloy (Surallah); Talahik (Surallah),Surallah,6.684000,0.168000,0.200000,Seasonal baseline
2026-06-01,1,6,False,1206312024,Polomolok,Cannery Site,1206312024; 1206312003; 1206312016; 1206312025; 1206312014; 1206312017,Cannery Site (Polomolok); Glamang (Polomolok); Magsaysay (Polomolok); Pagalungan (Polomolok); Poblacion (Polomolok); Rubber (Polomolok),Polomolok,21.316000,0.251333,0.444000,Seasonal baseline
2026-06-01,2,6,False,1206313023,Surallah,Moloy,1206313003; 1206313004; 1206313006; 1206313019; 1206313020; 1206313023,Centrala (Surallah); Colongulo (Surallah); Duengas (Surallah); Libertad (Surallah); Little Baguio (Surallah); Moloy (Surallah),Surallah,14.852000,0.126000,0.220000,Seasonal baseline
2026-07-01,1,6,False,1206312014,Polomolok,Poblacion,1206312024; 1206312003; 1206312016; 1206312025; 1206312014; 1206312017,Cannery Site (Polomolok); Glamang (Polomolok); Magsaysay (Polomolok); Pagalungan (Polomolok); Poblacion (Polomolok); Rubber (Polomolok),Polomolok,21.944000,0.262000,0.416000,Seasonal baseline
2026-08-01,1,7,False,1206312017,Polomolok,Rubber,1206312024; 1206312003; 1206312016; 1206312025; 1206312014; 1206312017; 1206312022,Cannery Site (Polomolok); Glamang (Polomolok); Magsaysay (Polomolok); Pagalungan (Polomolok); Poblacion (Polomolok); Rubber (Polomolok); Upper Klinan (Polomolok),Polomolok,24.472000,0.285714,0.428000,Seasonal baseline
2026-09-01,1,9,False,1206312025,Polomolok,Pagalungan,1206312024; 1206312003; 1206312007; 1206312016; 1206312025; 1206312013; 1206312014; 1206312017; 1206312019,Cannery Site (Polomolok); Glamang (Polomolok); Lam-Caliaf (Polomolok); Magsaysay (Polomolok); Pagalungan (Polomolok); Palkan (Polomolok); Poblacion (Polomolok); Rubber (Polomolok); Silway 8 (Polomolok),Polomolok,29.080000,0.285778,0.404000,Seasonal baseline
2026-09-01,2,8,True,1206313003,Surallah,Centrala,1206313003; 1206313004; 1206313005; 1206313006; 1206313019; 1206313020; 1206313023; 1206313028,Centrala (Surallah); Colongulo (Surallah); Dajay (Surallah); Duengas (Surallah); Libertad (Surallah); Little Baguio (Surallah); Moloy (Surallah); Talahik (Surallah),Surallah,19.176000,0.144500,0.212000,Seasonal baseline
2026-10-01,1,3,False,1206312025,Polomolok,Pagalungan,1206312024; 1206312025; 1206312014,Cannery Site (Polomolok); Pagalungan (Polomolok); Poblacion (Polomolok),Polomolok,14.532000,0.218667,0.284000,Seasonal baseline
2026-10-01,2,8,False,1206313023,Surallah,Moloy,1206313003; 1206313004; 1206313006; 1206313018; 1206313019; 1206313020; 1206313023; 1206313030,Centrala (Surallah); Colongulo (Surallah); Duengas (Surallah); Lamsugod (Surallah); Libertad (Surallah); Little Baguio (Surallah); Moloy (Surallah); Tubiala (Surallah),Surallah,21.184000,0.167500,0.272000,Seasonal baseline
2026-11-01,1,3,False,1206312025,Polomolok,Pagalungan,1206312024; 1206312025; 1206312014,Cannery Site (Polomolok); Pagalungan (Polomolok); Poblacion (Polomolok),Polomolok,14.212000,0.192000,0.292000,Seasonal baseline
2026-11-01,2,6,False,1206313019,Surallah,Libertad,1206313003; 1206313004; 1206313006; 1206313019; 1206313020; 1206313023,Centrala (Surallah); Colongulo (Surallah); Duengas (Surallah); Libertad (Surallah); Little Baguio (Surallah); Moloy (Surallah),Surallah,16.456000,0.164667,0.304000,Seasonal baseline
2026-12-01,1,3,False,1206312014,Polomolok,Poblacion,1206312024; 1206312025; 1206312014,Cannery Site (Polomolok); Pagalungan (Polomolok); Poblacion (Polomolok),Polomolok,14.332000,0.220000,0.284000,Seasonal baseline
2026-12-01,2,6,False,1206313020,Surallah,Little Baguio,1206313003; 1206313004; 1206313006; 1206313019; 1206313020; 1206313023,Centrala (Surallah); Colongulo (Surallah); Duengas (Surallah); Libertad (Surallah); Little Baguio (Surallah); Moloy (Surallah),Surallah,16.840000,0.176000,0.260000,Seasonal baseline
2027-01-01,1,9,False,1206312024,Polomolok,Cannery Site,1206312024; 1206312003; 1206312007; 1206312016; 1206312025; 1206312013; 1206312014; 1206312017; 1206312022,Cannery Site (Polomolok); Glamang (Polomolok); Lam-Caliaf (Polomolok); Magsaysay (Polomolok); Pagalungan (Polomolok); Palkan (Polomolok); Poblacion (Polomolok); Rubber (Polomolok); Upper Klinan (Polomolok),Polomolok,28.280000,0.283111,0.424000,Seasonal baseline
2027-02-01,1,9,False,1206312024,Polomolok,Cannery Site,1206312024; 1206312003; 1206312007; 1206312016; 1206312025; 1206312013; 1206312014; 1206312017; 1206312022,Cannery Site (Polomolok); Glamang (Polomolok); Lam-Caliaf (Polomolok); Magsaysay (Polomolok); Pagalungan (Polomolok); Palkan (Polomolok); Poblacion (Polomolok); Rubber (Polomolok); Upper Klinan (Polomolok),Polomolok,27.840000,0.276000,0.400000,Seasonal baseline
2027-03-01,1,10,False,1206312014,Polomolok,Poblacion,1206312024; 1206312003; 1206312007; 1206312016; 1206312025; 1206312013; 1206312014; 1206312017; 1206312018; 1206312022,Cannery Site (Polomolok); Glamang (Polomolok); Lam-Caliaf (Polomolok); Magsaysay (Polomolok); Pagalungan (Polomolok); Palkan (Polomolok); Poblacion (Polomolok); Rubber (Polomolok); Silway 7 (Polomolok); Upper Klinan (Polomolok),Polomolok,30.392000,0.287600,0.448000,Seasonal baseline
2027-03-01,2,7,True,1206313020,Surallah,Little Baguio,1206313008; 1206313003; 1206313004; 1206313006; 1206313019; 1206313020; 1206313023,Canahay (Surallah); Centrala (Surallah); Colongulo (Surallah); Duengas (Surallah); Libertad (Surallah); Little Baguio (Surallah); Moloy (Surallah),Surallah,16.584000,0.110857,0.180000,Seasonal baseline
2027-04-01,1,11,False,1206312017,Polomolok,Rubber,1206312024; 1206312003; 1206312007; 1206312016; 1206312025; 1206312013; 1206312014; 1206312017; 1206312018; 1206312019; 1206312022,Cannery Site (Polomolok); Glamang (Polomolok); Lam-Caliaf (Polomolok); Magsaysay (Polomolok); Pagalungan (Polomolok); Palkan (Polomolok); Poblacion (Polomolok); Rubber (Polomolok); Silway 7 (Polomolok); Silway 8 (Polomolok); Upper Klinan (Polomolok),Polomolok,32.652000,0.282545,0.384000,Seasonal baseline
2027-04-01,2,9,False,1206313020,Surallah,Little Baguio,1206313008; 1206313003; 1206313004; 1206313006; 1206313019; 1206313020; 1206313023; 1206313024; 1206313028,Canahay (Surallah); Centrala (Surallah); Colongulo (Surallah); Duengas (Surallah); Libertad (Surallah); Little Baguio (Surallah); Moloy (Surallah); Naci (Surallah); Talahik (Surallah),Surallah,20.164000,0.130222,0.204000,Seasonal baseline
2027-05-01,1,6,False,1206312024,Polomolok,Cannery Site,1206312024; 1206312007; 1206312025; 1206312013; 1206312014; 1206312022,Cannery Site (Polomolok); Lam-Caliaf (Polomolok); Pagalungan (Polomolok); Palkan (Polomolok); Poblacion (Polomolok); Upper Klinan (Polomolok),Polomolok,21.728000,0.277333,0.388000,Seasonal baseline
2027-05-01,2,5,False,1206313019,Surallah,Libertad,1206313003; 1206313004; 1206313019; 1206313020; 1206313023,Centrala (Surallah); Colongulo (Surallah); Libertad (Surallah); Little Baguio (Surallah); Moloy (Surallah),Surallah,12.404000,0.111200,0.148000,Seasonal baseline
2027-06-01,1,10,False,1206312013,Polomolok,Palkan,1206312024; 1206312003; 1206312007; 1206312016; 1206312025; 1206312013; 1206312014; 1206312017; 1206312019; 1206312022,Cannery Site (Polomolok); Glamang (Polomolok); Lam-Caliaf (Polomolok); Magsaysay (Polomolok); Pagalungan (Polomolok); Palkan (Polomolok); Poblacion (Polomolok); Rubber (Polomolok); Silway 8 (Polomolok); Upper Klinan (Polomolok),Polomolok,30.996000,0.296400,0.424000,Seasonal baseline
2027-06-01,2,9,False,1206313023,Surallah,Moloy,1206313008; 1206313003; 1206313004; 1206313018; 1206313019; 1206313020; 1206313023; 1206313030; 1206313032,Canahay (Surallah); Centrala (Surallah); Colongulo (Surallah); Lamsugod (Surallah); Libertad (Surallah); Little Baguio (Surallah); Moloy (Surallah); Tubiala (Surallah); Veterans (Surallah),Surallah,21.760000,0.126667,0.184000,Seasonal baseline
2027-07-01,1,8,False,1206312025,Polomolok,Pagalungan,1206312024; 1206312007; 1206312016; 1206312025; 1206312013; 1206312014; 1206312017; 1206312022,Cannery Site (Polomolok); Lam-Caliaf (Polomolok); Magsaysay (Polomolok); Pagalungan (Polomolok); Palkan (Polomolok); Poblacion (Polomolok); Rubber (Polomolok); Upper Klinan (Polomolok),Polomolok,27.144000,0.316000,0.472000,Seasonal baseline
2027-07-01,2,10,False,1206313023,Surallah,Moloy,1206313008; 1206313003; 1206313004; 1206313006; 1206313018; 1206313019; 1206313020; 1206313023; 1206313024; 1206313032,Canahay (Surallah); Centrala (Surallah); Colongulo (Surallah); Duengas (Surallah); Lamsugod (Surallah); Libertad (Surallah); Little Baguio (Surallah); Moloy (Surallah); Naci (Surallah); Veterans (Surallah),Surallah,24.000000,0.137600,0.224000,Seasonal baseline
2027-08-01,1,9,False,1206312024,Polomolok,Cannery Site,1206312024; 1206312003; 1206312007; 1206312016; 1206312025; 1206312013; 1206312014; 1206312017; 1206312022,Cannery Site (Polomolok); Glamang (Polomolok); Lam-Caliaf (Polomolok); Magsaysay (Polomolok); Pagalungan (Polomolok); Palkan (Polomolok); Poblacion (Polomolok); Rubber (Polomolok); Upper Klinan (Polomolok),Polomolok,28.984000,0.277333,0.396000,Seasonal baseline
2027-08-01,2,10,False,1206313019,Surallah,Libertad,1206313008; 1206313003; 1206313004; 1206313006; 1206313018; 1206313019; 1206313020; 1206313023; 1206313030; 1206313032,Canahay (Surallah); Centrala (Surallah); Colongulo (Surallah); Duengas (Surallah); Lamsugod (Surallah); Libertad (Surallah); Little Baguio (Surallah); Moloy (Surallah); Tubiala (Surallah); Veterans (Surallah),Surallah,24.692000,0.142000,0.208000,Seasonal baseline
2027-09-01,1,5,False,1206312013,Polomolok,Palkan,1206312024; 1206312007; 1206312025; 1206312013; 1206312014,Cannery Site (Polomolok); Lam-Caliaf (Polomolok); Pagalungan (Polomolok); Palkan (Polomolok); Poblacion (Polomolok),Polomolok,19.512000,0.263200,0.404000,Seasonal baseline
2027-09-01,2,5,False,1206313003,Surallah,Centrala,1206313003; 1206313004; 1206313019; 1206313020; 1206313023,Centrala (Surallah); Colongulo (Surallah); Libertad (Surallah); Little Baguio (Surallah); Moloy (Surallah),Surallah,13.596000,0.146400,0.176000,Seasonal baseline
2027-10-01,1,7,False,1206312024,Polomolok,Cannery Site,1206312024; 1206312003; 1206312007; 1206312016; 1206312025; 1206312014; 1206312017,Cannery Site (Polomolok); Glamang (Polomolok); Lam-Caliaf (Polomolok); Magsaysay (Polomolok); Pagalungan (Polomolok); Poblacion (Polomolok); Rubber (Polomolok),Polomolok,25.176000,0.293714,0.412000,Seasonal baseline
2027-10-01,2,4,False,1206313003,Surallah,Centrala,1206313003; 1206313019; 1206313024; 1206313030,Centrala (Surallah); Libertad (Surallah); Naci (Surallah); Tubiala (Surallah),Surallah,10.340000,0.154000,0.200000,Seasonal baseline
2027-11-01,1,7,False,1206312017,Polomolok,Rubber,1206312024; 1206312003; 1206312016; 1206312025; 1206312014; 1206312017; 1206312022,Cannery Site (Polomolok); Glamang (Polomolok); Magsaysay (Polomolok); Pagalungan (Polomolok); Poblacion (Polomolok); Rubber (Polomolok); Upper Klinan (Polomolok),Polomolok,25.668000,0.316571,0.444000,Seasonal baseline
2027-11-01,2,5,False,1206313019,Surallah,Libertad,1206313003; 1206313018; 1206313019; 1206313024; 1206313032,Centrala (Surallah); Lamsugod (Surallah); Libertad (Surallah); Naci (Surallah); Veterans (Surallah),Surallah,13.884000,0.168800,0.240000,Seasonal baseline
2027-12-01,1,5,False,1206312014,Polomolok,Poblacion,1206312024; 1206312007; 1206312025; 1206312013; 1206312014,Cannery Site (Polomolok); Lam-Caliaf (Polomolok); Pagalungan (Polomolok); Palkan (Polomolok); Poblacion (Polomolok),Polomolok,20.404000,0.304800,0.436000,Seasonal baseline
2027-12-01,2,10,False,1206313023,Surallah,Moloy,1206313008; 1206313003; 1206313004; 1206313006; 1206313018; 1206313019; 1206313020; 1206313023; 1206313030; 1206313032,Canahay (Surallah); Centrala (Surallah); Colongulo (Surallah); Duengas (Surallah); Lamsugod (Surallah); Libertad (Surallah); Little Baguio (Surallah); Moloy (Surallah); Tubiala (Surallah); Veterans (Surallah),Surallah,26.856000,0.180400,0.276000,Seasonal baseline
2028-01-01,1,9,False,1206312025,Polomolok,Pagalungan,1206312024; 1206312003; 1206312007; 1206312016; 1206312025; 1206312013; 1206312014; 1206312017; 1206312022,Cannery Site (Polomolok); Glamang (Polomolok); Lam-Caliaf (Polomolok); Magsaysay (Polomolok); Pagalungan (Polomolok); Palkan (Polomolok); Poblacion (Polomolok); Rubber (Polomolok); Upper Klinan (Polomolok),Polomolok,28.868000,0.296000,0.476000,Seasonal baseline
2028-01-01,2,7,False,1206313020,Surallah,Little Baguio,1206313008; 1206313003; 1206313004; 1206313006; 1206313019; 1206313020; 1206313023,Canahay (Surallah); Centrala (Surallah); Colongulo (Surallah); Duengas (Surallah); Libertad (Surallah); Little Baguio (Surallah); Moloy (Surallah),Surallah,16.584000,0.124000,0.232000,Seasonal baseline
2028-02-01,1,8,False,1206312017,Polomolok,Rubber,1206312024; 1206312003; 1206312016; 1206312025; 1206312014; 1206312017; 1206312019; 1206312022,Cannery Site (Polomolok); Glamang (Polomolok); Magsaysay (Polomolok); Pagalungan (Polomolok); Poblacion (Polomolok); Rubber (Polomolok); Silway 8 (Polomolok); Upper Klinan (Polomolok),Polomolok,25.492000,0.280500,0.400000,Seasonal baseline
2028-03-01,1,11,False,1206312014,Polomolok,Poblacion,1206312024; 1206312003; 1206312007; 1206312016; 1206312025; 1206312013; 1206312014; 1206312017; 1206312018; 1206312019; 1206312022,Cannery Site (Polomolok); Glamang (Polomolok); Lam-Caliaf (Polomolok); Magsaysay (Polomolok); Pagalungan (Polomolok); Palkan (Polomolok); Poblacion (Polomolok); Rubber (Polomolok); Silway 7 (Polomolok); Silway 8 (Polomolok); Upper Klinan (Polomolok),Polomolok,32.880000,0.289818,0.404000,Seasonal baseline
2028-03-01,2,6,True,1206313023,Surallah,Moloy,1206313003; 1206313004; 1206313005; 1206313019; 1206313020; 1206313023,Centrala (Surallah); Colongulo (Surallah); Dajay (Surallah); Libertad (Surallah); Little Baguio (Surallah); Moloy (Surallah),Surallah,14.692000,0.130000,0.184000,Seasonal baseline
2028-04-01,1,7,False,1206312014,Polomolok,Poblacion,1206312024; 1206312003; 1206312016; 1206312025; 1206312014; 1206312017; 1206312022,Cannery Site (Polomolok); Glamang (Polomolok); Magsaysay (Polomolok); Pagalungan (Polomolok); Poblacion (Polomolok); Rubber (Polomolok); Upper Klinan (Polomolok),Polomolok,24.948000,0.304571,0.436000,Seasonal baseline
2028-04-01,2,5,False,1206313003,Surallah,Centrala,1206313003; 1206313004; 1206313019; 1206313020; 1206313023,Centrala (Surallah); Colongulo (Surallah); Libertad (Surallah); Little Baguio (Surallah); Moloy (Surallah),Surallah,12.596000,0.115200,0.160000,Seasonal baseline
2028-05-01,1,10,False,1206312024,Polomolok,Cannery Site,1206312024; 1206312003; 1206312007; 1206312016; 1206312025; 1206312013; 1206312014; 1206312017; 1206312019; 1206312022,Cannery Site (Polomolok); Glamang (Polomolok); Lam-Caliaf (Polomolok); Magsaysay (Polomolok); Pagalungan (Polomolok); Palkan (Polomolok); Poblacion (Polomolok); Rubber (Polomolok); Silway 8 (Polomolok); Upper Klinan (Polomolok),Polomolok,32.012000,0.306000,0.440000,Seasonal baseline
2028-05-01,2,6,False,1206313019,Surallah,Libertad,1206313003; 1206313004; 1206313006; 1206313019; 1206313020; 1206313023,Centrala (Surallah); Colongulo (Surallah); Duengas (Surallah); Libertad (Surallah); Little Baguio (Surallah); Moloy (Surallah),Surallah,14.624000,0.138667,0.244000,Seasonal baseline
2028-06-01,1,9,False,1206312017,Polomolok,Rubber,1206312024; 1206312003; 1206312007; 1206312016; 1206312025; 1206312013; 1206312014; 1206312017; 1206312022,Cannery Site (Polomolok); Glamang (Polomolok); Lam-Caliaf (Polomolok); Magsaysay (Polomolok); Pagalungan (Polomolok); Palkan (Polomolok); Poblacion (Polomolok); Rubber (Polomolok); Upper Klinan (Polomolok),Polomolok,29.664000,0.291111,0.400000,Seasonal baseline
2028-07-01,1,10,False,1206312014,Polomolok,Poblacion,1206312024; 1206312003; 1206312007; 1206312016; 1206312025; 1206312013; 1206312014; 1206312017; 1206312019; 1206312022,Cannery Site (Polomolok); Glamang (Polomolok); Lam-Caliaf (Polomolok); Magsaysay (Polomolok); Pagalungan (Polomolok); Palkan (Polomolok); Poblacion (Polomolok); Rubber (Polomolok); Silway 8 (Polomolok); Upper Klinan (Polomolok),Polomolok,31.936000,0.302000,0.404000,Seasonal baseline
2028-07-01,2,5,True,1206313020,Surallah,Little Baguio,1206313003; 1206313004; 1206313019; 1206313020; 1206313023,Centrala (Surallah); Colongulo (Surallah); Libertad (Surallah); Little Baguio (Surallah); Moloy (Surallah),Surallah,13.180000,0.118400,0.160000,Seasonal baseline
2028-08-01,1,8,False,1206312024,Polomolok,Cannery Site,1206312024; 1206312003; 1206312007; 1206312016; 1206312025; 1206312014; 1206312017; 1206312022,Cannery Site (Polomolok); Glamang (Polomolok); Lam-Caliaf (Polomolok); Magsaysay (Polomolok); Pagalungan (Polomolok); Poblacion (Polomolok); Rubber (Polomolok); Upper Klinan (Polomolok),Polomolok,27.384000,0.315500,0.416000,Seasonal baseline
2028-08-01,2,5,False,1206313003,Surallah,Centrala,1206313003; 1206313004; 1206313019; 1206313020; 1206313023,Centrala (Surallah); Colongulo (Surallah); Libertad (Surallah); Little Baguio (Surallah); Moloy (Surallah),Surallah,13.256000,0.136000,0.180000,Seasonal baseline
2028-09-01,1,10,False,1206312024,Polomolok,Cannery Site,1206312024; 1206312003; 1206312007; 1206312016; 1206312025; 1206312013; 1206312014; 1206312017; 1206312019; 1206312022,Cannery Site (Polomolok); Glamang (Polomolok); Lam-Caliaf (Polomolok); Magsaysay (Polomolok); Pagalungan (Polomolok); Palkan (Polomolok); Poblacion (Polomolok); Rubber (Polomolok); Silway 8 (Polomolok); Upper Klinan (Polomolok),Polomolok,32.180000,0.318400,0.448000,Seasonal baseline
2028-09-01,2,10,False,1206313023,Surallah,Moloy,1206313003; 1206313004; 1206313005; 1206313018; 1206313019; 1206313020; 1206313023; 1206313024; 1206313028; 1206313032,Centrala (Surallah); Colongulo (Surallah); Dajay (Surallah); Lamsugod (Surallah); Libertad (Surallah); Little Baguio (Surallah); Moloy (Surallah); Naci (Surallah); Talahik (Surallah); Veterans (Surallah),Surallah,25.780000,0.187600,0.288000,Seasonal baseline
2028-10-01,1,8,False,1206312024,Polomolok,Cannery Site,1206312024; 1206312003; 1206312007; 1206312016; 1206312025; 1206312014; 1206312017; 1206312022,Cannery Site (Polomolok); Glamang (Polomolok); Lam-Caliaf (Polomolok); Magsaysay (Polomolok); Pagalungan (Polomolok); Poblacion (Polomolok); Rubber (Polomolok); Upper Klinan (Polomolok),Polomolok,28.104000,0.330000,0.452000,Seasonal baseline
2028-10-01,2,7,False,1206313019,Surallah,Libertad,1206313003; 1206313004; 1206313006; 1206313019; 1206313020; 1206313023; 1206313031,Centrala (Surallah); Colongulo (Surallah); Duengas (Surallah); Libertad (Surallah); Little Baguio (Surallah); Moloy (Surallah); Upper Sepaka (Surallah),Surallah,19.372000,0.199429,0.300000,Seasonal baseline
2028-11-01,1,10,False,1206312025,Polomolok,Pagalungan,1206312024; 1206312003; 1206312007; 1206312016; 1206312025; 1206312013; 1206312014; 1206312017; 1206312019; 1206312022,Cannery Site (Polomolok); Glamang (Polomolok); Lam-Caliaf (Polomolok); Magsaysay (Polomolok); Pagalungan (Polomolok); Palkan (Polomolok); Poblacion (Polomolok); Rubber (Polomolok); Silway 8 (Polomolok); Upper Klinan (Polomolok),Polomolok,31.272000,0.302000,0.428000,Seasonal baseline
2028-11-01,2,12,False,1206313020,Surallah,Little Baguio,1206313008; 1206313003; 1206313004; 1206313005; 1206313006; 1206313018; 1206313019; 1206313020; 1206313023; 1206313024; 1206313030; 1206313032,Canahay (Surallah); Centrala (Surallah); Colongulo (Surallah); Dajay (Surallah); Duengas (Surallah); Lamsugod (Surallah); Libertad (Surallah); Little Baguio (Surallah); Moloy (Surallah); Naci (Surallah); Tubiala (Surallah); Veterans (Surallah),Surallah,31.192000,0.175667,0.260000,Seasonal baseline
2028-12-01,1,9,False,1206312014,Polomolok,Poblacion,1206312024; 1206312003; 1206312007; 1206312016; 1206312025; 1206312013; 1206312014; 1206312017; 1206312022,Cannery Site (Polomolok); Glamang (Polomolok); Lam-Caliaf (Polomolok); Magsaysay (Polomolok); Pagalungan (Polomolok); Palkan (Polomolok); Poblacion (Polomolok); Rubber (Polomolok); Upper Klinan (Polomolok),Polomolok,31.400000,0.339111,0.476000,Seasonal baseline
2028-12-01,2,6,False,1206313019,Surallah,Libertad,1206313003; 1206313004; 1206313006; 1206313019; 1206313020; 1206313023,Centrala (Surallah); Colongulo (Surallah); Duengas (Surallah); Libertad (Surallah); Little Baguio (Surallah); Moloy (Surallah),Surallah,17.084000,0.192000,0.292000,Seasonal baseline
2029-01-01,1,9,False,1206312025,Polomolok,Pagalungan,1206312024; 1206312003; 1206312007; 1206312016; 1206312025; 1206312013; 1206312014; 1206312017; 1206312022,Cannery Site (Polomolok); Glamang (Polomolok); Lam-Caliaf (Polomolok); Magsaysay (Polomolok); Pagalungan (Polomolok); Palkan (Polomolok); Poblacion (Polomolok); Rubber (Polomolok); Upper Klinan (Polomolok),Polomolok,28.924000,0.296000,0.472000,Seasonal baseline
2029-01-01,2,7,False,1206313020,Surallah,Little Baguio,1206313008; 1206313003; 1206313004; 1206313006; 1206313019; 1206313020; 1206313023,Canahay (Surallah); Centrala (Surallah); Colongulo (Surallah); Duengas (Surallah); Libertad (Surallah); Little Baguio (Surallah); Moloy (Surallah),Surallah,17.328000,0.138857,0.232000,Seasonal baseline
2029-02-01,1,7,False,1206312024,Polomolok,Cannery Site,1206312024; 1206312003; 1206312016; 1206312025; 1206312014; 1206312017; 1206312019,Cannery Site (Polomolok); Glamang (Polomolok); Magsaysay (Polomolok); Pagalungan (Polomolok); Poblacion (Polomolok); Rubber (Polomolok); Silway 8 (Polomolok),Polomolok,24.912000,0.308571,0.456000,Seasonal baseline
2029-02-01,2,5,False,1206313003,Surallah,Centrala,1206313003; 1206313004; 1206313019; 1206313020; 1206313023,Centrala (Surallah); Colongulo (Surallah); Libertad (Surallah); Little Baguio (Surallah); Moloy (Surallah),Surallah,12.488000,0.120000,0.152000,Seasonal baseline
2029-03-01,1,9,False,1206312014,Polomolok,Poblacion,1206312024; 1206312003; 1206312007; 1206312016; 1206312025; 1206312013; 1206312014; 1206312017; 1206312022,Cannery Site (Polomolok); Glamang (Polomolok); Lam-Caliaf (Polomolok); Magsaysay (Polomolok); Pagalungan (Polomolok); Palkan (Polomolok); Poblacion (Polomolok); Rubber (Polomolok); Upper Klinan (Polomolok),Polomolok,30.160000,0.312444,0.412000,Seasonal baseline
2029-03-01,2,5,False,1206313023,Surallah,Moloy,1206313003; 1206313004; 1206313019; 1206313020; 1206313023,Centrala (Surallah); Colongulo (Surallah); Libertad (Surallah); Little Baguio (Surallah); Moloy (Surallah),Surallah,12.428000,0.106400,0.140000,Seasonal baseline
2029-04-01,1,10,False,1206312024,Polomolok,Cannery Site,1206312024; 1206312003; 1206312007; 1206312016; 1206312025; 1206312013; 1206312014; 1206312017; 1206312019; 1206312022,Cannery Site (Polomolok); Glamang (Polomolok); Lam-Caliaf (Polomolok); Magsaysay (Polomolok); Pagalungan (Polomolok); Palkan (Polomolok); Poblacion (Polomolok); Rubber (Polomolok); Silway 8 (Polomolok); Upper Klinan (Polomolok),Polomolok,31.908000,0.310000,0.460000,Seasonal baseline
2029-04-01,2,5,False,1206313019,Surallah,Libertad,1206313003; 1206313018; 1206313019; 1206313024; 1206313032,Centrala (Surallah); Lamsugod (Surallah); Libertad (Surallah); Naci (Surallah); Veterans (Surallah),Surallah,12.008000,0.126400,0.188000,Seasonal baseline
2029-05-01,1,8,False,1206312017,Polomolok,Rubber,1206312024; 1206312003; 1206312016; 1206312025; 1206312014; 1206312017; 1206312019; 1206312022,Cannery Site (Polomolok); Glamang (Polomolok); Magsaysay (Polomolok); Pagalungan (Polomolok); Poblacion (Polomolok); Rubber (Polomolok); Silway 8 (Polomolok); Upper Klinan (Polomolok),Polomolok,26.988000,0.303500,0.440000,Seasonal baseline
2029-05-01,2,6,False,1206313020,Surallah,Little Baguio,1206313008; 1206313003; 1206313004; 1206313019; 1206313020; 1206313023,Canahay (Surallah); Centrala (Surallah); Colongulo (Surallah); Libertad (Surallah); Little Baguio (Surallah); Moloy (Surallah),Surallah,15.172000,0.129333,0.168000,Seasonal baseline
2029-06-01,1,10,False,1206312014,Polomolok,Poblacion,1206312024; 1206312003; 1206312007; 1206312016; 1206312025; 1206312013; 1206312014; 1206312017; 1206312019; 1206312022,Cannery Site (Polomolok); Glamang (Polomolok); Lam-Caliaf (Polomolok); Magsaysay (Polomolok); Pagalungan (Polomolok); Palkan (Polomolok); Poblacion (Polomolok); Rubber (Polomolok); Silway 8 (Polomolok); Upper Klinan (Polomolok),Polomolok,31.660000,0.305600,0.412000,Seasonal baseline
2029-06-01,2,9,False,1206313003,Surallah,Centrala,1206313003; 1206313004; 1206313006; 1206313018; 1206313019; 1206313020; 1206313023; 1206313024; 1206313032,Centrala (Surallah); Colongulo (Surallah); Duengas (Surallah); Lamsugod (Surallah); Libertad (Surallah); Little Baguio (Surallah); Moloy (Surallah); Naci (Surallah); Veterans (Surallah),Surallah,22.376000,0.154667,0.260000,Seasonal baseline
2029-07-01,1,7,False,1206312014,Polomolok,Poblacion,1206312024; 1206312003; 1206312016; 1206312025; 1206312014; 1206312017; 1206312022,Cannery Site (Polomolok); Glamang (Polomolok); Magsaysay (Polomolok); Pagalungan (Polomolok); Poblacion (Polomolok); Rubber (Polomolok); Upper Klinan (Polomolok),Polomolok,25.140000,0.305143,0.448000,Seasonal baseline
2029-07-01,2,3,False,1206313019,Surallah,Libertad,1206313003; 1206313019; 1206313030,Centrala (Surallah); Libertad (Surallah); Tubiala (Surallah),Surallah,7.848000,0.153333,0.240000,Seasonal baseline
2029-07-01,3,3,False,1206313023,Surallah,Moloy,1206313006; 1206313023; 1206313028,Duengas (Surallah); Moloy (Surallah); Talahik (Surallah),Surallah,7.436000,0.217333,0.228000,Seasonal baseline
2029-08-01,1,10,False,1206312014,Polomolok,Poblacion,1206312024; 1206312003; 1206312007; 1206312016; 1206312025; 1206312013; 1206312014; 1206312017; 1206312019; 1206312022,Cannery Site (Polomolok); Glamang (Polomolok); Lam-Caliaf (Polomolok); Magsaysay (Polomolok); Pagalungan (Polomolok); Palkan (Polomolok); Poblacion (Polomolok); Rubber (Polomolok); Silway 8 (Polomolok); Upper Klinan (Polomolok),Polomolok,31.972000,0.310000,0.440000,Seasonal baseline
2029-08-01,2,9,False,1206313019,Surallah,Libertad,1206313008; 1206313003; 1206313004; 1206313005; 1206313006; 1206313019; 1206313020; 1206313023; 1206313028,Canahay (Surallah); Centrala (Surallah); Colongulo (Surallah); Dajay (Surallah); Duengas (Surallah); Libertad (Surallah); Little Baguio (Surallah); Moloy (Surallah); Talahik (Surallah),Surallah,22.944000,0.172000,0.240000,Seasonal baseline
2029-09-01,1,8,False,1206312024,Polomolok,Cannery Site,1206312024; 1206312003; 1206312007; 1206312016; 1206312025; 1206312014; 1206312017; 1206312022,Cannery Site (Polomolok); Glamang (Polomolok); Lam-Caliaf (Polomolok); Magsaysay (Polomolok); Pagalungan (Polomolok); Poblacion (Polomolok); Rubber (Polomolok); Upper Klinan (Polomolok),Polomolok,28.224000,0.329500,0.480000,Seasonal baseline
2029-09-01,2,8,False,1206313023,Surallah,Moloy,1206313008; 1206313003; 1206313004; 1206313006; 1206313019; 1206313020; 1206313023; 1206313024,Canahay (Surallah); Centrala (Surallah); Colongulo (Surallah); Duengas (Surallah); Libertad (Surallah); Little Baguio (Surallah); Moloy (Surallah); Naci (Surallah),Surallah,21.420000,0.184500,0.256000,Seasonal baseline
2029-10-01,1,8,False,1206312025,Polomolok,Pagalungan,1206312024; 1206312003; 1206312007; 1206312016; 1206312025; 1206312013; 1206312014; 1206312017,Cannery Site (Polomolok); Glamang (Polomolok); Lam-Caliaf (Polomolok); Magsaysay (Polomolok); Pagalungan (Polomolok); Palkan (Polomolok); Poblacion (Polomolok); Rubber (Polomolok),Polomolok,28.084000,0.314500,0.468000,Seasonal baseline
2029-10-01,2,9,False,1206313003,Surallah,Centrala,1206313008; 1206313003; 1206313004; 1206313018; 1206313019; 1206313020; 1206313023; 1206313028; 1206313030,Canahay (Surallah); Centrala (Surallah); Colongulo (Surallah); Lamsugod (Surallah); Libertad (Surallah); Little Baguio (Surallah); Moloy (Surallah); Talahik (Surallah); Tubiala (Surallah),Surallah,23.836000,0.177778,0.280000,Seasonal baseline
2029-11-01,1,10,False,1206312024,Polomolok,Cannery Site,1206312024; 1206312003; 1206312007; 1206312016; 1206312025; 1206312013; 1206312014; 1206312017; 1206312019; 1206312022,Cannery Site (Polomolok); Glamang (Polomolok); Lam-Caliaf (Polomolok); Magsaysay (Polomolok); Pagalungan (Polomolok); Palkan (Polomolok); Poblacion (Polomolok); Rubber (Polomolok); Silway 8 (Polomolok); Upper Klinan (Polomolok),Polomolok,32.904000,0.329600,0.444000,Seasonal baseline
2029-12-01,1,3,False,1206312025,Polomolok,Pagalungan,1206312024; 1206312025; 1206312014,Cannery Site (Polomolok); Pagalungan (Polomolok); Poblacion (Polomolok),Polomolok,15.528000,0.236000,0.308000,Seasonal baseline
2029-12-01,2,3,True,1206313019,Surallah,Libertad,1206313003; 1206313019; 1206313024,Centrala (Surallah); Libertad (Surallah); Naci (Surallah),Surallah,9.176000,0.218667,0.308000,Seasonal baseline
2030-01-01,1,10,False,1206312017,Polomolok,Rubber,1206312024; 1206312003; 1206312007; 1206312016; 1206312025; 1206312013; 1206312014; 1206312017; 1206312018; 1206312022,Cannery Site (Polomolok); Glamang (Polomolok); Lam-Caliaf (Polomolok); Magsaysay (Polomolok); Pagalungan (Polomolok); Palkan (Polomolok); Poblacion (Polomolok); Rubber (Polomolok); Silway 7 (Polomolok); Upper Klinan (Polomolok),Polomolok,31.616000,0.303200,0.412000,Seasonal baseline
2030-01-01,2,11,False,1206313020,Surallah,Little Baguio,1206313008; 1206313003; 1206313004; 1206313006; 1206313018; 1206313019; 1206313020; 1206313023; 1206313024; 1206313028; 1206313032,Canahay (Surallah); Centrala (Surallah); Colongulo (Surallah); Duengas (Surallah); Lamsugod (Surallah); Libertad (Surallah); Little Baguio (Surallah); Moloy (Surallah); Naci (Surallah); Talahik (Surallah); Veterans (Surallah),Surallah,26.180000,0.148727,0.224000,Seasonal baseline
2030-02-01,1,10,False,1206312014,Polomolok,Poblacion,1206312024; 1206312003; 1206312007; 1206312016; 1206312025; 1206312013; 1206312014; 1206312017; 1206312019; 1206312022,Cannery Site (Polomolok); Glamang (Polomolok); Lam-Caliaf (Polomolok); Magsaysay (Polomolok); Pagalungan (Polomolok); Palkan (Polomolok); Poblacion (Polomolok); Rubber (Polomolok); Silway 8 (Polomolok); Upper Klinan (Polomolok),Polomolok,31.356000,0.309600,0.476000,Seasonal baseline
2030-02-01,2,11,False,1206313019,Surallah,Libertad,1206313008; 1206313003; 1206313004; 1206313006; 1206313018; 1206313019; 1206313020; 1206313023; 1206313024; 1206313028; 1206313032,Canahay (Surallah); Centrala (Surallah); Colongulo (Surallah); Duengas (Surallah); Lamsugod (Surallah); Libertad (Surallah); Little Baguio (Surallah); Moloy (Surallah); Naci (Surallah); Talahik (Surallah); Veterans (Surallah),Surallah,26.468000,0.154545,0.256000,Seasonal baseline
2030-03-01,1,7,False,1206312014,Polomolok,Poblacion,1206312024; 1206312003; 1206312016; 1206312025; 1206312014; 1206312017; 1206312022,Cannery Site (Polomolok); Glamang (Polomolok); Magsaysay (Polomolok); Pagalungan (Polomolok); Poblacion (Polomolok); Rubber (Polomolok); Upper Klinan (Polomolok),Polomolok,24.368000,0.278857,0.372000,Seasonal baseline
2030-04-01,1,11,False,1206312024,Polomolok,Cannery Site,1206312024; 1206312003; 1206312007; 1206312016; 1206312025; 1206312013; 1206312014; 1206312017; 1206312018; 1206312019; 1206312022,Cannery Site (Polomolok); Glamang (Polomolok); Lam-Caliaf (Polomolok); Magsaysay (Polomolok); Pagalungan (Polomolok); Palkan (Polomolok); Poblacion (Polomolok); Rubber (Polomolok); Silway 7 (Polomolok); Silway 8 (Polomolok); Upper Klinan (Polomolok),Polomolok,33.940000,0.300727,0.412000,Seasonal baseline
2030-04-01,2,12,True,1206313023,Surallah,Moloy,1206313008; 1206313003; 1206313004; 1206313006; 1206313018; 1206313019; 1206313020; 1206313023; 1206313024; 1206313028; 1206313030; 1206313032,Canahay (Surallah); Centrala (Surallah); Colongulo (Surallah); Duengas (Surallah); Lamsugod (Surallah); Libertad (Surallah); Little Baguio (Surallah); Moloy (Surallah); Naci (Surallah); Talahik (Surallah); Tubiala (Surallah); Veterans (Surallah),Surallah,28.112000,0.147333,0.244000,Seasonal baseline
2030-05-01,1,10,False,1206312025,Polomolok,Pagalungan,1206312024; 1206312003; 1206312007; 1206312016; 1206312025; 1206312013; 1206312014; 1206312017; 1206312019; 1206312022,Cannery Site (Polomolok); Glamang (Polomolok); Lam-Caliaf (Polomolok); Magsaysay (Polomolok); Pagalungan (Polomolok); Palkan (Polomolok); Poblacion (Polomolok); Rubber (Polomolok); Silway 8 (Polomolok); Upper Klinan (Polomolok),Polomolok,31.992000,0.304400,0.392000,Seasonal baseline
2030-05-01,2,5,False,1206313003,Surallah,Centrala,1206313003; 1206313018; 1206313019; 1206313024; 1206313032,Centrala (Surallah); Lamsugod (Surallah); Libertad (Surallah); Naci (Surallah); Veterans (Surallah),Surallah,12.476000,0.148000,0.216000,Seasonal baseline
2030-06-01,1,5,False,1206312025,Polomolok,Pagalungan,1206312024; 1206312016; 1206312025; 1206312014; 1206312017,Cannery Site (Polomolok); Magsaysay (Polomolok); Pagalungan (Polomolok); Poblacion (Polomolok); Rubber (Polomolok),Polomolok,20.008000,0.287200,0.464000,Seasonal baseline
2030-07-01,1,7,False,1206312024,Polomolok,Cannery Site,1206312024; 1206312003; 1206312016; 1206312025; 1206312014; 1206312017; 1206312022,Cannery Site (Polomolok); Glamang (Polomolok); Magsaysay (Polomolok); Pagalungan (Polomolok); Poblacion (Polomolok); Rubber (Polomolok); Upper Klinan (Polomolok),Polomolok,25.388000,0.302286,0.404000,Seasonal baseline
2030-07-01,2,6,True,1206313003,Surallah,Centrala,1206313003; 1206313004; 1206313019; 1206313020; 1206313023; 1206313028,Centrala (Surallah); Colongulo (Surallah); Libertad (Surallah); Little Baguio (Surallah); Moloy (Surallah); Talahik (Surallah),Surallah,15.776000,0.157333,0.280000,Seasonal baseline
2030-08-01,1,9,False,1206312014,Polomolok,Poblacion,1206312024; 1206312003; 1206312007; 1206312016; 1206312025; 1206312013; 1206312014; 1206312017; 1206312022,Cannery Site (Polomolok); Glamang (Polomolok); Lam-Caliaf (Polomolok); Magsaysay (Polomolok); Pagalungan (Polomolok); Palkan (Polomolok); Poblacion (Polomolok); Rubber (Polomolok); Upper Klinan (Polomolok),Polomolok,31.028000,0.323556,0.440000,Seasonal baseline
2030-08-01,2,8,False,1206313019,Surallah,Libertad,1206313003; 1206313005; 1206313006; 1206313018; 1206313019; 1206313023; 1206313024; 1206313028,Centrala (Surallah); Dajay (Surallah); Duengas (Surallah); Lamsugod (Surallah); Libertad (Surallah); Moloy (Surallah); Naci (Surallah); Talahik (Surallah),Surallah,21.124000,0.215000,0.284000,Seasonal baseline
2030-09-01,1,9,False,1206312025,Polomolok,Pagalungan,1206312024; 1206312003; 1206312007; 1206312016; 1206312025; 1206312013; 1206312014; 1206312017; 1206312019,Cannery Site (Polomolok); Glamang (Polomolok); Lam-Caliaf (Polomolok); Magsaysay (Polomolok); Pagalungan (Polomolok); Palkan (Polomolok); Poblacion (Polomolok); Rubber (Polomolok); Silway 8 (Polomolok),Polomolok,31.492000,0.333333,0.444000,Seasonal baseline
2030-09-01,2,7,False,1206313023,Surallah,Moloy,1206313008; 1206313003; 1206313004; 1206313019; 1206313020; 1206313023; 1206313028,Canahay (Surallah); Centrala (Surallah); Colongulo (Surallah); Libertad (Surallah); Little Baguio (Surallah); Moloy (Surallah); Talahik (Surallah),Surallah,18.960000,0.161143,0.252000,Seasonal baseline
2030-10-01,1,8,False,1206312024,Polomolok,Cannery Site,1206312024; 1206312003; 1206312007; 1206312016; 1206312025; 1206312014; 1206312017; 1206312022,Cannery Site (Polomolok); Glamang (Polomolok); Lam-Caliaf (Polomolok); Magsaysay (Polomolok); Pagalungan (Polomolok); Poblacion (Polomolok); Rubber (Polomolok); Upper Klinan (Polomolok),Polomolok,28.972000,0.339500,0.476000,Seasonal baseline
2030-10-01,2,9,False,1206313023,Surallah,Moloy,1206313008; 1206313003; 1206313004; 1206313006; 1206313019; 1206313020; 1206313023; 1206313024; 1206313028,Canahay (Surallah); Centrala (Surallah); Colongulo (Surallah); Duengas (Surallah); Libertad (Surallah); Little Baguio (Surallah); Moloy (Surallah); Naci (Surallah); Talahik (Surallah),Surallah,24.260000,0.198222,0.276000,Seasonal baseline
2030-11-01,1,10,False,1206312014,Polomolok,Poblacion,1206312024; 1206312002; 1206312003; 1206312007; 1206312016; 1206312025; 1206312013; 1206312014; 1206312017; 1206312022,Cannery Site (Polomolok); Crossing Palkan (Polomolok); Glamang (Polomolok); Lam-Caliaf (Polomolok); Magsaysay (Polomolok); Pagalungan (Polomolok); Palkan (Polomolok); Poblacion (Polomolok); Rubber (Polomolok); Upper Klinan (Polomolok),Polomolok,33.960000,0.336000,0.472000,Seasonal baseline
2030-11-01,2,12,False,1206313019,Surallah,Libertad,1206313008; 1206313003; 1206313004; 1206313005; 1206313006; 1206313018; 1206313019; 1206313020; 1206313023; 1206313024; 1206313031; 1206313032,Canahay (Surallah); Centrala (Surallah); Colongulo (Surallah); Dajay (Surallah); Duengas (Surallah); Lamsugod (Surallah); Libertad (Surallah); Little Baguio (Surallah); Moloy (Surallah); Naci (Surallah); Upper Sepaka (Surallah); Veterans (Surallah),Surallah,31.844000,0.193667,0.272000,Seasonal baseline
2030-12-01,1,10,False,1206312025,Polomolok,Pagalungan,1206312024; 1206312003; 1206312007; 1206312016; 1206312025; 1206312013; 1206312014; 1206312017; 1206312019; 1206312022,Cannery Site (Polomolok); Glamang (Polomolok); Lam-Caliaf (Polomolok); Magsaysay (Polomolok); Pagalungan (Polomolok); Palkan (Polomolok); Poblacion (Polomolok); Rubber (Polomolok); Silway 8 (Polomolok); Upper Klinan (Polomolok),Polomolok,33.104000,0.328800,0.428000,Seasonal baseline
2030-12-01,2,11,False,1206313023,Surallah,Moloy,1206313008; 1206313003; 1206313004; 1206313006; 1206313018; 1206313019; 1206313020; 1206313023; 1206313024; 1206313030; 1206313032,Canahay (Surallah); Centrala (Surallah); Colongulo (Surallah); Duengas (Surallah); Lamsugod (Surallah); Libertad (Surallah); Little Baguio (Surallah); Moloy (Surallah); Naci (Surallah); Tubiala (Surallah); Veterans (Surallah),Surallah,29.932000,0.194182,0.296000,Seasonal baseline
2031-01-01,1,7,False,1206312014,Polomolok,Poblacion,1206312024; 1206312007; 1206312016; 1206312025; 1206312014; 1206312017; 1206312022,Cannery Site (Polomolok); Lam-Caliaf (Polomolok); Magsaysay (Polomolok); Pagalungan (Polomolok); Poblacion (Polomolok); Rubber (Polomolok); Upper Klinan (Polomolok),Polomolok,26.324000,0.329143,0.448000,Seasonal baseline
2031-02-01,1,10,False,1206312025,Polomolok,Pagalungan,1206312024; 1206312003; 1206312007; 1206312016; 1206312025; 1206312013; 1206312014; 1206312017; 1206312019; 1206312022,Cannery Site (Polomolok); Glamang (Polomolok); Lam-Caliaf (Polomolok); Magsaysay (Polomolok); Pagalungan (Polomolok); Palkan (Polomolok); Poblacion (Polomolok); Rubber (Polomolok); Silway 8 (Polomolok); Upper Klinan (Polomolok),Polomolok,32.556000,0.330400,0.456000,Seasonal baseline
2031-02-01,2,5,True,1206313003,Surallah,Centrala,1206313003; 1206313004; 1206313019; 1206313020; 1206313023,Centrala (Surallah); Colongulo (Surallah); Libertad (Surallah); Little Baguio (Surallah); Moloy (Surallah),Surallah,13.200000,0.135200,0.160000,Seasonal baseline
2031-03-01,1,7,False,1206312024,Polomolok,Cannery Site,1206312024; 1206312003; 1206312016; 1206312025; 1206312014; 1206312017; 1206312022,Cannery Site (Polomolok); Glamang (Polomolok); Magsaysay (Polomolok); Pagalungan (Polomolok); Poblacion (Polomolok); Rubber (Polomolok); Upper Klinan (Polomolok),Polomolok,26.040000,0.325143,0.464000,Seasonal baseline
2031-03-01,2,5,False,1206313019,Surallah,Libertad,1206313003; 1206313004; 1206313019; 1206313020; 1206313023,Centrala (Surallah); Colongulo (Surallah); Libertad (Surallah); Little Baguio (Surallah); Moloy (Surallah),Surallah,12.960000,0.137600,0.184000,Seasonal baseline
2031-04-01,1,9,False,1206312025,Polomolok,Pagalungan,1206312024; 1206312003; 1206312007; 1206312016; 1206312025; 1206312013; 1206312014; 1206312017; 1206312022,Cannery Site (Polomolok); Glamang (Polomolok); Lam-Caliaf (Polomolok); Magsaysay (Polomolok); Pagalungan (Polomolok); Palkan (Polomolok); Poblacion (Polomolok); Rubber (Polomolok); Upper Klinan (Polomolok),Polomolok,30.808000,0.327556,0.488000,Seasonal baseline
2031-04-01,2,5,False,1206313023,Surallah,Moloy,1206313003; 1206313004; 1206313019; 1206313020; 1206313023,Centrala (Surallah); Colongulo (Surallah); Libertad (Surallah); Little Baguio (Surallah); Moloy (Surallah),Surallah,12.864000,0.132800,0.184000,Seasonal baseline
2031-05-01,1,9,False,1206312025,Polomolok,Pagalungan,1206312024; 1206312003; 1206312007; 1206312016; 1206312025; 1206312013; 1206312014; 1206312017; 1206312022,Cannery Site (Polomolok); Glamang (Polomolok); Lam-Caliaf (Polomolok); Magsaysay (Polomolok); Pagalungan (Polomolok); Palkan (Polomolok); Poblacion (Polomolok); Rubber (Polomolok); Upper Klinan (Polomolok),Polomolok,29.812000,0.304444,0.464000,Seasonal baseline
2031-06-01,1,11,False,1206312024,Polomolok,Cannery Site,1206312024; 1206312003; 1206312007; 1206312016; 1206312025; 1206312013; 1206312014; 1206312017; 1206312018; 1206312019; 1206312022,Cannery Site (Polomolok); Glamang (Polomolok); Lam-Caliaf (Polomolok); Magsaysay (Polomolok); Pagalungan (Polomolok); Palkan (Polomolok); Poblacion (Polomolok); Rubber (Polomolok); Silway 7 (Polomolok); Silway 8 (Polomolok); Upper Klinan (Polomolok),Polomolok,35.044000,0.328364,0.436000,Seasonal baseline
2031-06-01,2,9,True,1206313023,Surallah,Moloy,1206313003; 1206313004; 1206313006; 1206313018; 1206313019; 1206313020; 1206313023; 1206313030; 1206313032,Centrala (Surallah); Colongulo (Surallah); Duengas (Surallah); Lamsugod (Surallah); Libertad (Surallah); Little Baguio (Surallah); Moloy (Surallah); Tubiala (Surallah); Veterans (Surallah),Surallah,23.032000,0.164889,0.260000,Seasonal baseline
2031-07-01,1,10,False,1206312014,Polomolok,Poblacion,1206312024; 1206312003; 1206312007; 1206312016; 1206312025; 1206312013; 1206312014; 1206312017; 1206312019; 1206312022,Cannery Site (Polomolok); Glamang (Polomolok); Lam-Caliaf (Polomolok); Magsaysay (Polomolok); Pagalungan (Polomolok); Palkan (Polomolok); Poblacion (Polomolok); Rubber (Polomolok); Silway 8 (Polomolok); Upper Klinan (Polomolok),Polomolok,33.112000,0.335600,0.464000,Seasonal baseline
2031-07-01,2,9,False,1206313019,Surallah,Libertad,1206313008; 1206313003; 1206313004; 1206313006; 1206313019; 1206313020; 1206313023; 1206313028; 1206313031,Canahay (Surallah); Centrala (Surallah); Colongulo (Surallah); Duengas (Surallah); Libertad (Surallah); Little Baguio (Surallah); Moloy (Surallah); Talahik (Surallah); Upper Sepaka (Surallah),Surallah,23.040000,0.169778,0.264000,Seasonal baseline
2031-08-01,1,12,False,1206313003,Surallah,Centrala,1206319013; 1206313003; 1206313004; 1206313006; 1206313018; 1206313019; 1206313020; 1206313023; 1206313024; 1206313028; 1206313031; 1206313032,Ned (Lake Sebu); Centrala (Surallah); Colongulo (Surallah); Duengas (Surallah); Lamsugod (Surallah); Libertad (Surallah); Little Baguio (Surallah); Moloy (Surallah); Naci (Surallah); Talahik (Surallah); Upper Sepaka (Surallah); Veterans (Surallah),Lake Sebu; Surallah,30.152000,0.180000,0.260000,Seasonal baseline
2031-08-01,2,9,False,1206312025,Polomolok,Pagalungan,1206312024; 1206312003; 1206312007; 1206312016; 1206312025; 1206312013; 1206312014; 1206312017; 1206312022,Cannery Site (Polomolok); Glamang (Polomolok); Lam-Caliaf (Polomolok); Magsaysay (Polomolok); Pagalungan (Polomolok); Palkan (Polomolok); Poblacion (Polomolok); Rubber (Polomolok); Upper Klinan (Polomolok),Polomolok,30.052000,0.304000,0.452000,Seasonal baseline
2031-09-01,1,10,False,1206313019,Surallah,Libertad,1206319013; 1206313008; 1206313003; 1206313004; 1206313005; 1206313006; 1206313019; 1206313020; 1206313023; 1206313031,Ned (Lake Sebu); Canahay (Surallah); Centrala (Surallah); Colongulo (Surallah); Dajay (Surallah); Duengas (Surallah); Libertad (Surallah); Little Baguio (Surallah); Moloy (Surallah); Upper Sepaka (Surallah),Lake Sebu; Surallah,26.408000,0.204400,0.296000,Seasonal baseline
2031-09-01,2,6,False,1206312014,Polomolok,Poblacion,1206312024; 1206312003; 1206312016; 1206312025; 1206312014; 1206312017,Cannery Site (Polomolok); Glamang (Polomolok); Magsaysay (Polomolok); Pagalungan (Polomolok); Poblacion (Polomolok); Rubber (Polomolok),Polomolok,23.532000,0.293333,0.416000,Seasonal baseline
2031-10-01,1,9,False,1206312024,Polomolok,Cannery Site,1206312024; 1206312003; 1206312007; 1206312016; 1206312025; 1206312013; 1206312014; 1206312017; 1206312022,Cannery Site (Polomolok); Glamang (Polomolok); Lam-Caliaf (Polomolok); Magsaysay (Polomolok); Pagalungan (Polomolok); Palkan (Polomolok); Poblacion (Polomolok); Rubber (Polomolok); Upper Klinan (Polomolok),Polomolok,31.592000,0.325333,0.400000,Seasonal baseline
2031-10-01,2,11,False,1206313003,Surallah,Centrala,1206313003; 1206313004; 1206313006; 1206313018; 1206313019; 1206313020; 1206313023; 1206313028; 1206313030; 1206313031; 1206313032,Centrala (Surallah); Colongulo (Surallah); Duengas (Surallah); Lamsugod (Surallah); Libertad (Surallah); Little Baguio (Surallah); Moloy (Surallah); Talahik (Surallah); Tubiala (Surallah); Upper Sepaka (Surallah); Veterans (Surallah),Surallah,28.896000,0.201091,0.336000,Seasonal baseline
2031-11-01,1,7,False,1206312014,Polomolok,Poblacion,1206312024; 1206312003; 1206312016; 1206312025; 1206312014; 1206312017; 1206312022,Cannery Site (Polomolok); Glamang (Polomolok); Magsaysay (Polomolok); Pagalungan (Polomolok); Poblacion (Polomolok); Rubber (Polomolok); Upper Klinan (Polomolok),Polomolok,27.480000,0.351429,0.452000,Seasonal baseline
2031-11-01,2,6,False,1206313003,Surallah,Centrala,1206313003; 1206313004; 1206313006; 1206313019; 1206313020; 1206313023,Centrala (Surallah); Colongulo (Surallah); Duengas (Surallah); Libertad (Surallah); Little Baguio (Surallah); Moloy (Surallah),Surallah,17.460000,0.198000,0.296000,Seasonal baseline
2031-12-01,1,10,False,1206312025,Polomolok,Pagalungan,1206312024; 1206312003; 1206312007; 1206312016; 1206312025; 1206312013; 1206312014; 1206312017; 1206312018; 1206312022,Cannery Site (Polomolok); Glamang (Polomolok); Lam-Caliaf (Polomolok); Magsaysay (Polomolok); Pagalungan (Polomolok); Palkan (Polomolok); Poblacion (Polomolok); Rubber (Polomolok); Silway 7 (Polomolok); Upper Klinan (Polomolok),Polomolok,34.652000,0.349600,0.464000,Seasonal baseline
2031-12-01,2,12,False,1206313019,Surallah,Libertad,1206313008; 1206313003; 1206313004; 1206313005; 1206313006; 1206313018; 1206313019; 1206313020; 1206313023; 1206313024; 1206313031; 1206313032,Canahay (Surallah); Centrala (Surallah); Colongulo (Surallah); Dajay (Surallah); Duengas (Surallah); Lamsugod (Surallah); Libertad (Surallah); Little Baguio (Surallah); Moloy (Surallah); Naci (Surallah); Upper Sepaka (Surallah); Veterans (Surallah),Surallah,32.864000,0.211000,0.320000,Seasonal baseline
2032-01-01,1,9,False,1206312014,Polomolok,Poblacion,1206312024; 1206312003; 1206312007; 1206312016; 1206312025; 1206312013; 1206312014; 1206312017; 1206312022,Cannery Site (Polomolok); Glamang (Polomolok); Lam-Caliaf (Polomolok); Magsaysay (Polomolok); Pagalungan (Polomolok); Palkan (Polomolok); Poblacion (Polomolok); Rubber (Polomolok); Upper Klinan (Polomolok),Polomolok,31.156000,0.321333,0.472000,Seasonal baseline
2032-01-01,2,7,False,1206313003,Surallah,Centrala,1206313003; 1206313004; 1206313006; 1206313019; 1206313020; 1206313023; 1206313028,Centrala (Surallah); Colongulo (Surallah); Duengas (Surallah); Libertad (Surallah); Little Baguio (Surallah); Moloy (Surallah); Talahik (Surallah),Surallah,17.836000,0.170286,0.252000,Seasonal baseline
2032-02-01,1,8,False,1206312025,Polomolok,Pagalungan,1206312024; 1206312003; 1206312007; 1206312016; 1206312025; 1206312013; 1206312014; 1206312017,Cannery Site (Polomolok); Glamang (Polomolok); Lam-Caliaf (Polomolok); Magsaysay (Polomolok); Pagalungan (Polomolok); Palkan (Polomolok); Poblacion (Polomolok); Rubber (Polomolok),Polomolok,27.836000,0.308000,0.404000,Seasonal baseline
2032-02-01,2,6,False,1206313023,Surallah,Moloy,1206313003; 1206313004; 1206313019; 1206313020; 1206313023; 1206313028,Centrala (Surallah); Colongulo (Surallah); Libertad (Surallah); Little Baguio (Surallah); Moloy (Surallah); Talahik (Surallah),Surallah,16.288000,0.177333,0.264000,Seasonal baseline
2032-03-01,1,6,False,1206312017,Polomolok,Rubber,1206312024; 1206312003; 1206312016; 1206312025; 1206312014; 1206312017,Cannery Site (Polomolok); Glamang (Polomolok); Magsaysay (Polomolok); Pagalungan (Polomolok); Poblacion (Polomolok); Rubber (Polomolok),Polomolok,23.436000,0.302667,0.416000,Seasonal baseline
2032-04-01,1,9,False,1206312025,Polomolok,Pagalungan,1206312024; 1206312003; 1206312007; 1206312016; 1206312025; 1206312013; 1206312014; 1206312017; 1206312022,Cannery Site (Polomolok); Glamang (Polomolok); Lam-Caliaf (Polomolok); Magsaysay (Polomolok); Pagalungan (Polomolok); Palkan (Polomolok); Poblacion (Polomolok); Rubber (Polomolok); Upper Klinan (Polomolok),Polomolok,30.292000,0.320444,0.428000,Seasonal baseline
2032-05-01,1,5,False,1206312014,Polomolok,Poblacion,1206312024; 1206312007; 1206312025; 1206312013; 1206312014,Cannery Site (Polomolok); Lam-Caliaf (Polomolok); Pagalungan (Polomolok); Palkan (Polomolok); Poblacion (Polomolok),Polomolok,20.544000,0.297600,0.488000,Seasonal baseline
2032-06-01,1,11,False,1206312024,Polomolok,Cannery Site,1206312024; 1206312003; 1206312007; 1206312016; 1206312025; 1206312013; 1206312014; 1206312017; 1206312018; 1206312019; 1206312022,Cannery Site (Polomolok); Glamang (Polomolok); Lam-Caliaf (Polomolok); Magsaysay (Polomolok); Pagalungan (Polomolok); Palkan (Polomolok); Poblacion (Polomolok); Rubber (Polomolok); Silway 7 (Polomolok); Silway 8 (Polomolok); Upper Klinan (Polomolok),Polomolok,35.368000,0.331636,0.448000,Seasonal baseline
2032-06-01,2,6,True,1206313023,Surallah,Moloy,1206313008; 1206313003; 1206313004; 1206313019; 1206313020; 1206313023,Canahay (Surallah); Centrala (Surallah); Colongulo (Surallah); Libertad (Surallah); Little Baguio (Surallah); Moloy (Surallah),Surallah,16.260000,0.150000,0.208000,Seasonal baseline
2032-07-01,1,10,False,1206312025,Polomolok,Pagalungan,1206312024; 1206312003; 1206312007; 1206312016; 1206312025; 1206312013; 1206312014; 1206312017; 1206312019; 1206312022,Cannery Site (Polomolok); Glamang (Polomolok); Lam-Caliaf (Polomolok); Magsaysay (Polomolok); Pagalungan (Polomolok); Palkan (Polomolok); Poblacion (Polomolok); Rubber (Polomolok); Silway 8 (Polomolok); Upper Klinan (Polomolok),Polomolok,33.776000,0.335200,0.424000,Seasonal baseline
2032-07-01,2,9,False,1206313003,Surallah,Centrala,1206313008; 1206313003; 1206313004; 1206313018; 1206313019; 1206313020; 1206313023; 1206313024; 1206313032,Canahay (Surallah); Centrala (Surallah); Colongulo (Surallah); Lamsugod (Surallah); Libertad (Surallah); Little Baguio (Surallah); Moloy (Surallah); Naci (Surallah); Veterans (Surallah),Surallah,23.248000,0.160889,0.268000,Seasonal baseline
2032-08-01,1,10,False,1206312014,Polomolok,Poblacion,1206312024; 1206312003; 1206312007; 1206312016; 1206312025; 1206312013; 1206312014; 1206312017; 1206312019; 1206312022,Cannery Site (Polomolok); Glamang (Polomolok); Lam-Caliaf (Polomolok); Magsaysay (Polomolok); Pagalungan (Polomolok); Palkan (Polomolok); Poblacion (Polomolok); Rubber (Polomolok); Silway 8 (Polomolok); Upper Klinan (Polomolok),Polomolok,34.200000,0.345200,0.460000,Seasonal baseline
2032-08-01,2,10,False,1206313003,Surallah,Centrala,1206313003; 1206313004; 1206313006; 1206313018; 1206313019; 1206313020; 1206313023; 1206313028; 1206313030; 1206313032,Centrala (Surallah); Colongulo (Surallah); Duengas (Surallah); Lamsugod (Surallah); Libertad (Surallah); Little Baguio (Surallah); Moloy (Surallah); Talahik (Surallah); Tubiala (Surallah); Veterans (Surallah),Surallah,26.460000,0.194400,0.264000,Seasonal baseline
2032-09-01,1,9,False,1206312017,Polomolok,Rubber,1206312024; 1206312003; 1206312007; 1206312016; 1206312025; 1206312013; 1206312014; 1206312017; 1206312022,Cannery Site (Polomolok); Glamang (Polomolok); Lam-Caliaf (Polomolok); Magsaysay (Polomolok); Pagalungan (Polomolok); Palkan (Polomolok); Poblacion (Polomolok); Rubber (Polomolok); Upper Klinan (Polomolok),Polomolok,32.304000,0.350667,0.488000,Seasonal baseline
2032-09-01,2,5,False,1206313019,Surallah,Libertad,1206313003; 1206313005; 1206313019; 1206313023; 1206313028,Centrala (Surallah); Dajay (Surallah); Libertad (Surallah); Moloy (Surallah); Talahik (Surallah),Surallah,14.080000,0.202400,0.256000,Seasonal baseline
2032-10-01,1,10,False,1206312025,Polomolok,Pagalungan,1206312024; 1206312003; 1206312007; 1206312016; 1206312025; 1206312013; 1206312014; 1206312017; 1206312019; 1206312022,Cannery Site (Polomolok); Glamang (Polomolok); Lam-Caliaf (Polomolok); Magsaysay (Polomolok); Pagalungan (Polomolok); Palkan (Polomolok); Poblacion (Polomolok); Rubber (Polomolok); Silway 8 (Polomolok); Upper Klinan (Polomolok),Polomolok,33.408000,0.335600,0.472000,Seasonal baseline
2032-10-01,2,12,False,1206313023,Surallah,Moloy,1206313008; 1206313003; 1206313004; 1206313006; 1206313018; 1206313019; 1206313020; 1206313023; 1206313024; 1206313028; 1206313031; 1206313032,Canahay (Surallah); Centrala (Surallah); Colongulo (Surallah); Duengas (Surallah); Lamsugod (Surallah); Libertad (Surallah); Little Baguio (Surallah); Moloy (Surallah); Naci (Surallah); Talahik (Surallah); Upper Sepaka (Surallah); Veterans (Surallah),Surallah,31.608000,0.186333,0.260000,Seasonal baseline
2032-11-01,1,10,False,1206312014,Polomolok,Poblacion,1206312024; 1206312003; 1206312007; 1206312016; 1206312025; 1206312013; 1206312014; 1206312017; 1206312019; 1206312022,Cannery Site (Polomolok); Glamang (Polomolok); Lam-Caliaf (Polomolok); Magsaysay (Polomolok); Pagalungan (Polomolok); Palkan (Polomolok); Poblacion (Polomolok); Rubber (Polomolok); Silway 8 (Polomolok); Upper Klinan (Polomolok),Polomolok,34.044000,0.340400,0.452000,Seasonal baseline
2032-11-01,2,10,False,1206313023,Surallah,Moloy,1206313008; 1206313003; 1206313004; 1206313006; 1206313018; 1206313019; 1206313020; 1206313023; 1206313028; 1206313030,Canahay (Surallah); Centrala (Surallah); Colongulo (Surallah); Duengas (Surallah); Lamsugod (Surallah); Libertad (Surallah); Little Baguio (Surallah); Moloy (Surallah); Talahik (Surallah); Tubiala (Surallah),Surallah,27.360000,0.204400,0.268000,Seasonal baseline
2032-12-01,1,9,False,1206312017,Polomolok,Rubber,1206312024; 1206312003; 1206312007; 1206312016; 1206312025; 1206312013; 1206312014; 1206312017; 1206312022,Cannery Site (Polomolok); Glamang (Polomolok); Lam-Caliaf (Polomolok); Magsaysay (Polomolok); Pagalungan (Polomolok); Palkan (Polomolok); Poblacion (Polomolok); Rubber (Polomolok); Upper Klinan (Polomolok),Polomolok,31.680000,0.346667,0.480000,Seasonal baseline
2032-12-01,2,8,False,1206313019,Surallah,Libertad,1206313008; 1206313003; 1206313004; 1206313005; 1206313019; 1206313020; 1206313023; 1206313028,Canahay (Surallah); Centrala (Surallah); Colongulo (Surallah); Dajay (Surallah); Libertad (Surallah); Little Baguio (Surallah); Moloy (Surallah); Talahik (Surallah),Surallah,22.032000,0.192000,0.260000,Seasonal baseline
2033-01-01,1,10,False,1206312024,Polomolok,Cannery Site,1206312024; 1206312003; 1206312007; 1206312016; 1206312025; 1206312013; 1206312014; 1206312017; 1206312019; 1206312022,Cannery Site (Polomolok); Glamang (Polomolok); Lam-Caliaf (Polomolok); Magsaysay (Polomolok); Pagalungan (Polomolok); Palkan (Polomolok); Poblacion (Polomolok); Rubber (Polomolok); Silway 8 (Polomolok); Upper Klinan (Polomolok),Polomolok,33.276000,0.333200,0.476000,Seasonal baseline
2033-02-01,1,10,False,1206312025,Polomolok,Pagalungan,1206312024; 1206312003; 1206312007; 1206312009; 1206312016; 1206312025; 1206312013; 1206312014; 1206312017; 1206312022,Cannery Site (Polomolok); Glamang (Polomolok); Lam-Caliaf (Polomolok); Lumakil (Polomolok); Magsaysay (Polomolok); Pagalungan (Polomolok); Palkan (Polomolok); Poblacion (Polomolok); Rubber (Polomolok); Upper Klinan (Polomolok),Polomolok,32.780000,0.331200,0.456000,Seasonal baseline
2033-02-01,2,5,True,1206313003,Surallah,Centrala,1206313003; 1206313004; 1206313006; 1206313019; 1206313023,Centrala (Surallah); Colongulo (Surallah); Duengas (Surallah); Libertad (Surallah); Moloy (Surallah),Surallah,12.888000,0.142400,0.240000,Seasonal baseline
2033-03-01,1,10,False,1206312017,Polomolok,Rubber,1206312024; 1206312003; 1206312007; 1206312016; 1206312025; 1206312013; 1206312014; 1206312017; 1206312019; 1206312022,Cannery Site (Polomolok); Glamang (Polomolok); Lam-Caliaf (Polomolok); Magsaysay (Polomolok); Pagalungan (Polomolok); Palkan (Polomolok); Poblacion (Polomolok); Rubber (Polomolok); Silway 8 (Polomolok); Upper Klinan (Polomolok),Polomolok,33.116000,0.327600,0.440000,Seasonal baseline
2033-03-01,2,6,False,1206313023,Surallah,Moloy,1206313003; 1206313004; 1206313006; 1206313019; 1206313023; 1206313028,Centrala (Surallah); Colongulo (Surallah); Duengas (Surallah); Libertad (Surallah); Moloy (Surallah); Talahik (Surallah),Surallah,15.312000,0.158000,0.228000,Seasonal baseline
2033-04-01,1,10,False,1206312014,Polomolok,Poblacion,1206312024; 1206312003; 1206312007; 1206312016; 1206312025; 1206312013; 1206312014; 1206312017; 1206312018; 1206312022,Cannery Site (Polomolok); Glamang (Polomolok); Lam-Caliaf (Polomolok); Magsaysay (Polomolok); Pagalungan (Polomolok); Palkan (Polomolok); Poblacion (Polomolok); Rubber (Polomolok); Silway 7 (Polomolok); Upper Klinan (Polomolok),Polomolok,32.668000,0.320800,0.428000,Seasonal baseline
2033-04-01,2,5,False,1206313019,Surallah,Libertad,1206313003; 1206313004; 1206313019; 1206313020; 1206313023,Centrala (Surallah); Colongulo (Surallah); Libertad (Surallah); Little Baguio (Surallah); Moloy (Surallah),Surallah,13.052000,0.145600,0.192000,Seasonal baseline
2033-05-01,1,11,False,1206312024,Polomolok,Cannery Site,1206312024; 1206312002; 1206312003; 1206312007; 1206312016; 1206312025; 1206312013; 1206312014; 1206312017; 1206312019; 1206312022,Cannery Site (Polomolok); Crossing Palkan (Polomolok); Glamang (Polomolok); Lam-Caliaf (Polomolok); Magsaysay (Polomolok); Pagalungan (Polomolok); Palkan (Polomolok); Poblacion (Polomolok); Rubber (Polomolok); Silway 8 (Polomolok); Upper Klinan (Polomolok),Polomolok,35.876000,0.335273,0.464000,Seasonal baseline
2033-05-01,2,12,False,1206313019,Surallah,Libertad,1206313008; 1206313003; 1206313004; 1206313005; 1206313006; 1206313018; 1206313019; 1206313020; 1206313023; 1206313024; 1206313028; 1206313032,Canahay (Surallah); Centrala (Surallah); Colongulo (Surallah); Dajay (Surallah); Duengas (Surallah); Lamsugod (Surallah); Libertad (Surallah); Little Baguio (Surallah); Moloy (Surallah); Naci (Surallah); Talahik (Surallah); Veterans (Surallah),Surallah,29.864000,0.176000,0.252000,Seasonal baseline
2033-06-01,1,10,False,1206312025,Polomolok,Pagalungan,1206312024; 1206312003; 1206312007; 1206312016; 1206312025; 1206312013; 1206312014; 1206312017; 1206312019; 1206312022,Cannery Site (Polomolok); Glamang (Polomolok); Lam-Caliaf (Polomolok); Magsaysay (Polomolok); Pagalungan (Polomolok); Palkan (Polomolok); Poblacion (Polomolok); Rubber (Polomolok); Silway 8 (Polomolok); Upper Klinan (Polomolok),Polomolok,33.192000,0.320800,0.432000,Seasonal baseline
2033-07-01,1,10,False,1206312014,Polomolok,Poblacion,1206312024; 1206312003; 1206312007; 1206312016; 1206312025; 1206312013; 1206312014; 1206312017; 1206312019; 1206312022,Cannery Site (Polomolok); Glamang (Polomolok); Lam-Caliaf (Polomolok); Magsaysay (Polomolok); Pagalungan (Polomolok); Palkan (Polomolok); Poblacion (Polomolok); Rubber (Polomolok); Silway 8 (Polomolok); Upper Klinan (Polomolok),Polomolok,34.348000,0.332800,0.472000,Seasonal baseline
2033-07-01,2,13,True,1206313023,Surallah,Moloy,1206313008; 1206313003; 1206313004; 1206313006; 1206313018; 1206313019; 1206313020; 1206313023; 1206313024; 1206313028; 1206313030; 1206313031; 1206313032,Canahay (Surallah); Centrala (Surallah); Colongulo (Surallah); Duengas (Surallah); Lamsugod (Surallah); Libertad (Surallah); Little Baguio (Surallah); Moloy (Surallah); Naci (Surallah); Talahik (Surallah); Tubiala (Surallah); Upper Sepaka (Surallah); Veterans (Surallah),Surallah,32.508000,0.180615,0.260000,Seasonal baseline
2033-08-01,1,6,False,1206312025,Polomolok,Pagalungan,1206312024; 1206312007; 1206312025; 1206312013; 1206312014; 1206312022,Cannery Site (Polomolok); Lam-Caliaf (Polomolok); Pagalungan (Polomolok); Palkan (Polomolok); Poblacion (Polomolok); Upper Klinan (Polomolok),Polomolok,23.572000,0.334667,0.424000,Seasonal baseline
2033-08-01,2,8,False,1206313003,Surallah,Centrala,1206313008; 1206313003; 1206313004; 1206313006; 1206313019; 1206313020; 1206313023; 1206313028,Canahay (Surallah); Centrala (Surallah); Colongulo (Surallah); Duengas (Surallah); Libertad (Surallah); Little Baguio (Surallah); Moloy (Surallah); Talahik (Surallah),Surallah,22.172000,0.195500,0.264000,Seasonal baseline
2033-09-01,1,10,False,1206312025,Polomolok,Pagalungan,1206312024; 1206312003; 1206312005; 1206312007; 1206312016; 1206312025; 1206312013; 1206312014; 1206312017; 1206312022,Cannery Site (Polomolok); Glamang (Polomolok); Klinan 6 (Polomolok); Lam-Caliaf (Polomolok); Magsaysay (Polomolok); Pagalungan (Polomolok); Palkan (Polomolok); Poblacion (Polomolok); Rubber (Polomolok); Upper Klinan (Polomolok),Polomolok,33.624000,0.346000,0.432000,Seasonal baseline
2033-09-01,2,9,False,1206313019,Surallah,Libertad,1206313008; 1206313003; 1206313004; 1206313006; 1206313019; 1206313020; 1206313023; 1206313024; 1206313028,Canahay (Surallah); Centrala (Surallah); Colongulo (Surallah); Duengas (Surallah); Libertad (Surallah); Little Baguio (Surallah); Moloy (Surallah); Naci (Surallah); Talahik (Surallah),Surallah,23.684000,0.192444,0.260000,Seasonal baseline
2033-10-01,1,8,False,1206312025,Polomolok,Pagalungan,1206312024; 1206312003; 1206312016; 1206312025; 1206312014; 1206312017; 1206312019; 1206312022,Cannery Site (Polomolok); Glamang (Polomolok); Magsaysay (Polomolok); Pagalungan (Polomolok); Poblacion (Polomolok); Rubber (Polomolok); Silway 8 (Polomolok); Upper Klinan (Polomolok),Polomolok,29.152000,0.344500,0.464000,Seasonal baseline
2033-10-01,2,10,False,1206313019,Surallah,Libertad,1206313002; 1206313003; 1206313004; 1206313006; 1206313018; 1206313019; 1206313020; 1206313023; 1206313030; 1206313032,Buenavista (Surallah); Centrala (Surallah); Colongulo (Surallah); Duengas (Surallah); Lamsugod (Surallah); Libertad (Surallah); Little Baguio (Surallah); Moloy (Surallah); Tubiala (Surallah); Veterans (Surallah),Surallah,27.056000,0.202400,0.288000,Seasonal baseline
2033-11-01,1,8,False,1206312014,Polomolok,Poblacion,1206312024; 1206312003; 1206312016; 1206312025; 1206312014; 1206312017; 1206312019; 1206312022,Cannery Site (Polomolok); Glamang (Polomolok); Magsaysay (Polomolok); Pagalungan (Polomolok); Poblacion (Polomolok); Rubber (Polomolok); Silway 8 (Polomolok); Upper Klinan (Polomolok),Polomolok,29.340000,0.342000,0.496000,Seasonal baseline
2033-11-01,2,13,False,1206313019,Surallah,Libertad,1206313002; 1206313003; 1206313004; 1206313005; 1206313006; 1206313018; 1206313019; 1206313020; 1206313023; 1206313024; 1206313028; 1206313030; 1206313032,Buenavista (Surallah); Centrala (Surallah); Colongulo (Surallah); Dajay (Surallah); Duengas (Surallah); Lamsugod (Surallah); Libertad (Surallah); Little Baguio (Surallah); Moloy (Surallah); Naci (Surallah); Talahik (Surallah); Tubiala (Surallah); Veterans (Surallah),Surallah,35.228000,0.222154,0.320000,Seasonal baseline
2033-12-01,1,10,False,1206312024,Polomolok,Cannery Site,1206312024; 1206312003; 1206312007; 1206312016; 1206312025; 1206312013; 1206312014; 1206312017; 1206312019; 1206312022,Cannery Site (Polomolok); Glamang (Polomolok); Lam-Caliaf (Polomolok); Magsaysay (Polomolok); Pagalungan (Polomolok); Palkan (Polomolok); Poblacion (Polomolok); Rubber (Polomolok); Silway 8 (Polomolok); Upper Klinan (Polomolok),Polomolok,35.168000,0.354800,0.460000,Seasonal baseline
2033-12-01,2,11,False,1206313003,Surallah,Centrala,1206313008; 1206313003; 1206313004; 1206313005; 1206313006; 1206313018; 1206313019; 1206313020; 1206313023; 1206313024; 1206313032,Canahay (Surallah); Centrala (Surallah); Colongulo (Surallah); Dajay (Surallah); Duengas (Surallah); Lamsugod (Surallah); Libertad (Surallah); Little Baguio (Surallah); Moloy (Surallah); Naci (Surallah); Veterans (Surallah),Surallah,30.812000,0.208000,0.292000,Seasonal baseline
2034-01-01,1,9,False,1206312014,Polomolok,Poblacion,1206312024; 1206312003; 1206312007; 1206312016; 1206312025; 1206312013; 1206312014; 1206312017; 1206312022,Cannery Site (Polomolok); Glamang (Polomolok); Lam-Caliaf (Polomolok); Magsaysay (Polomolok); Pagalungan (Polomolok); Palkan (Polomolok); Poblacion (Polomolok); Rubber (Polomolok); Upper Klinan (Polomolok),Polomolok,30.060000,0.306667,0.404000,Seasonal baseline
2034-01-01,2,5,False,1206313003,Surallah,Centrala,1206313003; 1206313004; 1206313006; 1206313019; 1206313023,Centrala (Surallah); Colongulo (Surallah); Duengas (Surallah); Libertad (Surallah); Moloy (Surallah),Surallah,13.284000,0.165600,0.236000,Seasonal baseline
2034-02-01,1,10,False,1206312017,Polomolok,Rubber,1206312024; 1206312003; 1206312007; 1206312016; 1206312025; 1206312013; 1206312014; 1206312017; 1206312019; 1206312022,Cannery Site (Polomolok); Glamang (Polomolok); Lam-Caliaf (Polomolok); Magsaysay (Polomolok); Pagalungan (Polomolok); Palkan (Polomolok); Poblacion (Polomolok); Rubber (Polomolok); Silway 8 (Polomolok); Upper Klinan (Polomolok),Polomolok,33.332000,0.315200,0.436000,Seasonal baseline
2034-02-01,2,9,False,1206313019,Surallah,Libertad,1206313008; 1206313003; 1206313004; 1206313006; 1206313019; 1206313020; 1206313023; 1206313024; 1206313028,Canahay (Surallah); Centrala (Surallah); Colongulo (Surallah); Duengas (Surallah); Libertad (Surallah); Little Baguio (Surallah); Moloy (Surallah); Naci (Surallah); Talahik (Surallah),Surallah,22.312000,0.166667,0.252000,Seasonal baseline
2034-03-01,1,9,False,1206312025,Polomolok,Pagalungan,1206312024; 1206312003; 1206312007; 1206312016; 1206312025; 1206312013; 1206312014; 1206312017; 1206312019,Cannery Site (Polomolok); Glamang (Polomolok); Lam-Caliaf (Polomolok); Magsaysay (Polomolok); Pagalungan (Polomolok); Palkan (Polomolok); Poblacion (Polomolok); Rubber (Polomolok); Silway 8 (Polomolok),Polomolok,31.348000,0.336444,0.512000,Seasonal baseline
2034-04-01,1,10,False,1206312024,Polomolok,Cannery Site,1206312024; 1206312003; 1206312007; 1206312016; 1206312025; 1206312013; 1206312014; 1206312017; 1206312019; 1206312022,Cannery Site (Polomolok); Glamang (Polomolok); Lam-Caliaf (Polomolok); Magsaysay (Polomolok); Pagalungan (Polomolok); Palkan (Polomolok); Poblacion (Polomolok); Rubber (Polomolok); Silway 8 (Polomolok); Upper Klinan (Polomolok),Polomolok,33.284000,0.343200,0.452000,Seasonal baseline
2034-04-01,2,9,True,1206313023,Surallah,Moloy,1206313003; 1206313004; 1206313018; 1206313019; 1206313020; 1206313023; 1206313024; 1206313028; 1206313032,Centrala (Surallah); Colongulo (Surallah); Lamsugod (Surallah); Libertad (Surallah); Little Baguio (Surallah); Moloy (Surallah); Naci (Surallah); Talahik (Surallah); Veterans (Surallah),Surallah,22.596000,0.165333,0.224000,Seasonal baseline
2034-05-01,1,11,False,1206312024,Polomolok,Cannery Site,1206312024; 1206312003; 1206312007; 1206312009; 1206312016; 1206312025; 1206312013; 1206312014; 1206312017; 1206312019; 1206312022,Cannery Site (Polomolok); Glamang (Polomolok); Lam-Caliaf (Polomolok); Lumakil (Polomolok); Magsaysay (Polomolok); Pagalungan (Polomolok); Palkan (Polomolok); Poblacion (Polomolok); Rubber (Polomolok); Silway 8 (Polomolok); Upper Klinan (Polomolok),Polomolok,36.668000,0.337455,0.444000,Seasonal baseline
2034-05-01,2,6,False,1206313019,Surallah,Libertad,1206313008; 1206313003; 1206313004; 1206313019; 1206313020; 1206313023,Canahay (Surallah); Centrala (Surallah); Colongulo (Surallah); Libertad (Surallah); Little Baguio (Surallah); Moloy (Surallah),Surallah,15.916000,0.152000,0.188000,Seasonal baseline
2034-06-01,1,9,False,1206312017,Polomolok,Rubber,1206312024; 1206312003; 1206312007; 1206312016; 1206312025; 1206312013; 1206312014; 1206312017; 1206312022,Cannery Site (Polomolok); Glamang (Polomolok); Lam-Caliaf (Polomolok); Magsaysay (Polomolok); Pagalungan (Polomolok); Palkan (Polomolok); Poblacion (Polomolok); Rubber (Polomolok); Upper Klinan (Polomolok),Polomolok,30.536000,0.323556,0.496000,Seasonal baseline
2034-06-01,2,11,False,1206313003,Surallah,Centrala,1206313008; 1206313003; 1206313004; 1206313006; 1206313018; 1206313019; 1206313020; 1206313023; 1206313024; 1206313030; 1206313032,Canahay (Surallah); Centrala (Surallah); Colongulo (Surallah); Duengas (Surallah); Lamsugod (Surallah); Libertad (Surallah); Little Baguio (Surallah); Moloy (Surallah); Naci (Surallah); Tubiala (Surallah); Veterans (Surallah),Surallah,27.836000,0.180364,0.256000,Seasonal baseline
2034-07-01,1,8,False,1206312014,Polomolok,Poblacion,1206312024; 1206312003; 1206312007; 1206312016; 1206312025; 1206312013; 1206312014; 1206312017,Cannery Site (Polomolok); Glamang (Polomolok); Lam-Caliaf (Polomolok); Magsaysay (Polomolok); Pagalungan (Polomolok); Palkan (Polomolok); Poblacion (Polomolok); Rubber (Polomolok),Polomolok,29.528000,0.326000,0.452000,Seasonal baseline
2034-07-01,2,7,False,1206313023,Surallah,Moloy,1206313008; 1206313003; 1206313004; 1206313006; 1206313019; 1206313020; 1206313023,Canahay (Surallah); Centrala (Surallah); Colongulo (Surallah); Duengas (Surallah); Libertad (Surallah); Little Baguio (Surallah); Moloy (Surallah),Surallah,19.128000,0.180571,0.268000,Seasonal baseline
2034-08-01,1,10,False,1206312025,Polomolok,Pagalungan,1206312024; 1206312003; 1206312007; 1206312016; 1206312025; 1206312013; 1206312014; 1206312017; 1206312019; 1206312022,Cannery Site (Polomolok); Glamang (Polomolok); Lam-Caliaf (Polomolok); Magsaysay (Polomolok); Pagalungan (Polomolok); Palkan (Polomolok); Poblacion (Polomolok); Rubber (Polomolok); Silway 8 (Polomolok); Upper Klinan (Polomolok),Polomolok,33.672000,0.339200,0.464000,Seasonal baseline
2034-08-01,2,5,False,1206313019,Surallah,Libertad,1206313003; 1206313018; 1206313019; 1206313024; 1206313032,Centrala (Surallah); Lamsugod (Surallah); Libertad (Surallah); Naci (Surallah); Veterans (Surallah),Surallah,13.220000,0.169600,0.240000,Seasonal baseline
2034-09-01,1,9,False,1206312024,Polomolok,Cannery Site,1206312024; 1206312003; 1206312007; 1206312016; 1206312025; 1206312013; 1206312014; 1206312017; 1206312022,Cannery Site (Polomolok); Glamang (Polomolok); Lam-Caliaf (Polomolok); Magsaysay (Polomolok); Pagalungan (Polomolok); Palkan (Polomolok); Poblacion (Polomolok); Rubber (Polomolok); Upper Klinan (Polomolok),Polomolok,32.240000,0.337778,0.440000,Seasonal baseline
2034-09-01,2,10,False,1206313003,Surallah,Centrala,1206313003; 1206313004; 1206313006; 1206313018; 1206313019; 1206313020; 1206313023; 1206313024; 1206313031; 1206313032,Centrala (Surallah); Colongulo (Surallah); Duengas (Surallah); Lamsugod (Surallah); Libertad (Surallah); Little Baguio (Surallah); Moloy (Surallah); Naci (Surallah); Upper Sepaka (Surallah); Veterans (Surallah),Surallah,27.588000,0.203200,0.284000,Seasonal baseline
2034-10-01,1,7,False,1206312025,Polomolok,Pagalungan,1206312024; 1206312003; 1206312016; 1206312025; 1206312014; 1206312017; 1206312019,Cannery Site (Polomolok); Glamang (Polomolok); Magsaysay (Polomolok); Pagalungan (Polomolok); Poblacion (Polomolok); Rubber (Polomolok); Silway 8 (Polomolok),Polomolok,26.424000,0.318857,0.444000,Seasonal baseline
2034-10-01,2,7,False,1206313023,Surallah,Moloy,1206313008; 1206313003; 1206313004; 1206313006; 1206313019; 1206313020; 1206313023,Canahay (Surallah); Centrala (Surallah); Colongulo (Surallah); Duengas (Surallah); Libertad (Surallah); Little Baguio (Surallah); Moloy (Surallah),Surallah,19.768000,0.204000,0.284000,Seasonal baseline
2034-11-01,1,8,False,1206312014,Polomolok,Poblacion,1206312024; 1206312003; 1206312016; 1206312025; 1206312014; 1206312017; 1206312019; 1206312022,Cannery Site (Polomolok); Glamang (Polomolok); Magsaysay (Polomolok); Pagalungan (Polomolok); Poblacion (Polomolok); Rubber (Polomolok); Silway 8 (Polomolok); Upper Klinan (Polomolok),Polomolok,29.948000,0.346500,0.472000,Seasonal baseline
2034-11-01,2,7,False,1206313019,Surallah,Libertad,1206313008; 1206313003; 1206313004; 1206313006; 1206313019; 1206313020; 1206313023,Canahay (Surallah); Centrala (Surallah); Colongulo (Surallah); Duengas (Surallah); Libertad (Surallah); Little Baguio (Surallah); Moloy (Surallah),Surallah,20.528000,0.218857,0.272000,Seasonal baseline
2034-12-01,1,5,False,1206312024,Polomolok,Cannery Site,1206312024; 1206312016; 1206312025; 1206312014; 1206312017,Cannery Site (Polomolok); Magsaysay (Polomolok); Pagalungan (Polomolok); Poblacion (Polomolok); Rubber (Polomolok),Polomolok,21.952000,0.313600,0.480000,Seasonal baseline
2034-12-01,2,5,False,1206313003,Surallah,Centrala,1206313003; 1206313004; 1206313019; 1206313020; 1206313023,Centrala (Surallah); Colongulo (Surallah); Libertad (Surallah); Little Baguio (Surallah); Moloy (Surallah),Surallah,15.380000,0.203200,0.252000,Seasonal baseline
2035-01-01,1,11,False,1206312017,Polomolok,Rubber,1206312024; 1206312003; 1206312005; 1206312007; 1206312016; 1206312025; 1206312013; 1206312014; 1206312017; 1206312019; 1206312022,Cannery Site (Polomolok); Glamang (Polomolok); Klinan 6 (Polomolok); Lam-Caliaf (Polomolok); Magsaysay (Polomolok); Pagalungan (Polomolok); Palkan (Polomolok); Poblacion (Polomolok); Rubber (Polomolok); Silway 8 (Polomolok); Upper Klinan (Polomolok),Polomolok,35.300000,0.331636,0.408000,Seasonal baseline
2035-01-01,2,10,False,1206313023,Surallah,Moloy,1206313008; 1206313003; 1206313004; 1206313006; 1206313018; 1206313019; 1206313020; 1206313023; 1206313024; 1206313032,Canahay (Surallah); Centrala (Surallah); Colongulo (Surallah); Duengas (Surallah); Lamsugod (Surallah); Libertad (Surallah); Little Baguio (Surallah); Moloy (Surallah); Naci (Surallah); Veterans (Surallah),Surallah,25.116000,0.159600,0.240000,Seasonal baseline
2035-02-01,1,8,False,1206312014,Polomolok,Poblacion,1206312024; 1206312003; 1206312016; 1206312025; 1206312014; 1206312017; 1206312019; 1206312022,Cannery Site (Polomolok); Glamang (Polomolok); Magsaysay (Polomolok); Pagalungan (Polomolok); Poblacion (Polomolok); Rubber (Polomolok); Silway 8 (Polomolok); Upper Klinan (Polomolok),Polomolok,27.764000,0.321000,0.444000,Seasonal baseline
2035-02-01,2,10,False,1206313003,Surallah,Centrala,1206313008; 1206313003; 1206313004; 1206313018; 1206313019; 1206313020; 1206313023; 1206313024; 1206313030; 1206313032,Canahay (Surallah); Centrala (Surallah); Colongulo (Surallah); Lamsugod (Surallah); Libertad (Surallah); Little Baguio (Surallah); Moloy (Surallah); Naci (Surallah); Tubiala (Surallah); Veterans (Surallah),Surallah,24.872000,0.166800,0.268000,Seasonal baseline
2035-03-01,1,10,False,1206312025,Polomolok,Pagalungan,1206312024; 1206312003; 1206312005; 1206312007; 1206312016; 1206312025; 1206312013; 1206312014; 1206312017; 1206312022,Cannery Site (Polomolok); Glamang (Polomolok); Klinan 6 (Polomolok); Lam-Caliaf (Polomolok); Magsaysay (Polomolok); Pagalungan (Polomolok); Palkan (Polomolok); Poblacion (Polomolok); Rubber (Polomolok); Upper Klinan (Polomolok),Polomolok,32.344000,0.328000,0.428000,Seasonal baseline
2035-03-01,2,6,False,1206313019,Surallah,Libertad,1206313008; 1206313003; 1206313004; 1206313019; 1206313023; 1206313030,Canahay (Surallah); Centrala (Surallah); Colongulo (Surallah); Libertad (Surallah); Moloy (Surallah); Tubiala (Surallah),Surallah,15.544000,0.167333,0.244000,Seasonal baseline
2035-04-01,1,6,False,1206312014,Polomolok,Poblacion,1206312024; 1206312016; 1206312025; 1206312014; 1206312017; 1206312019,Cannery Site (Polomolok); Magsaysay (Polomolok); Pagalungan (Polomolok); Poblacion (Polomolok); Rubber (Polomolok); Silway 8 (Polomolok),Polomolok,23.172000,0.330000,0.504000,Seasonal baseline
2035-04-01,2,6,False,1206313019,Surallah,Libertad,1206313008; 1206313003; 1206313004; 1206313019; 1206313020; 1206313023,Canahay (Surallah); Centrala (Surallah); Colongulo (Surallah); Libertad (Surallah); Little Baguio (Surallah); Moloy (Surallah),Surallah,15.732000,0.141333,0.168000,Seasonal baseline
2035-05-01,1,10,False,1206312014,Polomolok,Poblacion,1206312024; 1206312003; 1206312007; 1206312016; 1206312025; 1206312013; 1206312014; 1206312017; 1206312019; 1206312022,Cannery Site (Polomolok); Glamang (Polomolok); Lam-Caliaf (Polomolok); Magsaysay (Polomolok); Pagalungan (Polomolok); Palkan (Polomolok); Poblacion (Polomolok); Rubber (Polomolok); Silway 8 (Polomolok); Upper Klinan (Polomolok),Polomolok,33.544000,0.341200,0.456000,Seasonal baseline
2035-05-01,2,9,False,1206313023,Surallah,Moloy,1206313003; 1206313004; 1206313005; 1206313018; 1206313019; 1206313020; 1206313023; 1206313024; 1206313032,Centrala (Surallah); Colongulo (Surallah); Dajay (Surallah); Lamsugod (Surallah); Libertad (Surallah); Little Baguio (Surallah); Moloy (Surallah); Naci (Surallah); Veterans (Surallah),Surallah,22.908000,0.173333,0.236000,Seasonal baseline
2035-06-01,1,10,False,1206312014,Polomolok,Poblacion,1206312024; 1206312003; 1206312007; 1206312016; 1206312025; 1206312013; 1206312014; 1206312017; 1206312019; 1206312022,Cannery Site (Polomolok); Glamang (Polomolok); Lam-Caliaf (Polomolok); Magsaysay (Polomolok); Pagalungan (Polomolok); Palkan (Polomolok); Poblacion (Polomolok); Rubber (Polomolok); Silway 8 (Polomolok); Upper Klinan (Polomolok),Polomolok,33.800000,0.334000,0.472000,Seasonal baseline
2035-06-01,2,5,False,1206313003,Surallah,Centrala,1206313003; 1206313018; 1206313019; 1206313024; 1206313032,Centrala (Surallah); Lamsugod (Surallah); Libertad (Surallah); Naci (Surallah); Veterans (Surallah),Surallah,12.948000,0.160000,0.228000,Seasonal baseline
2035-07-01,1,8,False,1206312014,Polomolok,Poblacion,1206312024; 1206312003; 1206312016; 1206312025; 1206312014; 1206312017; 1206312019; 1206312022,Cannery Site (Polomolok); Glamang (Polomolok); Magsaysay (Polomolok); Pagalungan (Polomolok); Poblacion (Polomolok); Rubber (Polomolok); Silway 8 (Polomolok); Upper Klinan (Polomolok),Polomolok,29.248000,0.351000,0.428000,Seasonal baseline
2035-07-01,2,6,False,1206313023,Surallah,Moloy,1206313003; 1206313004; 1206313005; 1206313019; 1206313020; 1206313023,Centrala (Surallah); Colongulo (Surallah); Dajay (Surallah); Libertad (Surallah); Little Baguio (Surallah); Moloy (Surallah),Surallah,16.140000,0.173333,0.236000,Seasonal baseline
2035-08-01,1,10,False,1206312024,Polomolok,Cannery Site,1206312024; 1206312003; 1206312004; 1206312016; 1206312025; 1206312013; 1206312014; 1206312017; 1206312019; 1206312022,Cannery Site (Polomolok); Glamang (Polomolok); Kinilis (Polomolok); Magsaysay (Polomolok); Pagalungan (Polomolok); Palkan (Polomolok); Poblacion (Polomolok); Rubber (Polomolok); Silway 8 (Polomolok); Upper Klinan (Polomolok),Polomolok,33.780000,0.336400,0.472000,Seasonal baseline
2035-08-01,2,11,False,1206313003,Surallah,Centrala,1206313008; 1206313003; 1206313004; 1206313005; 1206313006; 1206313019; 1206313020; 1206313023; 1206313024; 1206313028; 1206313030,Canahay (Surallah); Centrala (Surallah); Colongulo (Surallah); Dajay (Surallah); Duengas (Surallah); Libertad (Surallah); Little Baguio (Surallah); Moloy (Surallah); Naci (Surallah); Talahik (Surallah); Tubiala (Surallah),Surallah,28.376000,0.202545,0.288000,Seasonal baseline
2035-09-01,1,9,False,1206312025,Polomolok,Pagalungan,1206312024; 1206312003; 1206312007; 1206312016; 1206312025; 1206312013; 1206312014; 1206312017; 1206312022,Cannery Site (Polomolok); Glamang (Polomolok); Lam-Caliaf (Polomolok); Magsaysay (Polomolok); Pagalungan (Polomolok); Palkan (Polomolok); Poblacion (Polomolok); Rubber (Polomolok); Upper Klinan (Polomolok),Polomolok,31.280000,0.325333,0.460000,Seasonal baseline
2035-09-01,2,11,False,1206313019,Surallah,Libertad,1206313008; 1206313003; 1206313004; 1206313006; 1206313018; 1206313019; 1206313020; 1206313023; 1206313030; 1206313031; 1206313032,Canahay (Surallah); Centrala (Surallah); Colongulo (Surallah); Duengas (Surallah); Lamsugod (Surallah); Libertad (Surallah); Little Baguio (Surallah); Moloy (Surallah); Tubiala (Surallah); Upper Sepaka (Surallah); Veterans (Surallah),Surallah,29.924000,0.200000,0.280000,Seasonal baseline
2035-10-01,1,6,False,1206312024,Polomolok,Cannery Site,1206312024; 1206312003; 1206312016; 1206312025; 1206312014; 1206312017,Cannery Site (Polomolok); Glamang (Polomolok); Magsaysay (Polomolok); Pagalungan (Polomolok); Poblacion (Polomolok); Rubber (Polomolok),Polomolok,23.968000,0.314667,0.484000,Seasonal baseline
2035-10-01,2,7,False,1206313023,Surallah,Moloy,1206313008; 1206313003; 1206313004; 1206313006; 1206313019; 1206313020; 1206313023,Canahay (Surallah); Centrala (Surallah); Colongulo (Surallah); Duengas (Surallah); Libertad (Surallah); Little Baguio (Surallah); Moloy (Surallah),Surallah,20.120000,0.201714,0.260000,Seasonal baseline
2035-11-01,1,4,False,1206312014,Polomolok,Poblacion,1206312024; 1206312016; 1206312025; 1206312014,Cannery Site (Polomolok); Magsaysay (Polomolok); Pagalungan (Polomolok); Poblacion (Polomolok),Polomolok,19.148000,0.312000,0.444000,Seasonal baseline
2035-11-01,2,6,False,1206313003,Surallah,Centrala,1206313003; 1206313004; 1206313019; 1206313020; 1206313023; 1206313028,Centrala (Surallah); Colongulo (Surallah); Libertad (Surallah); Little Baguio (Surallah); Moloy (Surallah); Talahik (Surallah),Surallah,17.944000,0.207333,0.324000,Seasonal baseline
2035-12-01,1,9,False,1206312024,Polomolok,Cannery Site,1206312024; 1206312003; 1206312007; 1206312016; 1206312025; 1206312013; 1206312014; 1206312017; 1206312022,Cannery Site (Polomolok); Glamang (Polomolok); Lam-Caliaf (Polomolok); Magsaysay (Polomolok); Pagalungan (Polomolok); Palkan (Polomolok); Poblacion (Polomolok); Rubber (Polomolok); Upper Klinan (Polomolok),Polomolok,31.988000,0.345333,0.460000,Seasonal baseline
2035-12-01,2,6,False,1206313023,Surallah,Moloy,1206313003; 1206313004; 1206313019; 1206313020; 1206313023; 1206313031,Centrala (Surallah); Colongulo (Surallah); Libertad (Surallah); Little Baguio (Surallah); Moloy (Surallah); Upper Sepaka (Surallah),Surallah,18.048000,0.218000,0.264000,Seasonal baseline
2036-01-01,1,10,False,1206312014,Polomolok,Poblacion,1206312024; 1206312003; 1206312007; 1206312016; 1206312025; 1206312013; 1206312014; 1206312017; 1206312019; 1206312022,Cannery Site (Polomolok); Glamang (Polomolok); Lam-Caliaf (Polomolok); Magsaysay (Polomolok); Pagalungan (Polomolok); Palkan (Polomolok); Poblacion (Polomolok); Rubber (Polomolok); Silway 8 (Polomolok); Upper Klinan (Polomolok),Polomolok,33.596000,0.330400,0.440000,Seasonal baseline
2036-01-01,2,6,False,1206313019,Surallah,Libertad,1206313008; 1206313003; 1206313004; 1206313019; 1206313020; 1206313023,Canahay (Surallah); Centrala (Surallah); Colongulo (Surallah); Libertad (Surallah); Little Baguio (Surallah); Moloy (Surallah),Surallah,15.220000,0.142667,0.172000,Seasonal baseline
2036-02-01,1,10,False,1206312024,Polomolok,Cannery Site,1206312024; 1206312003; 1206312007; 1206312016; 1206312025; 1206312013; 1206312014; 1206312017; 1206312019; 1206312022,Cannery Site (Polomolok); Glamang (Polomolok); Lam-Caliaf (Polomolok); Magsaysay (Polomolok); Pagalungan (Polomolok); Palkan (Polomolok); Poblacion (Polomolok); Rubber (Polomolok); Silway 8 (Polomolok); Upper Klinan (Polomolok),Polomolok,33.624000,0.345600,0.436000,Seasonal baseline
2036-02-01,2,6,False,1206313023,Surallah,Moloy,1206313003; 1206313004; 1206313006; 1206313019; 1206313020; 1206313023,Centrala (Surallah); Colongulo (Surallah); Duengas (Surallah); Libertad (Surallah); Little Baguio (Surallah); Moloy (Surallah),Surallah,15.380000,0.178667,0.284000,Seasonal baseline
2036-03-01,1,10,False,1206312014,Polomolok,Poblacion,1206312024; 1206312003; 1206312007; 1206312016; 1206312025; 1206312013; 1206312014; 1206312017; 1206312019; 1206312022,Cannery Site (Polomolok); Glamang (Polomolok); Lam-Caliaf (Polomolok); Magsaysay (Polomolok); Pagalungan (Polomolok); Palkan (Polomolok); Poblacion (Polomolok); Rubber (Polomolok); Silway 8 (Polomolok); Upper Klinan (Polomolok),Polomolok,33.868000,0.340400,0.480000,Seasonal baseline
2036-04-01,1,10,False,1206312014,Polomolok,Poblacion,1206312024; 1206312003; 1206312007; 1206312016; 1206312025; 1206312013; 1206312014; 1206312017; 1206312019; 1206312022,Cannery Site (Polomolok); Glamang (Polomolok); Lam-Caliaf (Polomolok); Magsaysay (Polomolok); Pagalungan (Polomolok); Palkan (Polomolok); Poblacion (Polomolok); Rubber (Polomolok); Silway 8 (Polomolok); Upper Klinan (Polomolok),Polomolok,33.396000,0.323600,0.448000,Seasonal baseline
2036-04-01,2,9,True,1206313019,Surallah,Libertad,1206313002; 1206313008; 1206313003; 1206313004; 1206313006; 1206313019; 1206313020; 1206313023; 1206313028,Buenavista (Surallah); Canahay (Surallah); Centrala (Surallah); Colongulo (Surallah); Duengas (Surallah); Libertad (Surallah); Little Baguio (Surallah); Moloy (Surallah); Talahik (Surallah),Surallah,22.552000,0.182667,0.268000,Seasonal baseline
2036-05-01,1,9,False,1206312025,Polomolok,Pagalungan,1206312024; 1206312003; 1206312007; 1206312016; 1206312025; 1206312013; 1206312014; 1206312017; 1206312022,Cannery Site (Polomolok); Glamang (Polomolok); Lam-Caliaf (Polomolok); Magsaysay (Polomolok); Pagalungan (Polomolok); Palkan (Polomolok); Poblacion (Polomolok); Rubber (Polomolok); Upper Klinan (Polomolok),Polomolok,31.980000,0.334222,0.488000,Seasonal baseline
2036-05-01,2,5,False,1206313003,Surallah,Centrala,1206313003; 1206313004; 1206313019; 1206313020; 1206313023,Centrala (Surallah); Colongulo (Surallah); Libertad (Surallah); Little Baguio (Surallah); Moloy (Surallah),Surallah,13.944000,0.176800,0.220000,Seasonal baseline
2036-06-01,1,8,False,1206312014,Polomolok,Poblacion,1206312024; 1206312003; 1206312016; 1206312025; 1206312014; 1206312017; 1206312019; 1206312022,Cannery Site (Polomolok); Glamang (Polomolok); Magsaysay (Polomolok); Pagalungan (Polomolok); Poblacion (Polomolok); Rubber (Polomolok); Silway 8 (Polomolok); Upper Klinan (Polomolok),Polomolok,28.780000,0.339000,0.456000,Seasonal baseline
2036-06-01,2,5,False,1206313023,Surallah,Moloy,1206313003; 1206313004; 1206313019; 1206313020; 1206313023,Centrala (Surallah); Colongulo (Surallah); Libertad (Surallah); Little Baguio (Surallah); Moloy (Surallah),Surallah,13.568000,0.156000,0.192000,Seasonal baseline
2036-07-01,1,7,False,1206312025,Polomolok,Pagalungan,1206312024; 1206312003; 1206312016; 1206312025; 1206312014; 1206312017; 1206312019,Cannery Site (Polomolok); Glamang (Polomolok); Magsaysay (Polomolok); Pagalungan (Polomolok); Poblacion (Polomolok); Rubber (Polomolok); Silway 8 (Polomolok),Polomolok,27.508000,0.350286,0.488000,Seasonal baseline
2036-07-01,2,6,False,1206313019,Surallah,Libertad,1206313008; 1206313003; 1206313004; 1206313019; 1206313020; 1206313023,Canahay (Surallah); Centrala (Surallah); Colongulo (Surallah); Libertad (Surallah); Little Baguio (Surallah); Moloy (Surallah),Surallah,16.836000,0.170000,0.192000,Seasonal baseline
2036-08-01,1,7,False,1206312014,Polomolok,Poblacion,1206312024; 1206312003; 1206312016; 1206312025; 1206312014; 1206312017; 1206312019,Cannery Site (Polomolok); Glamang (Polomolok); Magsaysay (Polomolok); Pagalungan (Polomolok); Poblacion (Polomolok); Rubber (Polomolok); Silway 8 (Polomolok),Polomolok,26.668000,0.337714,0.476000,Seasonal baseline
2036-08-01,2,7,False,1206313003,Surallah,Centrala,1206313008; 1206313003; 1206313004; 1206313006; 1206313019; 1206313020; 1206313023,Canahay (Surallah); Centrala (Surallah); Colongulo (Surallah); Duengas (Surallah); Libertad (Surallah); Little Baguio (Surallah); Moloy (Surallah),Surallah,19.268000,0.190857,0.260000,Seasonal baseline
2036-09-01,1,10,False,1206312024,Polomolok,Cannery Site,1206312024; 1206312003; 1206312007; 1206312016; 1206312025; 1206312013; 1206312014; 1206312017; 1206312019; 1206312022,Cannery Site (Polomolok); Glamang (Polomolok); Lam-Caliaf (Polomolok); Magsaysay (Polomolok); Pagalungan (Polomolok); Palkan (Polomolok); Poblacion (Polomolok); Rubber (Polomolok); Silway 8 (Polomolok); Upper Klinan (Polomolok),Polomolok,33.920000,0.348800,0.460000,Seasonal baseline
2036-09-01,2,9,False,1206313003,Surallah,Centrala,1206313008; 1206313003; 1206313004; 1206313018; 1206313019; 1206313020; 1206313023; 1206313024; 1206313032,Canahay (Surallah); Centrala (Surallah); Colongulo (Surallah); Lamsugod (Surallah); Libertad (Surallah); Little Baguio (Surallah); Moloy (Surallah); Naci (Surallah); Veterans (Surallah),Surallah,24.856000,0.201333,0.264000,Seasonal baseline
2036-10-01,1,10,False,1206312014,Polomolok,Poblacion,1206312024; 1206312003; 1206312007; 1206312016; 1206312025; 1206312013; 1206312014; 1206312017; 1206312019; 1206312022,Cannery Site (Polomolok); Glamang (Polomolok); Lam-Caliaf (Polomolok); Magsaysay (Polomolok); Pagalungan (Polomolok); Palkan (Polomolok); Poblacion (Polomolok); Rubber (Polomolok); Silway 8 (Polomolok); Upper Klinan (Polomolok),Polomolok,34.008000,0.336000,0.464000,Seasonal baseline
2036-10-01,2,9,False,1206313019,Surallah,Libertad,1206313008; 1206313003; 1206313004; 1206313006; 1206313019; 1206313020; 1206313023; 1206313028; 1206313031,Canahay (Surallah); Centrala (Surallah); Colongulo (Surallah); Duengas (Surallah); Libertad (Surallah); Little Baguio (Surallah); Moloy (Surallah); Talahik (Surallah); Upper Sepaka (Surallah),Surallah,24.096000,0.198222,0.280000,Seasonal baseline
2036-11-01,1,9,False,1206312014,Polomolok,Poblacion,1206312024; 1206312003; 1206312007; 1206312016; 1206312025; 1206312013; 1206312014; 1206312017; 1206312022,Cannery Site (Polomolok); Glamang (Polomolok); Lam-Caliaf (Polomolok); Magsaysay (Polomolok); Pagalungan (Polomolok); Palkan (Polomolok); Poblacion (Polomolok); Rubber (Polomolok); Upper Klinan (Polomolok),Polomolok,31.968000,0.336889,0.460000,Seasonal baseline
2036-11-01,2,10,False,1206313023,Surallah,Moloy,1206313008; 1206313003; 1206313004; 1206313006; 1206313018; 1206313019; 1206313020; 1206313023; 1206313024; 1206313032,Canahay (Surallah); Centrala (Surallah); Colongulo (Surallah); Duengas (Surallah); Lamsugod (Surallah); Libertad (Surallah); Little Baguio (Surallah); Moloy (Surallah); Naci (Surallah); Veterans (Surallah),Surallah,26.960000,0.193600,0.280000,Seasonal baseline
2036-12-01,1,6,False,1206312024,Polomolok,Cannery Site,1206312024; 1206312003; 1206312016; 1206312025; 1206312014; 1206312017,Cannery Site (Polomolok); Glamang (Polomolok); Magsaysay (Polomolok); Pagalungan (Polomolok); Poblacion (Polomolok); Rubber (Polomolok),Polomolok,25.092000,0.322667,0.380000,Seasonal baseline
2036-12-01,2,3,False,1206313019,Surallah,Libertad,1206313003; 1206313019; 1206313024,Centrala (Surallah); Libertad (Surallah); Naci (Surallah),Surallah,9.260000,0.212000,0.304000,Seasonal baseline
2036-12-01,3,3,False,1206313023,Surallah,Moloy,1206313006; 1206313023; 1206313028,Duengas (Surallah); Moloy (Surallah); Talahik (Surallah),Surallah,7.916000,0.248000,0.292000,Seasonal baseline
2037-01-01,1,9,False,1206312025,Polomolok,Pagalungan,1206312024; 1206312003; 1206312007; 1206312016; 1206312025; 1206312013; 1206312014; 1206312017; 1206312022,Cannery Site (Polomolok); Glamang (Polomolok); Lam-Caliaf (Polomolok); Magsaysay (Polomolok); Pagalungan (Polomolok); Palkan (Polomolok); Poblacion (Polomolok); Rubber (Polomolok); Upper Klinan (Polomolok),Polomolok,31.684000,0.328000,0.456000,Seasonal baseline
2037-02-01,1,12,False,1206312024,Polomolok,Cannery Site,1206312024; 1206312003; 1206312007; 1206312009; 1206312016; 1206312025; 1206312013; 1206312014; 1206312017; 1206312018; 1206312019; 1206312022,Cannery Site (Polomolok); Glamang (Polomolok); Lam-Caliaf (Polomolok); Lumakil (Polomolok); Magsaysay (Polomolok); Pagalungan (Polomolok); Palkan (Polomolok); Poblacion (Polomolok); Rubber (Polomolok); Silway 7 (Polomolok); Silway 8 (Polomolok); Upper Klinan (Polomolok),Polomolok,37.216000,0.327333,0.424000,Seasonal baseline
2037-03-01,1,9,False,1206312014,Polomolok,Poblacion,1206312024; 1206312003; 1206312007; 1206312025; 1206312013; 1206312014; 1206312017; 1206312019; 1206312022,Cannery Site (Polomolok); Glamang (Polomolok); Lam-Caliaf (Polomolok); Pagalungan (Polomolok); Palkan (Polomolok); Poblacion (Polomolok); Rubber (Polomolok); Silway 8 (Polomolok); Upper Klinan (Polomolok),Polomolok,31.644000,0.320444,0.412000,Seasonal baseline
2037-04-01,1,7,False,1206312025,Polomolok,Pagalungan,1206312024; 1206312003; 1206312016; 1206312025; 1206312014; 1206312017; 1206312022,Cannery Site (Polomolok); Glamang (Polomolok); Magsaysay (Polomolok); Pagalungan (Polomolok); Poblacion (Polomolok); Rubber (Polomolok); Upper Klinan (Polomolok),Polomolok,26.640000,0.324000,0.432000,Seasonal baseline
2037-05-01,1,10,False,1206312014,Polomolok,Poblacion,1206312024; 1206312003; 1206312007; 1206312016; 1206312025; 1206312013; 1206312014; 1206312017; 1206312019; 1206312022,Cannery Site (Polomolok); Glamang (Polomolok); Lam-Caliaf (Polomolok); Magsaysay (Polomolok); Pagalungan (Polomolok); Palkan (Polomolok); Poblacion (Polomolok); Rubber (Polomolok); Silway 8 (Polomolok); Upper Klinan (Polomolok),Polomolok,34.256000,0.323600,0.396000,Seasonal baseline
2037-06-01,1,10,False,1206312025,Polomolok,Pagalungan,1206312024; 1206312003; 1206312007; 1206312016; 1206312025; 1206312013; 1206312014; 1206312017; 1206312019; 1206312022,Cannery Site (Polomolok); Glamang (Polomolok); Lam-Caliaf (Polomolok); Magsaysay (Polomolok); Pagalungan (Polomolok); Palkan (Polomolok); Poblacion (Polomolok); Rubber (Polomolok); Silway 8 (Polomolok); Upper Klinan (Polomolok),Polomolok,34.468000,0.344800,0.468000,Seasonal baseline
2037-07-01,1,7,False,1206312024,Polomolok,Cannery Site,1206312024; 1206312003; 1206312016; 1206312025; 1206312014; 1206312017; 1206312022,Cannery Site (Polomolok); Glamang (Polomolok); Magsaysay (Polomolok); Pagalungan (Polomolok); Poblacion (Polomolok); Rubber (Polomolok); Upper Klinan (Polomolok),Polomolok,25.868000,0.309143,0.444000,Seasonal baseline
2037-07-01,2,3,True,1206313019,Surallah,Libertad,1206313003; 1206313019; 1206313024,Centrala (Surallah); Libertad (Surallah); Naci (Surallah),Surallah,8.720000,0.184000,0.248000,Seasonal baseline
2037-07-01,3,3,True,1206313023,Surallah,Moloy,1206313006; 1206313023; 1206313031,Duengas (Surallah); Moloy (Surallah); Upper Sepaka (Surallah),Surallah,7.604000,0.245333,0.296000,Seasonal baseline
2037-08-01,1,9,False,1206312014,Polomolok,Poblacion,1206312024; 1206312003; 1206312016; 1206312025; 1206312014; 1206312017; 1206312018; 1206312019; 1206312022,Cannery Site (Polomolok); Glamang (Polomolok); Magsaysay (Polomolok); Pagalungan (Polomolok); Poblacion (Polomolok); Rubber (Polomolok); Silway 7 (Polomolok); Silway 8 (Polomolok); Upper Klinan (Polomolok),Polomolok,31.256000,0.335556,0.416000,Seasonal baseline
2037-08-01,2,10,False,1206313003,Surallah,Centrala,1206313008; 1206313003; 1206313004; 1206313006; 1206313018; 1206313019; 1206313020; 1206313023; 1206313030; 1206313032,Canahay (Surallah); Centrala (Surallah); Colongulo (Surallah); Duengas (Surallah); Lamsugod (Surallah); Libertad (Surallah); Little Baguio (Surallah); Moloy (Surallah); Tubiala (Surallah); Veterans (Surallah),Surallah,26.768000,0.194000,0.272000,Seasonal baseline
2037-09-01,1,10,False,1206313019,Surallah,Libertad,1206319013; 1206313008; 1206313003; 1206313004; 1206313006; 1206313019; 1206313020; 1206313023; 1206313028; 1206313031,Ned (Lake Sebu); Canahay (Surallah); Centrala (Surallah); Colongulo (Surallah); Duengas (Surallah); Libertad (Surallah); Little Baguio (Surallah); Moloy (Surallah); Talahik (Surallah); Upper Sepaka (Surallah),Lake Sebu; Surallah,26.668000,0.210000,0.272000,Seasonal baseline
2037-09-01,2,8,False,1206312024,Polomolok,Cannery Site,1206312024; 1206312003; 1206312016; 1206312025; 1206312014; 1206312017; 1206312019; 1206312022,Cannery Site (Polomolok); Glamang (Polomolok); Magsaysay (Polomolok); Pagalungan (Polomolok); Poblacion (Polomolok); Rubber (Polomolok); Silway 8 (Polomolok); Upper Klinan (Polomolok),Polomolok,29.512000,0.346000,0.456000,Seasonal baseline
2037-10-01,1,8,False,1206312025,Polomolok,Pagalungan,1206312024; 1206312003; 1206312007; 1206312016; 1206312025; 1206312014; 1206312017; 1206312022,Cannery Site (Polomolok); Glamang (Polomolok); Lam-Caliaf (Polomolok); Magsaysay (Polomolok); Pagalungan (Polomolok); Poblacion (Polomolok); Rubber (Polomolok); Upper Klinan (Polomolok),Polomolok,30.300000,0.355500,0.488000,Seasonal baseline
2037-10-01,2,3,False,1206313003,Surallah,Centrala,1206313003; 1206313019; 1206313024,Centrala (Surallah); Libertad (Surallah); Naci (Surallah),Surallah,8.828000,0.193333,0.288000,Seasonal baseline
2037-11-01,1,9,False,1206312014,Polomolok,Poblacion,1206312024; 1206312003; 1206312007; 1206312016; 1206312025; 1206312013; 1206312014; 1206312017; 1206312022,Cannery Site (Polomolok); Glamang (Polomolok); Lam-Caliaf (Polomolok); Magsaysay (Polomolok); Pagalungan (Polomolok); Palkan (Polomolok); Poblacion (Polomolok); Rubber (Polomolok); Upper Klinan (Polomolok),Polomolok,32.248000,0.335111,0.468000,Seasonal baseline
2037-11-01,2,7,False,1206313019,Surallah,Libertad,1206313003; 1206313004; 1206313006; 1206313019; 1206313020; 1206313023; 1206313028,Centrala (Surallah); Colongulo (Surallah); Duengas (Surallah); Libertad (Surallah); Little Baguio (Surallah); Moloy (Surallah); Talahik (Surallah),Surallah,20.204000,0.211429,0.284000,Seasonal baseline
2037-12-01,1,4,False,1206312024,Polomolok,Cannery Site,1206312024; 1206312025; 1206312014; 1206312022,Cannery Site (Polomolok); Pagalungan (Polomolok); Poblacion (Polomolok); Upper Klinan (Polomolok),Polomolok,18.968000,0.323000,0.480000,Seasonal baseline
2037-12-01,2,3,False,1206313023,Surallah,Moloy,1206313006; 1206313023; 1206313028,Duengas (Surallah); Moloy (Surallah); Talahik (Surallah),Surallah,8.236000,0.256000,0.268000,Seasonal baseline
2038-01-01,1,10,False,1206312024,Polomolok,Cannery Site,1206312024; 1206312003; 1206312007; 1206312016; 1206312025; 1206312013; 1206312014; 1206312017; 1206312018; 1206312022,Cannery Site (Polomolok); Glamang (Polomolok); Lam-Caliaf (Polomolok); Magsaysay (Polomolok); Pagalungan (Polomolok); Palkan (Polomolok); Poblacion (Polomolok); Rubber (Polomolok); Silway 7 (Polomolok); Upper Klinan (Polomolok),Polomolok,33.440000,0.324800,0.484000,Seasonal baseline
2038-02-01,1,7,True,1206313003,Surallah,Centrala,1206319013; 1206313003; 1206313004; 1206313019; 1206313020; 1206313023; 1206313031,Ned (Lake Sebu); Centrala (Surallah); Colongulo (Surallah); Libertad (Surallah); Little Baguio (Surallah); Moloy (Surallah); Upper Sepaka (Surallah),Lake Sebu; Surallah,17.096000,0.158857,0.232000,Seasonal baseline
2038-02-01,2,11,False,1206312024,Polomolok,Cannery Site,1206312024; 1206312002; 1206312003; 1206312007; 1206312016; 1206312025; 1206312013; 1206312014; 1206312017; 1206312019; 1206312022,Cannery Site (Polomolok); Crossing Palkan (Polomolok); Glamang (Polomolok); Lam-Caliaf (Polomolok); Magsaysay (Polomolok); Pagalungan (Polomolok); Palkan (Polomolok); Poblacion (Polomolok); Rubber (Polomolok); Silway 8 (Polomolok); Upper Klinan (Polomolok),Polomolok,35.104000,0.329455,0.416000,Seasonal baseline
2038-03-01,1,11,False,1206312014,Polomolok,Poblacion,1206312024; 1206312003; 1206312007; 1206312009; 1206312016; 1206312025; 1206312013; 1206312014; 1206312017; 1206312018; 1206312022,Cannery Site (Polomolok); Glamang (Polomolok); Lam-Caliaf (Polomolok); Lumakil (Polomolok); Magsaysay (Polomolok); Pagalungan (Polomolok); Palkan (Polomolok); Poblacion (Polomolok); Rubber (Polomolok); Silway 7 (Polomolok); Upper Klinan (Polomolok),Polomolok,36.764000,0.342545,0.444000,Seasonal baseline
2038-04-01,1,9,False,1206312025,Polomolok,Pagalungan,1206312024; 1206312003; 1206312007; 1206312016; 1206312025; 1206312013; 1206312014; 1206312017; 1206312022,Cannery Site (Polomolok); Glamang (Polomolok); Lam-Caliaf (Polomolok); Magsaysay (Polomolok); Pagalungan (Polomolok); Palkan (Polomolok); Poblacion (Polomolok); Rubber (Polomolok); Upper Klinan (Polomolok),Polomolok,30.592000,0.316444,0.436000,Seasonal baseline
2038-04-01,2,6,True,1206313019,Surallah,Libertad,1206313003; 1206313004; 1206313005; 1206313019; 1206313020; 1206313023,Centrala (Surallah); Colongulo (Surallah); Dajay (Surallah); Libertad (Surallah); Little Baguio (Surallah); Moloy (Surallah),Surallah,15.984000,0.176000,0.236000,Seasonal baseline
2038-05-01,1,11,False,1206312014,Polomolok,Poblacion,1206312024; 1206312003; 1206312007; 1206312016; 1206312025; 1206312013; 1206312014; 1206312017; 1206312018; 1206312019; 1206312022,Cannery Site (Polomolok); Glamang (Polomolok); Lam-Caliaf (Polomolok); Magsaysay (Polomolok); Pagalungan (Polomolok); Palkan (Polomolok); Poblacion (Polomolok); Rubber (Polomolok); Silway 7 (Polomolok); Silway 8 (Polomolok); Upper Klinan (Polomolok),Polomolok,36.236000,0.349091,0.468000,Seasonal baseline
2038-05-01,2,4,False,1206313019,Surallah,Libertad,1206313003; 1206313018; 1206313019; 1206313024,Centrala (Surallah); Lamsugod (Surallah); Libertad (Surallah); Naci (Surallah),Surallah,10.060000,0.157000,0.248000,Seasonal baseline
2038-05-01,3,3,False,1206313023,Surallah,Moloy,1206313006; 1206313023; 1206313031,Duengas (Surallah); Moloy (Surallah); Upper Sepaka (Surallah),Surallah,7.128000,0.213333,0.236000,Seasonal baseline
2038-06-01,1,11,False,1206312014,Polomolok,Poblacion,1206312024; 1206312003; 1206312005; 1206312007; 1206312016; 1206312025; 1206312013; 1206312014; 1206312017; 1206312019; 1206312022,Cannery Site (Polomolok); Glamang (Polomolok); Klinan 6 (Polomolok); Lam-Caliaf (Polomolok); Magsaysay (Polomolok); Pagalungan (Polomolok); Palkan (Polomolok); Poblacion (Polomolok); Rubber (Polomolok); Silway 8 (Polomolok); Upper Klinan (Polomolok),Polomolok,36.508000,0.338545,0.460000,Seasonal baseline
2038-06-01,2,9,False,1206313003,Surallah,Centrala,1206313008; 1206313003; 1206313004; 1206313005; 1206313006; 1206313019; 1206313020; 1206313023; 1206313028,Canahay (Surallah); Centrala (Surallah); Colongulo (Surallah); Dajay (Surallah); Duengas (Surallah); Libertad (Surallah); Little Baguio (Surallah); Moloy (Surallah); Talahik (Surallah),Surallah,23.364000,0.185333,0.308000,Seasonal baseline
2038-07-01,1,9,False,1206312025,Polomolok,Pagalungan,1206312024; 1206312003; 1206312007; 1206312016; 1206312025; 1206312013; 1206312014; 1206312017; 1206312022,Cannery Site (Polomolok); Glamang (Polomolok); Lam-Caliaf (Polomolok); Magsaysay (Polomolok); Pagalungan (Polomolok); Palkan (Polomolok); Poblacion (Polomolok); Rubber (Polomolok); Upper Klinan (Polomolok),Polomolok,31.848000,0.319111,0.408000,Seasonal baseline
2038-07-01,2,7,False,1206313023,Surallah,Moloy,1206313003; 1206313004; 1206313006; 1206313019; 1206313020; 1206313023; 1206313028,Centrala (Surallah); Colongulo (Surallah); Duengas (Surallah); Libertad (Surallah); Little Baguio (Surallah); Moloy (Surallah); Talahik (Surallah),Surallah,19.340000,0.206286,0.244000,Seasonal baseline
2038-08-01,1,9,False,1206312025,Polomolok,Pagalungan,1206312024; 1206312003; 1206312007; 1206312016; 1206312025; 1206312013; 1206312014; 1206312017; 1206312019,Cannery Site (Polomolok); Glamang (Polomolok); Lam-Caliaf (Polomolok); Magsaysay (Polomolok); Pagalungan (Polomolok); Palkan (Polomolok); Poblacion (Polomolok); Rubber (Polomolok); Silway 8 (Polomolok),Polomolok,31.204000,0.330222,0.472000,Seasonal baseline
2038-09-01,1,9,False,1206312024,Polomolok,Cannery Site,1206312024; 1206312003; 1206312007; 1206312016; 1206312025; 1206312013; 1206312014; 1206312017; 1206312019,Cannery Site (Polomolok); Glamang (Polomolok); Lam-Caliaf (Polomolok); Magsaysay (Polomolok); Pagalungan (Polomolok); Palkan (Polomolok); Poblacion (Polomolok); Rubber (Polomolok); Silway 8 (Polomolok),Polomolok,31.116000,0.327556,0.460000,Seasonal baseline
2038-09-01,2,8,True,1206313023,Surallah,Moloy,1206313008; 1206313003; 1206313004; 1206313006; 1206313019; 1206313020; 1206313023; 1206313028,Canahay (Surallah); Centrala (Surallah); Colongulo (Surallah); Duengas (Surallah); Libertad (Surallah); Little Baguio (Surallah); Moloy (Surallah); Talahik (Surallah),Surallah,21.452000,0.184500,0.252000,Seasonal baseline
2038-10-01,1,9,False,1206312014,Polomolok,Poblacion,1206312024; 1206312003; 1206312007; 1206312016; 1206312025; 1206312013; 1206312014; 1206312017; 1206312019,Cannery Site (Polomolok); Glamang (Polomolok); Lam-Caliaf (Polomolok); Magsaysay (Polomolok); Pagalungan (Polomolok); Palkan (Polomolok); Poblacion (Polomolok); Rubber (Polomolok); Silway 8 (Polomolok),Polomolok,32.252000,0.342667,0.468000,Seasonal baseline
2038-10-01,2,7,False,1206313023,Surallah,Moloy,1206313003; 1206313004; 1206313005; 1206313006; 1206313019; 1206313020; 1206313023,Centrala (Surallah); Colongulo (Surallah); Dajay (Surallah); Duengas (Surallah); Libertad (Surallah); Little Baguio (Surallah); Moloy (Surallah),Surallah,19.736000,0.208571,0.288000,Seasonal baseline
2038-11-01,1,8,False,1206312014,Polomolok,Poblacion,1206312024; 1206312003; 1206312007; 1206312016; 1206312025; 1206312013; 1206312014; 1206312017,Cannery Site (Polomolok); Glamang (Polomolok); Lam-Caliaf (Polomolok); Magsaysay (Polomolok); Pagalungan (Polomolok); Palkan (Polomolok); Poblacion (Polomolok); Rubber (Polomolok),Polomolok,29.536000,0.330000,0.452000,Seasonal baseline
2038-11-01,2,7,False,1206313023,Surallah,Moloy,1206313008; 1206313003; 1206313004; 1206313019; 1206313020; 1206313023; 1206313028,Canahay (Surallah); Centrala (Surallah); Colongulo (Surallah); Libertad (Surallah); Little Baguio (Surallah); Moloy (Surallah); Talahik (Surallah),Surallah,20.412000,0.212000,0.296000,Seasonal baseline
2038-12-01,1,9,False,1206312025,Polomolok,Pagalungan,1206312024; 1206312003; 1206312007; 1206312016; 1206312025; 1206312013; 1206312014; 1206312017; 1206312022,Cannery Site (Polomolok); Glamang (Polomolok); Lam-Caliaf (Polomolok); Magsaysay (Polomolok); Pagalungan (Polomolok); Palkan (Polomolok); Poblacion (Polomolok); Rubber (Polomolok); Upper Klinan (Polomolok),Polomolok,32.228000,0.332444,0.432000,Seasonal baseline
2038-12-01,2,5,False,1206313003,Surallah,Centrala,1206313003; 1206313018; 1206313019; 1206313024; 1206313032,Centrala (Surallah); Lamsugod (Surallah); Libertad (Surallah); Naci (Surallah); Veterans (Surallah),Surallah,14.392000,0.210400,0.308000,Seasonal baseline
2038-12-01,3,3,False,1206313023,Surallah,Moloy,1206313006; 1206313023; 1206313028,Duengas (Surallah); Moloy (Surallah); Talahik (Surallah),Surallah,8.464000,0.268000,0.324000,Seasonal baseline
2039-01-01,1,8,False,1206312024,Polomolok,Cannery Site,1206312024; 1206312003; 1206312007; 1206312016; 1206312025; 1206312014; 1206312017; 1206312022,Cannery Site (Polomolok); Glamang (Polomolok); Lam-Caliaf (Polomolok); Magsaysay (Polomolok); Pagalungan (Polomolok); Poblacion (Polomolok); Rubber (Polomolok); Upper Klinan (Polomolok),Polomolok,29.132000,0.354000,0.444000,Seasonal baseline
2039-01-01,2,3,False,1206313023,Surallah,Moloy,1206313006; 1206313023; 1206313028,Duengas (Surallah); Moloy (Surallah); Talahik (Surallah),Surallah,7.372000,0.226667,0.292000,Seasonal baseline
2039-02-01,1,9,False,1206312025,Polomolok,Pagalungan,1206312024; 1206312007; 1206312016; 1206312025; 1206312013; 1206312014; 1206312017; 1206312019; 1206312022,Cannery Site (Polomolok); Lam-Caliaf (Polomolok); Magsaysay (Polomolok); Pagalungan (Polomolok); Palkan (Polomolok); Poblacion (Polomolok); Rubber (Polomolok); Silway 8 (Polomolok); Upper Klinan (Polomolok),Polomolok,30.808000,0.339556,0.448000,Seasonal baseline
2039-03-01,1,9,False,1206312025,Polomolok,Pagalungan,1206312024; 1206312003; 1206312004; 1206312007; 1206312016; 1206312025; 1206312013; 1206312014; 1206312017,Cannery Site (Polomolok); Glamang (Polomolok); Kinilis (Polomolok); Lam-Caliaf (Polomolok); Magsaysay (Polomolok); Pagalungan (Polomolok); Palkan (Polomolok); Poblacion (Polomolok); Rubber (Polomolok),Polomolok,30.776000,0.315556,0.400000,Seasonal baseline
2039-04-01,1,10,False,1206312024,Polomolok,Cannery Site,1206312024; 1206312003; 1206312007; 1206312016; 1206312025; 1206312013; 1206312014; 1206312017; 1206312019; 1206312022,Cannery Site (Polomolok); Glamang (Polomolok); Lam-Caliaf (Polomolok); Magsaysay (Polomolok); Pagalungan (Polomolok); Palkan (Polomolok); Poblacion (Polomolok); Rubber (Polomolok); Silway 8 (Polomolok); Upper Klinan (Polomolok),Polomolok,32.624000,0.314400,0.404000,Seasonal baseline
2039-05-01,1,10,False,1206312014,Polomolok,Poblacion,1206312024; 1206312003; 1206312007; 1206312025; 1206312013; 1206312014; 1206312017; 1206312018; 1206312019; 1206312022,Cannery Site (Polomolok); Glamang (Polomolok); Lam-Caliaf (Polomolok); Pagalungan (Polomolok); Palkan (Polomolok); Poblacion (Polomolok); Rubber (Polomolok); Silway 7 (Polomolok); Silway 8 (Polomolok); Upper Klinan (Polomolok),Polomolok,32.960000,0.312800,0.412000,Seasonal baseline
2039-05-01,2,9,True,1206313003,Surallah,Centrala,1206313008; 1206313003; 1206313004; 1206313018; 1206313019; 1206313020; 1206313023; 1206313024; 1206313032,Canahay (Surallah); Centrala (Surallah); Colongulo (Surallah); Lamsugod (Surallah); Libertad (Surallah); Little Baguio (Surallah); Moloy (Surallah); Naci (Surallah); Veterans (Surallah),Surallah,23.800000,0.181333,0.232000,Seasonal baseline
2039-06-01,1,7,False,1206312024,Polomolok,Cannery Site,1206312024; 1206312007; 1206312016; 1206312025; 1206312013; 1206312014; 1206312017,Cannery Site (Polomolok); Lam-Caliaf (Polomolok); Magsaysay (Polomolok); Pagalungan (Polomolok); Palkan (Polomolok); Poblacion (Polomolok); Rubber (Polomolok),Polomolok,26.980000,0.340571,0.456000,Seasonal baseline
2039-06-01,2,4,False,1206313003,Surallah,Centrala,1206313003; 1206313018; 1206313019; 1206313024,Centrala (Surallah); Lamsugod (Surallah); Libertad (Surallah); Naci (Surallah),Surallah,11.160000,0.193000,0.260000,Seasonal baseline
2039-07-01,1,9,False,1206312025,Polomolok,Pagalungan,1206312024; 1206312003; 1206312007; 1206312016; 1206312025; 1206312013; 1206312014; 1206312017; 1206312019,Cannery Site (Polomolok); Glamang (Polomolok); Lam-Caliaf (Polomolok); Magsaysay (Polomolok); Pagalungan (Polomolok); Palkan (Polomolok); Poblacion (Polomolok); Rubber (Polomolok); Silway 8 (Polomolok),Polomolok,30.792000,0.304000,0.400000,Seasonal baseline
2039-07-01,2,9,False,1206313019,Surallah,Libertad,1206313003; 1206313004; 1206313006; 1206313018; 1206313019; 1206313020; 1206313023; 1206313024; 1206313032,Centrala (Surallah); Colongulo (Surallah); Duengas (Surallah); Lamsugod (Surallah); Libertad (Surallah); Little Baguio (Surallah); Moloy (Surallah); Naci (Surallah); Veterans (Surallah),Surallah,24.524000,0.207111,0.316000,Seasonal baseline
2039-08-01,1,10,False,1206312014,Polomolok,Poblacion,1206312024; 1206312003; 1206312007; 1206312016; 1206312025; 1206312013; 1206312014; 1206312017; 1206312019; 1206312022,Cannery Site (Polomolok); Glamang (Polomolok); Lam-Caliaf (Polomolok); Magsaysay (Polomolok); Pagalungan (Polomolok); Palkan (Polomolok); Poblacion (Polomolok); Rubber (Polomolok); Silway 8 (Polomolok); Upper Klinan (Polomolok),Polomolok,34.640000,0.352400,0.452000,Seasonal baseline
2039-08-01,2,7,False,1206313019,Surallah,Libertad,1206313008; 1206313003; 1206313004; 1206313019; 1206313020; 1206313023; 1206313031,Canahay (Surallah); Centrala (Surallah); Colongulo (Surallah); Libertad (Surallah); Little Baguio (Surallah); Moloy (Surallah); Upper Sepaka (Surallah),Surallah,19.248000,0.200000,0.288000,Seasonal baseline
2039-09-01,1,7,False,1206312024,Polomolok,Cannery Site,1206312024; 1206312003; 1206312016; 1206312025; 1206312014; 1206312017; 1206312022,Cannery Site (Polomolok); Glamang (Polomolok); Magsaysay (Polomolok); Pagalungan (Polomolok); Poblacion (Polomolok); Rubber (Polomolok); Upper Klinan (Polomolok),Polomolok,26.344000,0.325714,0.420000,Seasonal baseline
2039-09-01,2,6,False,1206313019,Surallah,Libertad,1206313008; 1206313003; 1206313004; 1206313019; 1206313020; 1206313023,Canahay (Surallah); Centrala (Surallah); Colongulo (Surallah); Libertad (Surallah); Little Baguio (Surallah); Moloy (Surallah),Surallah,16.948000,0.188667,0.264000,Seasonal baseline
2039-10-01,1,8,False,1206312014,Polomolok,Poblacion,1206312024; 1206312003; 1206312016; 1206312025; 1206312014; 1206312017; 1206312019; 1206312022,Cannery Site (Polomolok); Glamang (Polomolok); Magsaysay (Polomolok); Pagalungan (Polomolok); Poblacion (Polomolok); Rubber (Polomolok); Silway 8 (Polomolok); Upper Klinan (Polomolok),Polomolok,28.668000,0.343500,0.456000,Seasonal baseline
2039-10-01,2,8,False,1206313003,Surallah,Centrala,1206313008; 1206313003; 1206313004; 1206313019; 1206313020; 1206313023; 1206313028; 1206313031,Canahay (Surallah); Centrala (Surallah); Colongulo (Surallah); Libertad (Surallah); Little Baguio (Surallah); Moloy (Surallah); Talahik (Surallah); Upper Sepaka (Surallah),Surallah,22.416000,0.204000,0.292000,Seasonal baseline
2039-11-01,1,7,False,1206312024,Polomolok,Cannery Site,1206312024; 1206312003; 1206312016; 1206312025; 1206312014; 1206312017; 1206312019,Cannery Site (Polomolok); Glamang (Polomolok); Magsaysay (Polomolok); Pagalungan (Polomolok); Poblacion (Polomolok); Rubber (Polomolok); Silway 8 (Polomolok),Polomolok,26.824000,0.336571,0.448000,Seasonal baseline
2039-11-01,2,9,False,1206313019,Surallah,Libertad,1206313003; 1206313004; 1206313006; 1206313018; 1206313019; 1206313020; 1206313023; 1206313030; 1206313032,Centrala (Surallah); Colongulo (Surallah); Duengas (Surallah); Lamsugod (Surallah); Libertad (Surallah); Little Baguio (Surallah); Moloy (Surallah); Tubiala (Surallah); Veterans (Surallah),Surallah,25.580000,0.223556,0.316000,Seasonal baseline
2039-12-01,1,9,False,1206312024,Polomolok,Cannery Site,1206312024; 1206312003; 1206312007; 1206312016; 1206312025; 1206312013; 1206312014; 1206312017; 1206312022,Cannery Site (Polomolok); Glamang (Polomolok); Lam-Caliaf (Polomolok); Magsaysay (Polomolok); Pagalungan (Polomolok); Palkan (Polomolok); Poblacion (Polomolok); Rubber (Polomolok); Upper Klinan (Polomolok),Polomolok,32.204000,0.326222,0.464000,Seasonal baseline
2039-12-01,2,10,False,1206313003,Surallah,Centrala,1206313008; 1206313003; 1206313004; 1206313018; 1206313019; 1206313020; 1206313023; 1206313028; 1206313030; 1206313032,Canahay (Surallah); Centrala (Surallah); Colongulo (Surallah); Lamsugod (Surallah); Libertad (Surallah); Little Baguio (Surallah); Moloy (Surallah); Talahik (Surallah); Tubiala (Surallah); Veterans (Surallah),Surallah,27.324000,0.208000,0.288000,Seasonal baseline
2040-01-01,1,10,False,1206312025,Polomolok,Pagalungan,1206312024; 1206312003; 1206312007; 1206312016; 1206312025; 1206312013; 1206312014; 1206312017; 1206312019; 1206312022,Cannery Site (Polomolok); Glamang (Polomolok); Lam-Caliaf (Polomolok); Magsaysay (Polomolok); Pagalungan (Polomolok); Palkan (Polomolok); Poblacion (Polomolok); Rubber (Polomolok); Silway 8 (Polomolok); Upper Klinan (Polomolok),Polomolok,32.952000,0.331200,0.448000,Seasonal baseline
2040-01-01,2,4,False,1206313003,Surallah,Centrala,1206313003; 1206313018; 1206313019; 1206313030,Centrala (Surallah); Lamsugod (Surallah); Libertad (Surallah); Tubiala (Surallah),Surallah,10.248000,0.160000,0.260000,Seasonal baseline
2040-02-01,1,9,False,1206312014,Polomolok,Poblacion,1206312024; 1206312003; 1206312016; 1206312025; 1206312014; 1206312017; 1206312018; 1206312019; 1206312022,Cannery Site (Polomolok); Glamang (Polomolok); Magsaysay (Polomolok); Pagalungan (Polomolok); Poblacion (Polomolok); Rubber (Polomolok); Silway 7 (Polomolok); Silway 8 (Polomolok); Upper Klinan (Polomolok),Polomolok,30.904000,0.334222,0.448000,Seasonal baseline
2040-03-01,1,11,False,1206312024,Polomolok,Cannery Site,1206312024; 1206312003; 1206312007; 1206312016; 1206312025; 1206312013; 1206312014; 1206312015; 1206312017; 1206312019; 1206312022,Cannery Site (Polomolok); Glamang (Polomolok); Lam-Caliaf (Polomolok); Magsaysay (Polomolok); Pagalungan (Polomolok); Palkan (Polomolok); Poblacion (Polomolok); Polo (Polomolok); Rubber (Polomolok); Silway 8 (Polomolok); Upper Klinan (Polomolok),Polomolok,35.660000,0.330545,0.428000,Seasonal baseline
2040-03-01,2,8,True,1206313019,Surallah,Libertad,1206313008; 1206313003; 1206313004; 1206313006; 1206313019; 1206313020; 1206313023; 1206313028,Canahay (Surallah); Centrala (Surallah); Colongulo (Surallah); Duengas (Surallah); Libertad (Surallah); Little Baguio (Surallah); Moloy (Surallah); Talahik (Surallah),Surallah,19.564000,0.166500,0.220000,Seasonal baseline
2040-04-01,1,7,False,1206312025,Polomolok,Pagalungan,1206312024; 1206312003; 1206312016; 1206312025; 1206312014; 1206312017; 1206312022,Cannery Site (Polomolok); Glamang (Polomolok); Magsaysay (Polomolok); Pagalungan (Polomolok); Poblacion (Polomolok); Rubber (Polomolok); Upper Klinan (Polomolok),Polomolok,25.772000,0.319429,0.424000,Seasonal baseline
2040-05-01,1,7,False,1206312014,Polomolok,Poblacion,1206312024; 1206312003; 1206312016; 1206312025; 1206312014; 1206312017; 1206312019,Cannery Site (Polomolok); Glamang (Polomolok); Magsaysay (Polomolok); Pagalungan (Polomolok); Poblacion (Polomolok); Rubber (Polomolok); Silway 8 (Polomolok),Polomolok,27.044000,0.332000,0.476000,Seasonal baseline
2040-05-01,2,4,True,1206313019,Surallah,Libertad,1206313003; 1206313004; 1206313019; 1206313023,Centrala (Surallah); Colongulo (Surallah); Libertad (Surallah); Moloy (Surallah),Surallah,11.092000,0.170000,0.184000,Seasonal baseline
2040-06-01,1,6,False,1206312024,Polomolok,Cannery Site,1206312024; 1206312003; 1206312016; 1206312025; 1206312014; 1206312017,Cannery Site (Polomolok); Glamang (Polomolok); Magsaysay (Polomolok); Pagalungan (Polomolok); Poblacion (Polomolok); Rubber (Polomolok),Polomolok,23.972000,0.317333,0.432000,Seasonal baseline
2040-06-01,2,4,False,1206313003,Surallah,Centrala,1206313003; 1206313004; 1206313019; 1206313023,Centrala (Surallah); Colongulo (Surallah); Libertad (Surallah); Moloy (Surallah),Surallah,11.388000,0.184000,0.228000,Seasonal baseline
2040-07-01,1,9,False,1206312014,Polomolok,Poblacion,1206312024; 1206312003; 1206312007; 1206312016; 1206312025; 1206312013; 1206312014; 1206312017; 1206312022,Cannery Site (Polomolok); Glamang (Polomolok); Lam-Caliaf (Polomolok); Magsaysay (Polomolok); Pagalungan (Polomolok); Palkan (Polomolok); Poblacion (Polomolok); Rubber (Polomolok); Upper Klinan (Polomolok),Polomolok,32.100000,0.337778,0.408000,Seasonal baseline
2040-07-01,2,8,False,1206313019,Surallah,Libertad,1206313003; 1206313004; 1206313006; 1206313018; 1206313019; 1206313020; 1206313023; 1206313024,Centrala (Surallah); Colongulo (Surallah); Duengas (Surallah); Lamsugod (Surallah); Libertad (Surallah); Little Baguio (Surallah); Moloy (Surallah); Naci (Surallah),Surallah,21.144000,0.187500,0.288000,Seasonal baseline
2040-08-01,1,9,False,1206312024,Polomolok,Cannery Site,1206312024; 1206312003; 1206312007; 1206312016; 1206312025; 1206312013; 1206312014; 1206312017; 1206312019,Cannery Site (Polomolok); Glamang (Polomolok); Lam-Caliaf (Polomolok); Magsaysay (Polomolok); Pagalungan (Polomolok); Palkan (Polomolok); Poblacion (Polomolok); Rubber (Polomolok); Silway 8 (Polomolok),Polomolok,30.984000,0.319556,0.452000,Seasonal baseline
2040-08-01,2,9,False,1206313019,Surallah,Libertad,1206313008; 1206313003; 1206313004; 1206313005; 1206313006; 1206313019; 1206313020; 1206313023; 1206313030,Canahay (Surallah); Centrala (Surallah); Colongulo (Surallah); Dajay (Surallah); Duengas (Surallah); Libertad (Surallah); Little Baguio (Surallah); Moloy (Surallah); Tubiala (Surallah),Surallah,23.796000,0.192889,0.252000,Seasonal baseline
2040-09-01,1,9,False,1206312025,Polomolok,Pagalungan,1206312024; 1206312003; 1206312007; 1206312016; 1206312025; 1206312013; 1206312014; 1206312017; 1206312022,Cannery Site (Polomolok); Glamang (Polomolok); Lam-Caliaf (Polomolok); Magsaysay (Polomolok); Pagalungan (Polomolok); Palkan (Polomolok); Poblacion (Polomolok); Rubber (Polomolok); Upper Klinan (Polomolok),Polomolok,31.288000,0.332444,0.452000,Seasonal baseline
2040-09-01,2,9,False,1206313019,Surallah,Libertad,1206313008; 1206313003; 1206313004; 1206313018; 1206313019; 1206313020; 1206313023; 1206313024; 1206313032,Canahay (Surallah); Centrala (Surallah); Colongulo (Surallah); Lamsugod (Surallah); Libertad (Surallah); Little Baguio (Surallah); Moloy (Surallah); Naci (Surallah); Veterans (Surallah),Surallah,24.696000,0.196000,0.280000,Seasonal baseline
2040-10-01,1,10,False,1206312024,Polomolok,Cannery Site,1206312024; 1206312003; 1206312007; 1206312016; 1206312025; 1206312013; 1206312014; 1206312017; 1206312018; 1206312022,Cannery Site (Polomolok); Glamang (Polomolok); Lam-Caliaf (Polomolok); Magsaysay (Polomolok); Pagalungan (Polomolok); Palkan (Polomolok); Poblacion (Polomolok); Rubber (Polomolok); Silway 7 (Polomolok); Upper Klinan (Polomolok),Polomolok,34.260000,0.360000,0.468000,Seasonal baseline
2040-10-01,2,9,False,1206313003,Surallah,Centrala,1206313002; 1206313008; 1206313003; 1206313004; 1206313005; 1206313019; 1206313020; 1206313023; 1206313024,Buenavista (Surallah); Canahay (Surallah); Centrala (Surallah); Colongulo (Surallah); Dajay (Surallah); Libertad (Surallah); Little Baguio (Surallah); Moloy (Surallah); Naci (Surallah),Surallah,24.264000,0.210222,0.284000,Seasonal baseline
2040-11-01,1,7,False,1206312014,Polomolok,Poblacion,1206312024; 1206312003; 1206312016; 1206312025; 1206312014; 1206312017; 1206312022,Cannery Site (Polomolok); Glamang (Polomolok); Magsaysay (Polomolok); Pagalungan (Polomolok); Poblacion (Polomolok); Rubber (Polomolok); Upper Klinan (Polomolok),Polomolok,26.100000,0.319429,0.432000,Seasonal baseline
2040-11-01,2,6,False,1206313019,Surallah,Libertad,1206313003; 1206313004; 1206313006; 1206313019; 1206313020; 1206313023,Centrala (Surallah); Colongulo (Surallah); Duengas (Surallah); Libertad (Surallah); Little Baguio (Surallah); Moloy (Surallah),Surallah,17.832000,0.208667,0.332000,Seasonal baseline
2040-12-01,1,7,False,1206312024,Polomolok,Cannery Site,1206312024; 1206312003; 1206312016; 1206312025; 1206312014; 1206312017; 1206312022,Cannery Site (Polomolok); Glamang (Polomolok); Magsaysay (Polomolok); Pagalungan (Polomolok); Poblacion (Polomolok); Rubber (Polomolok); Upper Klinan (Polomolok),Polomolok,25.860000,0.318857,0.452000,Seasonal baseline
2040-12-01,2,5,False,1206313019,Surallah,Libertad,1206313003; 1206313005; 1206313006; 1206313019; 1206313023,Centrala (Surallah); Dajay (Surallah); Duengas (Surallah); Libertad (Surallah); Moloy (Surallah),Surallah,14.944000,0.225600,0.304000,Seasonal baseline
2041-01-01,1,10,False,1206312024,Polomolok,Cannery Site,1206312024; 1206312003; 1206312007; 1206312016; 1206312025; 1206312013; 1206312014; 1206312017; 1206312019; 1206312022,Cannery Site (Polomolok); Glamang (Polomolok); Lam-Caliaf (Polomolok); Magsaysay (Polomolok); Pagalungan (Polomolok); Palkan (Polomolok); Poblacion (Polomolok); Rubber (Polomolok); Silway 8 (Polomolok); Upper Klinan (Polomolok),Polomolok,31.812000,0.313200,0.432000,Seasonal baseline
2041-01-01,2,10,False,1206313019,Surallah,Libertad,1206313003; 1206313004; 1206313006; 1206313018; 1206313019; 1206313020; 1206313023; 1206313024; 1206313030; 1206313032,Centrala (Surallah); Colongulo (Surallah); Duengas (Surallah); Lamsugod (Surallah); Libertad (Surallah); Little Baguio (Surallah); Moloy (Surallah); Naci (Surallah); Tubiala (Surallah); Veterans (Surallah),Surallah,25.312000,0.186800,0.256000,Seasonal baseline
2041-02-01,1,11,False,1206312014,Polomolok,Poblacion,1206312024; 1206312003; 1206312007; 1206312009; 1206312016; 1206312025; 1206312013; 1206312014; 1206312017; 1206312019; 1206312022,Cannery Site (Polomolok); Glamang (Polomolok); Lam-Caliaf (Polomolok); Lumakil (Polomolok); Magsaysay (Polomolok); Pagalungan (Polomolok); Palkan (Polomolok); Poblacion (Polomolok); Rubber (Polomolok); Silway 8 (Polomolok); Upper Klinan (Polomolok),Polomolok,35.192000,0.320364,0.416000,Seasonal baseline
2041-03-01,1,9,False,1206312024,Polomolok,Cannery Site,1206312024; 1206312003; 1206312007; 1206312025; 1206312013; 1206312014; 1206312017; 1206312018; 1206312022,Cannery Site (Polomolok); Glamang (Polomolok); Lam-Caliaf (Polomolok); Pagalungan (Polomolok); Palkan (Polomolok); Poblacion (Polomolok); Rubber (Polomolok); Silway 7 (Polomolok); Upper Klinan (Polomolok),Polomolok,30.348000,0.309778,0.384000,Seasonal baseline
2041-04-01,1,8,False,1206312014,Polomolok,Poblacion,1206312024; 1206312003; 1206312016; 1206312025; 1206312014; 1206312017; 1206312019; 1206312022,Cannery Site (Polomolok); Glamang (Polomolok); Magsaysay (Polomolok); Pagalungan (Polomolok); Poblacion (Polomolok); Rubber (Polomolok); Silway 8 (Polomolok); Upper Klinan (Polomolok),Polomolok,28.516000,0.330000,0.400000,Seasonal baseline
2041-04-01,2,8,True,1206313019,Surallah,Libertad,1206313008; 1206313003; 1206313004; 1206313006; 1206313019; 1206313020; 1206313023; 1206313024,Canahay (Surallah); Centrala (Surallah); Colongulo (Surallah); Duengas (Surallah); Libertad (Surallah); Little Baguio (Surallah); Moloy (Surallah); Naci (Surallah),Surallah,19.916000,0.179000,0.260000,Seasonal baseline
2041-05-01,1,7,False,1206312025,Polomolok,Pagalungan,1206312024; 1206312003; 1206312016; 1206312025; 1206312014; 1206312017; 1206312022,Cannery Site (Polomolok); Glamang (Polomolok); Magsaysay (Polomolok); Pagalungan (Polomolok); Poblacion (Polomolok); Rubber (Polomolok); Upper Klinan (Polomolok),Polomolok,25.676000,0.321714,0.392000,Seasonal baseline
2041-05-01,2,5,False,1206313003,Surallah,Centrala,1206313003; 1206313004; 1206313019; 1206313020; 1206313023,Centrala (Surallah); Colongulo (Surallah); Libertad (Surallah); Little Baguio (Surallah); Moloy (Surallah),Surallah,13.932000,0.169600,0.192000,Seasonal baseline
2041-06-01,1,8,False,1206312024,Polomolok,Cannery Site,1206312024; 1206312003; 1206312016; 1206312025; 1206312014; 1206312017; 1206312019; 1206312022,Cannery Site (Polomolok); Glamang (Polomolok); Magsaysay (Polomolok); Pagalungan (Polomolok); Poblacion (Polomolok); Rubber (Polomolok); Silway 8 (Polomolok); Upper Klinan (Polomolok),Polomolok,28.144000,0.325000,0.448000,Seasonal baseline
2041-07-01,1,10,False,1206312024,Polomolok,Cannery Site,1206312024; 1206312003; 1206312004; 1206312007; 1206312016; 1206312025; 1206312013; 1206312014; 1206312017; 1206312022,Cannery Site (Polomolok); Glamang (Polomolok); Kinilis (Polomolok); Lam-Caliaf (Polomolok); Magsaysay (Polomolok); Pagalungan (Polomolok); Palkan (Polomolok); Poblacion (Polomolok); Rubber (Polomolok); Upper Klinan (Polomolok),Polomolok,32.912000,0.320000,0.444000,Seasonal baseline
2041-07-01,2,3,True,1206313023,Surallah,Moloy,1206313006; 1206313023; 1206313028,Duengas (Surallah); Moloy (Surallah); Talahik (Surallah),Surallah,7.388000,0.228000,0.268000,Seasonal baseline
2041-08-01,1,10,False,1206312014,Polomolok,Poblacion,1206312024; 1206312003; 1206312004; 1206312007; 1206312016; 1206312025; 1206312013; 1206312014; 1206312017; 1206312022,Cannery Site (Polomolok); Glamang (Polomolok); Kinilis (Polomolok); Lam-Caliaf (Polomolok); Magsaysay (Polomolok); Pagalungan (Polomolok); Palkan (Polomolok); Poblacion (Polomolok); Rubber (Polomolok); Upper Klinan (Polomolok),Polomolok,33.684000,0.325200,0.420000,Seasonal baseline
2041-08-01,2,8,False,1206313003,Surallah,Centrala,1206313008; 1206313003; 1206313004; 1206313006; 1206313019; 1206313020; 1206313023; 1206313028,Canahay (Surallah); Centrala (Surallah); Colongulo (Surallah); Duengas (Surallah); Libertad (Surallah); Little Baguio (Surallah); Moloy (Surallah); Talahik (Surallah),Surallah,21.224000,0.191500,0.268000,Seasonal baseline
2041-09-01,1,10,False,1206312025,Polomolok,Pagalungan,1206312024; 1206312003; 1206312005; 1206312007; 1206312016; 1206312025; 1206312013; 1206312014; 1206312017; 1206312022,Cannery Site (Polomolok); Glamang (Polomolok); Klinan 6 (Polomolok); Lam-Caliaf (Polomolok); Magsaysay (Polomolok); Pagalungan (Polomolok); Palkan (Polomolok); Poblacion (Polomolok); Rubber (Polomolok); Upper Klinan (Polomolok),Polomolok,33.380000,0.324800,0.380000,Seasonal baseline
2041-09-01,2,9,False,1206313003,Surallah,Centrala,1206313008; 1206313003; 1206313004; 1206313018; 1206313019; 1206313020; 1206313023; 1206313030; 1206313032,Canahay (Surallah); Centrala (Surallah); Colongulo (Surallah); Lamsugod (Surallah); Libertad (Surallah); Little Baguio (Surallah); Moloy (Surallah); Tubiala (Surallah); Veterans (Surallah),Surallah,23.796000,0.182667,0.264000,Seasonal baseline
2041-10-01,1,9,False,1206312014,Polomolok,Poblacion,1206312024; 1206312003; 1206312007; 1206312016; 1206312025; 1206312013; 1206312014; 1206312017; 1206312022,Cannery Site (Polomolok); Glamang (Polomolok); Lam-Caliaf (Polomolok); Magsaysay (Polomolok); Pagalungan (Polomolok); Palkan (Polomolok); Poblacion (Polomolok); Rubber (Polomolok); Upper Klinan (Polomolok),Polomolok,31.128000,0.323556,0.432000,Seasonal baseline
2041-10-01,2,9,False,1206313019,Surallah,Libertad,1206313008; 1206313003; 1206313004; 1206313018; 1206313019; 1206313020; 1206313023; 1206313030; 1206313032,Canahay (Surallah); Centrala (Surallah); Colongulo (Surallah); Lamsugod (Surallah); Libertad (Surallah); Little Baguio (Surallah); Moloy (Surallah); Tubiala (Surallah); Veterans (Surallah),Surallah,25.400000,0.198667,0.260000,Seasonal baseline
2041-11-01,1,7,False,1206312024,Polomolok,Cannery Site,1206312024; 1206312003; 1206312025; 1206312014; 1206312017; 1206312019; 1206312022,Cannery Site (Polomolok); Glamang (Polomolok); Pagalungan (Polomolok); Poblacion (Polomolok); Rubber (Polomolok); Silway 8 (Polomolok); Upper Klinan (Polomolok),Polomolok,26.500000,0.322857,0.420000,Seasonal baseline
2041-11-01,2,6,False,1206313003,Surallah,Centrala,1206313003; 1206313018; 1206313019; 1206313024; 1206313030; 1206313032,Centrala (Surallah); Lamsugod (Surallah); Libertad (Surallah); Naci (Surallah); Tubiala (Surallah); Veterans (Surallah),Surallah,17.196000,0.221333,0.280000,Seasonal baseline
2041-11-01,3,3,False,1206313023,Surallah,Moloy,1206313006; 1206313023; 1206313028,Duengas (Surallah); Moloy (Surallah); Talahik (Surallah),Surallah,8.064000,0.248000,0.288000,Seasonal baseline
2041-12-01,1,9,False,1206312025,Polomolok,Pagalungan,1206312024; 1206312003; 1206312007; 1206312016; 1206312025; 1206312013; 1206312014; 1206312017; 1206312022,Cannery Site (Polomolok); Glamang (Polomolok); Lam-Caliaf (Polomolok); Magsaysay (Polomolok); Pagalungan (Polomolok); Palkan (Polomolok); Poblacion (Polomolok); Rubber (Polomolok); Upper Klinan (Polomolok),Polomolok,31.728000,0.332889,0.444000,Seasonal baseline
2041-12-01,2,11,False,1206313019,Surallah,Libertad,1206313008; 1206313003; 1206313004; 1206313006; 1206313018; 1206313019; 1206313020; 1206313023; 1206313024; 1206313028; 1206313032,Canahay (Surallah); Centrala (Surallah); Colongulo (Surallah); Duengas (Surallah); Lamsugod (Surallah); Libertad (Surallah); Little Baguio (Surallah); Moloy (Surallah); Naci (Surallah); Talahik (Surallah); Veterans (Surallah),Surallah,30.800000,0.216364,0.304000,Seasonal baseline
2042-01-01,1,9,False,1206312014,Polomolok,Poblacion,1206312024; 1206312003; 1206312007; 1206312016; 1206312025; 1206312013; 1206312014; 1206312017; 1206312022,Cannery Site (Polomolok); Glamang (Polomolok); Lam-Caliaf (Polomolok); Magsaysay (Polomolok); Pagalungan (Polomolok); Palkan (Polomolok); Poblacion (Polomolok); Rubber (Polomolok); Upper Klinan (Polomolok),Polomolok,31.384000,0.316000,0.400000,Seasonal baseline
2042-01-01,2,5,False,1206313003,Surallah,Centrala,1206313003; 1206313018; 1206313019; 1206313024; 1206313032,Centrala (Surallah); Lamsugod (Surallah); Libertad (Surallah); Naci (Surallah); Veterans (Surallah),Surallah,12.760000,0.167200,0.240000,Seasonal baseline
2042-02-01,1,8,False,1206312024,Polomolok,Cannery Site,1206312024; 1206312003; 1206312007; 1206312016; 1206312025; 1206312013; 1206312014; 1206312017,Cannery Site (Polomolok); Glamang (Polomolok); Lam-Caliaf (Polomolok); Magsaysay (Polomolok); Pagalungan (Polomolok); Palkan (Polomolok); Poblacion (Polomolok); Rubber (Polomolok),Polomolok,29.196000,0.324500,0.424000,Seasonal baseline
2042-02-01,2,4,False,1206313019,Surallah,Libertad,1206313003; 1206313004; 1206313019; 1206313023,Centrala (Surallah); Colongulo (Surallah); Libertad (Surallah); Moloy (Surallah),Surallah,10.912000,0.163000,0.184000,Seasonal baseline
2042-03-01,1,10,False,1206312025,Polomolok,Pagalungan,1206312024; 1206312003; 1206312007; 1206312016; 1206312025; 1206312013; 1206312014; 1206312017; 1206312019; 1206312022,Cannery Site (Polomolok); Glamang (Polomolok); Lam-Caliaf (Polomolok); Magsaysay (Polomolok); Pagalungan (Polomolok); Palkan (Polomolok); Poblacion (Polomolok); Rubber (Polomolok); Silway 8 (Polomolok); Upper Klinan (Polomolok),Polomolok,33.524000,0.330400,0.460000,Seasonal baseline
2042-04-01,1,10,False,1206312014,Polomolok,Poblacion,1206312024; 1206312003; 1206312004; 1206312007; 1206312025; 1206312013; 1206312014; 1206312017; 1206312019; 1206312022,Cannery Site (Polomolok); Glamang (Polomolok); Kinilis (Polomolok); Lam-Caliaf (Polomolok); Pagalungan (Polomolok); Palkan (Polomolok); Poblacion (Polomolok); Rubber (Polomolok); Silway 8 (Polomolok); Upper Klinan (Polomolok),Polomolok,32.340000,0.315600,0.408000,Seasonal baseline
2042-04-01,2,6,True,1206313019,Surallah,Libertad,1206313003; 1206313004; 1206313006; 1206313019; 1206313020; 1206313023,Centrala (Surallah); Colongulo (Surallah); Duengas (Surallah); Libertad (Surallah); Little Baguio (Surallah); Moloy (Surallah),Surallah,15.752000,0.180667,0.248000,Seasonal baseline
2042-05-01,1,10,False,1206312024,Polomolok,Cannery Site,1206312024; 1206312003; 1206312007; 1206312016; 1206312025; 1206312013; 1206312014; 1206312017; 1206312019; 1206312022,Cannery Site (Polomolok); Glamang (Polomolok); Lam-Caliaf (Polomolok); Magsaysay (Polomolok); Pagalungan (Polomolok); Palkan (Polomolok); Poblacion (Polomolok); Rubber (Polomolok); Silway 8 (Polomolok); Upper Klinan (Polomolok),Polomolok,33.116000,0.325200,0.412000,Seasonal baseline
2042-05-01,2,7,False,1206313019,Surallah,Libertad,1206313002; 1206313008; 1206313003; 1206313018; 1206313019; 1206313020; 1206313024,Buenavista (Surallah); Canahay (Surallah); Centrala (Surallah); Lamsugod (Surallah); Libertad (Surallah); Little Baguio (Surallah); Naci (Surallah),Surallah,17.888000,0.179429,0.268000,Seasonal baseline
2042-06-01,1,10,False,1206312025,Polomolok,Pagalungan,1206312024; 1206312003; 1206312007; 1206312016; 1206312025; 1206312013; 1206312014; 1206312017; 1206312019; 1206312022,Cannery Site (Polomolok); Glamang (Polomolok); Lam-Caliaf (Polomolok); Magsaysay (Polomolok); Pagalungan (Polomolok); Palkan (Polomolok); Poblacion (Polomolok); Rubber (Polomolok); Silway 8 (Polomolok); Upper Klinan (Polomolok),Polomolok,33.144000,0.321600,0.444000,Seasonal baseline
2042-06-01,2,9,False,1206313003,Surallah,Centrala,1206313003; 1206313004; 1206313006; 1206313018; 1206313019; 1206313020; 1206313023; 1206313030; 1206313032,Centrala (Surallah); Colongulo (Surallah); Duengas (Surallah); Lamsugod (Surallah); Libertad (Surallah); Little Baguio (Surallah); Moloy (Surallah); Tubiala (Surallah); Veterans (Surallah),Surallah,22.932000,0.182222,0.276000,Seasonal baseline
2042-07-01,1,10,False,1206312024,Polomolok,Cannery Site,1206312024; 1206312003; 1206312007; 1206312016; 1206312025; 1206312013; 1206312014; 1206312017; 1206312019; 1206312022,Cannery Site (Polomolok); Glamang (Polomolok); Lam-Caliaf (Polomolok); Magsaysay (Polomolok); Pagalungan (Polomolok); Palkan (Polomolok); Poblacion (Polomolok); Rubber (Polomolok); Silway 8 (Polomolok); Upper Klinan (Polomolok),Polomolok,34.648000,0.339600,0.464000,Seasonal baseline
2042-08-01,1,9,False,1206312014,Polomolok,Poblacion,1206312024; 1206312003; 1206312007; 1206312016; 1206312025; 1206312013; 1206312014; 1206312017; 1206312022,Cannery Site (Polomolok); Glamang (Polomolok); Lam-Caliaf (Polomolok); Magsaysay (Polomolok); Pagalungan (Polomolok); Palkan (Polomolok); Poblacion (Polomolok); Rubber (Polomolok); Upper Klinan (Polomolok),Polomolok,31.632000,0.316000,0.404000,Seasonal baseline
2042-08-01,2,5,True,1206313019,Surallah,Libertad,1206313003; 1206313004; 1206313019; 1206313020; 1206313023,Centrala (Surallah); Colongulo (Surallah); Libertad (Surallah); Little Baguio (Surallah); Moloy (Surallah),Surallah,14.068000,0.180800,0.236000,Seasonal baseline
2042-09-01,1,9,False,1206312025,Polomolok,Pagalungan,1206312024; 1206312003; 1206312007; 1206312016; 1206312025; 1206312013; 1206312014; 1206312017; 1206312022,Cannery Site (Polomolok); Glamang (Polomolok); Lam-Caliaf (Polomolok); Magsaysay (Polomolok); Pagalungan (Polomolok); Palkan (Polomolok); Poblacion (Polomolok); Rubber (Polomolok); Upper Klinan (Polomolok),Polomolok,30.988000,0.337333,0.448000,Seasonal baseline
2042-09-01,2,5,False,1206313019,Surallah,Libertad,1206313003; 1206313004; 1206313019; 1206313020; 1206313023,Centrala (Surallah); Colongulo (Surallah); Libertad (Surallah); Little Baguio (Surallah); Moloy (Surallah),Surallah,14.076000,0.180800,0.208000,Seasonal baseline
2042-10-01,1,9,False,1206312014,Polomolok,Poblacion,1206312024; 1206312003; 1206312007; 1206312016; 1206312025; 1206312013; 1206312014; 1206312017; 1206312022,Cannery Site (Polomolok); Glamang (Polomolok); Lam-Caliaf (Polomolok); Magsaysay (Polomolok); Pagalungan (Polomolok); Palkan (Polomolok); Poblacion (Polomolok); Rubber (Polomolok); Upper Klinan (Polomolok),Polomolok,31.896000,0.344444,0.444000,Seasonal baseline
2042-10-01,2,7,False,1206313003,Surallah,Centrala,1206313008; 1206313003; 1206313004; 1206313006; 1206313019; 1206313020; 1206313023,Canahay (Surallah); Centrala (Surallah); Colongulo (Surallah); Duengas (Surallah); Libertad (Surallah); Little Baguio (Surallah); Moloy (Surallah),Surallah,20.024000,0.200571,0.264000,Seasonal baseline
2042-11-01,1,6,False,1206312014,Polomolok,Poblacion,1206312024; 1206312003; 1206312016; 1206312025; 1206312014; 1206312017,Cannery Site (Polomolok); Glamang (Polomolok); Magsaysay (Polomolok); Pagalungan (Polomolok); Poblacion (Polomolok); Rubber (Polomolok),Polomolok,24.200000,0.306000,0.436000,Seasonal baseline
2042-11-01,2,6,False,1206313019,Surallah,Libertad,1206313003; 1206313004; 1206313006; 1206313019; 1206313020; 1206313023,Centrala (Surallah); Colongulo (Surallah); Duengas (Surallah); Libertad (Surallah); Little Baguio (Surallah); Moloy (Surallah),Surallah,16.608000,0.192667,0.248000,Seasonal baseline
2042-12-01,1,6,False,1206312014,Polomolok,Poblacion,1206312024; 1206312003; 1206312016; 1206312025; 1206312014; 1206312017,Cannery Site (Polomolok); Glamang (Polomolok); Magsaysay (Polomolok); Pagalungan (Polomolok); Poblacion (Polomolok); Rubber (Polomolok),Polomolok,24.052000,0.322000,0.452000,Seasonal baseline
2042-12-01,2,11,False,1206313003,Surallah,Centrala,1206313003; 1206313004; 1206313006; 1206313018; 1206313019; 1206313020; 1206313023; 1206313024; 1206313028; 1206313030; 1206313032,Centrala (Surallah); Colongulo (Surallah); Duengas (Surallah); Lamsugod (Surallah); Libertad (Surallah); Little Baguio (Surallah); Moloy (Surallah); Naci (Surallah); Talahik (Surallah); Tubiala (Surallah); Veterans (Surallah),Surallah,30.628000,0.227636,0.304000,Seasonal baseline
2043-01-01,1,7,False,1206312024,Polomolok,Cannery Site,1206312024; 1206312003; 1206312025; 1206312014; 1206312017; 1206312019; 1206312022,Cannery Site (Polomolok); Glamang (Polomolok); Pagalungan (Polomolok); Poblacion (Polomolok); Rubber (Polomolok); Silway 8 (Polomolok); Upper Klinan (Polomolok),Polomolok,25.984000,0.333714,0.468000,Seasonal baseline
2043-02-01,1,10,False,1206312014,Polomolok,Poblacion,1206312024; 1206312003; 1206312007; 1206312016; 1206312025; 1206312013; 1206312014; 1206312017; 1206312019; 1206312022,Cannery Site (Polomolok); Glamang (Polomolok); Lam-Caliaf (Polomolok); Magsaysay (Polomolok); Pagalungan (Polomolok); Palkan (Polomolok); Poblacion (Polomolok); Rubber (Polomolok); Silway 8 (Polomolok); Upper Klinan (Polomolok),Polomolok,32.052000,0.302400,0.404000,Seasonal baseline
2043-02-01,2,5,True,1206313003,Surallah,Centrala,1206313003; 1206313004; 1206313019; 1206313020; 1206313023,Centrala (Surallah); Colongulo (Surallah); Libertad (Surallah); Little Baguio (Surallah); Moloy (Surallah),Surallah,12.928000,0.149600,0.188000,Seasonal baseline
2043-03-01,1,8,False,1206312014,Polomolok,Poblacion,1206312024; 1206312003; 1206312007; 1206312016; 1206312025; 1206312014; 1206312017; 1206312022,Cannery Site (Polomolok); Glamang (Polomolok); Lam-Caliaf (Polomolok); Magsaysay (Polomolok); Pagalungan (Polomolok); Poblacion (Polomolok); Rubber (Polomolok); Upper Klinan (Polomolok),Polomolok,28.080000,0.310000,0.432000,Seasonal baseline
2043-03-01,2,5,False,1206313003,Surallah,Centrala,1206313003; 1206313004; 1206313019; 1206313020; 1206313023,Centrala (Surallah); Colongulo (Surallah); Libertad (Surallah); Little Baguio (Surallah); Moloy (Surallah),Surallah,12.672000,0.154400,0.196000,Seasonal baseline
2043-04-01,1,7,False,1206312024,Polomolok,Cannery Site,1206312024; 1206312003; 1206312016; 1206312025; 1206312014; 1206312017; 1206312019,Cannery Site (Polomolok); Glamang (Polomolok); Magsaysay (Polomolok); Pagalungan (Polomolok); Poblacion (Polomolok); Rubber (Polomolok); Silway 8 (Polomolok),Polomolok,26.384000,0.318857,0.424000,Seasonal baseline
2043-05-01,1,8,False,1206312025,Polomolok,Pagalungan,1206312024; 1206312003; 1206312007; 1206312016; 1206312025; 1206312014; 1206312017; 1206312022,Cannery Site (Polomolok); Glamang (Polomolok); Lam-Caliaf (Polomolok); Magsaysay (Polomolok); Pagalungan (Polomolok); Poblacion (Polomolok); Rubber (Polomolok); Upper Klinan (Polomolok),Polomolok,27.752000,0.309500,0.412000,Seasonal baseline
2043-06-01,1,9,False,1206312014,Polomolok,Poblacion,1206312024; 1206312003; 1206312007; 1206312016; 1206312025; 1206312013; 1206312014; 1206312017; 1206312022,Cannery Site (Polomolok); Glamang (Polomolok); Lam-Caliaf (Polomolok); Magsaysay (Polomolok); Pagalungan (Polomolok); Palkan (Polomolok); Poblacion (Polomolok); Rubber (Polomolok); Upper Klinan (Polomolok),Polomolok,30.488000,0.316000,0.420000,Seasonal baseline
2043-06-01,2,6,True,1206313019,Surallah,Libertad,1206313003; 1206313004; 1206313006; 1206313019; 1206313020; 1206313023,Centrala (Surallah); Colongulo (Surallah); Duengas (Surallah); Libertad (Surallah); Little Baguio (Surallah); Moloy (Surallah),Surallah,16.180000,0.174000,0.216000,Seasonal baseline
2043-07-01,1,3,False,1206312014,Polomolok,Poblacion,1206312024; 1206312025; 1206312014,Cannery Site (Polomolok); Pagalungan (Polomolok); Poblacion (Polomolok),Polomolok,16.120000,0.273333,0.284000,Seasonal baseline
2043-08-01,1,6,False,1206312025,Polomolok,Pagalungan,1206312024; 1206312016; 1206312025; 1206312014; 1206312017; 1206312022,Cannery Site (Polomolok); Magsaysay (Polomolok); Pagalungan (Polomolok); Poblacion (Polomolok); Rubber (Polomolok); Upper Klinan (Polomolok),Polomolok,23.204000,0.314000,0.440000,Seasonal baseline
2043-08-01,2,9,True,1206313019,Surallah,Libertad,1206313008; 1206313003; 1206313004; 1206313018; 1206313019; 1206313020; 1206313023; 1206313024; 1206313032,Canahay (Surallah); Centrala (Surallah); Colongulo (Surallah); Lamsugod (Surallah); Libertad (Surallah); Little Baguio (Surallah); Moloy (Surallah); Naci (Surallah); Veterans (Surallah),Surallah,24.860000,0.199111,0.260000,Seasonal baseline
2043-09-01,1,10,False,1206312024,Polomolok,Cannery Site,1206312024; 1206312003; 1206312007; 1206312016; 1206312025; 1206312013; 1206312014; 1206312017; 1206312019; 1206312022,Cannery Site (Polomolok); Glamang (Polomolok); Lam-Caliaf (Polomolok); Magsaysay (Polomolok); Pagalungan (Polomolok); Palkan (Polomolok); Poblacion (Polomolok); Rubber (Polomolok); Silway 8 (Polomolok); Upper Klinan (Polomolok),Polomolok,33.248000,0.324000,0.428000,Seasonal baseline
2043-09-01,2,8,False,1206313003,Surallah,Centrala,1206313008; 1206313003; 1206313004; 1206313006; 1206313019; 1206313020; 1206313023; 1206313031,Canahay (Surallah); Centrala (Surallah); Colongulo (Surallah); Duengas (Surallah); Libertad (Surallah); Little Baguio (Surallah); Moloy (Surallah); Upper Sepaka (Surallah),Surallah,20.908000,0.187500,0.264000,Seasonal baseline
2043-10-01,1,7,False,1206312014,Polomolok,Poblacion,1206312024; 1206312003; 1206312016; 1206312025; 1206312014; 1206312017; 1206312022,Cannery Site (Polomolok); Glamang (Polomolok); Magsaysay (Polomolok); Pagalungan (Polomolok); Poblacion (Polomolok); Rubber (Polomolok); Upper Klinan (Polomolok),Polomolok,26.624000,0.330857,0.436000,Seasonal baseline
2043-10-01,2,8,False,1206313003,Surallah,Centrala,1206313003; 1206313005; 1206313018; 1206313019; 1206313023; 1206313024; 1206313028; 1206313032,Centrala (Surallah); Dajay (Surallah); Lamsugod (Surallah); Libertad (Surallah); Moloy (Surallah); Naci (Surallah); Talahik (Surallah); Veterans (Surallah),Surallah,21.768000,0.217500,0.332000,Seasonal baseline
2043-11-01,1,7,False,1206312014,Polomolok,Poblacion,1206312024; 1206312003; 1206312016; 1206312025; 1206312014; 1206312017; 1206312022,Cannery Site (Polomolok); Glamang (Polomolok); Magsaysay (Polomolok); Pagalungan (Polomolok); Poblacion (Polomolok); Rubber (Polomolok); Upper Klinan (Polomolok),Polomolok,26.820000,0.330286,0.452000,Seasonal baseline
2043-12-01,1,9,False,1206312025,Polomolok,Pagalungan,1206312024; 1206312003; 1206312007; 1206312016; 1206312025; 1206312013; 1206312014; 1206312017; 1206312018,Cannery Site (Polomolok); Glamang (Polomolok); Lam-Caliaf (Polomolok); Magsaysay (Polomolok); Pagalungan (Polomolok); Palkan (Polomolok); Poblacion (Polomolok); Rubber (Polomolok); Silway 7 (Polomolok),Polomolok,31.892000,0.336444,0.456000,Seasonal baseline
2043-12-01,2,11,True,1206313019,Surallah,Libertad,1206313008; 1206313003; 1206313004; 1206313005; 1206313018; 1206313019; 1206313020; 1206313023; 1206313024; 1206313028; 1206313032,Canahay (Surallah); Centrala (Surallah); Colongulo (Surallah); Dajay (Surallah); Lamsugod (Surallah); Libertad (Surallah); Little Baguio (Surallah); Moloy (Surallah); Naci (Surallah); Talahik (Surallah); Veterans (Surallah),Surallah,29.628000,0.204727,0.292000,Seasonal baseline
2044-01-01,1,9,False,1206312025,Polomolok,Pagalungan,1206312024; 1206312003; 1206312007; 1206312016; 1206312025; 1206312013; 1206312014; 1206312017; 1206312022,Cannery Site (Polomolok); Glamang (Polomolok); Lam-Caliaf (Polomolok); Magsaysay (Polomolok); Pagalungan (Polomolok); Palkan (Polomolok); Poblacion (Polomolok); Rubber (Polomolok); Upper Klinan (Polomolok),Polomolok,29.876000,0.302667,0.408000,Seasonal baseline
2044-01-01,2,5,False,1206313003,Surallah,Centrala,1206313003; 1206313004; 1206313019; 1206313020; 1206313023,Centrala (Surallah); Colongulo (Surallah); Libertad (Surallah); Little Baguio (Surallah); Moloy (Surallah),Surallah,12.644000,0.158400,0.176000,Seasonal baseline
2044-02-01,1,7,False,1206312024,Polomolok,Cannery Site,1206312024; 1206312003; 1206312016; 1206312025; 1206312014; 1206312017; 1206312022,Cannery Site (Polomolok); Glamang (Polomolok); Magsaysay (Polomolok); Pagalungan (Polomolok); Poblacion (Polomolok); Rubber (Polomolok); Upper Klinan (Polomolok),Polomolok,25.624000,0.298857,0.408000,Seasonal baseline
2044-03-01,1,10,False,1206312025,Polomolok,Pagalungan,1206312024; 1206312003; 1206312007; 1206312016; 1206312025; 1206312013; 1206312014; 1206312017; 1206312019; 1206312022,Cannery Site (Polomolok); Glamang (Polomolok); Lam-Caliaf (Polomolok); Magsaysay (Polomolok); Pagalungan (Polomolok); Palkan (Polomolok); Poblacion (Polomolok); Rubber (Polomolok); Silway 8 (Polomolok); Upper Klinan (Polomolok),Polomolok,31.808000,0.310400,0.420000,Seasonal baseline
2044-03-01,2,10,True,1206313019,Surallah,Libertad,1206313008; 1206313003; 1206313004; 1206313006; 1206313018; 1206313019; 1206313020; 1206313023; 1206313024; 1206313030,Canahay (Surallah); Centrala (Surallah); Colongulo (Surallah); Duengas (Surallah); Lamsugod (Surallah); Libertad (Surallah); Little Baguio (Surallah); Moloy (Surallah); Naci (Surallah); Tubiala (Surallah),Surallah,24.264000,0.182000,0.284000,Seasonal baseline
2044-04-01,1,8,False,1206312014,Polomolok,Poblacion,1206312024; 1206312003; 1206312016; 1206312025; 1206312014; 1206312017; 1206312019; 1206312022,Cannery Site (Polomolok); Glamang (Polomolok); Magsaysay (Polomolok); Pagalungan (Polomolok); Poblacion (Polomolok); Rubber (Polomolok); Silway 8 (Polomolok); Upper Klinan (Polomolok),Polomolok,27.336000,0.306500,0.400000,Seasonal baseline
2044-04-01,2,6,False,1206313019,Surallah,Libertad,1206313008; 1206313003; 1206313004; 1206313019; 1206313020; 1206313023,Canahay (Surallah); Centrala (Surallah); Colongulo (Surallah); Libertad (Surallah); Little Baguio (Surallah); Moloy (Surallah),Surallah,15.596000,0.170667,0.184000,Seasonal baseline
2044-05-01,1,10,False,1206312025,Polomolok,Pagalungan,1206312024; 1206312003; 1206312007; 1206312016; 1206312025; 1206312013; 1206312014; 1206312017; 1206312019; 1206312022,Cannery Site (Polomolok); Glamang (Polomolok); Lam-Caliaf (Polomolok); Magsaysay (Polomolok); Pagalungan (Polomolok); Palkan (Polomolok); Poblacion (Polomolok); Rubber (Polomolok); Silway 8 (Polomolok); Upper Klinan (Polomolok),Polomolok,32.872000,0.317200,0.408000,Seasonal baseline
2044-05-01,2,8,False,1206313003,Surallah,Centrala,1206313008; 1206313003; 1206313004; 1206313006; 1206313019; 1206313020; 1206313023; 1206313024,Canahay (Surallah); Centrala (Surallah); Colongulo (Surallah); Duengas (Surallah); Libertad (Surallah); Little Baguio (Surallah); Moloy (Surallah); Naci (Surallah),Surallah,19.584000,0.177500,0.236000,Seasonal baseline
2044-06-01,1,11,False,1206312024,Polomolok,Cannery Site,1206312024; 1206312003; 1206312007; 1206312016; 1206312025; 1206312013; 1206312014; 1206312017; 1206312018; 1206312019; 1206312022,Cannery Site (Polomolok); Glamang (Polomolok); Lam-Caliaf (Polomolok); Magsaysay (Polomolok); Pagalungan (Polomolok); Palkan (Polomolok); Poblacion (Polomolok); Rubber (Polomolok); Silway 7 (Polomolok); Silway 8 (Polomolok); Upper Klinan (Polomolok),Polomolok,35.412000,0.328727,0.420000,Seasonal baseline
2044-06-01,2,6,False,1206313003,Surallah,Centrala,1206313003; 1206313004; 1206313005; 1206313019; 1206313020; 1206313023,Centrala (Surallah); Colongulo (Surallah); Dajay (Surallah); Libertad (Surallah); Little Baguio (Surallah); Moloy (Surallah),Surallah,15.128000,0.164000,0.264000,Seasonal baseline
2044-07-01,1,9,False,1206312025,Polomolok,Pagalungan,1206312024; 1206312003; 1206312007; 1206312016; 1206312025; 1206312013; 1206312014; 1206312017; 1206312022,Cannery Site (Polomolok); Glamang (Polomolok); Lam-Caliaf (Polomolok); Magsaysay (Polomolok); Pagalungan (Polomolok); Palkan (Polomolok); Poblacion (Polomolok); Rubber (Polomolok); Upper Klinan (Polomolok),Polomolok,30.704000,0.309333,0.396000,Seasonal baseline
2044-07-01,2,6,False,1206313019,Surallah,Libertad,1206313003; 1206313004; 1206313019; 1206313020; 1206313023; 1206313030,Centrala (Surallah); Colongulo (Surallah); Libertad (Surallah); Little Baguio (Surallah); Moloy (Surallah); Tubiala (Surallah),Surallah,15.508000,0.174667,0.232000,Seasonal baseline
2044-08-01,1,8,False,1206312014,Polomolok,Poblacion,1206312024; 1206312003; 1206312016; 1206312025; 1206312014; 1206312017; 1206312019; 1206312022,Cannery Site (Polomolok); Glamang (Polomolok); Magsaysay (Polomolok); Pagalungan (Polomolok); Poblacion (Polomolok); Rubber (Polomolok); Silway 8 (Polomolok); Upper Klinan (Polomolok),Polomolok,28.172000,0.322500,0.424000,Seasonal baseline
2044-08-01,2,10,False,1206313003,Surallah,Centrala,1206313008; 1206313003; 1206313004; 1206313006; 1206313018; 1206313019; 1206313020; 1206313023; 1206313024; 1206313032,Canahay (Surallah); Centrala (Surallah); Colongulo (Surallah); Duengas (Surallah); Lamsugod (Surallah); Libertad (Surallah); Little Baguio (Surallah); Moloy (Surallah); Naci (Surallah); Veterans (Surallah),Surallah,26.180000,0.190000,0.280000,Seasonal baseline
2044-09-01,1,9,False,1206312025,Polomolok,Pagalungan,1206312024; 1206312003; 1206312007; 1206312016; 1206312025; 1206312013; 1206312014; 1206312017; 1206312019,Cannery Site (Polomolok); Glamang (Polomolok); Lam-Caliaf (Polomolok); Magsaysay (Polomolok); Pagalungan (Polomolok); Palkan (Polomolok); Poblacion (Polomolok); Rubber (Polomolok); Silway 8 (Polomolok),Polomolok,29.692000,0.306667,0.408000,Seasonal baseline
2044-09-01,2,11,False,1206313019,Surallah,Libertad,1206313008; 1206313003; 1206313004; 1206313005; 1206313018; 1206313019; 1206313020; 1206313023; 1206313024; 1206313031; 1206313032,Canahay (Surallah); Centrala (Surallah); Colongulo (Surallah); Dajay (Surallah); Lamsugod (Surallah); Libertad (Surallah); Little Baguio (Surallah); Moloy (Surallah); Naci (Surallah); Upper Sepaka (Surallah); Veterans (Surallah),Surallah,28.928000,0.195636,0.284000,Seasonal baseline
2044-10-01,1,10,False,1206312014,Polomolok,Poblacion,1206312024; 1206312003; 1206312007; 1206312016; 1206312025; 1206312013; 1206312014; 1206312017; 1206312019; 1206312022,Cannery Site (Polomolok); Glamang (Polomolok); Lam-Caliaf (Polomolok); Magsaysay (Polomolok); Pagalungan (Polomolok); Palkan (Polomolok); Poblacion (Polomolok); Rubber (Polomolok); Silway 8 (Polomolok); Upper Klinan (Polomolok),Polomolok,34.032000,0.340400,0.460000,Seasonal baseline
2044-10-01,2,7,False,1206313003,Surallah,Centrala,1206313008; 1206313003; 1206313004; 1206313006; 1206313019; 1206313020; 1206313023,Canahay (Surallah); Centrala (Surallah); Colongulo (Surallah); Duengas (Surallah); Libertad (Surallah); Little Baguio (Surallah); Moloy (Surallah),Surallah,18.976000,0.197143,0.300000,Seasonal baseline
2044-11-01,1,9,False,1206312014,Polomolok,Poblacion,1206312024; 1206312003; 1206312007; 1206312016; 1206312025; 1206312013; 1206312014; 1206312017; 1206312022,Cannery Site (Polomolok); Glamang (Polomolok); Lam-Caliaf (Polomolok); Magsaysay (Polomolok); Pagalungan (Polomolok); Palkan (Polomolok); Poblacion (Polomolok); Rubber (Polomolok); Upper Klinan (Polomolok),Polomolok,31.016000,0.330222,0.420000,Seasonal baseline
2044-11-01,2,9,False,1206313019,Surallah,Libertad,1206313008; 1206313003; 1206313004; 1206313005; 1206313006; 1206313019; 1206313020; 1206313023; 1206313028,Canahay (Surallah); Centrala (Surallah); Colongulo (Surallah); Dajay (Surallah); Duengas (Surallah); Libertad (Surallah); Little Baguio (Surallah); Moloy (Surallah); Talahik (Surallah),Surallah,24.608000,0.220889,0.316000,Seasonal baseline
2044-12-01,1,9,False,1206312014,Polomolok,Poblacion,1206312024; 1206312003; 1206312007; 1206312016; 1206312025; 1206312013; 1206312014; 1206312017; 1206312022,Cannery Site (Polomolok); Glamang (Polomolok); Lam-Caliaf (Polomolok); Magsaysay (Polomolok); Pagalungan (Polomolok); Palkan (Polomolok); Poblacion (Polomolok); Rubber (Polomolok); Upper Klinan (Polomolok),Polomolok,32.756000,0.344444,0.416000,Seasonal baseline
2044-12-01,2,8,False,1206313019,Surallah,Libertad,1206313008; 1206313003; 1206313004; 1206313006; 1206313019; 1206313020; 1206313023; 1206313028,Canahay (Surallah); Centrala (Surallah); Colongulo (Surallah); Duengas (Surallah); Libertad (Surallah); Little Baguio (Surallah); Moloy (Surallah); Talahik (Surallah),Surallah,22.684000,0.206500,0.284000,Seasonal baseline
2045-01-01,1,6,False,1206312025,Polomolok,Pagalungan,1206312024; 1206312003; 1206312016; 1206312025; 1206312014; 1206312017,Cannery Site (Polomolok); Glamang (Polomolok); Magsaysay (Polomolok); Pagalungan (Polomolok); Poblacion (Polomolok); Rubber (Polomolok),Polomolok,22.732000,0.278667,0.364000,Seasonal baseline
2045-01-01,2,6,False,1206313003,Surallah,Centrala,1206313003; 1206313004; 1206313019; 1206313020; 1206313023; 1206313028,Centrala (Surallah); Colongulo (Surallah); Libertad (Surallah); Little Baguio (Surallah); Moloy (Surallah); Talahik (Surallah),Surallah,15.432000,0.180000,0.248000,Seasonal baseline
2045-02-01,1,7,False,1206312014,Polomolok,Poblacion,1206312024; 1206312003; 1206312025; 1206312014; 1206312017; 1206312019; 1206312022,Cannery Site (Polomolok); Glamang (Polomolok); Pagalungan (Polomolok); Poblacion (Polomolok); Rubber (Polomolok); Silway 8 (Polomolok); Upper Klinan (Polomolok),Polomolok,25.836000,0.321143,0.412000,Seasonal baseline
2045-02-01,2,4,False,1206313019,Surallah,Libertad,1206313003; 1206313004; 1206313019; 1206313023,Centrala (Surallah); Colongulo (Surallah); Libertad (Surallah); Moloy (Surallah),Surallah,9.848000,0.143000,0.172000,Seasonal baseline
2045-03-01,1,6,False,1206312014,Polomolok,Poblacion,1206312024; 1206312003; 1206312016; 1206312025; 1206312014; 1206312017,Cannery Site (Polomolok); Glamang (Polomolok); Magsaysay (Polomolok); Pagalungan (Polomolok); Poblacion (Polomolok); Rubber (Polomolok),Polomolok,23.984000,0.306667,0.460000,Seasonal baseline
2045-04-01,1,8,False,1206312025,Polomolok,Pagalungan,1206312024; 1206312003; 1206312016; 1206312025; 1206312014; 1206312017; 1206312019; 1206312022,Cannery Site (Polomolok); Glamang (Polomolok); Magsaysay (Polomolok); Pagalungan (Polomolok); Poblacion (Polomolok); Rubber (Polomolok); Silway 8 (Polomolok); Upper Klinan (Polomolok),Polomolok,28.264000,0.322500,0.452000,Seasonal baseline
2045-04-01,2,6,True,1206313003,Surallah,Centrala,1206313003; 1206313004; 1206313006; 1206313019; 1206313020; 1206313023,Centrala (Surallah); Colongulo (Surallah); Duengas (Surallah); Libertad (Surallah); Little Baguio (Surallah); Moloy (Surallah),Surallah,15.436000,0.173333,0.232000,Seasonal baseline
2045-05-01,1,8,False,1206312025,Polomolok,Pagalungan,1206312024; 1206312003; 1206312016; 1206312025; 1206312014; 1206312017; 1206312019; 1206312022,Cannery Site (Polomolok); Glamang (Polomolok); Magsaysay (Polomolok); Pagalungan (Polomolok); Poblacion (Polomolok); Rubber (Polomolok); Silway 8 (Polomolok); Upper Klinan (Polomolok),Polomolok,28.192000,0.320000,0.420000,Seasonal baseline
2045-05-01,2,5,False,1206313003,Surallah,Centrala,1206313003; 1206313018; 1206313019; 1206313024; 1206313032,Centrala (Surallah); Lamsugod (Surallah); Libertad (Surallah); Naci (Surallah); Veterans (Surallah),Surallah,13.140000,0.185600,0.240000,Seasonal baseline
2045-05-01,3,3,False,1206313023,Surallah,Moloy,1206313006; 1206313023; 1206313028,Duengas (Surallah); Moloy (Surallah); Talahik (Surallah),Surallah,7.360000,0.226667,0.260000,Seasonal baseline
2045-06-01,1,10,False,1206312024,Polomolok,Cannery Site,1206312024; 1206312003; 1206312007; 1206312016; 1206312025; 1206312013; 1206312014; 1206312017; 1206312019; 1206312022,Cannery Site (Polomolok); Glamang (Polomolok); Lam-Caliaf (Polomolok); Magsaysay (Polomolok); Pagalungan (Polomolok); Palkan (Polomolok); Poblacion (Polomolok); Rubber (Polomolok); Silway 8 (Polomolok); Upper Klinan (Polomolok),Polomolok,33.356000,0.314000,0.384000,Seasonal baseline
2045-06-01,2,5,False,1206313003,Surallah,Centrala,1206313003; 1206313004; 1206313019; 1206313020; 1206313023,Centrala (Surallah); Colongulo (Surallah); Libertad (Surallah); Little Baguio (Surallah); Moloy (Surallah),Surallah,13.356000,0.180800,0.232000,Seasonal baseline
2045-07-01,1,8,False,1206312025,Polomolok,Pagalungan,1206312024; 1206312003; 1206312016; 1206312025; 1206312014; 1206312017; 1206312019; 1206312022,Cannery Site (Polomolok); Glamang (Polomolok); Magsaysay (Polomolok); Pagalungan (Polomolok); Poblacion (Polomolok); Rubber (Polomolok); Silway 8 (Polomolok); Upper Klinan (Polomolok),Polomolok,27.764000,0.319500,0.404000,Seasonal baseline
2045-07-01,2,8,False,1206313019,Surallah,Libertad,1206313008; 1206313003; 1206313004; 1206313006; 1206313019; 1206313020; 1206313023; 1206313028,Canahay (Surallah); Centrala (Surallah); Colongulo (Surallah); Duengas (Surallah); Libertad (Surallah); Little Baguio (Surallah); Moloy (Surallah); Talahik (Surallah),Surallah,19.940000,0.180500,0.264000,Seasonal baseline
2045-08-01,1,4,False,1206312024,Polomolok,Cannery Site,1206312024; 1206312025; 1206312014; 1206312022,Cannery Site (Polomolok); Pagalungan (Polomolok); Poblacion (Polomolok); Upper Klinan (Polomolok),Polomolok,17.868000,0.303000,0.440000,Seasonal baseline
2045-08-01,2,6,False,1206313019,Surallah,Libertad,1206313003; 1206313004; 1206313006; 1206313019; 1206313020; 1206313023,Centrala (Surallah); Colongulo (Surallah); Duengas (Surallah); Libertad (Surallah); Little Baguio (Surallah); Moloy (Surallah),Surallah,16.708000,0.204000,0.256000,Seasonal baseline
2045-09-01,1,8,False,1206312014,Polomolok,Poblacion,1206312024; 1206312003; 1206312016; 1206312025; 1206312014; 1206312017; 1206312019; 1206312022,Cannery Site (Polomolok); Glamang (Polomolok); Magsaysay (Polomolok); Pagalungan (Polomolok); Poblacion (Polomolok); Rubber (Polomolok); Silway 8 (Polomolok); Upper Klinan (Polomolok),Polomolok,28.380000,0.327000,0.412000,Seasonal baseline
2045-09-01,2,5,False,1206313019,Surallah,Libertad,1206313003; 1206313004; 1206313019; 1206313020; 1206313023,Centrala (Surallah); Colongulo (Surallah); Libertad (Surallah); Little Baguio (Surallah); Moloy (Surallah),Surallah,14.392000,0.192800,0.224000,Seasonal baseline
2045-10-01,1,7,False,1206312025,Polomolok,Pagalungan,1206312024; 1206312003; 1206312016; 1206312025; 1206312014; 1206312019; 1206312022,Cannery Site (Polomolok); Glamang (Polomolok); Magsaysay (Polomolok); Pagalungan (Polomolok); Poblacion (Polomolok); Silway 8 (Polomolok); Upper Klinan (Polomolok),Polomolok,25.276000,0.313143,0.404000,Seasonal baseline
2045-10-01,2,5,False,1206313003,Surallah,Centrala,1206313003; 1206313004; 1206313019; 1206313020; 1206313023,Centrala (Surallah); Colongulo (Surallah); Libertad (Surallah); Little Baguio (Surallah); Moloy (Surallah),Surallah,14.828000,0.194400,0.248000,Seasonal baseline
2045-11-01,1,7,False,1206312024,Polomolok,Cannery Site,1206312024; 1206312003; 1206312016; 1206312025; 1206312014; 1206312017; 1206312019,Cannery Site (Polomolok); Glamang (Polomolok); Magsaysay (Polomolok); Pagalungan (Polomolok); Poblacion (Polomolok); Rubber (Polomolok); Silway 8 (Polomolok),Polomolok,26.892000,0.324571,0.404000,Seasonal baseline
2045-11-01,2,6,False,1206313019,Surallah,Libertad,1206313003; 1206313004; 1206313006; 1206313019; 1206313020; 1206313023,Centrala (Surallah); Colongulo (Surallah); Duengas (Surallah); Libertad (Surallah); Little Baguio (Surallah); Moloy (Surallah),Surallah,17.468000,0.212667,0.276000,Seasonal baseline
2045-12-01,1,5,False,1206312025,Polomolok,Pagalungan,1206312024; 1206312003; 1206312016; 1206312025; 1206312014,Cannery Site (Polomolok); Glamang (Polomolok); Magsaysay (Polomolok); Pagalungan (Polomolok); Poblacion (Polomolok),Polomolok,21.552000,0.307200,0.428000,Seasonal baseline
2046-01-01,1,10,False,1206312025,Polomolok,Pagalungan,1206312024; 1206312003; 1206312005; 1206312007; 1206312016; 1206312025; 1206312013; 1206312014; 1206312017; 1206312022,Cannery Site (Polomolok); Glamang (Polomolok); Klinan 6 (Polomolok); Lam-Caliaf (Polomolok); Magsaysay (Polomolok); Pagalungan (Polomolok); Palkan (Polomolok); Poblacion (Polomolok); Rubber (Polomolok); Upper Klinan (Polomolok),Polomolok,32.168000,0.319600,0.452000,Seasonal baseline
2046-01-01,2,6,True,1206313019,Surallah,Libertad,1206313003; 1206313004; 1206313006; 1206313019; 1206313020; 1206313023,Centrala (Surallah); Colongulo (Surallah); Duengas (Surallah); Libertad (Surallah); Little Baguio (Surallah); Moloy (Surallah),Surallah,15.896000,0.189333,0.252000,Seasonal baseline
2046-02-01,1,7,False,1206312025,Polomolok,Pagalungan,1206312024; 1206312003; 1206312016; 1206312025; 1206312014; 1206312017; 1206312022,Cannery Site (Polomolok); Glamang (Polomolok); Magsaysay (Polomolok); Pagalungan (Polomolok); Poblacion (Polomolok); Rubber (Polomolok); Upper Klinan (Polomolok),Polomolok,24.940000,0.298857,0.368000,Seasonal baseline
2046-02-01,2,4,False,1206313003,Surallah,Centrala,1206313003; 1206313018; 1206313019; 1206313030,Centrala (Surallah); Lamsugod (Surallah); Libertad (Surallah); Tubiala (Surallah),Surallah,10.368000,0.176000,0.284000,Seasonal baseline
2046-03-01,1,10,False,1206312014,Polomolok,Poblacion,1206312024; 1206312003; 1206312007; 1206312016; 1206312025; 1206312013; 1206312014; 1206312017; 1206312019; 1206312022,Cannery Site (Polomolok); Glamang (Polomolok); Lam-Caliaf (Polomolok); Magsaysay (Polomolok); Pagalungan (Polomolok); Palkan (Polomolok); Poblacion (Polomolok); Rubber (Polomolok); Silway 8 (Polomolok); Upper Klinan (Polomolok),Polomolok,32.404000,0.307200,0.404000,Seasonal baseline
2046-03-01,2,7,False,1206313019,Surallah,Libertad,1206313003; 1206313004; 1206313006; 1206313019; 1206313020; 1206313023; 1206313028,Centrala (Surallah); Colongulo (Surallah); Duengas (Surallah); Libertad (Surallah); Little Baguio (Surallah); Moloy (Surallah); Talahik (Surallah),Surallah,17.552000,0.189143,0.244000,Seasonal baseline
2046-04-01,1,9,False,1206312024,Polomolok,Cannery Site,1206312024; 1206312003; 1206312016; 1206312025; 1206312014; 1206312017; 1206312018; 1206312019; 1206312022,Cannery Site (Polomolok); Glamang (Polomolok); Magsaysay (Polomolok); Pagalungan (Polomolok); Poblacion (Polomolok); Rubber (Polomolok); Silway 7 (Polomolok); Silway 8 (Polomolok); Upper Klinan (Polomolok),Polomolok,30.572000,0.330222,0.428000,Seasonal baseline
2046-04-01,2,3,False,1206313023,Surallah,Moloy,1206313006; 1206313023; 1206313028,Duengas (Surallah); Moloy (Surallah); Talahik (Surallah),Surallah,7.384000,0.229333,0.252000,Seasonal baseline
2046-05-01,1,8,False,1206312014,Polomolok,Poblacion,1206312024; 1206312003; 1206312007; 1206312025; 1206312014; 1206312017; 1206312019; 1206312022,Cannery Site (Polomolok); Glamang (Polomolok); Lam-Caliaf (Polomolok); Pagalungan (Polomolok); Poblacion (Polomolok); Rubber (Polomolok); Silway 8 (Polomolok); Upper Klinan (Polomolok),Polomolok,28.068000,0.321500,0.408000,Seasonal baseline
2046-06-01,1,8,False,1206312024,Polomolok,Cannery Site,1206312024; 1206312003; 1206312007; 1206312025; 1206312013; 1206312014; 1206312017; 1206312019,Cannery Site (Polomolok); Glamang (Polomolok); Lam-Caliaf (Polomolok); Pagalungan (Polomolok); Palkan (Polomolok); Poblacion (Polomolok); Rubber (Polomolok); Silway 8 (Polomolok),Polomolok,28.812000,0.314000,0.380000,Seasonal baseline
2046-07-01,1,10,False,1206312024,Polomolok,Cannery Site,1206312024; 1206312003; 1206312007; 1206312016; 1206312025; 1206312013; 1206312014; 1206312017; 1206312019; 1206312022,Cannery Site (Polomolok); Glamang (Polomolok); Lam-Caliaf (Polomolok); Magsaysay (Polomolok); Pagalungan (Polomolok); Palkan (Polomolok); Poblacion (Polomolok); Rubber (Polomolok); Silway 8 (Polomolok); Upper Klinan (Polomolok),Polomolok,33.516000,0.319600,0.416000,Seasonal baseline
2046-07-01,2,7,True,1206313003,Surallah,Centrala,1206313003; 1206313004; 1206313019; 1206313020; 1206313023; 1206313024; 1206313028,Centrala (Surallah); Colongulo (Surallah); Libertad (Surallah); Little Baguio (Surallah); Moloy (Surallah); Naci (Surallah); Talahik (Surallah),Surallah,18.836000,0.205714,0.272000,Seasonal baseline
2046-08-01,1,11,False,1206312014,Polomolok,Poblacion,1206312024; 1206312003; 1206312007; 1206312016; 1206312025; 1206312013; 1206312014; 1206312017; 1206312018; 1206312019; 1206312022,Cannery Site (Polomolok); Glamang (Polomolok); Lam-Caliaf (Polomolok); Magsaysay (Polomolok); Pagalungan (Polomolok); Palkan (Polomolok); Poblacion (Polomolok); Rubber (Polomolok); Silway 7 (Polomolok); Silway 8 (Polomolok); Upper Klinan (Polomolok),Polomolok,35.608000,0.324727,0.408000,Seasonal baseline
2046-08-01,2,7,False,1206313019,Surallah,Libertad,1206313003; 1206313004; 1206313006; 1206313019; 1206313020; 1206313023; 1206313028,Centrala (Surallah); Colongulo (Surallah); Duengas (Surallah); Libertad (Surallah); Little Baguio (Surallah); Moloy (Surallah); Talahik (Surallah),Surallah,18.528000,0.200571,0.260000,Seasonal baseline
2046-09-01,1,6,False,1206312025,Polomolok,Pagalungan,1206312024; 1206312003; 1206312016; 1206312025; 1206312014; 1206312017,Cannery Site (Polomolok); Glamang (Polomolok); Magsaysay (Polomolok); Pagalungan (Polomolok); Poblacion (Polomolok); Rubber (Polomolok),Polomolok,23.040000,0.301333,0.432000,Seasonal baseline
2046-09-01,2,7,False,1206313003,Surallah,Centrala,1206313008; 1206313003; 1206313004; 1206313019; 1206313020; 1206313023; 1206313028,Canahay (Surallah); Centrala (Surallah); Colongulo (Surallah); Libertad (Surallah); Little Baguio (Surallah); Moloy (Surallah); Talahik (Surallah),Surallah,18.568000,0.181714,0.244000,Seasonal baseline
2046-10-01,1,4,False,1206312024,Polomolok,Cannery Site,1206312024; 1206312025; 1206312014; 1206312022,Cannery Site (Polomolok); Pagalungan (Polomolok); Poblacion (Polomolok); Upper Klinan (Polomolok),Polomolok,18.840000,0.314000,0.456000,Seasonal baseline
2046-10-01,2,4,False,1206313003,Surallah,Centrala,1206313003; 1206313018; 1206313019; 1206313030,Centrala (Surallah); Lamsugod (Surallah); Libertad (Surallah); Tubiala (Surallah),Surallah,11.232000,0.194000,0.236000,Seasonal baseline
2046-11-01,1,8,False,1206312025,Polomolok,Pagalungan,1206312024; 1206312003; 1206312007; 1206312016; 1206312025; 1206312014; 1206312017; 1206312022,Cannery Site (Polomolok); Glamang (Polomolok); Lam-Caliaf (Polomolok); Magsaysay (Polomolok); Pagalungan (Polomolok); Poblacion (Polomolok); Rubber (Polomolok); Upper Klinan (Polomolok),Polomolok,29.040000,0.334000,0.392000,Seasonal baseline
2046-11-01,2,10,False,1206313019,Surallah,Libertad,1206313008; 1206313003; 1206313004; 1206313018; 1206313019; 1206313020; 1206313023; 1206313024; 1206313028; 1206313032,Canahay (Surallah); Centrala (Surallah); Colongulo (Surallah); Lamsugod (Surallah); Libertad (Surallah); Little Baguio (Surallah); Moloy (Surallah); Naci (Surallah); Talahik (Surallah); Veterans (Surallah),Surallah,26.336000,0.190800,0.272000,Seasonal baseline
2046-12-01,1,9,False,1206312014,Polomolok,Poblacion,1206312024; 1206312003; 1206312007; 1206312016; 1206312025; 1206312013; 1206312014; 1206312017; 1206312022,Cannery Site (Polomolok); Glamang (Polomolok); Lam-Caliaf (Polomolok); Magsaysay (Polomolok); Pagalungan (Polomolok); Palkan (Polomolok); Poblacion (Polomolok); Rubber (Polomolok); Upper Klinan (Polomolok),Polomolok,32.032000,0.326222,0.420000,Seasonal baseline
2046-12-01,2,5,False,1206313003,Surallah,Centrala,1206313003; 1206313018; 1206313019; 1206313030; 1206313032,Centrala (Surallah); Lamsugod (Surallah); Libertad (Surallah); Tubiala (Surallah); Veterans (Surallah),Surallah,14.256000,0.207200,0.284000,Seasonal baseline
2047-01-01,1,3,False,1206312003,Polomolok,Glamang,1206312003; 1206312017; 1206312018,Glamang (Polomolok); Rubber (Polomolok); Silway 7 (Polomolok),Polomolok,8.188000,0.338667,0.364000,Seasonal baseline
2047-01-01,2,3,False,1206312025,Polomolok,Pagalungan,1206312024; 1206312025; 1206312014,Cannery Site (Polomolok); Pagalungan (Polomolok); Poblacion (Polomolok),Polomolok,14.540000,0.248000,0.284000,Seasonal baseline
2047-02-01,1,10,False,1206312014,Polomolok,Poblacion,1206312024; 1206312003; 1206312007; 1206312016; 1206312025; 1206312013; 1206312014; 1206312017; 1206312019; 1206312022,Cannery Site (Polomolok); Glamang (Polomolok); Lam-Caliaf (Polomolok); Magsaysay (Polomolok); Pagalungan (Polomolok); Palkan (Polomolok); Poblacion (Polomolok); Rubber (Polomolok); Silway 8 (Polomolok); Upper Klinan (Polomolok),Polomolok,34.136000,0.321200,0.416000,Seasonal baseline
2047-03-01,1,12,False,1206312024,Polomolok,Cannery Site,1206312024; 1206312003; 1206312004; 1206312007; 1206312008; 1206312016; 1206312025; 1206312013; 1206312014; 1206312017; 1206312019; 1206312022,Cannery Site (Polomolok); Glamang (Polomolok); Kinilis (Polomolok); Lam-Caliaf (Polomolok); Landan (Polomolok); Magsaysay (Polomolok); Pagalungan (Polomolok); Palkan (Polomolok); Poblacion (Polomolok); Rubber (Polomolok); Silway 8 (Polomolok); Upper Klinan (Polomolok),Polomolok,36.580000,0.314333,0.396000,Seasonal baseline
2047-03-01,2,3,True,1206313023,Surallah,Moloy,1206313006; 1206313023; 1206313028,Duengas (Surallah); Moloy (Surallah); Talahik (Surallah),Surallah,6.832000,0.201333,0.220000,Seasonal baseline
2047-04-01,1,8,False,1206312025,Polomolok,Pagalungan,1206312024; 1206312003; 1206312016; 1206312025; 1206312014; 1206312017; 1206312019; 1206312022,Cannery Site (Polomolok); Glamang (Polomolok); Magsaysay (Polomolok); Pagalungan (Polomolok); Poblacion (Polomolok); Rubber (Polomolok); Silway 8 (Polomolok); Upper Klinan (Polomolok),Polomolok,27.592000,0.314000,0.420000,Seasonal baseline
2047-04-01,2,4,False,1206313019,Surallah,Libertad,1206313003; 1206313004; 1206313019; 1206313023,Centrala (Surallah); Colongulo (Surallah); Libertad (Surallah); Moloy (Surallah),Surallah,10.716000,0.177000,0.236000,Seasonal baseline
2047-05-01,1,10,False,1206312014,Polomolok,Poblacion,1206312024; 1206312003; 1206312007; 1206312016; 1206312025; 1206312013; 1206312014; 1206312017; 1206312019; 1206312022,Cannery Site (Polomolok); Glamang (Polomolok); Lam-Caliaf (Polomolok); Magsaysay (Polomolok); Pagalungan (Polomolok); Palkan (Polomolok); Poblacion (Polomolok); Rubber (Polomolok); Silway 8 (Polomolok); Upper Klinan (Polomolok),Polomolok,32.212000,0.308800,0.400000,Seasonal baseline
2047-05-01,2,6,False,1206313019,Surallah,Libertad,1206313003; 1206313004; 1206313006; 1206313019; 1206313020; 1206313023,Centrala (Surallah); Colongulo (Surallah); Duengas (Surallah); Libertad (Surallah); Little Baguio (Surallah); Moloy (Surallah),Surallah,15.084000,0.167333,0.252000,Seasonal baseline
2047-06-01,1,6,False,1206312024,Polomolok,Cannery Site,1206312024; 1206312016; 1206312025; 1206312014; 1206312017; 1206312022,Cannery Site (Polomolok); Magsaysay (Polomolok); Pagalungan (Polomolok); Poblacion (Polomolok); Rubber (Polomolok); Upper Klinan (Polomolok),Polomolok,22.504000,0.298000,0.400000,Seasonal baseline
2047-06-01,2,6,False,1206313019,Surallah,Libertad,1206313003; 1206313004; 1206313006; 1206313019; 1206313020; 1206313023,Centrala (Surallah); Colongulo (Surallah); Duengas (Surallah); Libertad (Surallah); Little Baguio (Surallah); Moloy (Surallah),Surallah,16.500000,0.196667,0.256000,Seasonal baseline
2047-07-01,1,9,False,1206312024,Polomolok,Cannery Site,1206312024; 1206312003; 1206312007; 1206312016; 1206312025; 1206312013; 1206312014; 1206312017; 1206312022,Cannery Site (Polomolok); Glamang (Polomolok); Lam-Caliaf (Polomolok); Magsaysay (Polomolok); Pagalungan (Polomolok); Palkan (Polomolok); Poblacion (Polomolok); Rubber (Polomolok); Upper Klinan (Polomolok),Polomolok,31.008000,0.312444,0.440000,Seasonal baseline
2047-07-01,2,6,False,1206313019,Surallah,Libertad,1206313008; 1206313003; 1206313004; 1206313019; 1206313020; 1206313030,Canahay (Surallah); Centrala (Surallah); Colongulo (Surallah); Libertad (Surallah); Little Baguio (Surallah); Tubiala (Surallah),Surallah,15.732000,0.177333,0.244000,Seasonal baseline
2047-08-01,1,3,False,1206312025,Polomolok,Pagalungan,1206312024; 1206312025; 1206312014,Cannery Site (Polomolok); Pagalungan (Polomolok); Poblacion (Polomolok),Polomolok,15.504000,0.274667,0.316000,Seasonal baseline
2047-09-01,1,9,False,1206312024,Polomolok,Cannery Site,1206312024; 1206312003; 1206312007; 1206312016; 1206312025; 1206312013; 1206312014; 1206312017; 1206312019,Cannery Site (Polomolok); Glamang (Polomolok); Lam-Caliaf (Polomolok); Magsaysay (Polomolok); Pagalungan (Polomolok); Palkan (Polomolok); Poblacion (Polomolok); Rubber (Polomolok); Silway 8 (Polomolok),Polomolok,30.872000,0.306667,0.416000,Seasonal baseline
2047-09-01,2,8,True,1206313019,Surallah,Libertad,1206313008; 1206313003; 1206313004; 1206313005; 1206313006; 1206313019; 1206313020; 1206313023,Canahay (Surallah); Centrala (Surallah); Colongulo (Surallah); Dajay (Surallah); Duengas (Surallah); Libertad (Surallah); Little Baguio (Surallah); Moloy (Surallah),Surallah,21.988000,0.218000,0.292000,Seasonal baseline
2047-10-01,1,3,False,1206313006,Surallah,Duengas,1206313006; 1206313023; 1206313028,Duengas (Surallah); Moloy (Surallah); Talahik (Surallah),Surallah,8.224000,0.269333,0.316000,Seasonal baseline
2047-11-01,1,7,True,1206312024,Polomolok,Cannery Site,1206312024; 1206312003; 1206312016; 1206312025; 1206312014; 1206312017; 1206312019,Cannery Site (Polomolok); Glamang (Polomolok); Magsaysay (Polomolok); Pagalungan (Polomolok); Poblacion (Polomolok); Rubber (Polomolok); Silway 8 (Polomolok),Polomolok,25.336000,0.300571,0.408000,Seasonal baseline
2047-11-01,2,6,False,1206313019,Surallah,Libertad,1206313003; 1206313004; 1206313006; 1206313019; 1206313020; 1206313023,Centrala (Surallah); Colongulo (Surallah); Duengas (Surallah); Libertad (Surallah); Little Baguio (Surallah); Moloy (Surallah),Surallah,17.156000,0.208000,0.252000,Seasonal baseline
2047-12-01,1,6,False,1206312014,Polomolok,Poblacion,1206312024; 1206312003; 1206312016; 1206312025; 1206312014; 1206312017,Cannery Site (Polomolok); Glamang (Polomolok); Magsaysay (Polomolok); Pagalungan (Polomolok); Poblacion (Polomolok); Rubber (Polomolok),Polomolok,23.504000,0.310000,0.452000,Seasonal baseline
2048-01-01,1,9,False,1206312024,Polomolok,Cannery Site,1206312024; 1206312003; 1206312007; 1206312016; 1206312025; 1206312013; 1206312014; 1206312017; 1206312022,Cannery Site (Polomolok); Glamang (Polomolok); Lam-Caliaf (Polomolok); Magsaysay (Polomolok); Pagalungan (Polomolok); Palkan (Polomolok); Poblacion (Polomolok); Rubber (Polomolok); Upper Klinan (Polomolok),Polomolok,29.936000,0.308000,0.392000,Seasonal baseline
2048-02-01,1,9,False,1206312024,Polomolok,Cannery Site,1206312024; 1206312003; 1206312007; 1206312025; 1206312013; 1206312014; 1206312017; 1206312019; 1206312022,Cannery Site (Polomolok); Glamang (Polomolok); Lam-Caliaf (Polomolok); Pagalungan (Polomolok); Palkan (Polomolok); Poblacion (Polomolok); Rubber (Polomolok); Silway 8 (Polomolok); Upper Klinan (Polomolok),Polomolok,29.392000,0.293333,0.368000,Seasonal baseline
2048-03-01,1,9,False,1206312014,Polomolok,Poblacion,1206312024; 1206312003; 1206312007; 1206312016; 1206312025; 1206312013; 1206312014; 1206312017; 1206312022,Cannery Site (Polomolok); Glamang (Polomolok); Lam-Caliaf (Polomolok); Magsaysay (Polomolok); Pagalungan (Polomolok); Palkan (Polomolok); Poblacion (Polomolok); Rubber (Polomolok); Upper Klinan (Polomolok),Polomolok,29.640000,0.296889,0.388000,Seasonal baseline
2048-04-01,1,10,False,1206312024,Polomolok,Cannery Site,1206312024; 1206312003; 1206312007; 1206312016; 1206312025; 1206312013; 1206312014; 1206312017; 1206312019; 1206312022,Cannery Site (Polomolok); Glamang (Polomolok); Lam-Caliaf (Polomolok); Magsaysay (Polomolok); Pagalungan (Polomolok); Palkan (Polomolok); Poblacion (Polomolok); Rubber (Polomolok); Silway 8 (Polomolok); Upper Klinan (Polomolok),Polomolok,33.668000,0.320000,0.408000,Seasonal baseline
2048-05-01,1,6,False,1206312024,Polomolok,Cannery Site,1206312024; 1206312002; 1206312007; 1206312025; 1206312013; 1206312014,Cannery Site (Polomolok); Crossing Palkan (Polomolok); Lam-Caliaf (Polomolok); Pagalungan (Polomolok); Palkan (Polomolok); Poblacion (Polomolok),Polomolok,22.024000,0.301333,0.392000,Seasonal baseline
2048-06-01,1,7,False,1206312014,Polomolok,Poblacion,1206312024; 1206312003; 1206312016; 1206312025; 1206312014; 1206312017; 1206312022,Cannery Site (Polomolok); Glamang (Polomolok); Magsaysay (Polomolok); Pagalungan (Polomolok); Poblacion (Polomolok); Rubber (Polomolok); Upper Klinan (Polomolok),Polomolok,26.068000,0.310857,0.420000,Seasonal baseline
2048-07-01,1,10,False,1206312024,Polomolok,Cannery Site,1206312024; 1206312002; 1206312003; 1206312004; 1206312016; 1206312025; 1206312013; 1206312014; 1206312017; 1206312022,Cannery Site (Polomolok); Crossing Palkan (Polomolok); Glamang (Polomolok); Kinilis (Polomolok); Magsaysay (Polomolok); Pagalungan (Polomolok); Palkan (Polomolok); Poblacion (Polomolok); Rubber (Polomolok); Upper Klinan (Polomolok),Polomolok,32.100000,0.310400,0.388000,Seasonal baseline
2048-07-01,2,3,True,1206313019,Surallah,Libertad,1206313003; 1206313019; 1206313024,Centrala (Surallah); Libertad (Surallah); Naci (Surallah),Surallah,8.084000,0.182667,0.248000,Seasonal baseline
2048-08-01,1,12,False,1206312014,Polomolok,Poblacion,1206312024; 1206312002; 1206312003; 1206312007; 1206312016; 1206312025; 1206312013; 1206312014; 1206312017; 1206312018; 1206312019; 1206312022,Cannery Site (Polomolok); Crossing Palkan (Polomolok); Glamang (Polomolok); Lam-Caliaf (Polomolok); Magsaysay (Polomolok); Pagalungan (Polomolok); Palkan (Polomolok); Poblacion (Polomolok); Rubber (Polomolok); Silway 7 (Polomolok); Silway 8 (Polomolok); Upper Klinan (Polomolok),Polomolok,36.404000,0.315000,0.404000,Seasonal baseline
2048-08-01,2,9,False,1206313019,Surallah,Libertad,1206313008; 1206313003; 1206313004; 1206313018; 1206313019; 1206313020; 1206313023; 1206313024; 1206313032,Canahay (Surallah); Centrala (Surallah); Colongulo (Surallah); Lamsugod (Surallah); Libertad (Surallah); Little Baguio (Surallah); Moloy (Surallah); Naci (Surallah); Veterans (Surallah),Surallah,22.568000,0.180889,0.240000,Seasonal baseline
2048-09-01,1,7,False,1206312024,Polomolok,Cannery Site,1206312024; 1206312003; 1206312016; 1206312025; 1206312014; 1206312017; 1206312019,Cannery Site (Polomolok); Glamang (Polomolok); Magsaysay (Polomolok); Pagalungan (Polomolok); Poblacion (Polomolok); Rubber (Polomolok); Silway 8 (Polomolok),Polomolok,24.808000,0.298857,0.412000,Seasonal baseline
2048-10-01,1,3,False,1206312014,Polomolok,Poblacion,1206312024; 1206312025; 1206312014,Cannery Site (Polomolok); Pagalungan (Polomolok); Poblacion (Polomolok),Polomolok,14.972000,0.257333,0.340000,Seasonal baseline
2048-10-01,2,5,True,1206313019,Surallah,Libertad,1206313003; 1206313004; 1206313019; 1206313020; 1206313023,Centrala (Surallah); Colongulo (Surallah); Libertad (Surallah); Little Baguio (Surallah); Moloy (Surallah),Surallah,14.968000,0.208800,0.252000,Seasonal baseline
2048-11-01,1,10,False,1206312024,Polomolok,Cannery Site,1206312024; 1206312003; 1206312007; 1206312016; 1206312025; 1206312013; 1206312014; 1206312017; 1206312019; 1206312022,Cannery Site (Polomolok); Glamang (Polomolok); Lam-Caliaf (Polomolok); Magsaysay (Polomolok); Pagalungan (Polomolok); Palkan (Polomolok); Poblacion (Polomolok); Rubber (Polomolok); Silway 8 (Polomolok); Upper Klinan (Polomolok),Polomolok,32.844000,0.320800,0.420000,Seasonal baseline
2048-11-01,2,12,False,1206313019,Surallah,Libertad,1206313008; 1206313003; 1206313004; 1206313006; 1206313018; 1206313019; 1206313020; 1206313023; 1206313024; 1206313030; 1206313031; 1206313032,Canahay (Surallah); Centrala (Surallah); Colongulo (Surallah); Duengas (Surallah); Lamsugod (Surallah); Libertad (Surallah); Little Baguio (Surallah); Moloy (Surallah); Naci (Surallah); Tubiala (Surallah); Upper Sepaka (Surallah); Veterans (Surallah),Surallah,31.968000,0.220333,0.308000,Seasonal baseline
2048-12-01,1,9,False,1206312024,Polomolok,Cannery Site,1206312024; 1206312003; 1206312016; 1206312025; 1206312014; 1206312017; 1206312018; 1206312019; 1206312022,Cannery Site (Polomolok); Glamang (Polomolok); Magsaysay (Polomolok); Pagalungan (Polomolok); Poblacion (Polomolok); Rubber (Polomolok); Silway 7 (Polomolok); Silway 8 (Polomolok); Upper Klinan (Polomolok),Polomolok,31.600000,0.330222,0.432000,Seasonal baseline
2048-12-01,2,14,False,1206313019,Surallah,Libertad,1206313008; 1206313003; 1206313004; 1206313005; 1206313006; 1206313018; 1206313019; 1206313020; 1206313023; 1206313024; 1206313028; 1206313030; 1206313031; 1206313032,Canahay (Surallah); Centrala (Surallah); Colongulo (Surallah); Dajay (Surallah); Duengas (Surallah); Lamsugod (Surallah); Libertad (Surallah); Little Baguio (Surallah); Moloy (Surallah); Naci (Surallah); Talahik (Surallah); Tubiala (Surallah); Upper Sepaka (Surallah); Veterans (Surallah),Surallah,36.536000,0.219143,0.312000,Seasonal baseline
2049-01-01,1,11,False,1206312024,Polomolok,Cannery Site,1206312024; 1206312003; 1206312007; 1206312016; 1206312025; 1206312013; 1206312014; 1206312017; 1206312018; 1206312019; 1206312022,Cannery Site (Polomolok); Glamang (Polomolok); Lam-Caliaf (Polomolok); Magsaysay (Polomolok); Pagalungan (Polomolok); Palkan (Polomolok); Poblacion (Polomolok); Rubber (Polomolok); Silway 7 (Polomolok); Silway 8 (Polomolok); Upper Klinan (Polomolok),Polomolok,34.412000,0.320000,0.416000,Seasonal baseline
2049-01-01,2,7,False,1206313019,Surallah,Libertad,1206313003; 1206313004; 1206313005; 1206313006; 1206313019; 1206313020; 1206313023,Centrala (Surallah); Colongulo (Surallah); Dajay (Surallah); Duengas (Surallah); Libertad (Surallah); Little Baguio (Surallah); Moloy (Surallah),Surallah,17.100000,0.189714,0.244000,Seasonal baseline
2049-02-01,1,7,False,1206312024,Polomolok,Cannery Site,1206312024; 1206312003; 1206312016; 1206312014; 1206312017; 1206312019; 1206312022,Cannery Site (Polomolok); Glamang (Polomolok); Magsaysay (Polomolok); Poblacion (Polomolok); Rubber (Polomolok); Silway 8 (Polomolok); Upper Klinan (Polomolok),Polomolok,24.872000,0.316000,0.400000,Seasonal baseline
2049-02-01,2,3,False,1206313019,Surallah,Libertad,1206313003; 1206313019; 1206313030,Centrala (Surallah); Libertad (Surallah); Tubiala (Surallah),Surallah,7.800000,0.185333,0.248000,Seasonal baseline
2049-03-01,1,7,False,1206312014,Polomolok,Poblacion,1206312024; 1206312003; 1206312016; 1206312025; 1206312014; 1206312017; 1206312019,Cannery Site (Polomolok); Glamang (Polomolok); Magsaysay (Polomolok); Pagalungan (Polomolok); Poblacion (Polomolok); Rubber (Polomolok); Silway 8 (Polomolok),Polomolok,25.504000,0.311429,0.380000,Seasonal baseline
2049-03-01,2,4,False,1206313019,Surallah,Libertad,1206313003; 1206313004; 1206313019; 1206313023,Centrala (Surallah); Colongulo (Surallah); Libertad (Surallah); Moloy (Surallah),Surallah,10.252000,0.150000,0.168000,Seasonal baseline
2049-04-01,1,8,False,1206312024,Polomolok,Cannery Site,1206312024; 1206312007; 1206312016; 1206312025; 1206312014; 1206312017; 1206312018; 1206312022,Cannery Site (Polomolok); Lam-Caliaf (Polomolok); Magsaysay (Polomolok); Pagalungan (Polomolok); Poblacion (Polomolok); Rubber (Polomolok); Silway 7 (Polomolok); Upper Klinan (Polomolok),Polomolok,26.760000,0.315000,0.432000,Seasonal baseline
2049-04-01,2,3,False,1206313019,Surallah,Libertad,1206313003; 1206313019; 1206313030,Centrala (Surallah); Libertad (Surallah); Tubiala (Surallah),Surallah,7.352000,0.180000,0.272000,Seasonal baseline
2049-05-01,1,8,False,1206312024,Polomolok,Cannery Site,1206312024; 1206312003; 1206312016; 1206312025; 1206312014; 1206312017; 1206312019; 1206312022,Cannery Site (Polomolok); Glamang (Polomolok); Magsaysay (Polomolok); Pagalungan (Polomolok); Poblacion (Polomolok); Rubber (Polomolok); Silway 8 (Polomolok); Upper Klinan (Polomolok),Polomolok,27.944000,0.317000,0.404000,Seasonal baseline
2049-06-01,1,8,False,1206312014,Polomolok,Poblacion,1206312024; 1206312003; 1206312016; 1206312025; 1206312014; 1206312017; 1206312019; 1206312022,Cannery Site (Polomolok); Glamang (Polomolok); Magsaysay (Polomolok); Pagalungan (Polomolok); Poblacion (Polomolok); Rubber (Polomolok); Silway 8 (Polomolok); Upper Klinan (Polomolok),Polomolok,27.156000,0.311500,0.404000,Seasonal baseline
2049-06-01,2,5,True,1206313019,Surallah,Libertad,1206313003; 1206313004; 1206313019; 1206313020; 1206313023,Centrala (Surallah); Colongulo (Surallah); Libertad (Surallah); Little Baguio (Surallah); Moloy (Surallah),Surallah,12.904000,0.156800,0.172000,Seasonal baseline
2049-07-01,1,7,False,1206312014,Polomolok,Poblacion,1206312024; 1206312003; 1206312016; 1206312025; 1206312014; 1206312017; 1206312022,Cannery Site (Polomolok); Glamang (Polomolok); Magsaysay (Polomolok); Pagalungan (Polomolok); Poblacion (Polomolok); Rubber (Polomolok); Upper Klinan (Polomolok),Polomolok,25.908000,0.306286,0.440000,Seasonal baseline
2049-07-01,2,6,False,1206313019,Surallah,Libertad,1206313008; 1206313003; 1206313004; 1206313019; 1206313020; 1206313023,Canahay (Surallah); Centrala (Surallah); Colongulo (Surallah); Libertad (Surallah); Little Baguio (Surallah); Moloy (Surallah),Surallah,15.904000,0.176000,0.220000,Seasonal baseline
2049-08-01,1,5,False,1206312014,Polomolok,Poblacion,1206312024; 1206312007; 1206312025; 1206312014; 1206312022,Cannery Site (Polomolok); Lam-Caliaf (Polomolok); Pagalungan (Polomolok); Poblacion (Polomolok); Upper Klinan (Polomolok),Polomolok,20.276000,0.296800,0.388000,Seasonal baseline
2049-08-01,2,6,False,1206313019,Surallah,Libertad,1206313008; 1206313003; 1206313004; 1206313019; 1206313020; 1206313023,Canahay (Surallah); Centrala (Surallah); Colongulo (Surallah); Libertad (Surallah); Little Baguio (Surallah); Moloy (Surallah),Surallah,16.692000,0.194000,0.232000,Seasonal baseline
2049-09-01,1,6,False,1206312024,Polomolok,Cannery Site,1206312024; 1206312003; 1206312016; 1206312025; 1206312014; 1206312017,Cannery Site (Polomolok); Glamang (Polomolok); Magsaysay (Polomolok); Pagalungan (Polomolok); Poblacion (Polomolok); Rubber (Polomolok),Polomolok,23.492000,0.283333,0.356000,Seasonal baseline
2049-09-01,2,11,False,1206313019,Surallah,Libertad,1206313008; 1206313003; 1206313004; 1206313006; 1206313018; 1206313019; 1206313020; 1206313023; 1206313024; 1206313030; 1206313032,Canahay (Surallah); Centrala (Surallah); Colongulo (Surallah); Duengas (Surallah); Lamsugod (Surallah); Libertad (Surallah); Little Baguio (Surallah); Moloy (Surallah); Naci (Surallah); Tubiala (Surallah); Veterans (Surallah),Surallah,29.536000,0.211636,0.256000,Seasonal baseline
2049-10-01,1,10,False,1206312024,Polomolok,Cannery Site,1206312024; 1206312003; 1206312007; 1206312016; 1206312025; 1206312013; 1206312014; 1206312017; 1206312019; 1206312022,Cannery Site (Polomolok); Glamang (Polomolok); Lam-Caliaf (Polomolok); Magsaysay (Polomolok); Pagalungan (Polomolok); Palkan (Polomolok); Poblacion (Polomolok); Rubber (Polomolok); Silway 8 (Polomolok); Upper Klinan (Polomolok),Polomolok,32.640000,0.309200,0.440000,Seasonal baseline
2049-10-01,2,7,False,1206313019,Surallah,Libertad,1206313008; 1206313003; 1206313004; 1206313006; 1206313019; 1206313020; 1206313023,Canahay (Surallah); Centrala (Surallah); Colongulo (Surallah); Duengas (Surallah); Libertad (Surallah); Little Baguio (Surallah); Moloy (Surallah),Surallah,18.772000,0.198286,0.300000,Seasonal baseline
2049-11-01,1,5,False,1206312014,Polomolok,Poblacion,1206312024; 1206312016; 1206312025; 1206312014; 1206312017,Cannery Site (Polomolok); Magsaysay (Polomolok); Pagalungan (Polomolok); Poblacion (Polomolok); Rubber (Polomolok),Polomolok,20.028000,0.290400,0.376000,Seasonal baseline
2049-11-01,2,7,False,1206313019,Surallah,Libertad,1206313003; 1206313004; 1206313005; 1206313006; 1206313019; 1206313020; 1206313023,Centrala (Surallah); Colongulo (Surallah); Dajay (Surallah); Duengas (Surallah); Libertad (Surallah); Little Baguio (Surallah); Moloy (Surallah),Surallah,19.740000,0.220000,0.264000,Seasonal baseline
2049-12-01,1,7,False,1206312024,Polomolok,Cannery Site,1206312024; 1206312003; 1206312016; 1206312025; 1206312014; 1206312017; 1206312022,Cannery Site (Polomolok); Glamang (Polomolok); Magsaysay (Polomolok); Pagalungan (Polomolok); Poblacion (Polomolok); Rubber (Polomolok); Upper Klinan (Polomolok),Polomolok,24.800000,0.291429,0.400000,Seasonal baseline
2049-12-01,2,7,False,1206313019,Surallah,Libertad,1206313003; 1206313004; 1206313005; 1206313019; 1206313020; 1206313023; 1206313028,Centrala (Surallah); Colongulo (Surallah); Dajay (Surallah); Libertad (Surallah); Little Baguio (Surallah); Moloy (Surallah); Talahik (Surallah),Surallah,19.532000,0.217143,0.296000,Seasonal baseline
2050-01-01,1,10,False,1206312014,Polomolok,Poblacion,1206312024; 1206312003; 1206312007; 1206312016; 1206312025; 1206312013; 1206312014; 1206312017; 1206312019; 1206312022,Cannery Site (Polomolok); Glamang (Polomolok); Lam-Caliaf (Polomolok); Magsaysay (Polomolok); Pagalungan (Polomolok); Palkan (Polomolok); Poblacion (Polomolok); Rubber (Polomolok); Silway 8 (Polomolok); Upper Klinan (Polomolok),Polomolok,32.296000,0.310000,0.408000,Seasonal baseline
2050-01-01,2,5,False,1206313019,Surallah,Libertad,1206313003; 1206313004; 1206313019; 1206313020; 1206313023,Centrala (Surallah); Colongulo (Surallah); Libertad (Surallah); Little Baguio (Surallah); Moloy (Surallah),Surallah,12.724000,0.158400,0.184000,Seasonal baseline
2050-02-01,1,8,False,1206312024,Polomolok,Cannery Site,1206312024; 1206312003; 1206312016; 1206312025; 1206312014; 1206312017; 1206312019; 1206312022,Cannery Site (Polomolok); Glamang (Polomolok); Magsaysay (Polomolok); Pagalungan (Polomolok); Poblacion (Polomolok); Rubber (Polomolok); Silway 8 (Polomolok); Upper Klinan (Polomolok),Polomolok,27.784000,0.310500,0.416000,Seasonal baseline
2050-03-01,1,9,False,1206312014,Polomolok,Poblacion,1206312024; 1206312003; 1206312007; 1206312016; 1206312025; 1206312013; 1206312014; 1206312017; 1206312022,Cannery Site (Polomolok); Glamang (Polomolok); Lam-Caliaf (Polomolok); Magsaysay (Polomolok); Pagalungan (Polomolok); Palkan (Polomolok); Poblacion (Polomolok); Rubber (Polomolok); Upper Klinan (Polomolok),Polomolok,29.392000,0.302667,0.416000,Seasonal baseline
2050-04-01,1,7,False,1206312024,Polomolok,Cannery Site,1206312024; 1206312003; 1206312016; 1206312025; 1206312014; 1206312017; 1206312022,Cannery Site (Polomolok); Glamang (Polomolok); Magsaysay (Polomolok); Pagalungan (Polomolok); Poblacion (Polomolok); Rubber (Polomolok); Upper Klinan (Polomolok),Polomolok,24.784000,0.302286,0.364000,Seasonal baseline
2050-05-01,1,8,False,1206312014,Polomolok,Poblacion,1206312024; 1206312003; 1206312016; 1206312025; 1206312014; 1206312017; 1206312019; 1206312022,Cannery Site (Polomolok); Glamang (Polomolok); Magsaysay (Polomolok); Pagalungan (Polomolok); Poblacion (Polomolok); Rubber (Polomolok); Silway 8 (Polomolok); Upper Klinan (Polomolok),Polomolok,28.136000,0.311000,0.392000,Seasonal baseline
2050-06-01,1,6,False,1206312014,Polomolok,Poblacion,1206312024; 1206312003; 1206312016; 1206312025; 1206312014; 1206312017,Cannery Site (Polomolok); Glamang (Polomolok); Magsaysay (Polomolok); Pagalungan (Polomolok); Poblacion (Polomolok); Rubber (Polomolok),Polomolok,23.216000,0.283333,0.436000,Seasonal baseline
2050-06-01,2,6,True,1206313019,Surallah,Libertad,1206313003; 1206313004; 1206313006; 1206313019; 1206313020; 1206313023,Centrala (Surallah); Colongulo (Surallah); Duengas (Surallah); Libertad (Surallah); Little Baguio (Surallah); Moloy (Surallah),Surallah,15.808000,0.190667,0.256000,Seasonal baseline
2050-07-01,1,3,False,1206312024,Polomolok,Cannery Site,1206312024; 1206312025; 1206312014,Cannery Site (Polomolok); Pagalungan (Polomolok); Poblacion (Polomolok),Polomolok,14.428000,0.249333,0.308000,Seasonal baseline
2050-07-01,2,6,False,1206313019,Surallah,Libertad,1206313003; 1206313004; 1206313019; 1206313020; 1206313023; 1206313028,Centrala (Surallah); Colongulo (Surallah); Libertad (Surallah); Little Baguio (Surallah); Moloy (Surallah); Talahik (Surallah),Surallah,16.156000,0.193333,0.280000,Seasonal baseline
2050-08-01,1,9,False,1206312014,Polomolok,Poblacion,1206312024; 1206312003; 1206312007; 1206312016; 1206312025; 1206312013; 1206312014; 1206312017; 1206312022,Cannery Site (Polomolok); Glamang (Polomolok); Lam-Caliaf (Polomolok); Magsaysay (Polomolok); Pagalungan (Polomolok); Palkan (Polomolok); Poblacion (Polomolok); Rubber (Polomolok); Upper Klinan (Polomolok),Polomolok,30.060000,0.316000,0.408000,Seasonal baseline
2050-08-01,2,9,False,1206313019,Surallah,Libertad,1206313003; 1206313005; 1206313006; 1206313018; 1206313019; 1206313023; 1206313028; 1206313030; 1206313032,Centrala (Surallah); Dajay (Surallah); Duengas (Surallah); Lamsugod (Surallah); Libertad (Surallah); Moloy (Surallah); Talahik (Surallah); Tubiala (Surallah); Veterans (Surallah),Surallah,22.940000,0.211111,0.264000,Seasonal baseline
2050-09-01,1,9,False,1206312024,Polomolok,Cannery Site,1206312024; 1206312003; 1206312007; 1206312016; 1206312025; 1206312013; 1206312014; 1206312017; 1206312022,Cannery Site (Polomolok); Glamang (Polomolok); Lam-Caliaf (Polomolok); Magsaysay (Polomolok); Pagalungan (Polomolok); Palkan (Polomolok); Poblacion (Polomolok); Rubber (Polomolok); Upper Klinan (Polomolok),Polomolok,29.192000,0.289333,0.404000,Seasonal baseline
2050-09-01,2,10,False,1206313019,Surallah,Libertad,1206313008; 1206313003; 1206313004; 1206313006; 1206313018; 1206313019; 1206313020; 1206313023; 1206313030; 1206313032,Canahay (Surallah); Centrala (Surallah); Colongulo (Surallah); Duengas (Surallah); Lamsugod (Surallah); Libertad (Surallah); Little Baguio (Surallah); Moloy (Surallah); Tubiala (Surallah); Veterans (Surallah),Surallah,25.908000,0.198800,0.276000,Seasonal baseline
2050-10-01,1,7,False,1206312014,Polomolok,Poblacion,1206312024; 1206312003; 1206312016; 1206312025; 1206312014; 1206312017; 1206312022,Cannery Site (Polomolok); Glamang (Polomolok); Magsaysay (Polomolok); Pagalungan (Polomolok); Poblacion (Polomolok); Rubber (Polomolok); Upper Klinan (Polomolok),Polomolok,26.520000,0.320571,0.408000,Seasonal baseline
2050-10-01,2,13,False,1206313019,Surallah,Libertad,1206313008; 1206313003; 1206313004; 1206313005; 1206313006; 1206313018; 1206313019; 1206313020; 1206313023; 1206313024; 1206313028; 1206313030; 1206313032,Canahay (Surallah); Centrala (Surallah); Colongulo (Surallah); Dajay (Surallah); Duengas (Surallah); Lamsugod (Surallah); Libertad (Surallah); Little Baguio (Surallah); Moloy (Surallah); Naci (Surallah); Talahik (Surallah); Tubiala (Surallah); Veterans (Surallah),Surallah,33.024000,0.206769,0.260000,Seasonal baseline
2050-11-01,1,3,False,1206312024,Polomolok,Cannery Site,1206312024; 1206312025; 1206312014,Cannery Site (Polomolok); Pagalungan (Polomolok); Poblacion (Polomolok),Polomolok,14.460000,0.249333,0.324000,Seasonal baseline
2050-11-01,2,12,False,1206313019,Surallah,Libertad,1206313008; 1206313003; 1206313004; 1206313006; 1206313018; 1206313019; 1206313020; 1206313023; 1206313024; 1206313028; 1206313030; 1206313032,Canahay (Surallah); Centrala (Surallah); Colongulo (Surallah); Duengas (Surallah); Lamsugod (Surallah); Libertad (Surallah); Little Baguio (Surallah); Moloy (Surallah); Naci (Surallah); Talahik (Surallah); Tubiala (Surallah); Veterans (Surallah),Surallah,32.100000,0.212000,0.276000,Seasonal baseline
2050-12-01,1,6,False,1206312024,Polomolok,Cannery Site,1206312024; 1206312003; 1206312016; 1206312025; 1206312014; 1206312017,Cannery Site (Polomolok); Glamang (Polomolok); Magsaysay (Polomolok); Pagalungan (Polomolok); Poblacion (Polomolok); Rubber (Polomolok),Polomolok,23.400000,0.302000,0.452000,Seasonal baseline
