{"type":"FeatureCollection","features":[{"type":"Feature","id":0,"properties":{"PSGC":"1206302002","PROVINCE":"South Cotabato","PROVINCE_CODE":"1206300000","MUNICIPALITY":"Banga","MUNICIPALITY_CODE":"1206302000","BARANGAY":"Benitez","CALIBRATION_STATUS":"CALIBRATED_SOUTH_COTABATO","DATE":"2030-01-01","POSTERIOR_MEAN_CASES":1.468,"LOWER_CREDIBLE_CASES":0.0,"UPPER_CREDIBLE_CASES":5.0,"OUTBREAK_PROBABILITY":0.24,"ALERT_LEVEL":"LOW","AUTOMATIC_OUTBREAK_ALERT":false,"OUTBREAK_ALERT_REASON":"NONE","RED_CASE_ZONE":false,"RED_CASE_NEIGHBOR_COUNT":0,"RED_CLUSTER_OUTBREAK_ALERT":false,"RED_CLUSTER_OUTBREAK_ONSET":false,"RED_CLUSTER_LIKELY_ORIGIN":false,"RED_CLUSTER_ID":-1,"RED_CLUSTER_SIZE":0,"INDIVIDUAL_OUTBREAK_ALERT":false,"PROBABILISTIC_OUTBREAK_ALERT":false,"OUTBREAK_ALERT_STATE":"NORMAL","HOTSPOT_Z_SCORE":0.66715},"geometry":{"type":"Polygon","coordinates":[[[124.78911788200001,6.414982497000039],[124.7874280850001,6.411555849000024],[124.77510647100009,6.406767115000036],[124.77100505200009,6.409181211000032],[124.777868,6.420971300000076],[124.78261831000009,6.421906890000059],[124.78911788200001,6.414982497000039]]]}},{"type":"Feature","id":1,"properties":{"PSGC":"1206302003","PROVINCE":"South Cotabato","PROVINCE_CODE":"1206300000","MUNICIPALITY":"Banga","MUNICIPALITY_CODE":"1206302000","BARANGAY":"Cabudian","CALIBRATION_STATUS":"CALIBRATED_SOUTH_COTABATO","DATE":"2030-01-01","POSTERIOR_MEAN_CASES":1.212,"LOWER_CREDIBLE_CASES":0.0,"UPPER_CREDIBLE_CASES":4.0,"OUTBREAK_PROBABILITY":0.156,"ALERT_LEVEL":"LOW","AUTOMATIC_OUTBREAK_ALERT":false,"OUTBREAK_ALERT_REASON":"NONE","RED_CASE_ZONE":false,"RED_CASE_NEIGHBOR_COUNT":0,"RED_CLUSTER_OUTBREAK_ALERT":false,"RED_CLUSTER_OUTBREAK_ONSET":false,"RED_CLUSTER_LIKELY_ORIGIN":false,"RED_CLUSTER_ID":-1,"RED_CLUSTER_SIZE":0,"INDIVIDUAL_OUTBREAK_ALERT":false,"PROBABILISTIC_OUTBREAK_ALERT":false,"OUTBREAK_ALERT_STATE":"NORMAL","HOTSPOT_Z_SCORE":0.067399},"geometry":{"type":"Polygon","coordinates":[[[124.73886631100005,6.428324015000044],[124.71798624300006,6.416094822000047],[124.71627457800001,6.424558645000046],[124.73524867200003,6.447473908000064],[124.73886631100005,6.428324015000044]]]}},{"type":"Feature","id":2,"properties":{"PSGC":"1206302004","PROVINCE":"South Cotabato","PROVINCE_CODE":"1206300000","MUNICIPALITY":"Banga","MUNICIPALITY_CODE":"1206302000","BARANGAY":"Cabuling","CALIBRATION_STATUS":"CALIBRATED_SOUTH_COTABATO","DATE":"2030-01-01","POSTERIOR_MEAN_CASES":1.28,"LOWER_CREDIBLE_CASES":0.0,"UPPER_CREDIBLE_CASES":4.0,"OUTBREAK_PROBABILITY":0.156,"ALERT_LEVEL":"LOW","AUTOMATIC_OUTBREAK_ALERT":false,"OUTBREAK_ALERT_REASON":"NONE","RED_CASE_ZONE":false,"RED_CASE_NEIGHBOR_COUNT":0,"RED_CLUSTER_OUTBREAK_ALERT":false,"RED_CLUSTER_OUTBREAK_ONSET":false,"RED_CLUSTER_LIKELY_ORIGIN":false,"RED_CLUSTER_ID":-1,"RED_CLUSTER_SIZE":0,"INDIVIDUAL_OUTBREAK_ALERT":false,"PROBABILISTIC_OUTBREAK_ALERT":false,"OUTBREAK_ALERT_STATE":"NORMAL","HOTSPOT_Z_SCORE":0.503863},"geometry":{"type":"Polygon","coordinates":[[[124.7874280850001,6.411555849000024],[124.80925263100005,6.389626912000039],[124.79274537300012,6.379253189000052],[124.79651724600002,6.385512224000024],[124.771372057,6.40044744000005],[124.77510647100009,6.406767115000036],[124.7874280850001,6.411555849000024]]]}},{"type":"Feature","id":3,"properties":{"PSGC":"1206302005","PROVINCE":"South Cotabato","PROVINCE_CODE":"1206300000","MUNICIPALITY":"Banga","MUNICIPALITY_CODE":"1206302000","BARANGAY":"Cinco","CALIBRATION_STATUS":"CALIBRATED_SOUTH_COTABATO","DATE":"2030-01-01","POSTERIOR_MEAN_CASES":1.516,"LOWER_CREDIBLE_CASES":0.0,"UPPER_CREDIBLE_CASES":4.775,"OUTBREAK_PROBABILITY":0.188,"ALERT_LEVEL":"LOW","AUTOMATIC_OUTBREAK_ALERT":false,"OUTBREAK_ALERT_REASON":"NONE","RED_CASE_ZONE":false,"RED_CASE_NEIGHBOR_COUNT":3,"RED_CLUSTER_OUTBREAK_ALERT":false,"RED_CLUSTER_OUTBREAK_ONSET":false,"RED_CLUSTER_LIKELY_ORIGIN":false,"RED_CLUSTER_ID":-1,"RED_CLUSTER_SIZE":0,"INDIVIDUAL_OUTBREAK_ALERT":false,"PROBABILISTIC_OUTBREAK_ALERT":false,"OUTBREAK_ALERT_STATE":"NORMAL","HOTSPOT_Z_SCORE":2.143754},"geometry":{"type":"Polygon","coordinates":[[[124.78157655670933,6.360418400572327],[124.75637910400008,6.37536340400004],[124.76012009300007,6.381593521000069],[124.771372057,6.40044744000005],[124.79651724600002,6.385512224000024],[124.79274537300012,6.379253189000052],[124.78523614800008,6.366611408000042],[124.78157852184228,6.360417874862717],[124.7815766100001,6.360418506000031],[124.78157655670933,6.360418400572327]]]}},{"type":"Feature","id":4,"properties":{"PSGC":"1206302006","PROVINCE":"South Cotabato","PROVINCE_CODE":"1206300000","MUNICIPALITY":"Banga","MUNICIPALITY_CODE":"1206302000","BARANGAY":"Derilon","CALIBRATION_STATUS":"CALIBRATED_SOUTH_COTABATO","DATE":"2030-01-01","POSTERIOR_MEAN_CASES":1.208,"LOWER_CREDIBLE_CASES":0.0,"UPPER_CREDIBLE_CASES":4.775,"OUTBREAK_PROBABILITY":0.316,"ALERT_LEVEL":"MODERATE","AUTOMATIC_OUTBREAK_ALERT":false,"OUTBREAK_ALERT_REASON":"NONE","RED_CASE_ZONE":false,"RED_CASE_NEIGHBOR_COUNT":0,"RED_CLUSTER_OUTBREAK_ALERT":false,"RED_CLUSTER_OUTBREAK_ONSET":false,"RED_CLUSTER_LIKELY_ORIGIN":false,"RED_CLUSTER_ID":-1,"RED_CLUSTER_SIZE":0,"INDIVIDUAL_OUTBREAK_ALERT":false,"PROBABILISTIC_OUTBREAK_ALERT":false,"OUTBREAK_ALERT_STATE":"NORMAL","HOTSPOT_Z_SCORE":0.39565},"geometry":{"type":"Polygon","coordinates":[[[124.86332999400008,6.329604916000052],[124.84843577300012,6.309743054000024],[124.84091787500006,6.331034390000069],[124.85509200300011,6.336666485000023],[124.86332999400008,6.329604916000052]]]}},{"type":"Feature","id":5,"properties":{"PSGC":"1206302007","PROVINCE":"South Cotabato","PROVINCE_CODE":"1206300000","MUNICIPALITY":"Banga","MUNICIPALITY_CODE":"1206302000","BARANGAY":"El Nonok","CALIBRATION_STATUS":"CALIBRATED_SOUTH_COTABATO","DATE":"2030-01-01","POSTERIOR_MEAN_CASES":1.296,"LOWER_CREDIBLE_CASES":0.0,"UPPER_CREDIBLE_CASES":4.0,"OUTBREAK_PROBABILITY":0.16,"ALERT_LEVEL":"LOW","AUTOMATIC_OUTBREAK_ALERT":false,"OUTBREAK_ALERT_REASON":"NONE","RED_CASE_ZONE":false,"RED_CASE_NEIGHBOR_COUNT":0,"RED_CLUSTER_OUTBREAK_ALERT":false,"RED_CLUSTER_OUTBREAK_ONSET":false,"RED_CLUSTER_LIKELY_ORIGIN":false,"RED_CLUSTER_ID":-1,"RED_CLUSTER_SIZE":0,"INDIVIDUAL_OUTBREAK_ALERT":false,"PROBABILISTIC_OUTBREAK_ALERT":false,"OUTBREAK_ALERT_STATE":"NORMAL","HOTSPOT_Z_SCORE":-0.552269},"geometry":{"type":"Polygon","coordinates":[[[124.81343088500013,6.389075494000053],[124.82408943400003,6.403344141000047],[124.79506978400003,6.420123969000031],[124.78911788200001,6.414982497000039],[124.78261831000009,6.421906890000059],[124.77984130100005,6.429218452000045],[124.78699672800009,6.442264056000056],[124.81411641400007,6.446145602000058],[124.82032583400007,6.454063644000029],[124.8130812930001,6.464174916000045],[124.82691600500004,6.444986301000029],[124.84500280900012,6.419699153000067],[124.81343088500013,6.389075494000053]]]}},{"type":"Feature","id":6,"properties":{"PSGC":"1206302008","PROVINCE":"South Cotabato","PROVINCE_CODE":"1206300000","MUNICIPALITY":"Banga","MUNICIPALITY_CODE":"1206302000","BARANGAY":"Improgo Village","CALIBRATION_STATUS":"CALIBRATED_SOUTH_COTABATO","DATE":"2030-01-01","POSTERIOR_MEAN_CASES":1.268,"LOWER_CREDIBLE_CASES":0.0,"UPPER_CREDIBLE_CASES":4.0,"OUTBREAK_PROBABILITY":0.328,"ALERT_LEVEL":"MODERATE","AUTOMATIC_OUTBREAK_ALERT":false,"OUTBREAK_ALERT_REASON":"NONE","RED_CASE_ZONE":false,"RED_CASE_NEIGHBOR_COUNT":0,"RED_CLUSTER_OUTBREAK_ALERT":false,"RED_CLUSTER_OUTBREAK_ONSET":false,"RED_CLUSTER_LIKELY_ORIGIN":false,"RED_CLUSTER_ID":-1,"RED_CLUSTER_SIZE":0,"INDIVIDUAL_OUTBREAK_ALERT":false,"PROBABILISTIC_OUTBREAK_ALERT":false,"OUTBREAK_ALERT_STATE":"NORMAL","HOTSPOT_Z_SCORE":0.402536},"geometry":{"type":"Polygon","coordinates":[[[124.78261831000009,6.421906890000059],[124.7773568,6.424963800000056],[124.77984130100005,6.429218452000045],[124.78261831000009,6.421906890000059]]]}},{"type":"Feature","id":7,"properties":{"PSGC":"1206302009","PROVINCE":"South Cotabato","PROVINCE_CODE":"1206300000","MUNICIPALITY":"Banga","MUNICIPALITY_CODE":"1206302000","BARANGAY":"Kusan","CALIBRATION_STATUS":"CALIBRATED_SOUTH_COTABATO","DATE":"2030-01-01","POSTERIOR_MEAN_CASES":1.02,"LOWER_CREDIBLE_CASES":0.0,"UPPER_CREDIBLE_CASES":3.0,"OUTBREAK_PROBABILITY":0.276,"ALERT_LEVEL":"LOW","AUTOMATIC_OUTBREAK_ALERT":false,"OUTBREAK_ALERT_REASON":"NONE","RED_CASE_ZONE":false,"RED_CASE_NEIGHBOR_COUNT":0,"RED_CLUSTER_OUTBREAK_ALERT":false,"RED_CLUSTER_OUTBREAK_ONSET":false,"RED_CLUSTER_LIKELY_ORIGIN":false,"RED_CLUSTER_ID":-1,"RED_CLUSTER_SIZE":0,"INDIVIDUAL_OUTBREAK_ALERT":false,"PROBABILISTIC_OUTBREAK_ALERT":false,"OUTBREAK_ALERT_STATE":"NORMAL","HOTSPOT_Z_SCORE":0.579776},"geometry":{"type":"Polygon","coordinates":[[[124.71899489943897,6.414228560298097],[124.71798624300006,6.416094822000047],[124.73886631100005,6.428324015000044],[124.7465171770001,6.423782440000023],[124.76246125500006,6.414308843000071],[124.74752435800009,6.388965494000049],[124.73575642589547,6.390297449967784],[124.73167952400003,6.390758895000033],[124.71899489943897,6.414228560298097]]]}},{"type":"Feature","id":8,"properties":{"PSGC":"1206302010","PROVINCE":"South Cotabato","PROVINCE_CODE":"1206300000","MUNICIPALITY":"Banga","MUNICIPALITY_CODE":"1206302000","BARANGAY":"Lam-Apos","CALIBRATION_STATUS":"CALIBRATED_SOUTH_COTABATO","DATE":"2030-01-01","POSTERIOR_MEAN_CASES":1.112,"LOWER_CREDIBLE_CASES":0.0,"UPPER_CREDIBLE_CASES":4.0,"OUTBREAK_PROBABILITY":0.128,"ALERT_LEVEL":"LOW","AUTOMATIC_OUTBREAK_ALERT":false,"OUTBREAK_ALERT_REASON":"NONE","RED_CASE_ZONE":false,"RED_CASE_NEIGHBOR_COUNT":0,"RED_CLUSTER_OUTBREAK_ALERT":false,"RED_CLUSTER_OUTBREAK_ONSET":false,"RED_CLUSTER_LIKELY_ORIGIN":false,"RED_CLUSTER_ID":-1,"RED_CLUSTER_SIZE":0,"INDIVIDUAL_OUTBREAK_ALERT":false,"PROBABILISTIC_OUTBREAK_ALERT":false,"OUTBREAK_ALERT_STATE":"NORMAL","HOTSPOT_Z_SCORE":-0.631381},"geometry":{"type":"Polygon","coordinates":[[[124.87538560200007,6.308125703000028],[124.86332999400008,6.329604916000052],[124.85509200300011,6.336666485000023],[124.86683758419363,6.341454798437056],[124.86687495900003,6.341470035000043],[124.86720017346022,6.341079662334355],[124.86865383800011,6.339575696000053],[124.87934048300008,6.326553240000067],[124.88040271958181,6.3252319256736715],[124.88494552200007,6.319778952000036],[124.88486520475769,6.319681047747231],[124.87538560200007,6.308125703000028]]]}},{"type":"Feature","id":9,"properties":{"PSGC":"1206302011","PROVINCE":"South Cotabato","PROVINCE_CODE":"1206300000","MUNICIPALITY":"Banga","MUNICIPALITY_CODE":"1206302000","BARANGAY":"Lamba","CALIBRATION_STATUS":"CALIBRATED_SOUTH_COTABATO","DATE":"2030-01-01","POSTERIOR_MEAN_CASES":1.616,"LOWER_CREDIBLE_CASES":0.0,"UPPER_CREDIBLE_CASES":5.0,"OUTBREAK_PROBABILITY":0.228,"ALERT_LEVEL":"LOW","AUTOMATIC_OUTBREAK_ALERT":false,"OUTBREAK_ALERT_REASON":"NONE","RED_CASE_ZONE":false,"RED_CASE_NEIGHBOR_COUNT":1,"RED_CLUSTER_OUTBREAK_ALERT":false,"RED_CLUSTER_OUTBREAK_ONSET":false,"RED_CLUSTER_LIKELY_ORIGIN":false,"RED_CLUSTER_ID":-1,"RED_CLUSTER_SIZE":0,"INDIVIDUAL_OUTBREAK_ALERT":false,"PROBABILISTIC_OUTBREAK_ALERT":false,"OUTBREAK_ALERT_STATE":"NORMAL","HOTSPOT_Z_SCORE":0.908983},"geometry":{"type":"Polygon","coordinates":[[[124.86687495900003,6.341470035000043],[124.86683758419363,6.341454798437056],[124.85509200300011,6.336666485000023],[124.84091787500006,6.331034390000069],[124.82332732800012,6.324589354000068],[124.81004402600001,6.351020843000073],[124.82737466600008,6.380102631000056],[124.81343088500013,6.389075494000053],[124.83184975200005,6.377653330000043],[124.8659220795632,6.34240198267748],[124.86687495900003,6.341470035000043]]]}},{"type":"Feature","id":10,"properties":{"PSGC":"1206302012","PROVINCE":"South Cotabato","PROVINCE_CODE":"1206300000","MUNICIPALITY":"Banga","MUNICIPALITY_CODE":"1206302000","BARANGAY":"Lambingi","CALIBRATION_STATUS":"CALIBRATED_SOUTH_COTABATO","DATE":"2030-01-01","POSTERIOR_MEAN_CASES":1.404,"LOWER_CREDIBLE_CASES":0.0,"UPPER_CREDIBLE_CASES":4.0,"OUTBREAK_PROBABILITY":0.184,"ALERT_LEVEL":"LOW","AUTOMATIC_OUTBREAK_ALERT":false,"OUTBREAK_ALERT_REASON":"NONE","RED_CASE_ZONE":false,"RED_CASE_NEIGHBOR_COUNT":0,"RED_CLUSTER_OUTBREAK_ALERT":false,"RED_CLUSTER_OUTBREAK_ONSET":false,"RED_CLUSTER_LIKELY_ORIGIN":false,"RED_CLUSTER_ID":-1,"RED_CLUSTER_SIZE":0,"INDIVIDUAL_OUTBREAK_ALERT":false,"PROBABILISTIC_OUTBREAK_ALERT":false,"OUTBREAK_ALERT_STATE":"NORMAL","HOTSPOT_Z_SCORE":-0.146518},"geometry":{"type":"Polygon","coordinates":[[[124.89034759900007,6.278425690000063],[124.87390586700009,6.287536243000035],[124.85232259530946,6.288197288645033],[124.85478896100007,6.288891857000068],[124.84091787500006,6.331034390000069],[124.84843577300012,6.309743054000024],[124.86332999400008,6.329604916000052],[124.87538560200007,6.308125703000028],[124.86333124300006,6.295343009000022],[124.89034759900007,6.278425690000063]]]}},{"type":"Feature","id":11,"properties":{"PSGC":"1206302013","PROVINCE":"South Cotabato","PROVINCE_CODE":"1206300000","MUNICIPALITY":"Banga","MUNICIPALITY_CODE":"1206302000","BARANGAY":"Lampari","CALIBRATION_STATUS":"CALIBRATED_SOUTH_COTABATO","DATE":"2030-01-01","POSTERIOR_MEAN_CASES":1.06,"LOWER_CREDIBLE_CASES":0.0,"UPPER_CREDIBLE_CASES":4.0,"OUTBREAK_PROBABILITY":0.276,"ALERT_LEVEL":"LOW","AUTOMATIC_OUTBREAK_ALERT":false,"OUTBREAK_ALERT_REASON":"NONE","RED_CASE_ZONE":false,"RED_CASE_NEIGHBOR_COUNT":0,"RED_CLUSTER_OUTBREAK_ALERT":false,"RED_CLUSTER_OUTBREAK_ONSET":false,"RED_CLUSTER_LIKELY_ORIGIN":false,"RED_CLUSTER_ID":-1,"RED_CLUSTER_SIZE":0,"INDIVIDUAL_OUTBREAK_ALERT":false,"PROBABILISTIC_OUTBREAK_ALERT":false,"OUTBREAK_ALERT_STATE":"NORMAL","HOTSPOT_Z_SCORE":-0.557082},"geometry":{"type":"Polygon","coordinates":[[[124.88486520475769,6.319681047747231],[124.88910300167655,6.314409659171906],[124.91065173100003,6.286579953000056],[124.89034759900007,6.278425690000063],[124.86333124300006,6.295343009000022],[124.87538560200007,6.308125703000028],[124.88486520475769,6.319681047747231]]]}},{"type":"Feature","id":12,"properties":{"PSGC":"1206302014","PROVINCE":"South Cotabato","PROVINCE_CODE":"1206300000","MUNICIPALITY":"Banga","MUNICIPALITY_CODE":"1206302000","BARANGAY":"Liwanay","CALIBRATION_STATUS":"CALIBRATED_SOUTH_COTABATO","DATE":"2030-01-01","POSTERIOR_MEAN_CASES":1.52,"LOWER_CREDIBLE_CASES":0.0,"UPPER_CREDIBLE_CASES":5.0,"OUTBREAK_PROBABILITY":0.204,"ALERT_LEVEL":"LOW","AUTOMATIC_OUTBREAK_ALERT":false,"OUTBREAK_ALERT_REASON":"NONE","RED_CASE_ZONE":false,"RED_CASE_NEIGHBOR_COUNT":2,"RED_CLUSTER_OUTBREAK_ALERT":false,"RED_CLUSTER_OUTBREAK_ONSET":false,"RED_CLUSTER_LIKELY_ORIGIN":false,"RED_CLUSTER_ID":-1,"RED_CLUSTER_SIZE":0,"INDIVIDUAL_OUTBREAK_ALERT":false,"PROBABILISTIC_OUTBREAK_ALERT":false,"OUTBREAK_ALERT_STATE":"NORMAL","HOTSPOT_Z_SCORE":1.869323},"geometry":{"type":"Polygon","coordinates":[[[124.73786260400006,6.387270168000043],[124.73575642589547,6.390297449967784],[124.74752435800009,6.388965494000049],[124.76246125500006,6.414308843000071],[124.77100505200009,6.409181211000032],[124.77510647100009,6.406767115000036],[124.771372057,6.40044744000005],[124.76012009300007,6.381593521000069],[124.75637910400008,6.37536340400004],[124.73786260400006,6.387270168000043]]]}},{"type":"Feature","id":13,"properties":{"PSGC":"1206302015","PROVINCE":"South Cotabato","PROVINCE_CODE":"1206300000","MUNICIPALITY":"Banga","MUNICIPALITY_CODE":"1206302000","BARANGAY":"Malaya","CALIBRATION_STATUS":"CALIBRATED_SOUTH_COTABATO","DATE":"2030-01-01","POSTERIOR_MEAN_CASES":1.284,"LOWER_CREDIBLE_CASES":0.0,"UPPER_CREDIBLE_CASES":5.0,"OUTBREAK_PROBABILITY":0.156,"ALERT_LEVEL":"LOW","AUTOMATIC_OUTBREAK_ALERT":false,"OUTBREAK_ALERT_REASON":"NONE","RED_CASE_ZONE":false,"RED_CASE_NEIGHBOR_COUNT":0,"RED_CLUSTER_OUTBREAK_ALERT":false,"RED_CLUSTER_OUTBREAK_ONSET":false,"RED_CLUSTER_LIKELY_ORIGIN":false,"RED_CLUSTER_ID":-1,"RED_CLUSTER_SIZE":0,"INDIVIDUAL_OUTBREAK_ALERT":false,"PROBABILISTIC_OUTBREAK_ALERT":false,"OUTBREAK_ALERT_STATE":"NORMAL","HOTSPOT_Z_SCORE":-2.0364},"geometry":{"type":"Polygon","coordinates":[[[124.76244279000002,6.457371600000045],[124.7469393360001,6.46667723300004],[124.727576343166,6.483653488597421],[124.74695566500009,6.508218674000032],[124.74571260296256,6.5080823043161375],[124.75307320400007,6.514490503000047],[124.77335952600004,6.500628083000037],[124.77635361894157,6.501561922128629],[124.81413995700008,6.513347248000057],[124.81696922011942,6.516655893582885],[124.81641082400007,6.515717738000035],[124.78578088200003,6.48301535200005],[124.76244279000002,6.457371600000045]]]}},{"type":"Feature","id":14,"properties":{"PSGC":"1206302016","PROVINCE":"South Cotabato","PROVINCE_CODE":"1206300000","MUNICIPALITY":"Banga","MUNICIPALITY_CODE":"1206302000","BARANGAY":"Punong Grande","CALIBRATION_STATUS":"CALIBRATED_SOUTH_COTABATO","DATE":"2030-01-01","POSTERIOR_MEAN_CASES":1.304,"LOWER_CREDIBLE_CASES":0.0,"UPPER_CREDIBLE_CASES":5.0,"OUTBREAK_PROBABILITY":0.168,"ALERT_LEVEL":"LOW","AUTOMATIC_OUTBREAK_ALERT":false,"OUTBREAK_ALERT_REASON":"NONE","RED_CASE_ZONE":false,"RED_CASE_NEIGHBOR_COUNT":0,"RED_CLUSTER_OUTBREAK_ALERT":false,"RED_CLUSTER_OUTBREAK_ONSET":false,"RED_CLUSTER_LIKELY_ORIGIN":false,"RED_CLUSTER_ID":-1,"RED_CLUSTER_SIZE":0,"INDIVIDUAL_OUTBREAK_ALERT":false,"PROBABILISTIC_OUTBREAK_ALERT":false,"OUTBREAK_ALERT_STATE":"NORMAL","HOTSPOT_Z_SCORE":0.145909},"geometry":{"type":"Polygon","coordinates":[[[124.73524867200003,6.447473908000064],[124.7469393360001,6.46667723300004],[124.76244279000002,6.457371600000045],[124.76870543000007,6.453690468000048],[124.75874950000004,6.433485500000073],[124.7465171770001,6.423782440000023],[124.73886631100005,6.428324015000044],[124.73524867200003,6.447473908000064]]]}},{"type":"Feature","id":15,"properties":{"PSGC":"1206302017","PROVINCE":"South Cotabato","PROVINCE_CODE":"1206300000","MUNICIPALITY":"Banga","MUNICIPALITY_CODE":"1206302000","BARANGAY":"Rang-ay","CALIBRATION_STATUS":"CALIBRATED_SOUTH_COTABATO","DATE":"2030-01-01","POSTERIOR_MEAN_CASES":1.424,"LOWER_CREDIBLE_CASES":0.0,"UPPER_CREDIBLE_CASES":5.0,"OUTBREAK_PROBABILITY":0.22,"ALERT_LEVEL":"LOW","AUTOMATIC_OUTBREAK_ALERT":false,"OUTBREAK_ALERT_REASON":"NONE","RED_CASE_ZONE":false,"RED_CASE_NEIGHBOR_COUNT":0,"RED_CLUSTER_OUTBREAK_ALERT":false,"RED_CLUSTER_OUTBREAK_ONSET":false,"RED_CLUSTER_LIKELY_ORIGIN":false,"RED_CLUSTER_ID":-1,"RED_CLUSTER_SIZE":0,"INDIVIDUAL_OUTBREAK_ALERT":false,"PROBABILISTIC_OUTBREAK_ALERT":false,"OUTBREAK_ALERT_STATE":"NORMAL","HOTSPOT_Z_SCORE":0.24631},"geometry":{"type":"Polygon","coordinates":[[[124.78911788200001,6.414982497000039],[124.79506978400003,6.420123969000031],[124.82408943400003,6.403344141000047],[124.81343088500013,6.389075494000053],[124.80925263100005,6.389626912000039],[124.7874280850001,6.411555849000024],[124.78911788200001,6.414982497000039]]]}},{"type":"Feature","id":16,"properties":{"PSGC":"1206302018","PROVINCE":"South Cotabato","PROVINCE_CODE":"1206300000","MUNICIPALITY":"Banga","MUNICIPALITY_CODE":"1206302000","BARANGAY":"Reyes","CALIBRATION_STATUS":"CALIBRATED_SOUTH_COTABATO","DATE":"2030-01-01","POSTERIOR_MEAN_CASES":1.26,"LOWER_CREDIBLE_CASES":0.0,"UPPER_CREDIBLE_CASES":4.0,"OUTBREAK_PROBABILITY":0.152,"ALERT_LEVEL":"LOW","AUTOMATIC_OUTBREAK_ALERT":false,"OUTBREAK_ALERT_REASON":"NONE","RED_CASE_ZONE":false,"RED_CASE_NEIGHBOR_COUNT":0,"RED_CLUSTER_OUTBREAK_ALERT":false,"RED_CLUSTER_OUTBREAK_ONSET":false,"RED_CLUSTER_LIKELY_ORIGIN":false,"RED_CLUSTER_ID":-1,"RED_CLUSTER_SIZE":0,"INDIVIDUAL_OUTBREAK_ALERT":false,"PROBABILISTIC_OUTBREAK_ALERT":false,"OUTBREAK_ALERT_STATE":"NORMAL","HOTSPOT_Z_SCORE":0.435469},"geometry":{"type":"Polygon","coordinates":[[[124.77984130100005,6.429218452000045],[124.7773568,6.424963800000056],[124.77576280000004,6.422247500000026],[124.75874950000004,6.433485500000073],[124.76870543000007,6.453690468000048],[124.78699672800009,6.442264056000056],[124.77984130100005,6.429218452000045]]]}},{"type":"Feature","id":17,"properties":{"PSGC":"1206302019","PROVINCE":"South Cotabato","PROVINCE_CODE":"1206300000","MUNICIPALITY":"Banga","MUNICIPALITY_CODE":"1206302000","BARANGAY":"Rizal","CALIBRATION_STATUS":"CALIBRATED_SOUTH_COTABATO","DATE":"2030-01-01","POSTERIOR_MEAN_CASES":1.528,"LOWER_CREDIBLE_CASES":0.0,"UPPER_CREDIBLE_CASES":5.0,"OUTBREAK_PROBABILITY":0.2,"ALERT_LEVEL":"LOW","AUTOMATIC_OUTBREAK_ALERT":false,"OUTBREAK_ALERT_REASON":"NONE","RED_CASE_ZONE":false,"RED_CASE_NEIGHBOR_COUNT":0,"RED_CLUSTER_OUTBREAK_ALERT":false,"RED_CLUSTER_OUTBREAK_ONSET":false,"RED_CLUSTER_LIKELY_ORIGIN":false,"RED_CLUSTER_ID":-1,"RED_CLUSTER_SIZE":0,"INDIVIDUAL_OUTBREAK_ALERT":false,"PROBABILISTIC_OUTBREAK_ALERT":false,"OUTBREAK_ALERT_STATE":"NORMAL","HOTSPOT_Z_SCORE":0.224859},"geometry":{"type":"Polygon","coordinates":[[[124.71627457800001,6.424558645000046],[124.71520363614705,6.427618388847321],[124.70931392436037,6.455436146090948],[124.72353848907483,6.479056487419618],[124.72394587800011,6.479051519000053],[124.727576343166,6.483653488597421],[124.7469393360001,6.46667723300004],[124.73524867200003,6.447473908000064],[124.71627457800001,6.424558645000046]]]}},{"type":"Feature","id":18,"properties":{"PSGC":"1206302020","PROVINCE":"South Cotabato","PROVINCE_CODE":"1206300000","MUNICIPALITY":"Banga","MUNICIPALITY_CODE":"1206302000","BARANGAY":"Rizal Poblacion","CALIBRATION_STATUS":"CALIBRATED_SOUTH_COTABATO","DATE":"2030-01-01","POSTERIOR_MEAN_CASES":1.616,"LOWER_CREDIBLE_CASES":0.0,"UPPER_CREDIBLE_CASES":5.0,"OUTBREAK_PROBABILITY":0.216,"ALERT_LEVEL":"LOW","AUTOMATIC_OUTBREAK_ALERT":false,"OUTBREAK_ALERT_REASON":"NONE","RED_CASE_ZONE":false,"RED_CASE_NEIGHBOR_COUNT":0,"RED_CLUSTER_OUTBREAK_ALERT":false,"RED_CLUSTER_OUTBREAK_ONSET":false,"RED_CLUSTER_LIKELY_ORIGIN":false,"RED_CLUSTER_ID":-1,"RED_CLUSTER_SIZE":0,"INDIVIDUAL_OUTBREAK_ALERT":false,"PROBABILISTIC_OUTBREAK_ALERT":false,"OUTBREAK_ALERT_STATE":"NORMAL","HOTSPOT_Z_SCORE":0.511523},"geometry":{"type":"Polygon","coordinates":[[[124.77100505200009,6.409181211000032],[124.76246125500006,6.414308843000071],[124.7465171770001,6.423782440000023],[124.75874950000004,6.433485500000073],[124.77576280000004,6.422247500000026],[124.777868,6.420971300000076],[124.77100505200009,6.409181211000032]]]}},{"type":"Feature","id":19,"properties":{"PSGC":"1206302021","PROVINCE":"South Cotabato","PROVINCE_CODE":"1206300000","MUNICIPALITY":"Banga","MUNICIPALITY_CODE":"1206302000","BARANGAY":"San Jose","CALIBRATION_STATUS":"CALIBRATED_SOUTH_COTABATO","DATE":"2030-01-01","POSTERIOR_MEAN_CASES":1.396,"LOWER_CREDIBLE_CASES":0.0,"UPPER_CREDIBLE_CASES":4.775,"OUTBREAK_PROBABILITY":0.192,"ALERT_LEVEL":"LOW","AUTOMATIC_OUTBREAK_ALERT":false,"OUTBREAK_ALERT_REASON":"NONE","RED_CASE_ZONE":false,"RED_CASE_NEIGHBOR_COUNT":1,"RED_CLUSTER_OUTBREAK_ALERT":false,"RED_CLUSTER_OUTBREAK_ONSET":false,"RED_CLUSTER_LIKELY_ORIGIN":false,"RED_CLUSTER_ID":-1,"RED_CLUSTER_SIZE":0,"INDIVIDUAL_OUTBREAK_ALERT":false,"PROBABILISTIC_OUTBREAK_ALERT":false,"OUTBREAK_ALERT_STATE":"NORMAL","HOTSPOT_Z_SCORE":0.956489},"geometry":{"type":"Polygon","coordinates":[[[124.80925263100005,6.389626912000039],[124.81343088500013,6.389075494000053],[124.82737466600008,6.380102631000056],[124.81004402600001,6.351020843000073],[124.78523614800008,6.366611408000042],[124.79274537300012,6.379253189000052],[124.80925263100005,6.389626912000039]]]}},{"type":"Feature","id":20,"properties":{"PSGC":"1206302022","PROVINCE":"South Cotabato","PROVINCE_CODE":"1206300000","MUNICIPALITY":"Banga","MUNICIPALITY_CODE":"1206302000","BARANGAY":"San Vicente","CALIBRATION_STATUS":"CALIBRATED_SOUTH_COTABATO","DATE":"2030-01-01","POSTERIOR_MEAN_CASES":1.288,"LOWER_CREDIBLE_CASES":0.0,"UPPER_CREDIBLE_CASES":4.0,"OUTBREAK_PROBABILITY":0.136,"ALERT_LEVEL":"LOW","AUTOMATIC_OUTBREAK_ALERT":false,"OUTBREAK_ALERT_REASON":"NONE","RED_CASE_ZONE":false,"RED_CASE_NEIGHBOR_COUNT":0,"RED_CLUSTER_OUTBREAK_ALERT":false,"RED_CLUSTER_OUTBREAK_ONSET":false,"RED_CLUSTER_LIKELY_ORIGIN":false,"RED_CLUSTER_ID":-1,"RED_CLUSTER_SIZE":0,"INDIVIDUAL_OUTBREAK_ALERT":false,"PROBABILISTIC_OUTBREAK_ALERT":false,"OUTBREAK_ALERT_STATE":"NORMAL","HOTSPOT_Z_SCORE":-0.802842},"geometry":{"type":"Polygon","coordinates":[[[124.81411641400007,6.446145602000058],[124.78699672800009,6.442264056000056],[124.76870543000007,6.453690468000048],[124.76244279000002,6.457371600000045],[124.78578088200003,6.48301535200005],[124.8130812930001,6.464174916000045],[124.82032583400007,6.454063644000029],[124.81411641400007,6.446145602000058]]]}},{"type":"Feature","id":21,"properties":{"PSGC":"1206302024","PROVINCE":"South Cotabato","PROVINCE_CODE":"1206300000","MUNICIPALITY":"Banga","MUNICIPALITY_CODE":"1206302000","BARANGAY":"Yangco Poblacion","CALIBRATION_STATUS":"CALIBRATED_SOUTH_COTABATO","DATE":"2030-01-01","POSTERIOR_MEAN_CASES":1.78,"LOWER_CREDIBLE_CASES":0.0,"UPPER_CREDIBLE_CASES":6.0,"OUTBREAK_PROBABILITY":0.124,"ALERT_LEVEL":"LOW","AUTOMATIC_OUTBREAK_ALERT":false,"OUTBREAK_ALERT_REASON":"NONE","RED_CASE_ZONE":false,"RED_CASE_NEIGHBOR_COUNT":0,"RED_CLUSTER_OUTBREAK_ALERT":false,"RED_CLUSTER_OUTBREAK_ONSET":false,"RED_CLUSTER_LIKELY_ORIGIN":false,"RED_CLUSTER_ID":-1,"RED_CLUSTER_SIZE":0,"INDIVIDUAL_OUTBREAK_ALERT":false,"PROBABILISTIC_OUTBREAK_ALERT":false,"OUTBREAK_ALERT_STATE":"NORMAL","HOTSPOT_Z_SCORE":0.547982},"geometry":{"type":"Polygon","coordinates":[[[124.777868,6.420971300000076],[124.77576280000004,6.422247500000026],[124.7773568,6.424963800000056],[124.78261831000009,6.421906890000059],[124.777868,6.420971300000076]]]}},{"type":"Feature","id":22,"properties":{"PSGC":"1206306001","PROVINCE":"South Cotabato","PROVINCE_CODE":"1206300000","MUNICIPALITY":"City of Koronadal","MUNICIPALITY_CODE":"1206306000","BARANGAY":"Assumption","CALIBRATION_STATUS":"CALIBRATED_SOUTH_COTABATO","DATE":"2030-01-01","POSTERIOR_MEAN_CASES":0.464,"LOWER_CREDIBLE_CASES":0.0,"UPPER_CREDIBLE_CASES":3.0,"OUTBREAK_PROBABILITY":0.088,"ALERT_LEVEL":"LOW","AUTOMATIC_OUTBREAK_ALERT":false,"OUTBREAK_ALERT_REASON":"NONE","RED_CASE_ZONE":false,"RED_CASE_NEIGHBOR_COUNT":0,"RED_CLUSTER_OUTBREAK_ALERT":false,"RED_CLUSTER_OUTBREAK_ONSET":false,"RED_CLUSTER_LIKELY_ORIGIN":false,"RED_CLUSTER_ID":-1,"RED_CLUSTER_SIZE":0,"INDIVIDUAL_OUTBREAK_ALERT":false,"PROBABILISTIC_OUTBREAK_ALERT":false,"OUTBREAK_ALERT_STATE":"NORMAL","HOTSPOT_Z_SCORE":-2.069716},"geometry":{"type":"Polygon","coordinates":[[[124.85265383000002,6.449952807000045],[124.86028217000013,6.435431746000063],[124.84500280900012,6.419699153000067],[124.82691600500004,6.444986301000029],[124.8452774760001,6.460325673000056],[124.85265383000002,6.449952807000045]]]}},{"type":"Feature","id":23,"properties":{"PSGC":"1206306002","PROVINCE":"South Cotabato","PROVINCE_CODE":"1206300000","MUNICIPALITY":"City of Koronadal","MUNICIPALITY_CODE":"1206306000","BARANGAY":"Avanceña","CALIBRATION_STATUS":"CALIBRATED_SOUTH_COTABATO","DATE":"2030-01-01","POSTERIOR_MEAN_CASES":0.28,"LOWER_CREDIBLE_CASES":0.0,"UPPER_CREDIBLE_CASES":2.0,"OUTBREAK_PROBABILITY":0.044,"ALERT_LEVEL":"LOW","AUTOMATIC_OUTBREAK_ALERT":false,"OUTBREAK_ALERT_REASON":"NONE","RED_CASE_ZONE":false,"RED_CASE_NEIGHBOR_COUNT":0,"RED_CLUSTER_OUTBREAK_ALERT":false,"RED_CLUSTER_OUTBREAK_ONSET":false,"RED_CLUSTER_LIKELY_ORIGIN":false,"RED_CLUSTER_ID":-1,"RED_CLUSTER_SIZE":0,"INDIVIDUAL_OUTBREAK_ALERT":false,"PROBABILISTIC_OUTBREAK_ALERT":false,"OUTBREAK_ALERT_STATE":"NORMAL","HOTSPOT_Z_SCORE":-2.687154},"geometry":{"type":"Polygon","coordinates":[[[124.88128781900002,6.555289832000027],[124.88837184700002,6.534686706000059],[124.88888548600006,6.528772008000031],[124.87555561400008,6.516717509000046],[124.86005515700002,6.538028619000043],[124.88128781900002,6.555289832000027]]]}},{"type":"Feature","id":24,"properties":{"PSGC":"1206306003","PROVINCE":"South Cotabato","PROVINCE_CODE":"1206300000","MUNICIPALITY":"City of Koronadal","MUNICIPALITY_CODE":"1206306000","BARANGAY":"Cacub","CALIBRATION_STATUS":"CALIBRATED_SOUTH_COTABATO","DATE":"2030-01-01","POSTERIOR_MEAN_CASES":0.596,"LOWER_CREDIBLE_CASES":0.0,"UPPER_CREDIBLE_CASES":3.0,"OUTBREAK_PROBABILITY":0.032,"ALERT_LEVEL":"LOW","AUTOMATIC_OUTBREAK_ALERT":false,"OUTBREAK_ALERT_REASON":"NONE","RED_CASE_ZONE":false,"RED_CASE_NEIGHBOR_COUNT":0,"RED_CLUSTER_OUTBREAK_ALERT":false,"RED_CLUSTER_OUTBREAK_ONSET":false,"RED_CLUSTER_LIKELY_ORIGIN":false,"RED_CLUSTER_ID":-1,"RED_CLUSTER_SIZE":0,"INDIVIDUAL_OUTBREAK_ALERT":false,"PROBABILISTIC_OUTBREAK_ALERT":false,"OUTBREAK_ALERT_STATE":"NORMAL","HOTSPOT_Z_SCORE":-2.085743},"geometry":{"type":"Polygon","coordinates":[[[124.96643803129892,6.500769708180951],[124.93988385500005,6.497243260000061],[124.92234959100006,6.509415957000043],[124.92372674300009,6.517275839000035],[124.96562704400002,6.554706194000062],[124.98983452400012,6.539853395000022],[124.98554958220583,6.5313491595863535],[124.98225171503506,6.524803950776117],[124.97040743500008,6.501296853000042],[124.96643803129892,6.500769708180951]]]}},{"type":"Feature","id":25,"properties":{"PSGC":"1206306004","PROVINCE":"South Cotabato","PROVINCE_CODE":"1206300000","MUNICIPALITY":"City of Koronadal","MUNICIPALITY_CODE":"1206306000","BARANGAY":"Caloocan","CALIBRATION_STATUS":"CALIBRATED_SOUTH_COTABATO","DATE":"2030-01-01","POSTERIOR_MEAN_CASES":0.24,"LOWER_CREDIBLE_CASES":0.0,"UPPER_CREDIBLE_CASES":2.0,"OUTBREAK_PROBABILITY":0.04,"ALERT_LEVEL":"LOW","AUTOMATIC_OUTBREAK_ALERT":false,"OUTBREAK_ALERT_REASON":"NONE","RED_CASE_ZONE":false,"RED_CASE_NEIGHBOR_COUNT":0,"RED_CLUSTER_OUTBREAK_ALERT":false,"RED_CLUSTER_OUTBREAK_ONSET":false,"RED_CLUSTER_LIKELY_ORIGIN":false,"RED_CLUSTER_ID":-1,"RED_CLUSTER_SIZE":0,"INDIVIDUAL_OUTBREAK_ALERT":false,"PROBABILISTIC_OUTBREAK_ALERT":false,"OUTBREAK_ALERT_STATE":"NORMAL","HOTSPOT_Z_SCORE":-3.59343},"geometry":{"type":"Polygon","coordinates":[[[124.84122562700007,6.540021633000037],[124.85411005900004,6.522345846000064],[124.84272176600007,6.508893146000048],[124.83979529400007,6.511412056000039],[124.82414900945281,6.525052206425339],[124.8283292660001,6.529940754000052],[124.82823862561358,6.53039931460204],[124.84122562700007,6.540021633000037]]]}},{"type":"Feature","id":26,"properties":{"PSGC":"1206306005","PROVINCE":"South Cotabato","PROVINCE_CODE":"1206300000","MUNICIPALITY":"City of Koronadal","MUNICIPALITY_CODE":"1206306000","BARANGAY":"Carpenter Hill","CALIBRATION_STATUS":"CALIBRATED_SOUTH_COTABATO","DATE":"2030-01-01","POSTERIOR_MEAN_CASES":0.368,"LOWER_CREDIBLE_CASES":0.0,"UPPER_CREDIBLE_CASES":2.0,"OUTBREAK_PROBABILITY":0.08,"ALERT_LEVEL":"LOW","AUTOMATIC_OUTBREAK_ALERT":false,"OUTBREAK_ALERT_REASON":"NONE","RED_CASE_ZONE":false,"RED_CASE_NEIGHBOR_COUNT":0,"RED_CLUSTER_OUTBREAK_ALERT":false,"RED_CLUSTER_OUTBREAK_ONSET":false,"RED_CLUSTER_LIKELY_ORIGIN":false,"RED_CLUSTER_ID":-1,"RED_CLUSTER_SIZE":0,"INDIVIDUAL_OUTBREAK_ALERT":false,"PROBABILISTIC_OUTBREAK_ALERT":false,"OUTBREAK_ALERT_STATE":"NORMAL","HOTSPOT_Z_SCORE":-2.854343},"geometry":{"type":"Polygon","coordinates":[[[124.85265383000002,6.449952807000045],[124.8695824130001,6.470518609000065],[124.87332972600008,6.475052394000045],[124.88444362300004,6.458662197000023],[124.89620270000012,6.442853890000037],[124.86948171000006,6.444227403000069],[124.86028217000013,6.435431746000063],[124.85265383000002,6.449952807000045]]]}},{"type":"Feature","id":27,"properties":{"PSGC":"1206306006","PROVINCE":"South Cotabato","PROVINCE_CODE":"1206300000","MUNICIPALITY":"City of Koronadal","MUNICIPALITY_CODE":"1206306000","BARANGAY":"Concepcion","CALIBRATION_STATUS":"CALIBRATED_SOUTH_COTABATO","DATE":"2030-01-01","POSTERIOR_MEAN_CASES":0.388,"LOWER_CREDIBLE_CASES":0.0,"UPPER_CREDIBLE_CASES":2.0,"OUTBREAK_PROBABILITY":0.064,"ALERT_LEVEL":"LOW","AUTOMATIC_OUTBREAK_ALERT":false,"OUTBREAK_ALERT_REASON":"NONE","RED_CASE_ZONE":false,"RED_CASE_NEIGHBOR_COUNT":0,"RED_CLUSTER_OUTBREAK_ALERT":false,"RED_CLUSTER_OUTBREAK_ONSET":false,"RED_CLUSTER_LIKELY_ORIGIN":false,"RED_CLUSTER_ID":-1,"RED_CLUSTER_SIZE":0,"INDIVIDUAL_OUTBREAK_ALERT":false,"PROBABILISTIC_OUTBREAK_ALERT":false,"OUTBREAK_ALERT_STATE":"NORMAL","HOTSPOT_Z_SCORE":-3.269714},"geometry":{"type":"Polygon","coordinates":[[[124.87332972600008,6.475052394000045],[124.86794089700004,6.479633465000063],[124.87552439900003,6.489927017000071],[124.90713762500003,6.479987408000057],[124.89697604700007,6.463747582000053],[124.88444362300004,6.458662197000023],[124.87332972600008,6.475052394000045]]]}},{"type":"Feature","id":28,"properties":{"PSGC":"1206306007","PROVINCE":"South Cotabato","PROVINCE_CODE":"1206300000","MUNICIPALITY":"City of Koronadal","MUNICIPALITY_CODE":"1206306000","BARANGAY":"Esperanza","CALIBRATION_STATUS":"CALIBRATED_SOUTH_COTABATO","DATE":"2030-01-01","POSTERIOR_MEAN_CASES":0.244,"LOWER_CREDIBLE_CASES":0.0,"UPPER_CREDIBLE_CASES":2.0,"OUTBREAK_PROBABILITY":0.044,"ALERT_LEVEL":"LOW","AUTOMATIC_OUTBREAK_ALERT":false,"OUTBREAK_ALERT_REASON":"NONE","RED_CASE_ZONE":false,"RED_CASE_NEIGHBOR_COUNT":0,"RED_CLUSTER_OUTBREAK_ALERT":false,"RED_CLUSTER_OUTBREAK_ONSET":false,"RED_CLUSTER_LIKELY_ORIGIN":false,"RED_CLUSTER_ID":-1,"RED_CLUSTER_SIZE":0,"INDIVIDUAL_OUTBREAK_ALERT":false,"PROBABILISTIC_OUTBREAK_ALERT":false,"OUTBREAK_ALERT_STATE":"NORMAL","HOTSPOT_Z_SCORE":-2.811327},"geometry":{"type":"Polygon","coordinates":[[[124.92234959100006,6.509415957000043],[124.91273921400011,6.495700059000057],[124.90403350300005,6.508739048000052],[124.90917355800003,6.51861334800003],[124.92372674300009,6.517275839000035],[124.92234959100006,6.509415957000043]]]}},{"type":"Feature","id":29,"properties":{"PSGC":"1206306008","PROVINCE":"South Cotabato","PROVINCE_CODE":"1206300000","MUNICIPALITY":"City of Koronadal","MUNICIPALITY_CODE":"1206306000","BARANGAY":"General Paulino Santos","CALIBRATION_STATUS":"CALIBRATED_SOUTH_COTABATO","DATE":"2030-01-01","POSTERIOR_MEAN_CASES":0.236,"LOWER_CREDIBLE_CASES":0.0,"UPPER_CREDIBLE_CASES":2.0,"OUTBREAK_PROBABILITY":0.04,"ALERT_LEVEL":"LOW","AUTOMATIC_OUTBREAK_ALERT":false,"OUTBREAK_ALERT_REASON":"NONE","RED_CASE_ZONE":false,"RED_CASE_NEIGHBOR_COUNT":0,"RED_CLUSTER_OUTBREAK_ALERT":false,"RED_CLUSTER_OUTBREAK_ONSET":false,"RED_CLUSTER_LIKELY_ORIGIN":false,"RED_CLUSTER_ID":-1,"RED_CLUSTER_SIZE":0,"INDIVIDUAL_OUTBREAK_ALERT":false,"PROBABILISTIC_OUTBREAK_ALERT":false,"OUTBREAK_ALERT_STATE":"NORMAL","HOTSPOT_Z_SCORE":-3.428986},"geometry":{"type":"Polygon","coordinates":[[[124.85411005900004,6.522345846000064],[124.87147648300002,6.515232715000023],[124.8678556430001,6.50268868300003],[124.85798454500002,6.495831157000056],[124.84562596200011,6.503052251000041],[124.84272176600007,6.508893146000048],[124.85411005900004,6.522345846000064]]]}},{"type":"Feature","id":30,"properties":{"PSGC":"1206306009","PROVINCE":"South Cotabato","PROVINCE_CODE":"1206300000","MUNICIPALITY":"City of Koronadal","MUNICIPALITY_CODE":"1206306000","BARANGAY":"Mabini","CALIBRATION_STATUS":"CALIBRATED_SOUTH_COTABATO","DATE":"2030-01-01","POSTERIOR_MEAN_CASES":0.3,"LOWER_CREDIBLE_CASES":0.0,"UPPER_CREDIBLE_CASES":2.0,"OUTBREAK_PROBABILITY":0.056,"ALERT_LEVEL":"LOW","AUTOMATIC_OUTBREAK_ALERT":false,"OUTBREAK_ALERT_REASON":"NONE","RED_CASE_ZONE":false,"RED_CASE_NEIGHBOR_COUNT":0,"RED_CLUSTER_OUTBREAK_ALERT":false,"RED_CLUSTER_OUTBREAK_ONSET":false,"RED_CLUSTER_LIKELY_ORIGIN":false,"RED_CLUSTER_ID":-1,"RED_CLUSTER_SIZE":0,"INDIVIDUAL_OUTBREAK_ALERT":false,"PROBABILISTIC_OUTBREAK_ALERT":false,"OUTBREAK_ALERT_STATE":"NORMAL","HOTSPOT_Z_SCORE":-2.826033},"geometry":{"type":"Polygon","coordinates":[[[124.96562704400002,6.554706194000062],[124.92372674300009,6.517275839000035],[124.90917355800003,6.51861334800003],[124.88888548600006,6.528772008000031],[124.88837184700002,6.534686706000059],[124.92445572400004,6.530740326000056],[124.95040559800009,6.557693580000033],[124.96562704400002,6.554706194000062]]]}},{"type":"Feature","id":31,"properties":{"PSGC":"1206306010","PROVINCE":"South Cotabato","PROVINCE_CODE":"1206300000","MUNICIPALITY":"City of Koronadal","MUNICIPALITY_CODE":"1206306000","BARANGAY":"Magsaysay","CALIBRATION_STATUS":"CALIBRATED_SOUTH_COTABATO","DATE":"2030-01-01","POSTERIOR_MEAN_CASES":0.308,"LOWER_CREDIBLE_CASES":0.0,"UPPER_CREDIBLE_CASES":2.0,"OUTBREAK_PROBABILITY":0.036,"ALERT_LEVEL":"LOW","AUTOMATIC_OUTBREAK_ALERT":false,"OUTBREAK_ALERT_REASON":"NONE","RED_CASE_ZONE":false,"RED_CASE_NEIGHBOR_COUNT":0,"RED_CLUSTER_OUTBREAK_ALERT":false,"RED_CLUSTER_OUTBREAK_ONSET":false,"RED_CLUSTER_LIKELY_ORIGIN":false,"RED_CLUSTER_ID":-1,"RED_CLUSTER_SIZE":0,"INDIVIDUAL_OUTBREAK_ALERT":false,"PROBABILISTIC_OUTBREAK_ALERT":false,"OUTBREAK_ALERT_STATE":"NORMAL","HOTSPOT_Z_SCORE":-2.349133},"geometry":{"type":"Polygon","coordinates":[[[124.90713762500003,6.479987408000057],[124.91350926100006,6.477777036000021],[124.920037481,6.474384933000068],[124.92298628700007,6.456449930000075],[124.89697604700007,6.463747582000053],[124.90713762500003,6.479987408000057]]]}},{"type":"Feature","id":32,"properties":{"PSGC":"1206306011","PROVINCE":"South Cotabato","PROVINCE_CODE":"1206300000","MUNICIPALITY":"City of Koronadal","MUNICIPALITY_CODE":"1206306000","BARANGAY":"Mambucal","CALIBRATION_STATUS":"CALIBRATED_SOUTH_COTABATO","DATE":"2030-01-01","POSTERIOR_MEAN_CASES":0.356,"LOWER_CREDIBLE_CASES":0.0,"UPPER_CREDIBLE_CASES":2.0,"OUTBREAK_PROBABILITY":0.072,"ALERT_LEVEL":"LOW","AUTOMATIC_OUTBREAK_ALERT":false,"OUTBREAK_ALERT_REASON":"NONE","RED_CASE_ZONE":false,"RED_CASE_NEIGHBOR_COUNT":0,"RED_CLUSTER_OUTBREAK_ALERT":false,"RED_CLUSTER_OUTBREAK_ONSET":false,"RED_CLUSTER_LIKELY_ORIGIN":false,"RED_CLUSTER_ID":-1,"RED_CLUSTER_SIZE":0,"INDIVIDUAL_OUTBREAK_ALERT":false,"PROBABILISTIC_OUTBREAK_ALERT":false,"OUTBREAK_ALERT_STATE":"NORMAL","HOTSPOT_Z_SCORE":-2.247863},"geometry":{"type":"Polygon","coordinates":[[[124.82691600500004,6.444986301000029],[124.8130812930001,6.464174916000045],[124.82281900300008,6.478094241000064],[124.83964279700001,6.467361233000075],[124.8452774760001,6.460325673000056],[124.82691600500004,6.444986301000029]]]}},{"type":"Feature","id":33,"properties":{"PSGC":"1206306012","PROVINCE":"South Cotabato","PROVINCE_CODE":"1206300000","MUNICIPALITY":"City of Koronadal","MUNICIPALITY_CODE":"1206306000","BARANGAY":"Morales","CALIBRATION_STATUS":"CALIBRATED_SOUTH_COTABATO","DATE":"2030-01-01","POSTERIOR_MEAN_CASES":0.3,"LOWER_CREDIBLE_CASES":0.0,"UPPER_CREDIBLE_CASES":2.0,"OUTBREAK_PROBABILITY":0.044,"ALERT_LEVEL":"LOW","AUTOMATIC_OUTBREAK_ALERT":false,"OUTBREAK_ALERT_REASON":"NONE","RED_CASE_ZONE":false,"RED_CASE_NEIGHBOR_COUNT":0,"RED_CLUSTER_OUTBREAK_ALERT":false,"RED_CLUSTER_OUTBREAK_ONSET":false,"RED_CLUSTER_LIKELY_ORIGIN":false,"RED_CLUSTER_ID":-1,"RED_CLUSTER_SIZE":0,"INDIVIDUAL_OUTBREAK_ALERT":false,"PROBABILISTIC_OUTBREAK_ALERT":false,"OUTBREAK_ALERT_STATE":"NORMAL","HOTSPOT_Z_SCORE":-2.9889},"geometry":{"type":"Polygon","coordinates":[[[124.83979529400007,6.511412056000039],[124.83612422100009,6.506750819000046],[124.82893131800007,6.501429513000062],[124.81641082400007,6.515717738000035],[124.81696922011942,6.516655893582885],[124.82414900945281,6.525052206425339],[124.83979529400007,6.511412056000039]]]}},{"type":"Feature","id":34,"properties":{"PSGC":"1206306013","PROVINCE":"South Cotabato","PROVINCE_CODE":"1206300000","MUNICIPALITY":"City of Koronadal","MUNICIPALITY_CODE":"1206306000","BARANGAY":"Namnama","CALIBRATION_STATUS":"CALIBRATED_SOUTH_COTABATO","DATE":"2030-01-01","POSTERIOR_MEAN_CASES":0.264,"LOWER_CREDIBLE_CASES":0.0,"UPPER_CREDIBLE_CASES":2.0,"OUTBREAK_PROBABILITY":0.056,"ALERT_LEVEL":"LOW","AUTOMATIC_OUTBREAK_ALERT":false,"OUTBREAK_ALERT_REASON":"NONE","RED_CASE_ZONE":false,"RED_CASE_NEIGHBOR_COUNT":0,"RED_CLUSTER_OUTBREAK_ALERT":false,"RED_CLUSTER_OUTBREAK_ONSET":false,"RED_CLUSTER_LIKELY_ORIGIN":false,"RED_CLUSTER_ID":-1,"RED_CLUSTER_SIZE":0,"INDIVIDUAL_OUTBREAK_ALERT":false,"PROBABILISTIC_OUTBREAK_ALERT":false,"OUTBREAK_ALERT_STATE":"NORMAL","HOTSPOT_Z_SCORE":-3.195788},"geometry":{"type":"Polygon","coordinates":[[[124.86005515700002,6.538028619000043],[124.87555561400008,6.516717509000046],[124.87738511700002,6.511847928000063],[124.8678556430001,6.50268868300003],[124.87147648300002,6.515232715000023],[124.85411005900004,6.522345846000064],[124.84122562700007,6.540021633000037],[124.86005515700002,6.538028619000043]]]}},{"type":"Feature","id":35,"properties":{"PSGC":"1206306014","PROVINCE":"South Cotabato","PROVINCE_CODE":"1206300000","MUNICIPALITY":"City of Koronadal","MUNICIPALITY_CODE":"1206306000","BARANGAY":"New Pangasinan","CALIBRATION_STATUS":"CALIBRATED_SOUTH_COTABATO","DATE":"2030-01-01","POSTERIOR_MEAN_CASES":0.324,"LOWER_CREDIBLE_CASES":0.0,"UPPER_CREDIBLE_CASES":2.0,"OUTBREAK_PROBABILITY":0.048,"ALERT_LEVEL":"LOW","AUTOMATIC_OUTBREAK_ALERT":false,"OUTBREAK_ALERT_REASON":"NONE","RED_CASE_ZONE":false,"RED_CASE_NEIGHBOR_COUNT":0,"RED_CLUSTER_OUTBREAK_ALERT":false,"RED_CLUSTER_OUTBREAK_ONSET":false,"RED_CLUSTER_LIKELY_ORIGIN":false,"RED_CLUSTER_ID":-1,"RED_CLUSTER_SIZE":0,"INDIVIDUAL_OUTBREAK_ALERT":false,"PROBABILISTIC_OUTBREAK_ALERT":false,"OUTBREAK_ALERT_STATE":"NORMAL","HOTSPOT_Z_SCORE":-3.230712},"geometry":{"type":"Polygon","coordinates":[[[124.87552439900003,6.489927017000071],[124.88655577000009,6.505701897000051],[124.90403350300005,6.508739048000052],[124.91273921400011,6.495700059000057],[124.91350926100006,6.477777036000021],[124.90713762500003,6.479987408000057],[124.87552439900003,6.489927017000071]]]}},{"type":"Feature","id":36,"properties":{"PSGC":"1206306015","PROVINCE":"South Cotabato","PROVINCE_CODE":"1206300000","MUNICIPALITY":"City of Koronadal","MUNICIPALITY_CODE":"1206306000","BARANGAY":"Paraiso","CALIBRATION_STATUS":"CALIBRATED_SOUTH_COTABATO","DATE":"2030-01-01","POSTERIOR_MEAN_CASES":0.484,"LOWER_CREDIBLE_CASES":0.0,"UPPER_CREDIBLE_CASES":2.775,"OUTBREAK_PROBABILITY":0.1,"ALERT_LEVEL":"LOW","AUTOMATIC_OUTBREAK_ALERT":false,"OUTBREAK_ALERT_REASON":"NONE","RED_CASE_ZONE":false,"RED_CASE_NEIGHBOR_COUNT":0,"RED_CLUSTER_OUTBREAK_ALERT":false,"RED_CLUSTER_OUTBREAK_ONSET":false,"RED_CLUSTER_LIKELY_ORIGIN":false,"RED_CLUSTER_ID":-1,"RED_CLUSTER_SIZE":0,"INDIVIDUAL_OUTBREAK_ALERT":false,"PROBABILISTIC_OUTBREAK_ALERT":false,"OUTBREAK_ALERT_STATE":"NORMAL","HOTSPOT_Z_SCORE":-2.84538},"geometry":{"type":"Polygon","coordinates":[[[124.78578088200003,6.48301535200005],[124.81641082400007,6.515717738000035],[124.82893131800007,6.501429513000062],[124.83200194900009,6.489505622000024],[124.82281900300008,6.478094241000064],[124.8130812930001,6.464174916000045],[124.78578088200003,6.48301535200005]]]}},{"type":"Feature","id":37,"properties":{"PSGC":"1206306016","PROVINCE":"South Cotabato","PROVINCE_CODE":"1206300000","MUNICIPALITY":"City of Koronadal","MUNICIPALITY_CODE":"1206306000","BARANGAY":"Zone I","CALIBRATION_STATUS":"CALIBRATED_SOUTH_COTABATO","DATE":"2030-01-01","POSTERIOR_MEAN_CASES":0.088,"LOWER_CREDIBLE_CASES":0.0,"UPPER_CREDIBLE_CASES":1.0,"OUTBREAK_PROBABILITY":0.072,"ALERT_LEVEL":"LOW","AUTOMATIC_OUTBREAK_ALERT":false,"OUTBREAK_ALERT_REASON":"NONE","RED_CASE_ZONE":false,"RED_CASE_NEIGHBOR_COUNT":0,"RED_CLUSTER_OUTBREAK_ALERT":false,"RED_CLUSTER_OUTBREAK_ONSET":false,"RED_CLUSTER_LIKELY_ORIGIN":false,"RED_CLUSTER_ID":-1,"RED_CLUSTER_SIZE":0,"INDIVIDUAL_OUTBREAK_ALERT":false,"PROBABILISTIC_OUTBREAK_ALERT":false,"OUTBREAK_ALERT_STATE":"NORMAL","HOTSPOT_Z_SCORE":-3.714336},"geometry":{"type":"Polygon","coordinates":[[[124.84272176600007,6.508893146000048],[124.84562596200011,6.503052251000041],[124.84351735700012,6.500430666000056],[124.83612422100009,6.506750819000046],[124.83979529400007,6.511412056000039],[124.84272176600007,6.508893146000048]]]}},{"type":"Feature","id":38,"properties":{"PSGC":"1206306017","PROVINCE":"South Cotabato","PROVINCE_CODE":"1206300000","MUNICIPALITY":"City of Koronadal","MUNICIPALITY_CODE":"1206306000","BARANGAY":"Zone II","CALIBRATION_STATUS":"CALIBRATED_SOUTH_COTABATO","DATE":"2030-01-01","POSTERIOR_MEAN_CASES":0.088,"LOWER_CREDIBLE_CASES":0.0,"UPPER_CREDIBLE_CASES":1.0,"OUTBREAK_PROBABILITY":0.084,"ALERT_LEVEL":"LOW","AUTOMATIC_OUTBREAK_ALERT":false,"OUTBREAK_ALERT_REASON":"NONE","RED_CASE_ZONE":false,"RED_CASE_NEIGHBOR_COUNT":0,"RED_CLUSTER_OUTBREAK_ALERT":false,"RED_CLUSTER_OUTBREAK_ONSET":false,"RED_CLUSTER_LIKELY_ORIGIN":false,"RED_CLUSTER_ID":-1,"RED_CLUSTER_SIZE":0,"INDIVIDUAL_OUTBREAK_ALERT":false,"PROBABILISTIC_OUTBREAK_ALERT":false,"OUTBREAK_ALERT_STATE":"NORMAL","HOTSPOT_Z_SCORE":-3.51092},"geometry":{"type":"Polygon","coordinates":[[[124.85798454500002,6.495831157000056],[124.85419044100001,6.491347768000025],[124.84351735700012,6.500430666000056],[124.84562596200011,6.503052251000041],[124.85798454500002,6.495831157000056]]]}},{"type":"Feature","id":39,"properties":{"PSGC":"1206306018","PROVINCE":"South Cotabato","PROVINCE_CODE":"1206300000","MUNICIPALITY":"City of Koronadal","MUNICIPALITY_CODE":"1206306000","BARANGAY":"Zone III","CALIBRATION_STATUS":"CALIBRATED_SOUTH_COTABATO","DATE":"2030-01-01","POSTERIOR_MEAN_CASES":0.216,"LOWER_CREDIBLE_CASES":0.0,"UPPER_CREDIBLE_CASES":1.0,"OUTBREAK_PROBABILITY":0.02,"ALERT_LEVEL":"LOW","AUTOMATIC_OUTBREAK_ALERT":false,"OUTBREAK_ALERT_REASON":"NONE","RED_CASE_ZONE":false,"RED_CASE_NEIGHBOR_COUNT":0,"RED_CLUSTER_OUTBREAK_ALERT":false,"RED_CLUSTER_OUTBREAK_ONSET":false,"RED_CLUSTER_LIKELY_ORIGIN":false,"RED_CLUSTER_ID":-1,"RED_CLUSTER_SIZE":0,"INDIVIDUAL_OUTBREAK_ALERT":false,"PROBABILISTIC_OUTBREAK_ALERT":false,"OUTBREAK_ALERT_STATE":"NORMAL","HOTSPOT_Z_SCORE":-4.134978},"geometry":{"type":"Polygon","coordinates":[[[124.8695824130001,6.470518609000065],[124.85356654700001,6.484169592000057],[124.83663300800002,6.492313066000065],[124.84351735700012,6.500430666000056],[124.85419044100001,6.491347768000025],[124.86794089700004,6.479633465000063],[124.87332972600008,6.475052394000045],[124.8695824130001,6.470518609000065]]]}},{"type":"Feature","id":40,"properties":{"PSGC":"1206306019","PROVINCE":"South Cotabato","PROVINCE_CODE":"1206300000","MUNICIPALITY":"City of Koronadal","MUNICIPALITY_CODE":"1206306000","BARANGAY":"Zone IV","CALIBRATION_STATUS":"CALIBRATED_SOUTH_COTABATO","DATE":"2030-01-01","POSTERIOR_MEAN_CASES":0.132,"LOWER_CREDIBLE_CASES":0.0,"UPPER_CREDIBLE_CASES":1.0,"OUTBREAK_PROBABILITY":0.116,"ALERT_LEVEL":"LOW","AUTOMATIC_OUTBREAK_ALERT":false,"OUTBREAK_ALERT_REASON":"NONE","RED_CASE_ZONE":false,"RED_CASE_NEIGHBOR_COUNT":0,"RED_CLUSTER_OUTBREAK_ALERT":false,"RED_CLUSTER_OUTBREAK_ONSET":false,"RED_CLUSTER_LIKELY_ORIGIN":false,"RED_CLUSTER_ID":-1,"RED_CLUSTER_SIZE":0,"INDIVIDUAL_OUTBREAK_ALERT":false,"PROBABILISTIC_OUTBREAK_ALERT":false,"OUTBREAK_ALERT_STATE":"NORMAL","HOTSPOT_Z_SCORE":-3.640232},"geometry":{"type":"Polygon","coordinates":[[[124.83612422100009,6.506750819000046],[124.84351735700012,6.500430666000056],[124.83663300800002,6.492313066000065],[124.83200194900009,6.489505622000024],[124.82893131800007,6.501429513000062],[124.83612422100009,6.506750819000046]]]}},{"type":"Feature","id":41,"properties":{"PSGC":"1206306020","PROVINCE":"South Cotabato","PROVINCE_CODE":"1206300000","MUNICIPALITY":"City of Koronadal","MUNICIPALITY_CODE":"1206306000","BARANGAY":"Rotonda","CALIBRATION_STATUS":"CALIBRATED_SOUTH_COTABATO","DATE":"2030-01-01","POSTERIOR_MEAN_CASES":0.34,"LOWER_CREDIBLE_CASES":0.0,"UPPER_CREDIBLE_CASES":2.0,"OUTBREAK_PROBABILITY":0.068,"ALERT_LEVEL":"LOW","AUTOMATIC_OUTBREAK_ALERT":false,"OUTBREAK_ALERT_REASON":"NONE","RED_CASE_ZONE":false,"RED_CASE_NEIGHBOR_COUNT":0,"RED_CLUSTER_OUTBREAK_ALERT":false,"RED_CLUSTER_OUTBREAK_ONSET":false,"RED_CLUSTER_LIKELY_ORIGIN":false,"RED_CLUSTER_ID":-1,"RED_CLUSTER_SIZE":0,"INDIVIDUAL_OUTBREAK_ALERT":false,"PROBABILISTIC_OUTBREAK_ALERT":false,"OUTBREAK_ALERT_STATE":"NORMAL","HOTSPOT_Z_SCORE":-3.53753},"geometry":{"type":"Polygon","coordinates":[[[124.88888548600006,6.528772008000031],[124.90917355800003,6.51861334800003],[124.90403350300005,6.508739048000052],[124.88655577000009,6.505701897000051],[124.87738511700002,6.511847928000063],[124.87555561400008,6.516717509000046],[124.88888548600006,6.528772008000031]]]}},{"type":"Feature","id":42,"properties":{"PSGC":"1206306021","PROVINCE":"South Cotabato","PROVINCE_CODE":"1206300000","MUNICIPALITY":"City of Koronadal","MUNICIPALITY_CODE":"1206306000","BARANGAY":"San Isidro","CALIBRATION_STATUS":"CALIBRATED_SOUTH_COTABATO","DATE":"2030-01-01","POSTERIOR_MEAN_CASES":0.276,"LOWER_CREDIBLE_CASES":0.0,"UPPER_CREDIBLE_CASES":2.0,"OUTBREAK_PROBABILITY":0.052,"ALERT_LEVEL":"LOW","AUTOMATIC_OUTBREAK_ALERT":false,"OUTBREAK_ALERT_REASON":"NONE","RED_CASE_ZONE":false,"RED_CASE_NEIGHBOR_COUNT":0,"RED_CLUSTER_OUTBREAK_ALERT":false,"RED_CLUSTER_OUTBREAK_ONSET":false,"RED_CLUSTER_LIKELY_ORIGIN":false,"RED_CLUSTER_ID":-1,"RED_CLUSTER_SIZE":0,"INDIVIDUAL_OUTBREAK_ALERT":false,"PROBABILISTIC_OUTBREAK_ALERT":false,"OUTBREAK_ALERT_STATE":"NORMAL","HOTSPOT_Z_SCORE":-3.05713},"geometry":{"type":"Polygon","coordinates":[[[124.8452774760001,6.460325673000056],[124.83964279700001,6.467361233000075],[124.85356654700001,6.484169592000057],[124.8695824130001,6.470518609000065],[124.85265383000002,6.449952807000045],[124.8452774760001,6.460325673000056]]]}},{"type":"Feature","id":43,"properties":{"PSGC":"1206306022","PROVINCE":"South Cotabato","PROVINCE_CODE":"1206300000","MUNICIPALITY":"City of Koronadal","MUNICIPALITY_CODE":"1206306000","BARANGAY":"San Jose","CALIBRATION_STATUS":"CALIBRATED_SOUTH_COTABATO","DATE":"2030-01-01","POSTERIOR_MEAN_CASES":0.504,"LOWER_CREDIBLE_CASES":0.0,"UPPER_CREDIBLE_CASES":2.0,"OUTBREAK_PROBABILITY":0.112,"ALERT_LEVEL":"LOW","AUTOMATIC_OUTBREAK_ALERT":false,"OUTBREAK_ALERT_REASON":"NONE","RED_CASE_ZONE":false,"RED_CASE_NEIGHBOR_COUNT":0,"RED_CLUSTER_OUTBREAK_ALERT":false,"RED_CLUSTER_OUTBREAK_ONSET":false,"RED_CLUSTER_LIKELY_ORIGIN":false,"RED_CLUSTER_ID":-1,"RED_CLUSTER_SIZE":0,"INDIVIDUAL_OUTBREAK_ALERT":false,"PROBABILISTIC_OUTBREAK_ALERT":false,"OUTBREAK_ALERT_STATE":"NORMAL","HOTSPOT_Z_SCORE":-2.350192},"geometry":{"type":"Polygon","coordinates":[[[124.91629619800007,6.577296666000053],[124.95040559800009,6.557693580000033],[124.92445572400004,6.530740326000056],[124.88837184700002,6.534686706000059],[124.88128781900002,6.555289832000027],[124.91629619800007,6.577296666000053]]]}},{"type":"Feature","id":44,"properties":{"PSGC":"1206306023","PROVINCE":"South Cotabato","PROVINCE_CODE":"1206300000","MUNICIPALITY":"City of Koronadal","MUNICIPALITY_CODE":"1206306000","BARANGAY":"San Roque","CALIBRATION_STATUS":"CALIBRATED_SOUTH_COTABATO","DATE":"2030-01-01","POSTERIOR_MEAN_CASES":0.408,"LOWER_CREDIBLE_CASES":0.0,"UPPER_CREDIBLE_CASES":3.0,"OUTBREAK_PROBABILITY":0.064,"ALERT_LEVEL":"LOW","AUTOMATIC_OUTBREAK_ALERT":false,"OUTBREAK_ALERT_REASON":"NONE","RED_CASE_ZONE":false,"RED_CASE_NEIGHBOR_COUNT":0,"RED_CLUSTER_OUTBREAK_ALERT":false,"RED_CLUSTER_OUTBREAK_ONSET":false,"RED_CLUSTER_LIKELY_ORIGIN":false,"RED_CLUSTER_ID":-1,"RED_CLUSTER_SIZE":0,"INDIVIDUAL_OUTBREAK_ALERT":false,"PROBABILISTIC_OUTBREAK_ALERT":false,"OUTBREAK_ALERT_STATE":"NORMAL","HOTSPOT_Z_SCORE":-1.458051},"geometry":{"type":"Polygon","coordinates":[[[124.91309273905512,6.43453685497564],[124.91253508279107,6.4343043994177],[124.89555661900012,6.427227032000074],[124.89620270000012,6.442853890000037],[124.88444362300004,6.458662197000023],[124.89697604700007,6.463747582000053],[124.92298628700007,6.456449930000075],[124.92306272349806,6.449736231175902],[124.91265511200004,6.434933039000043],[124.91309273905512,6.43453685497564]]]}},{"type":"Feature","id":45,"properties":{"PSGC":"1206306024","PROVINCE":"South Cotabato","PROVINCE_CODE":"1206300000","MUNICIPALITY":"City of Koronadal","MUNICIPALITY_CODE":"1206306000","BARANGAY":"Santa Cruz","CALIBRATION_STATUS":"CALIBRATED_SOUTH_COTABATO","DATE":"2030-01-01","POSTERIOR_MEAN_CASES":0.144,"LOWER_CREDIBLE_CASES":0.0,"UPPER_CREDIBLE_CASES":1.0,"OUTBREAK_PROBABILITY":0.024,"ALERT_LEVEL":"LOW","AUTOMATIC_OUTBREAK_ALERT":false,"OUTBREAK_ALERT_REASON":"NONE","RED_CASE_ZONE":false,"RED_CASE_NEIGHBOR_COUNT":0,"RED_CLUSTER_OUTBREAK_ALERT":false,"RED_CLUSTER_OUTBREAK_ONSET":false,"RED_CLUSTER_LIKELY_ORIGIN":false,"RED_CLUSTER_ID":-1,"RED_CLUSTER_SIZE":0,"INDIVIDUAL_OUTBREAK_ALERT":false,"PROBABILISTIC_OUTBREAK_ALERT":false,"OUTBREAK_ALERT_STATE":"NORMAL","HOTSPOT_Z_SCORE":-3.170578},"geometry":{"type":"Polygon","coordinates":[[[124.82281900300008,6.478094241000064],[124.83200194900009,6.489505622000024],[124.83663300800002,6.492313066000065],[124.85356654700001,6.484169592000057],[124.83964279700001,6.467361233000075],[124.82281900300008,6.478094241000064]]]}},{"type":"Feature","id":46,"properties":{"PSGC":"1206306025","PROVINCE":"South Cotabato","PROVINCE_CODE":"1206300000","MUNICIPALITY":"City of Koronadal","MUNICIPALITY_CODE":"1206306000","BARANGAY":"Santo Niño","CALIBRATION_STATUS":"CALIBRATED_SOUTH_COTABATO","DATE":"2030-01-01","POSTERIOR_MEAN_CASES":0.2,"LOWER_CREDIBLE_CASES":0.0,"UPPER_CREDIBLE_CASES":2.0,"OUTBREAK_PROBABILITY":0.032,"ALERT_LEVEL":"LOW","AUTOMATIC_OUTBREAK_ALERT":false,"OUTBREAK_ALERT_REASON":"NONE","RED_CASE_ZONE":false,"RED_CASE_NEIGHBOR_COUNT":0,"RED_CLUSTER_OUTBREAK_ALERT":false,"RED_CLUSTER_OUTBREAK_ONSET":false,"RED_CLUSTER_LIKELY_ORIGIN":false,"RED_CLUSTER_ID":-1,"RED_CLUSTER_SIZE":0,"INDIVIDUAL_OUTBREAK_ALERT":false,"PROBABILISTIC_OUTBREAK_ALERT":false,"OUTBREAK_ALERT_STATE":"NORMAL","HOTSPOT_Z_SCORE":-3.720422},"geometry":{"type":"Polygon","coordinates":[[[124.86794089700004,6.479633465000063],[124.85419044100001,6.491347768000025],[124.85798454500002,6.495831157000056],[124.8678556430001,6.50268868300003],[124.87738511700002,6.511847928000063],[124.88655577000009,6.505701897000051],[124.87552439900003,6.489927017000071],[124.86794089700004,6.479633465000063]]]}},{"type":"Feature","id":47,"properties":{"PSGC":"1206306026","PROVINCE":"South Cotabato","PROVINCE_CODE":"1206300000","MUNICIPALITY":"City of Koronadal","MUNICIPALITY_CODE":"1206306000","BARANGAY":"Sarabia","CALIBRATION_STATUS":"CALIBRATED_SOUTH_COTABATO","DATE":"2030-01-01","POSTERIOR_MEAN_CASES":0.944,"LOWER_CREDIBLE_CASES":0.0,"UPPER_CREDIBLE_CASES":3.0,"OUTBREAK_PROBABILITY":0.092,"ALERT_LEVEL":"LOW","AUTOMATIC_OUTBREAK_ALERT":false,"OUTBREAK_ALERT_REASON":"NONE","RED_CASE_ZONE":false,"RED_CASE_NEIGHBOR_COUNT":0,"RED_CLUSTER_OUTBREAK_ALERT":false,"RED_CLUSTER_OUTBREAK_ONSET":false,"RED_CLUSTER_LIKELY_ORIGIN":false,"RED_CLUSTER_ID":-1,"RED_CLUSTER_SIZE":0,"INDIVIDUAL_OUTBREAK_ALERT":false,"PROBABILISTIC_OUTBREAK_ALERT":false,"OUTBREAK_ALERT_STATE":"NORMAL","HOTSPOT_Z_SCORE":-1.401333},"geometry":{"type":"Polygon","coordinates":[[[124.88957944966627,6.388306618050096],[124.88093305400004,6.38625945900003],[124.86865383800011,6.339575696000053],[124.86720017346022,6.341079662334355],[124.86687495900003,6.341470035000043],[124.8659220795632,6.34240198267748],[124.83184975200005,6.377653330000043],[124.81343088500013,6.389075494000053],[124.84500280900012,6.419699153000067],[124.86028217000013,6.435431746000063],[124.86948171000006,6.444227403000069],[124.89620270000012,6.442853890000037],[124.89555661900012,6.427227032000074],[124.91253508279107,6.4343043994177],[124.90657894943448,6.403109815885437],[124.90646919800008,6.402535005000063],[124.90664113491893,6.402508570394623],[124.9076670810001,6.392589126000075],[124.88935454100009,6.389359712000044],[124.88957944966627,6.388306618050096]]]}},{"type":"Feature","id":48,"properties":{"PSGC":"1206306027","PROVINCE":"South Cotabato","PROVINCE_CODE":"1206300000","MUNICIPALITY":"City of Koronadal","MUNICIPALITY_CODE":"1206306000","BARANGAY":"Zulueta","CALIBRATION_STATUS":"CALIBRATED_SOUTH_COTABATO","DATE":"2030-01-01","POSTERIOR_MEAN_CASES":0.488,"LOWER_CREDIBLE_CASES":0.0,"UPPER_CREDIBLE_CASES":2.0,"OUTBREAK_PROBABILITY":0.1,"ALERT_LEVEL":"LOW","AUTOMATIC_OUTBREAK_ALERT":false,"OUTBREAK_ALERT_REASON":"NONE","RED_CASE_ZONE":false,"RED_CASE_NEIGHBOR_COUNT":0,"RED_CLUSTER_OUTBREAK_ALERT":false,"RED_CLUSTER_OUTBREAK_ONSET":false,"RED_CLUSTER_LIKELY_ORIGIN":false,"RED_CLUSTER_ID":-1,"RED_CLUSTER_SIZE":0,"INDIVIDUAL_OUTBREAK_ALERT":false,"PROBABILISTIC_OUTBREAK_ALERT":false,"OUTBREAK_ALERT_STATE":"NORMAL","HOTSPOT_Z_SCORE":-2.240063},"geometry":{"type":"Polygon","coordinates":[[[124.93988385500005,6.497243260000061],[124.96643803129892,6.500769708180951],[124.94826826106774,6.473154595034548],[124.920037481,6.474384933000068],[124.91350926100006,6.477777036000021],[124.91273921400011,6.495700059000057],[124.92234959100006,6.509415957000043],[124.93988385500005,6.497243260000061]]]}},{"type":"Feature","id":49,"properties":{"PSGC":"1206319001","PROVINCE":"South Cotabato","PROVINCE_CODE":"1206300000","MUNICIPALITY":"Lake Sebu","MUNICIPALITY_CODE":"1206319000","BARANGAY":"Bacdulong","CALIBRATION_STATUS":"CALIBRATED_SOUTH_COTABATO","DATE":"2030-01-01","POSTERIOR_MEAN_CASES":1.176,"LOWER_CREDIBLE_CASES":0.0,"UPPER_CREDIBLE_CASES":4.0,"OUTBREAK_PROBABILITY":0.344,"ALERT_LEVEL":"MODERATE","AUTOMATIC_OUTBREAK_ALERT":false,"OUTBREAK_ALERT_REASON":"NONE","RED_CASE_ZONE":false,"RED_CASE_NEIGHBOR_COUNT":0,"RED_CLUSTER_OUTBREAK_ALERT":false,"RED_CLUSTER_OUTBREAK_ONSET":false,"RED_CLUSTER_LIKELY_ORIGIN":false,"RED_CLUSTER_ID":-1,"RED_CLUSTER_SIZE":0,"INDIVIDUAL_OUTBREAK_ALERT":false,"PROBABILISTIC_OUTBREAK_ALERT":false,"OUTBREAK_ALERT_STATE":"NORMAL","HOTSPOT_Z_SCORE":-0.546577},"geometry":{"type":"Polygon","coordinates":[[[124.70698198500007,6.239131581000037],[124.69604649200005,6.226664351000067],[124.68196860700006,6.230257506000044],[124.68091709400007,6.238925384000026],[124.69520737300002,6.248347541000043],[124.70698198500007,6.239131581000037]]]}},{"type":"Feature","id":50,"properties":{"PSGC":"1206319002","PROVINCE":"South Cotabato","PROVINCE_CODE":"1206300000","MUNICIPALITY":"Lake Sebu","MUNICIPALITY_CODE":"1206319000","BARANGAY":"Denlag","CALIBRATION_STATUS":"CALIBRATED_SOUTH_COTABATO","DATE":"2030-01-01","POSTERIOR_MEAN_CASES":1.428,"LOWER_CREDIBLE_CASES":0.0,"UPPER_CREDIBLE_CASES":5.0,"OUTBREAK_PROBABILITY":0.404,"ALERT_LEVEL":"MODERATE","AUTOMATIC_OUTBREAK_ALERT":false,"OUTBREAK_ALERT_REASON":"NONE","RED_CASE_ZONE":false,"RED_CASE_NEIGHBOR_COUNT":0,"RED_CLUSTER_OUTBREAK_ALERT":false,"RED_CLUSTER_OUTBREAK_ONSET":false,"RED_CLUSTER_LIKELY_ORIGIN":false,"RED_CLUSTER_ID":-1,"RED_CLUSTER_SIZE":0,"INDIVIDUAL_OUTBREAK_ALERT":false,"PROBABILISTIC_OUTBREAK_ALERT":false,"OUTBREAK_ALERT_STATE":"NORMAL","HOTSPOT_Z_SCORE":-0.765069},"geometry":{"type":"Polygon","coordinates":[[[124.68484526674902,6.144619221576138],[124.69128930600006,6.147028208000052],[124.70806255800005,6.139632624000057],[124.74230311200004,6.130693501000054],[124.75409431100002,6.17601619100003],[124.78042876600011,6.176142205000075],[124.7806439680425,6.172841911885138],[124.78098091216425,6.16767460792806],[124.7824876750001,6.144567211000036],[124.76983281077936,6.140198122395353],[124.75346848900006,6.126707395000039],[124.68484526674902,6.144619221576138]]]}},{"type":"Feature","id":51,"properties":{"PSGC":"1206319003","PROVINCE":"South Cotabato","PROVINCE_CODE":"1206300000","MUNICIPALITY":"Lake Sebu","MUNICIPALITY_CODE":"1206319000","BARANGAY":"Halilan","CALIBRATION_STATUS":"CALIBRATED_SOUTH_COTABATO","DATE":"2030-01-01","POSTERIOR_MEAN_CASES":0.896,"LOWER_CREDIBLE_CASES":0.0,"UPPER_CREDIBLE_CASES":3.0,"OUTBREAK_PROBABILITY":0.2,"ALERT_LEVEL":"LOW","AUTOMATIC_OUTBREAK_ALERT":false,"OUTBREAK_ALERT_REASON":"NONE","RED_CASE_ZONE":false,"RED_CASE_NEIGHBOR_COUNT":0,"RED_CLUSTER_OUTBREAK_ALERT":false,"RED_CLUSTER_OUTBREAK_ONSET":false,"RED_CLUSTER_LIKELY_ORIGIN":false,"RED_CLUSTER_ID":-1,"RED_CLUSTER_SIZE":0,"INDIVIDUAL_OUTBREAK_ALERT":false,"PROBABILISTIC_OUTBREAK_ALERT":false,"OUTBREAK_ALERT_STATE":"NORMAL","HOTSPOT_Z_SCORE":-0.571788},"geometry":{"type":"Polygon","coordinates":[[[124.79104105100008,6.198628011000039],[124.75290058600002,6.208126709000053],[124.74657252200008,6.221893070000023],[124.7450447230001,6.229829578000023],[124.79247122100003,6.231730763000029],[124.79104105100008,6.198628011000039]]]}},{"type":"Feature","id":52,"properties":{"PSGC":"1206319004","PROVINCE":"South Cotabato","PROVINCE_CODE":"1206300000","MUNICIPALITY":"Lake Sebu","MUNICIPALITY_CODE":"1206319000","BARANGAY":"Hanoon","CALIBRATION_STATUS":"CALIBRATED_SOUTH_COTABATO","DATE":"2030-01-01","POSTERIOR_MEAN_CASES":1.248,"LOWER_CREDIBLE_CASES":0.0,"UPPER_CREDIBLE_CASES":4.0,"OUTBREAK_PROBABILITY":0.36,"ALERT_LEVEL":"MODERATE","AUTOMATIC_OUTBREAK_ALERT":false,"OUTBREAK_ALERT_REASON":"NONE","RED_CASE_ZONE":false,"RED_CASE_NEIGHBOR_COUNT":4,"RED_CLUSTER_OUTBREAK_ALERT":false,"RED_CLUSTER_OUTBREAK_ONSET":false,"RED_CLUSTER_LIKELY_ORIGIN":false,"RED_CLUSTER_ID":-1,"RED_CLUSTER_SIZE":0,"INDIVIDUAL_OUTBREAK_ALERT":false,"PROBABILISTIC_OUTBREAK_ALERT":false,"OUTBREAK_ALERT_STATE":"NORMAL","HOTSPOT_Z_SCORE":1.962957},"geometry":{"type":"Polygon","coordinates":[[[124.76024573300002,6.255139853000059],[124.74403612400012,6.254927962000068],[124.74064294500012,6.261526492000031],[124.72885699600009,6.264804038000023],[124.72374648000006,6.279203947000041],[124.7196632823531,6.281405435448255],[124.73081438600002,6.286789553000061],[124.75259968900002,6.294590713000047],[124.75894214900008,6.29258952600003],[124.78699328300002,6.294813664000059],[124.79220255400004,6.279717580000067],[124.80201840212355,6.26796706227662],[124.79392891847095,6.262921464497702],[124.79527066700007,6.273325295000062],[124.78046756000005,6.281320164000021],[124.76024573300002,6.255139853000059]]]}},{"type":"Feature","id":53,"properties":{"PSGC":"1206319005","PROVINCE":"South Cotabato","PROVINCE_CODE":"1206300000","MUNICIPALITY":"Lake Sebu","MUNICIPALITY_CODE":"1206319000","BARANGAY":"Klubi","CALIBRATION_STATUS":"CALIBRATED_SOUTH_COTABATO","DATE":"2030-01-01","POSTERIOR_MEAN_CASES":0.68,"LOWER_CREDIBLE_CASES":0.0,"UPPER_CREDIBLE_CASES":3.0,"OUTBREAK_PROBABILITY":0.048,"ALERT_LEVEL":"LOW","AUTOMATIC_OUTBREAK_ALERT":false,"OUTBREAK_ALERT_REASON":"NONE","RED_CASE_ZONE":false,"RED_CASE_NEIGHBOR_COUNT":0,"RED_CLUSTER_OUTBREAK_ALERT":false,"RED_CLUSTER_OUTBREAK_ONSET":false,"RED_CLUSTER_LIKELY_ORIGIN":false,"RED_CLUSTER_ID":-1,"RED_CLUSTER_SIZE":0,"INDIVIDUAL_OUTBREAK_ALERT":false,"PROBABILISTIC_OUTBREAK_ALERT":false,"OUTBREAK_ALERT_STATE":"NORMAL","HOTSPOT_Z_SCORE":-0.511057},"geometry":{"type":"Polygon","coordinates":[[[124.74230311200004,6.130693501000054],[124.70806255800005,6.139632624000057],[124.70882966600004,6.188797395000051],[124.74765428100011,6.190692254000055],[124.75409431100002,6.17601619100003],[124.74230311200004,6.130693501000054]]]}},{"type":"Feature","id":54,"properties":{"PSGC":"1206319006","PROVINCE":"South Cotabato","PROVINCE_CODE":"1206300000","MUNICIPALITY":"Lake Sebu","MUNICIPALITY_CODE":"1206319000","BARANGAY":"Lake Lahit","CALIBRATION_STATUS":"CALIBRATED_SOUTH_COTABATO","DATE":"2030-01-01","POSTERIOR_MEAN_CASES":1.148,"LOWER_CREDIBLE_CASES":0.0,"UPPER_CREDIBLE_CASES":4.0,"OUTBREAK_PROBABILITY":0.312,"ALERT_LEVEL":"MODERATE","AUTOMATIC_OUTBREAK_ALERT":false,"OUTBREAK_ALERT_REASON":"NONE","RED_CASE_ZONE":false,"RED_CASE_NEIGHBOR_COUNT":0,"RED_CLUSTER_OUTBREAK_ALERT":false,"RED_CLUSTER_OUTBREAK_ONSET":false,"RED_CLUSTER_LIKELY_ORIGIN":false,"RED_CLUSTER_ID":-1,"RED_CLUSTER_SIZE":0,"INDIVIDUAL_OUTBREAK_ALERT":false,"PROBABILISTIC_OUTBREAK_ALERT":false,"OUTBREAK_ALERT_STATE":"NORMAL","HOTSPOT_Z_SCORE":-0.404595},"geometry":{"type":"Polygon","coordinates":[[[124.69520737300002,6.248347541000043],[124.70126912200011,6.256930251000028],[124.72885699600009,6.264804038000023],[124.74064294500012,6.261526492000031],[124.74403612400012,6.254927962000068],[124.74026390000006,6.253936614000053],[124.721733651,6.246078512000054],[124.70698198500007,6.239131581000037],[124.69520737300002,6.248347541000043]]]}},{"type":"Feature","id":55,"properties":{"PSGC":"1206319007","PROVINCE":"South Cotabato","PROVINCE_CODE":"1206300000","MUNICIPALITY":"Lake Sebu","MUNICIPALITY_CODE":"1206319000","BARANGAY":"Lamcade","CALIBRATION_STATUS":"CALIBRATED_SOUTH_COTABATO","DATE":"2030-01-01","POSTERIOR_MEAN_CASES":1.012,"LOWER_CREDIBLE_CASES":0.0,"UPPER_CREDIBLE_CASES":4.0,"OUTBREAK_PROBABILITY":0.276,"ALERT_LEVEL":"LOW","AUTOMATIC_OUTBREAK_ALERT":false,"OUTBREAK_ALERT_REASON":"NONE","RED_CASE_ZONE":false,"RED_CASE_NEIGHBOR_COUNT":0,"RED_CLUSTER_OUTBREAK_ALERT":false,"RED_CLUSTER_OUTBREAK_ONSET":false,"RED_CLUSTER_LIKELY_ORIGIN":false,"RED_CLUSTER_ID":-1,"RED_CLUSTER_SIZE":0,"INDIVIDUAL_OUTBREAK_ALERT":false,"PROBABILISTIC_OUTBREAK_ALERT":false,"OUTBREAK_ALERT_STATE":"NORMAL","HOTSPOT_Z_SCORE":-0.655823},"geometry":{"type":"Polygon","coordinates":[[[124.75409431100002,6.17601619100003],[124.74765428100011,6.190692254000055],[124.75290058600002,6.208126709000053],[124.79104105100008,6.198628011000039],[124.78042876600011,6.176142205000075],[124.75409431100002,6.17601619100003]]]}},{"type":"Feature","id":56,"properties":{"PSGC":"1206319008","PROVINCE":"South Cotabato","PROVINCE_CODE":"1206300000","MUNICIPALITY":"Lake Sebu","MUNICIPALITY_CODE":"1206319000","BARANGAY":"Lamdalag","CALIBRATION_STATUS":"CALIBRATED_SOUTH_COTABATO","DATE":"2030-01-01","POSTERIOR_MEAN_CASES":1.312,"LOWER_CREDIBLE_CASES":0.0,"UPPER_CREDIBLE_CASES":5.0,"OUTBREAK_PROBABILITY":0.348,"ALERT_LEVEL":"MODERATE","AUTOMATIC_OUTBREAK_ALERT":false,"OUTBREAK_ALERT_REASON":"NONE","RED_CASE_ZONE":false,"RED_CASE_NEIGHBOR_COUNT":0,"RED_CLUSTER_OUTBREAK_ALERT":false,"RED_CLUSTER_OUTBREAK_ONSET":false,"RED_CLUSTER_LIKELY_ORIGIN":false,"RED_CLUSTER_ID":-1,"RED_CLUSTER_SIZE":0,"INDIVIDUAL_OUTBREAK_ALERT":false,"PROBABILISTIC_OUTBREAK_ALERT":false,"OUTBREAK_ALERT_STATE":"NORMAL","HOTSPOT_Z_SCORE":-0.791141},"geometry":{"type":"Polygon","coordinates":[[[124.75290058600002,6.208126709000053],[124.74765428100011,6.190692254000055],[124.70882966600004,6.188797395000051],[124.71087275900005,6.211109727000063],[124.72946855200009,6.218998197000077],[124.74657252200008,6.221893070000023],[124.75290058600002,6.208126709000053]]]}},{"type":"Feature","id":57,"properties":{"PSGC":"1206319009","PROVINCE":"South Cotabato","PROVINCE_CODE":"1206300000","MUNICIPALITY":"Lake Sebu","MUNICIPALITY_CODE":"1206319000","BARANGAY":"Lamfugon","CALIBRATION_STATUS":"CALIBRATED_SOUTH_COTABATO","DATE":"2030-01-01","POSTERIOR_MEAN_CASES":1.336,"LOWER_CREDIBLE_CASES":0.0,"UPPER_CREDIBLE_CASES":4.0,"OUTBREAK_PROBABILITY":0.412,"ALERT_LEVEL":"MODERATE","AUTOMATIC_OUTBREAK_ALERT":false,"OUTBREAK_ALERT_REASON":"NONE","RED_CASE_ZONE":false,"RED_CASE_NEIGHBOR_COUNT":2,"RED_CLUSTER_OUTBREAK_ALERT":false,"RED_CLUSTER_OUTBREAK_ONSET":false,"RED_CLUSTER_LIKELY_ORIGIN":false,"RED_CLUSTER_ID":-1,"RED_CLUSTER_SIZE":0,"INDIVIDUAL_OUTBREAK_ALERT":false,"PROBABILISTIC_OUTBREAK_ALERT":false,"OUTBREAK_ALERT_STATE":"NORMAL","HOTSPOT_Z_SCORE":1.079504},"geometry":{"type":"Polygon","coordinates":[[[124.67561189900005,6.249942988000043],[124.62855030300013,6.238058259000069],[124.62719518400002,6.266599862000021],[124.64787962800006,6.281061607000026],[124.64799267400008,6.309989386000041],[124.65571787333423,6.306862692121324],[124.6582988799939,6.3058180565883575],[124.66226243319156,6.30421384976015],[124.67955332400004,6.29721554200006],[124.67561189900005,6.249942988000043]]]}},{"type":"Feature","id":58,"properties":{"PSGC":"1206319010","PROVINCE":"South Cotabato","PROVINCE_CODE":"1206300000","MUNICIPALITY":"Lake Sebu","MUNICIPALITY_CODE":"1206319000","BARANGAY":"Lamlahak","CALIBRATION_STATUS":"CALIBRATED_SOUTH_COTABATO","DATE":"2030-01-01","POSTERIOR_MEAN_CASES":1.048,"LOWER_CREDIBLE_CASES":0.0,"UPPER_CREDIBLE_CASES":4.0,"OUTBREAK_PROBABILITY":0.264,"ALERT_LEVEL":"LOW","AUTOMATIC_OUTBREAK_ALERT":false,"OUTBREAK_ALERT_REASON":"NONE","RED_CASE_ZONE":false,"RED_CASE_NEIGHBOR_COUNT":0,"RED_CLUSTER_OUTBREAK_ALERT":false,"RED_CLUSTER_OUTBREAK_ONSET":false,"RED_CLUSTER_LIKELY_ORIGIN":false,"RED_CLUSTER_ID":-1,"RED_CLUSTER_SIZE":0,"INDIVIDUAL_OUTBREAK_ALERT":false,"PROBABILISTIC_OUTBREAK_ALERT":false,"OUTBREAK_ALERT_STATE":"NORMAL","HOTSPOT_Z_SCORE":-0.611733},"geometry":{"type":"Polygon","coordinates":[[[124.66600399200001,6.137575755000057],[124.66593478696046,6.138069570513681],[124.6633716330001,6.156359065000061],[124.6799524920001,6.203466200000035],[124.69875828300009,6.215570166000019],[124.71087275900005,6.211109727000063],[124.70882966600004,6.188797395000051],[124.70806255800005,6.139632624000057],[124.69128930600006,6.147028208000052],[124.68484526674902,6.144619221576138],[124.66600399200001,6.137575755000057]]]}},{"type":"Feature","id":59,"properties":{"PSGC":"1206319011","PROVINCE":"South Cotabato","PROVINCE_CODE":"1206300000","MUNICIPALITY":"Lake Sebu","MUNICIPALITY_CODE":"1206319000","BARANGAY":"Lower Maculan","CALIBRATION_STATUS":"CALIBRATED_SOUTH_COTABATO","DATE":"2030-01-01","POSTERIOR_MEAN_CASES":1.12,"LOWER_CREDIBLE_CASES":0.0,"UPPER_CREDIBLE_CASES":4.0,"OUTBREAK_PROBABILITY":0.308,"ALERT_LEVEL":"MODERATE","AUTOMATIC_OUTBREAK_ALERT":false,"OUTBREAK_ALERT_REASON":"NONE","RED_CASE_ZONE":false,"RED_CASE_NEIGHBOR_COUNT":0,"RED_CLUSTER_OUTBREAK_ALERT":false,"RED_CLUSTER_OUTBREAK_ONSET":false,"RED_CLUSTER_LIKELY_ORIGIN":false,"RED_CLUSTER_ID":-1,"RED_CLUSTER_SIZE":0,"INDIVIDUAL_OUTBREAK_ALERT":false,"PROBABILISTIC_OUTBREAK_ALERT":false,"OUTBREAK_ALERT_STATE":"NORMAL","HOTSPOT_Z_SCORE":-0.015055},"geometry":{"type":"Polygon","coordinates":[[[124.79227846907372,6.250123987616685],[124.79190638500006,6.247238872000024],[124.76024573300002,6.255139853000059],[124.78046756000005,6.281320164000021],[124.79527066700007,6.273325295000062],[124.79392891847095,6.262921464497702],[124.7926073010112,6.252673728993056],[124.79227846907372,6.250123987616685]]]}},{"type":"Feature","id":60,"properties":{"PSGC":"1206319012","PROVINCE":"South Cotabato","PROVINCE_CODE":"1206300000","MUNICIPALITY":"Lake Sebu","MUNICIPALITY_CODE":"1206319000","BARANGAY":"Luhib","CALIBRATION_STATUS":"CALIBRATED_SOUTH_COTABATO","DATE":"2030-01-01","POSTERIOR_MEAN_CASES":1.028,"LOWER_CREDIBLE_CASES":0.0,"UPPER_CREDIBLE_CASES":4.0,"OUTBREAK_PROBABILITY":0.26,"ALERT_LEVEL":"LOW","AUTOMATIC_OUTBREAK_ALERT":false,"OUTBREAK_ALERT_REASON":"NONE","RED_CASE_ZONE":false,"RED_CASE_NEIGHBOR_COUNT":2,"RED_CLUSTER_OUTBREAK_ALERT":false,"RED_CLUSTER_OUTBREAK_ONSET":false,"RED_CLUSTER_LIKELY_ORIGIN":false,"RED_CLUSTER_ID":-1,"RED_CLUSTER_SIZE":0,"INDIVIDUAL_OUTBREAK_ALERT":false,"PROBABILISTIC_OUTBREAK_ALERT":false,"OUTBREAK_ALERT_STATE":"NORMAL","HOTSPOT_Z_SCORE":0.811635},"geometry":{"type":"Polygon","coordinates":[[[124.68091709400007,6.238925384000026],[124.67561189900005,6.249942988000043],[124.67955332400004,6.29721554200006],[124.69744350300003,6.293385406000029],[124.70126912200011,6.256930251000028],[124.69520737300002,6.248347541000043],[124.68091709400007,6.238925384000026]]]}},{"type":"Feature","id":61,"properties":{"PSGC":"1206319013","PROVINCE":"South Cotabato","PROVINCE_CODE":"1206300000","MUNICIPALITY":"Lake Sebu","MUNICIPALITY_CODE":"1206319000","BARANGAY":"Ned","CALIBRATION_STATUS":"CALIBRATED_SOUTH_COTABATO","DATE":"2030-01-01","POSTERIOR_MEAN_CASES":2.172,"LOWER_CREDIBLE_CASES":0.0,"UPPER_CREDIBLE_CASES":6.0,"OUTBREAK_PROBABILITY":0.188,"ALERT_LEVEL":"LOW","AUTOMATIC_OUTBREAK_ALERT":false,"OUTBREAK_ALERT_REASON":"NONE","RED_CASE_ZONE":true,"RED_CASE_NEIGHBOR_COUNT":0,"RED_CLUSTER_OUTBREAK_ALERT":false,"RED_CLUSTER_OUTBREAK_ONSET":false,"RED_CLUSTER_LIKELY_ORIGIN":false,"RED_CLUSTER_ID":-1,"RED_CLUSTER_SIZE":0,"INDIVIDUAL_OUTBREAK_ALERT":false,"PROBABILISTIC_OUTBREAK_ALERT":false,"OUTBREAK_ALERT_STATE":"RED_CASE_ZONE","HOTSPOT_Z_SCORE":0.742063},"geometry":{"type":"Polygon","coordinates":[[[124.45941220600004,6.363368418000048],[124.53281171500011,6.388598426000044],[124.57761244738221,6.35802269026707],[124.57705243400005,6.356716961000075],[124.61168915548758,6.334765918194835],[124.64799267400008,6.309989386000041],[124.64787962800006,6.281061607000026],[124.62719518400002,6.266599862000021],[124.62855030300013,6.238058259000069],[124.54791421600011,6.148722360000023],[124.47221333700008,6.185371538000026],[124.40645356900005,6.207580064000069],[124.40700939500006,6.350098604000038],[124.4594253360001,6.350923175000047],[124.45941220600004,6.363368418000048]]]}},{"type":"Feature","id":62,"properties":{"PSGC":"1206319014","PROVINCE":"South Cotabato","PROVINCE_CODE":"1206300000","MUNICIPALITY":"Lake Sebu","MUNICIPALITY_CODE":"1206319000","BARANGAY":"Poblacion","CALIBRATION_STATUS":"CALIBRATED_SOUTH_COTABATO","DATE":"2030-01-01","POSTERIOR_MEAN_CASES":1.128,"LOWER_CREDIBLE_CASES":0.0,"UPPER_CREDIBLE_CASES":4.0,"OUTBREAK_PROBABILITY":0.3,"ALERT_LEVEL":"MODERATE","AUTOMATIC_OUTBREAK_ALERT":false,"OUTBREAK_ALERT_REASON":"NONE","RED_CASE_ZONE":false,"RED_CASE_NEIGHBOR_COUNT":0,"RED_CLUSTER_OUTBREAK_ALERT":false,"RED_CLUSTER_OUTBREAK_ONSET":false,"RED_CLUSTER_LIKELY_ORIGIN":false,"RED_CLUSTER_ID":-1,"RED_CLUSTER_SIZE":0,"INDIVIDUAL_OUTBREAK_ALERT":false,"PROBABILISTIC_OUTBREAK_ALERT":false,"OUTBREAK_ALERT_STATE":"NORMAL","HOTSPOT_Z_SCORE":-0.375771},"geometry":{"type":"Polygon","coordinates":[[[124.70698198500007,6.239131581000037],[124.721733651,6.246078512000054],[124.72946855200009,6.218998197000077],[124.71087275900005,6.211109727000063],[124.69875828300009,6.215570166000019],[124.69604649200005,6.226664351000067],[124.70698198500007,6.239131581000037]]]}},{"type":"Feature","id":63,"properties":{"PSGC":"1206319015","PROVINCE":"South Cotabato","PROVINCE_CODE":"1206300000","MUNICIPALITY":"Lake Sebu","MUNICIPALITY_CODE":"1206319000","BARANGAY":"Siluton","CALIBRATION_STATUS":"CALIBRATED_SOUTH_COTABATO","DATE":"2030-01-01","POSTERIOR_MEAN_CASES":1.22,"LOWER_CREDIBLE_CASES":0.0,"UPPER_CREDIBLE_CASES":4.0,"OUTBREAK_PROBABILITY":0.348,"ALERT_LEVEL":"MODERATE","AUTOMATIC_OUTBREAK_ALERT":false,"OUTBREAK_ALERT_REASON":"NONE","RED_CASE_ZONE":false,"RED_CASE_NEIGHBOR_COUNT":0,"RED_CLUSTER_OUTBREAK_ALERT":false,"RED_CLUSTER_OUTBREAK_ONSET":false,"RED_CLUSTER_LIKELY_ORIGIN":false,"RED_CLUSTER_ID":-1,"RED_CLUSTER_SIZE":0,"INDIVIDUAL_OUTBREAK_ALERT":false,"PROBABILISTIC_OUTBREAK_ALERT":false,"OUTBREAK_ALERT_STATE":"NORMAL","HOTSPOT_Z_SCORE":-0.468845},"geometry":{"type":"Polygon","coordinates":[[[124.74657252200008,6.221893070000023],[124.72946855200009,6.218998197000077],[124.721733651,6.246078512000054],[124.74026390000006,6.253936614000053],[124.7450447230001,6.229829578000023],[124.74657252200008,6.221893070000023]]]}},{"type":"Feature","id":64,"properties":{"PSGC":"1206319016","PROVINCE":"South Cotabato","PROVINCE_CODE":"1206300000","MUNICIPALITY":"Lake Sebu","MUNICIPALITY_CODE":"1206319000","BARANGAY":"Talisay","CALIBRATION_STATUS":"CALIBRATED_SOUTH_COTABATO","DATE":"2030-01-01","POSTERIOR_MEAN_CASES":1.312,"LOWER_CREDIBLE_CASES":0.0,"UPPER_CREDIBLE_CASES":4.0,"OUTBREAK_PROBABILITY":0.372,"ALERT_LEVEL":"MODERATE","AUTOMATIC_OUTBREAK_ALERT":false,"OUTBREAK_ALERT_REASON":"NONE","RED_CASE_ZONE":false,"RED_CASE_NEIGHBOR_COUNT":2,"RED_CLUSTER_OUTBREAK_ALERT":false,"RED_CLUSTER_OUTBREAK_ONSET":false,"RED_CLUSTER_LIKELY_ORIGIN":false,"RED_CLUSTER_ID":-1,"RED_CLUSTER_SIZE":0,"INDIVIDUAL_OUTBREAK_ALERT":false,"PROBABILISTIC_OUTBREAK_ALERT":false,"OUTBREAK_ALERT_STATE":"NORMAL","HOTSPOT_Z_SCORE":1.077404},"geometry":{"type":"Polygon","coordinates":[[[124.69744350300003,6.293385406000029],[124.7196632823531,6.281405435448255],[124.72374648000006,6.279203947000041],[124.72885699600009,6.264804038000023],[124.70126912200011,6.256930251000028],[124.69744350300003,6.293385406000029]]]}},{"type":"Feature","id":65,"properties":{"PSGC":"1206319017","PROVINCE":"South Cotabato","PROVINCE_CODE":"1206300000","MUNICIPALITY":"Lake Sebu","MUNICIPALITY_CODE":"1206319000","BARANGAY":"Takunel","CALIBRATION_STATUS":"CALIBRATED_SOUTH_COTABATO","DATE":"2030-01-01","POSTERIOR_MEAN_CASES":1.116,"LOWER_CREDIBLE_CASES":0.0,"UPPER_CREDIBLE_CASES":4.0,"OUTBREAK_PROBABILITY":0.292,"ALERT_LEVEL":"LOW","AUTOMATIC_OUTBREAK_ALERT":false,"OUTBREAK_ALERT_REASON":"NONE","RED_CASE_ZONE":false,"RED_CASE_NEIGHBOR_COUNT":0,"RED_CLUSTER_OUTBREAK_ALERT":false,"RED_CLUSTER_OUTBREAK_ONSET":false,"RED_CLUSTER_LIKELY_ORIGIN":false,"RED_CLUSTER_ID":-1,"RED_CLUSTER_SIZE":0,"INDIVIDUAL_OUTBREAK_ALERT":false,"PROBABILISTIC_OUTBREAK_ALERT":false,"OUTBREAK_ALERT_STATE":"NORMAL","HOTSPOT_Z_SCORE":-0.639016},"geometry":{"type":"Polygon","coordinates":[[[124.62429608100003,6.112986783000049],[124.60706510000013,6.119304939000069],[124.6358054220001,6.208170061000033],[124.68196860700006,6.230257506000044],[124.69604649200005,6.226664351000067],[124.69875828300009,6.215570166000019],[124.6799524920001,6.203466200000035],[124.6633716330001,6.156359065000061],[124.66593478696046,6.138069570513681],[124.66600399200001,6.137575755000057],[124.62429608100003,6.112986783000049]]]}},{"type":"Feature","id":66,"properties":{"PSGC":"1206319018","PROVINCE":"South Cotabato","PROVINCE_CODE":"1206300000","MUNICIPALITY":"Lake Sebu","MUNICIPALITY_CODE":"1206319000","BARANGAY":"Upper Maculan","CALIBRATION_STATUS":"CALIBRATED_SOUTH_COTABATO","DATE":"2030-01-01","POSTERIOR_MEAN_CASES":1.048,"LOWER_CREDIBLE_CASES":0.0,"UPPER_CREDIBLE_CASES":4.0,"OUTBREAK_PROBABILITY":0.28,"ALERT_LEVEL":"LOW","AUTOMATIC_OUTBREAK_ALERT":false,"OUTBREAK_ALERT_REASON":"NONE","RED_CASE_ZONE":false,"RED_CASE_NEIGHBOR_COUNT":0,"RED_CLUSTER_OUTBREAK_ALERT":false,"RED_CLUSTER_OUTBREAK_ONSET":false,"RED_CLUSTER_LIKELY_ORIGIN":false,"RED_CLUSTER_ID":-1,"RED_CLUSTER_SIZE":0,"INDIVIDUAL_OUTBREAK_ALERT":false,"PROBABILISTIC_OUTBREAK_ALERT":false,"OUTBREAK_ALERT_STATE":"NORMAL","HOTSPOT_Z_SCORE":-0.57078},"geometry":{"type":"Polygon","coordinates":[[[124.7450447230001,6.229829578000023],[124.74026390000006,6.253936614000053],[124.74403612400012,6.254927962000068],[124.76024573300002,6.255139853000059],[124.79190638500006,6.247238872000024],[124.79247122100003,6.231730763000029],[124.7450447230001,6.229829578000023]]]}},{"type":"Feature","id":67,"properties":{"PSGC":"1206319019","PROVINCE":"South Cotabato","PROVINCE_CODE":"1206300000","MUNICIPALITY":"Lake Sebu","MUNICIPALITY_CODE":"1206319000","BARANGAY":"Tasiman","CALIBRATION_STATUS":"CALIBRATED_SOUTH_COTABATO","DATE":"2030-01-01","POSTERIOR_MEAN_CASES":1.008,"LOWER_CREDIBLE_CASES":0.0,"UPPER_CREDIBLE_CASES":4.0,"OUTBREAK_PROBABILITY":0.248,"ALERT_LEVEL":"LOW","AUTOMATIC_OUTBREAK_ALERT":false,"OUTBREAK_ALERT_REASON":"NONE","RED_CASE_ZONE":false,"RED_CASE_NEIGHBOR_COUNT":1,"RED_CLUSTER_OUTBREAK_ALERT":false,"RED_CLUSTER_OUTBREAK_ONSET":false,"RED_CLUSTER_LIKELY_ORIGIN":false,"RED_CLUSTER_ID":-1,"RED_CLUSTER_SIZE":0,"INDIVIDUAL_OUTBREAK_ALERT":false,"PROBABILISTIC_OUTBREAK_ALERT":false,"OUTBREAK_ALERT_STATE":"NORMAL","HOTSPOT_Z_SCORE":0.100494},"geometry":{"type":"Polygon","coordinates":[[[124.54791421600011,6.148722360000023],[124.62855030300013,6.238058259000069],[124.67561189900005,6.249942988000043],[124.68091709400007,6.238925384000026],[124.68196860700006,6.230257506000044],[124.6358054220001,6.208170061000033],[124.60706510000013,6.119304939000069],[124.54791421600011,6.148722360000023]]]}},{"type":"Feature","id":68,"properties":{"PSGC":"1206311002","PROVINCE":"South Cotabato","PROVINCE_CODE":"1206300000","MUNICIPALITY":"Norala","MUNICIPALITY_CODE":"1206311000","BARANGAY":"Dumaguil","CALIBRATION_STATUS":"CALIBRATED_SOUTH_COTABATO","DATE":"2030-01-01","POSTERIOR_MEAN_CASES":1.052,"LOWER_CREDIBLE_CASES":0.0,"UPPER_CREDIBLE_CASES":4.0,"OUTBREAK_PROBABILITY":0.116,"ALERT_LEVEL":"LOW","AUTOMATIC_OUTBREAK_ALERT":false,"OUTBREAK_ALERT_REASON":"NONE","RED_CASE_ZONE":false,"RED_CASE_NEIGHBOR_COUNT":0,"RED_CLUSTER_OUTBREAK_ALERT":false,"RED_CLUSTER_OUTBREAK_ONSET":false,"RED_CLUSTER_LIKELY_ORIGIN":false,"RED_CLUSTER_ID":-1,"RED_CLUSTER_SIZE":0,"INDIVIDUAL_OUTBREAK_ALERT":false,"PROBABILISTIC_OUTBREAK_ALERT":false,"OUTBREAK_ALERT_STATE":"NORMAL","HOTSPOT_Z_SCORE":-0.73495},"geometry":{"type":"Polygon","coordinates":[[[124.68451313099969,6.573228220999947],[124.6863554790001,6.544923398000036],[124.6678648530001,6.551978156000075],[124.66187004100006,6.568180675000064],[124.68451313099969,6.573228220999947]]]}},{"type":"Feature","id":69,"properties":{"PSGC":"1206311003","PROVINCE":"South Cotabato","PROVINCE_CODE":"1206300000","MUNICIPALITY":"Norala","MUNICIPALITY_CODE":"1206311000","BARANGAY":"Esperanza","CALIBRATION_STATUS":"CALIBRATED_SOUTH_COTABATO","DATE":"2030-01-01","POSTERIOR_MEAN_CASES":1.276,"LOWER_CREDIBLE_CASES":0.0,"UPPER_CREDIBLE_CASES":4.0,"OUTBREAK_PROBABILITY":0.148,"ALERT_LEVEL":"LOW","AUTOMATIC_OUTBREAK_ALERT":false,"OUTBREAK_ALERT_REASON":"NONE","RED_CASE_ZONE":false,"RED_CASE_NEIGHBOR_COUNT":0,"RED_CLUSTER_OUTBREAK_ALERT":false,"RED_CLUSTER_OUTBREAK_ONSET":false,"RED_CLUSTER_LIKELY_ORIGIN":false,"RED_CLUSTER_ID":-1,"RED_CLUSTER_SIZE":0,"INDIVIDUAL_OUTBREAK_ALERT":false,"PROBABILISTIC_OUTBREAK_ALERT":false,"OUTBREAK_ALERT_STATE":"NORMAL","HOTSPOT_Z_SCORE":0.029064},"geometry":{"type":"Polygon","coordinates":[[[124.6583443610001,6.498525510000036],[124.67532436200008,6.502164082000036],[124.68573434300004,6.483197535000045],[124.65818804800004,6.4840339880000215],[124.6583443610001,6.498525510000036]]]}},{"type":"Feature","id":70,"properties":{"PSGC":"1206311006","PROVINCE":"South Cotabato","PROVINCE_CODE":"1206300000","MUNICIPALITY":"Norala","MUNICIPALITY_CODE":"1206311000","BARANGAY":"Kibid","CALIBRATION_STATUS":"CALIBRATED_SOUTH_COTABATO","DATE":"2030-01-01","POSTERIOR_MEAN_CASES":0.988,"LOWER_CREDIBLE_CASES":0.0,"UPPER_CREDIBLE_CASES":4.0,"OUTBREAK_PROBABILITY":0.092,"ALERT_LEVEL":"LOW","AUTOMATIC_OUTBREAK_ALERT":false,"OUTBREAK_ALERT_REASON":"NONE","RED_CASE_ZONE":false,"RED_CASE_NEIGHBOR_COUNT":0,"RED_CLUSTER_OUTBREAK_ALERT":false,"RED_CLUSTER_OUTBREAK_ONSET":false,"RED_CLUSTER_LIKELY_ORIGIN":false,"RED_CLUSTER_ID":-1,"RED_CLUSTER_SIZE":0,"INDIVIDUAL_OUTBREAK_ALERT":false,"PROBABILISTIC_OUTBREAK_ALERT":false,"OUTBREAK_ALERT_STATE":"NORMAL","HOTSPOT_Z_SCORE":-0.57599},"geometry":{"type":"Polygon","coordinates":[[[124.6863554790001,6.544923398000036],[124.68975489300011,6.53827218500004],[124.67318183200007,6.528334987000052],[124.66173119300004,6.535522104000051],[124.6678648530001,6.551978156000075],[124.6863554790001,6.544923398000036]]]}},{"type":"Feature","id":71,"properties":{"PSGC":"1206311007","PROVINCE":"South Cotabato","PROVINCE_CODE":"1206300000","MUNICIPALITY":"Norala","MUNICIPALITY_CODE":"1206311000","BARANGAY":"Lapuz","CALIBRATION_STATUS":"CALIBRATED_SOUTH_COTABATO","DATE":"2030-01-01","POSTERIOR_MEAN_CASES":1.308,"LOWER_CREDIBLE_CASES":0.0,"UPPER_CREDIBLE_CASES":4.0,"OUTBREAK_PROBABILITY":0.176,"ALERT_LEVEL":"LOW","AUTOMATIC_OUTBREAK_ALERT":false,"OUTBREAK_ALERT_REASON":"NONE","RED_CASE_ZONE":false,"RED_CASE_NEIGHBOR_COUNT":0,"RED_CLUSTER_OUTBREAK_ALERT":false,"RED_CLUSTER_OUTBREAK_ONSET":false,"RED_CLUSTER_LIKELY_ORIGIN":false,"RED_CLUSTER_ID":-1,"RED_CLUSTER_SIZE":0,"INDIVIDUAL_OUTBREAK_ALERT":false,"PROBABILISTIC_OUTBREAK_ALERT":false,"OUTBREAK_ALERT_STATE":"NORMAL","HOTSPOT_Z_SCORE":0.058217},"geometry":{"type":"Polygon","coordinates":[[[124.62128816761535,6.511768249044668],[124.62002750503518,6.5092462370852795],[124.6232291686472,6.507130933313325],[124.61410498000009,6.50734409000006],[124.61389729000007,6.529383465000023],[124.63515528200003,6.529029411000066],[124.63503627800004,6.506855099000061],[124.62128816761535,6.511768249044668]]]}},{"type":"Feature","id":72,"properties":{"PSGC":"1206311008","PROVINCE":"South Cotabato","PROVINCE_CODE":"1206300000","MUNICIPALITY":"Norala","MUNICIPALITY_CODE":"1206311000","BARANGAY":"Liberty","CALIBRATION_STATUS":"CALIBRATED_SOUTH_COTABATO","DATE":"2030-01-01","POSTERIOR_MEAN_CASES":0.996,"LOWER_CREDIBLE_CASES":0.0,"UPPER_CREDIBLE_CASES":4.0,"OUTBREAK_PROBABILITY":0.104,"ALERT_LEVEL":"LOW","AUTOMATIC_OUTBREAK_ALERT":false,"OUTBREAK_ALERT_REASON":"NONE","RED_CASE_ZONE":false,"RED_CASE_NEIGHBOR_COUNT":0,"RED_CLUSTER_OUTBREAK_ALERT":false,"RED_CLUSTER_OUTBREAK_ONSET":false,"RED_CLUSTER_LIKELY_ORIGIN":false,"RED_CLUSTER_ID":-1,"RED_CLUSTER_SIZE":0,"INDIVIDUAL_OUTBREAK_ALERT":false,"PROBABILISTIC_OUTBREAK_ALERT":false,"OUTBREAK_ALERT_STATE":"NORMAL","HOTSPOT_Z_SCORE":-0.12542},"geometry":{"type":"Polygon","coordinates":[[[124.61396013200012,6.549177350000036],[124.63516531400013,6.540166867000039],[124.63515528200003,6.529029411000066],[124.61389729000007,6.529383465000023],[124.61396013200012,6.549177350000036]]]}},{"type":"Feature","id":73,"properties":{"PSGC":"1206311009","PROVINCE":"South Cotabato","PROVINCE_CODE":"1206300000","MUNICIPALITY":"Norala","MUNICIPALITY_CODE":"1206311000","BARANGAY":"Lopez Jaena","CALIBRATION_STATUS":"CALIBRATED_SOUTH_COTABATO","DATE":"2030-01-01","POSTERIOR_MEAN_CASES":1.28,"LOWER_CREDIBLE_CASES":0.0,"UPPER_CREDIBLE_CASES":4.0,"OUTBREAK_PROBABILITY":0.164,"ALERT_LEVEL":"LOW","AUTOMATIC_OUTBREAK_ALERT":false,"OUTBREAK_ALERT_REASON":"NONE","RED_CASE_ZONE":false,"RED_CASE_NEIGHBOR_COUNT":0,"RED_CLUSTER_OUTBREAK_ALERT":false,"RED_CLUSTER_OUTBREAK_ONSET":false,"RED_CLUSTER_LIKELY_ORIGIN":false,"RED_CLUSTER_ID":-1,"RED_CLUSTER_SIZE":0,"INDIVIDUAL_OUTBREAK_ALERT":false,"PROBABILISTIC_OUTBREAK_ALERT":false,"OUTBREAK_ALERT_STATE":"NORMAL","HOTSPOT_Z_SCORE":-0.036063},"geometry":{"type":"Polygon","coordinates":[[[124.67532436200008,6.502164082000036],[124.6758294340001,6.516480022000053],[124.6980539220001,6.51619167900003],[124.69883914600007,6.513236412000027],[124.6985494390001,6.479361248000032],[124.68573434300004,6.483197535000045],[124.67532436200008,6.502164082000036]]]}},{"type":"Feature","id":74,"properties":{"PSGC":"1206311011","PROVINCE":"South Cotabato","PROVINCE_CODE":"1206300000","MUNICIPALITY":"Norala","MUNICIPALITY_CODE":"1206311000","BARANGAY":"Matapol","CALIBRATION_STATUS":"CALIBRATED_SOUTH_COTABATO","DATE":"2030-01-01","POSTERIOR_MEAN_CASES":1.36,"LOWER_CREDIBLE_CASES":0.0,"UPPER_CREDIBLE_CASES":4.0,"OUTBREAK_PROBABILITY":0.192,"ALERT_LEVEL":"LOW","AUTOMATIC_OUTBREAK_ALERT":false,"OUTBREAK_ALERT_REASON":"NONE","RED_CASE_ZONE":false,"RED_CASE_NEIGHBOR_COUNT":0,"RED_CLUSTER_OUTBREAK_ALERT":false,"RED_CLUSTER_OUTBREAK_ONSET":false,"RED_CLUSTER_LIKELY_ORIGIN":false,"RED_CLUSTER_ID":-1,"RED_CLUSTER_SIZE":0,"INDIVIDUAL_OUTBREAK_ALERT":false,"PROBABILISTIC_OUTBREAK_ALERT":false,"OUTBREAK_ALERT_STATE":"NORMAL","HOTSPOT_Z_SCORE":-0.345858},"geometry":{"type":"Polygon","coordinates":[[[124.62085504900007,6.573320038000076],[124.64921823800013,6.57993596800003],[124.64407857000003,6.563676102000044],[124.613643765,6.562389642000026],[124.62085504900007,6.573320038000076]]]}},{"type":"Feature","id":75,"properties":{"PSGC":"1206311013","PROVINCE":"South Cotabato","PROVINCE_CODE":"1206300000","MUNICIPALITY":"Norala","MUNICIPALITY_CODE":"1206311000","BARANGAY":"Poblacion","CALIBRATION_STATUS":"CALIBRATED_SOUTH_COTABATO","DATE":"2030-01-01","POSTERIOR_MEAN_CASES":1.392,"LOWER_CREDIBLE_CASES":0.0,"UPPER_CREDIBLE_CASES":5.0,"OUTBREAK_PROBABILITY":0.076,"ALERT_LEVEL":"LOW","AUTOMATIC_OUTBREAK_ALERT":false,"OUTBREAK_ALERT_REASON":"NONE","RED_CASE_ZONE":false,"RED_CASE_NEIGHBOR_COUNT":0,"RED_CLUSTER_OUTBREAK_ALERT":false,"RED_CLUSTER_OUTBREAK_ONSET":false,"RED_CLUSTER_LIKELY_ORIGIN":false,"RED_CLUSTER_ID":-1,"RED_CLUSTER_SIZE":0,"INDIVIDUAL_OUTBREAK_ALERT":false,"PROBABILISTIC_OUTBREAK_ALERT":false,"OUTBREAK_ALERT_STATE":"NORMAL","HOTSPOT_Z_SCORE":-0.449394},"geometry":{"type":"Polygon","coordinates":[[[124.63874877329212,6.5055283678421425],[124.63951104278856,6.506750560824326],[124.63503627800004,6.506855099000061],[124.63515528200003,6.529029411000066],[124.63516531400013,6.540166867000039],[124.65392245900011,6.54005200100005],[124.66173119300004,6.535522104000051],[124.67318183200007,6.528334987000052],[124.6984460110001,6.519533394000064],[124.6980539220001,6.51619167900003],[124.6758294340001,6.516480022000053],[124.67532436200008,6.502164082000036],[124.6583443610001,6.498525510000036],[124.63874877329212,6.5055283678421425]]]}},{"type":"Feature","id":76,"properties":{"PSGC":"1206311014","PROVINCE":"South Cotabato","PROVINCE_CODE":"1206300000","MUNICIPALITY":"Norala","MUNICIPALITY_CODE":"1206311000","BARANGAY":"Puti","CALIBRATION_STATUS":"CALIBRATED_SOUTH_COTABATO","DATE":"2030-01-01","POSTERIOR_MEAN_CASES":1.0,"LOWER_CREDIBLE_CASES":0.0,"UPPER_CREDIBLE_CASES":3.0,"OUTBREAK_PROBABILITY":0.116,"ALERT_LEVEL":"LOW","AUTOMATIC_OUTBREAK_ALERT":false,"OUTBREAK_ALERT_REASON":"NONE","RED_CASE_ZONE":false,"RED_CASE_NEIGHBOR_COUNT":0,"RED_CLUSTER_OUTBREAK_ALERT":false,"RED_CLUSTER_OUTBREAK_ONSET":false,"RED_CLUSTER_LIKELY_ORIGIN":false,"RED_CLUSTER_ID":-1,"RED_CLUSTER_SIZE":0,"INDIVIDUAL_OUTBREAK_ALERT":false,"PROBABILISTIC_OUTBREAK_ALERT":false,"OUTBREAK_ALERT_STATE":"NORMAL","HOTSPOT_Z_SCORE":-1.508909},"geometry":{"type":"Polygon","coordinates":[[[124.74571260296256,6.5080823043161375],[124.72571988300001,6.505889010000031],[124.69883914600007,6.513236412000027],[124.6980539220001,6.51619167900003],[124.6984460110001,6.519533394000064],[124.69496489300003,6.53660349200004],[124.73076702800006,6.542403739000064],[124.75307320400007,6.514490503000047],[124.74571260296256,6.5080823043161375]]]}},{"type":"Feature","id":77,"properties":{"PSGC":"1206311016","PROVINCE":"South Cotabato","PROVINCE_CODE":"1206300000","MUNICIPALITY":"Norala","MUNICIPALITY_CODE":"1206311000","BARANGAY":"San Jose","CALIBRATION_STATUS":"CALIBRATED_SOUTH_COTABATO","DATE":"2030-01-01","POSTERIOR_MEAN_CASES":1.096,"LOWER_CREDIBLE_CASES":0.0,"UPPER_CREDIBLE_CASES":4.0,"OUTBREAK_PROBABILITY":0.104,"ALERT_LEVEL":"LOW","AUTOMATIC_OUTBREAK_ALERT":false,"OUTBREAK_ALERT_REASON":"NONE","RED_CASE_ZONE":false,"RED_CASE_NEIGHBOR_COUNT":0,"RED_CLUSTER_OUTBREAK_ALERT":false,"RED_CLUSTER_OUTBREAK_ONSET":false,"RED_CLUSTER_LIKELY_ORIGIN":false,"RED_CLUSTER_ID":-1,"RED_CLUSTER_SIZE":0,"INDIVIDUAL_OUTBREAK_ALERT":false,"PROBABILISTIC_OUTBREAK_ALERT":false,"OUTBREAK_ALERT_STATE":"NORMAL","HOTSPOT_Z_SCORE":-0.242488},"geometry":{"type":"Polygon","coordinates":[[[124.613643765,6.562389642000026],[124.64407857000003,6.563676102000044],[124.65392245900011,6.54005200100005],[124.63516531400013,6.540166867000039],[124.61396013200012,6.549177350000036],[124.613643765,6.562389642000026]]]}},{"type":"Feature","id":78,"properties":{"PSGC":"1206311017","PROVINCE":"South Cotabato","PROVINCE_CODE":"1206300000","MUNICIPALITY":"Norala","MUNICIPALITY_CODE":"1206311000","BARANGAY":"San Miguel","CALIBRATION_STATUS":"CALIBRATED_SOUTH_COTABATO","DATE":"2030-01-01","POSTERIOR_MEAN_CASES":1.252,"LOWER_CREDIBLE_CASES":0.0,"UPPER_CREDIBLE_CASES":4.775,"OUTBREAK_PROBABILITY":0.052,"ALERT_LEVEL":"LOW","AUTOMATIC_OUTBREAK_ALERT":false,"OUTBREAK_ALERT_REASON":"NONE","RED_CASE_ZONE":false,"RED_CASE_NEIGHBOR_COUNT":0,"RED_CLUSTER_OUTBREAK_ALERT":false,"RED_CLUSTER_OUTBREAK_ONSET":false,"RED_CLUSTER_LIKELY_ORIGIN":false,"RED_CLUSTER_ID":-1,"RED_CLUSTER_SIZE":0,"INDIVIDUAL_OUTBREAK_ALERT":false,"PROBABILISTIC_OUTBREAK_ALERT":false,"OUTBREAK_ALERT_STATE":"NORMAL","HOTSPOT_Z_SCORE":0.039568},"geometry":{"type":"Polygon","coordinates":[[[124.72394587800011,6.479051519000053],[124.72353848907483,6.479056487419618],[124.6985494390001,6.479361248000032],[124.69883914600007,6.513236412000027],[124.72571988300001,6.505889010000031],[124.74571260296256,6.5080823043161375],[124.74695566500009,6.508218674000032],[124.727576343166,6.483653488597421],[124.72394587800011,6.479051519000053]]]}},{"type":"Feature","id":79,"properties":{"PSGC":"1206311020","PROVINCE":"South Cotabato","PROVINCE_CODE":"1206300000","MUNICIPALITY":"Norala","MUNICIPALITY_CODE":"1206311000","BARANGAY":"Simsiman","CALIBRATION_STATUS":"CALIBRATED_SOUTH_COTABATO","DATE":"2030-01-01","POSTERIOR_MEAN_CASES":1.104,"LOWER_CREDIBLE_CASES":0.0,"UPPER_CREDIBLE_CASES":4.0,"OUTBREAK_PROBABILITY":0.124,"ALERT_LEVEL":"LOW","AUTOMATIC_OUTBREAK_ALERT":false,"OUTBREAK_ALERT_REASON":"NONE","RED_CASE_ZONE":false,"RED_CASE_NEIGHBOR_COUNT":0,"RED_CLUSTER_OUTBREAK_ALERT":false,"RED_CLUSTER_OUTBREAK_ONSET":false,"RED_CLUSTER_LIKELY_ORIGIN":false,"RED_CLUSTER_ID":-1,"RED_CLUSTER_SIZE":0,"INDIVIDUAL_OUTBREAK_ALERT":false,"PROBABILISTIC_OUTBREAK_ALERT":false,"OUTBREAK_ALERT_STATE":"NORMAL","HOTSPOT_Z_SCORE":-0.342792},"geometry":{"type":"Polygon","coordinates":[[[124.66187004100006,6.568180675000064],[124.6678648530001,6.551978156000075],[124.66173119300004,6.535522104000051],[124.65392245900011,6.54005200100005],[124.64407857000003,6.563676102000044],[124.64921823800013,6.57993596800003],[124.66187004100006,6.568180675000064]]]}},{"type":"Feature","id":80,"properties":{"PSGC":"1206311021","PROVINCE":"South Cotabato","PROVINCE_CODE":"1206300000","MUNICIPALITY":"Norala","MUNICIPALITY_CODE":"1206311000","BARANGAY":"Tinago","CALIBRATION_STATUS":"CALIBRATED_SOUTH_COTABATO","DATE":"2030-01-01","POSTERIOR_MEAN_CASES":0.804,"LOWER_CREDIBLE_CASES":0.0,"UPPER_CREDIBLE_CASES":3.0,"OUTBREAK_PROBABILITY":0.072,"ALERT_LEVEL":"LOW","AUTOMATIC_OUTBREAK_ALERT":false,"OUTBREAK_ALERT_REASON":"NONE","RED_CASE_ZONE":false,"RED_CASE_NEIGHBOR_COUNT":0,"RED_CLUSTER_OUTBREAK_ALERT":false,"RED_CLUSTER_OUTBREAK_ONSET":false,"RED_CLUSTER_LIKELY_ORIGIN":false,"RED_CLUSTER_ID":-1,"RED_CLUSTER_SIZE":0,"INDIVIDUAL_OUTBREAK_ALERT":false,"PROBABILISTIC_OUTBREAK_ALERT":false,"OUTBREAK_ALERT_STATE":"NORMAL","HOTSPOT_Z_SCORE":-1.668377},"geometry":{"type":"Polygon","coordinates":[[[124.71943144163261,6.5813528351279915],[124.71983603054737,6.58023283448147],[124.73076702800006,6.542403739000064],[124.69496489300003,6.53660349200004],[124.68975489300011,6.53827218500004],[124.6863554790001,6.544923398000036],[124.68451313099969,6.573228220999947],[124.71943144163261,6.5813528351279915]]]}},{"type":"Feature","id":81,"properties":{"PSGC":"1206311022","PROVINCE":"South Cotabato","PROVINCE_CODE":"1206300000","MUNICIPALITY":"Norala","MUNICIPALITY_CODE":"1206311000","BARANGAY":"Benigno Aquino, Jr.","CALIBRATION_STATUS":"CALIBRATED_SOUTH_COTABATO","DATE":"2030-01-01","POSTERIOR_MEAN_CASES":1.208,"LOWER_CREDIBLE_CASES":0.0,"UPPER_CREDIBLE_CASES":4.0,"OUTBREAK_PROBABILITY":0.136,"ALERT_LEVEL":"LOW","AUTOMATIC_OUTBREAK_ALERT":false,"OUTBREAK_ALERT_REASON":"NONE","RED_CASE_ZONE":false,"RED_CASE_NEIGHBOR_COUNT":0,"RED_CLUSTER_OUTBREAK_ALERT":false,"RED_CLUSTER_OUTBREAK_ONSET":false,"RED_CLUSTER_LIKELY_ORIGIN":false,"RED_CLUSTER_ID":-1,"RED_CLUSTER_SIZE":0,"INDIVIDUAL_OUTBREAK_ALERT":false,"PROBABILISTIC_OUTBREAK_ALERT":false,"OUTBREAK_ALERT_STATE":"NORMAL","HOTSPOT_Z_SCORE":-0.561557},"geometry":{"type":"Polygon","coordinates":[[[124.68975489300011,6.53827218500004],[124.69496489300003,6.53660349200004],[124.6984460110001,6.519533394000064],[124.67318183200007,6.528334987000052],[124.68975489300011,6.53827218500004]]]}},{"type":"Feature","id":82,"properties":{"PSGC":"1206312001","PROVINCE":"South Cotabato","PROVINCE_CODE":"1206300000","MUNICIPALITY":"Polomolok","MUNICIPALITY_CODE":"1206312000","BARANGAY":"Bentung","CALIBRATION_STATUS":"CALIBRATED_SOUTH_COTABATO","DATE":"2030-01-01","POSTERIOR_MEAN_CASES":1.496,"LOWER_CREDIBLE_CASES":0.0,"UPPER_CREDIBLE_CASES":4.775,"OUTBREAK_PROBABILITY":0.42,"ALERT_LEVEL":"MODERATE","AUTOMATIC_OUTBREAK_ALERT":false,"OUTBREAK_ALERT_REASON":"NONE","RED_CASE_ZONE":false,"RED_CASE_NEIGHBOR_COUNT":0,"RED_CLUSTER_OUTBREAK_ALERT":false,"RED_CLUSTER_OUTBREAK_ONSET":false,"RED_CLUSTER_LIKELY_ORIGIN":false,"RED_CLUSTER_ID":-1,"RED_CLUSTER_SIZE":0,"INDIVIDUAL_OUTBREAK_ALERT":false,"PROBABILISTIC_OUTBREAK_ALERT":false,"OUTBREAK_ALERT_STATE":"NORMAL","HOTSPOT_Z_SCORE":0.794287},"geometry":{"type":"Polygon","coordinates":[[[124.99131714500004,6.232849892000046],[124.99174053838135,6.233317936281597],[125.00829717200008,6.251620626000032],[125.00955660700004,6.250469996000048],[125.01762680400009,6.234886972000027],[125.00605795800003,6.220272946000022],[125.00369876707144,6.222285821199819],[124.99131714500004,6.232849892000046]]]}},{"type":"Feature","id":83,"properties":{"PSGC":"1206312002","PROVINCE":"South Cotabato","PROVINCE_CODE":"1206300000","MUNICIPALITY":"Polomolok","MUNICIPALITY_CODE":"1206312000","BARANGAY":"Crossing Palkan","CALIBRATION_STATUS":"CALIBRATED_SOUTH_COTABATO","DATE":"2030-01-01","POSTERIOR_MEAN_CASES":1.784,"LOWER_CREDIBLE_CASES":0.0,"UPPER_CREDIBLE_CASES":5.0,"OUTBREAK_PROBABILITY":0.28,"ALERT_LEVEL":"LOW","AUTOMATIC_OUTBREAK_ALERT":false,"OUTBREAK_ALERT_REASON":"NONE","RED_CASE_ZONE":false,"RED_CASE_NEIGHBOR_COUNT":2,"RED_CLUSTER_OUTBREAK_ALERT":false,"RED_CLUSTER_OUTBREAK_ONSET":false,"RED_CLUSTER_LIKELY_ORIGIN":false,"RED_CLUSTER_ID":-1,"RED_CLUSTER_SIZE":0,"INDIVIDUAL_OUTBREAK_ALERT":false,"PROBABILISTIC_OUTBREAK_ALERT":false,"OUTBREAK_ALERT_STATE":"NORMAL","HOTSPOT_Z_SCORE":2.043937},"geometry":{"type":"Polygon","coordinates":[[[125.00829717200008,6.251620626000032],[124.99152921600012,6.263135351000074],[124.98595294100006,6.270519473000036],[125.01035010400007,6.289365749000071],[125.0303302850001,6.269362490000048],[125.00955660700004,6.250469996000048],[125.00829717200008,6.251620626000032]]]}},{"type":"Feature","id":84,"properties":{"PSGC":"1206312003","PROVINCE":"South Cotabato","PROVINCE_CODE":"1206300000","MUNICIPALITY":"Polomolok","MUNICIPALITY_CODE":"1206312000","BARANGAY":"Glamang","CALIBRATION_STATUS":"CALIBRATED_SOUTH_COTABATO","DATE":"2030-01-01","POSTERIOR_MEAN_CASES":2.624,"LOWER_CREDIBLE_CASES":0.0,"UPPER_CREDIBLE_CASES":7.0,"OUTBREAK_PROBABILITY":0.292,"ALERT_LEVEL":"LOW","AUTOMATIC_OUTBREAK_ALERT":true,"OUTBREAK_ALERT_REASON":"THREE_CONNECTED_RED_BARANGAYS","RED_CASE_ZONE":true,"RED_CASE_NEIGHBOR_COUNT":3,"RED_CLUSTER_OUTBREAK_ALERT":true,"RED_CLUSTER_OUTBREAK_ONSET":false,"RED_CLUSTER_LIKELY_ORIGIN":false,"RED_CLUSTER_ID":1,"RED_CLUSTER_SIZE":10,"INDIVIDUAL_OUTBREAK_ALERT":false,"PROBABILISTIC_OUTBREAK_ALERT":false,"OUTBREAK_ALERT_STATE":"CLUSTER_OUTBREAK","HOTSPOT_Z_SCORE":2.980802},"geometry":{"type":"Polygon","coordinates":[[[125.04740709106613,6.174392129963318],[125.04739331300004,6.174429444000054],[125.0527386440001,6.179625865000048],[125.06193265400009,6.179853792000075],[125.0749948680001,6.172046640000076],[125.09817212700011,6.181069431000024],[125.1203010910001,6.159096416000066],[125.05512857400005,6.15348065400002],[125.05512071807922,6.153501929563413],[125.04740709106613,6.174392129963318]]]}},{"type":"Feature","id":85,"properties":{"PSGC":"1206312004","PROVINCE":"South Cotabato","PROVINCE_CODE":"1206300000","MUNICIPALITY":"Polomolok","MUNICIPALITY_CODE":"1206312000","BARANGAY":"Kinilis","CALIBRATION_STATUS":"CALIBRATED_SOUTH_COTABATO","DATE":"2030-01-01","POSTERIOR_MEAN_CASES":1.992,"LOWER_CREDIBLE_CASES":0.0,"UPPER_CREDIBLE_CASES":6.0,"OUTBREAK_PROBABILITY":0.32,"ALERT_LEVEL":"MODERATE","AUTOMATIC_OUTBREAK_ALERT":false,"OUTBREAK_ALERT_REASON":"NONE","RED_CASE_ZONE":false,"RED_CASE_NEIGHBOR_COUNT":3,"RED_CLUSTER_OUTBREAK_ALERT":false,"RED_CLUSTER_OUTBREAK_ONSET":false,"RED_CLUSTER_LIKELY_ORIGIN":false,"RED_CLUSTER_ID":-1,"RED_CLUSTER_SIZE":0,"INDIVIDUAL_OUTBREAK_ALERT":false,"PROBABILISTIC_OUTBREAK_ALERT":false,"OUTBREAK_ALERT_STATE":"NORMAL","HOTSPOT_Z_SCORE":3.667328},"geometry":{"type":"Polygon","coordinates":[[[125.10345803300005,6.309991897000031],[125.09204119900006,6.282529864000026],[125.07655222800008,6.267720404000044],[125.05425943400007,6.291849374000035],[125.07620906500006,6.359238639000068],[125.10345803300005,6.309991897000031]]]}},{"type":"Feature","id":86,"properties":{"PSGC":"1206312005","PROVINCE":"South Cotabato","PROVINCE_CODE":"1206300000","MUNICIPALITY":"Polomolok","MUNICIPALITY_CODE":"1206312000","BARANGAY":"Klinan 6","CALIBRATION_STATUS":"CALIBRATED_SOUTH_COTABATO","DATE":"2030-01-01","POSTERIOR_MEAN_CASES":2.116,"LOWER_CREDIBLE_CASES":0.0,"UPPER_CREDIBLE_CASES":7.0,"OUTBREAK_PROBABILITY":0.32,"ALERT_LEVEL":"MODERATE","AUTOMATIC_OUTBREAK_ALERT":false,"OUTBREAK_ALERT_REASON":"NONE","RED_CASE_ZONE":false,"RED_CASE_NEIGHBOR_COUNT":2,"RED_CLUSTER_OUTBREAK_ALERT":false,"RED_CLUSTER_OUTBREAK_ONSET":false,"RED_CLUSTER_LIKELY_ORIGIN":false,"RED_CLUSTER_ID":-1,"RED_CLUSTER_SIZE":0,"INDIVIDUAL_OUTBREAK_ALERT":false,"PROBABILISTIC_OUTBREAK_ALERT":false,"OUTBREAK_ALERT_STATE":"NORMAL","HOTSPOT_Z_SCORE":2.395703},"geometry":{"type":"Polygon","coordinates":[[[125.14034915200011,6.184853334000024],[125.13800751000007,6.16366155000003],[125.11531608600002,6.188277285000026],[125.1190392420001,6.209322744000077],[125.1270943070001,6.216136437000046],[125.14034915200011,6.184853334000024]]]}},{"type":"Feature","id":87,"properties":{"PSGC":"1206312006","PROVINCE":"South Cotabato","PROVINCE_CODE":"1206300000","MUNICIPALITY":"Polomolok","MUNICIPALITY_CODE":"1206312000","BARANGAY":"Koronadal Proper","CALIBRATION_STATUS":"CALIBRATED_SOUTH_COTABATO","DATE":"2030-01-01","POSTERIOR_MEAN_CASES":1.808,"LOWER_CREDIBLE_CASES":0.0,"UPPER_CREDIBLE_CASES":5.775,"OUTBREAK_PROBABILITY":0.3,"ALERT_LEVEL":"MODERATE","AUTOMATIC_OUTBREAK_ALERT":false,"OUTBREAK_ALERT_REASON":"NONE","RED_CASE_ZONE":false,"RED_CASE_NEIGHBOR_COUNT":0,"RED_CLUSTER_OUTBREAK_ALERT":false,"RED_CLUSTER_OUTBREAK_ONSET":false,"RED_CLUSTER_LIKELY_ORIGIN":false,"RED_CLUSTER_ID":-1,"RED_CLUSTER_SIZE":0,"INDIVIDUAL_OUTBREAK_ALERT":false,"PROBABILISTIC_OUTBREAK_ALERT":false,"OUTBREAK_ALERT_STATE":"NORMAL","HOTSPOT_Z_SCORE":0.753868},"geometry":{"type":"Polygon","coordinates":[[[124.9863654106523,6.2382767833837],[124.97880669500013,6.246560816000055],[124.99152921600012,6.263135351000074],[125.00829717200008,6.251620626000032],[124.99174053838135,6.233317936281597],[124.99131714500004,6.232849892000046],[124.9863654106523,6.2382767833837]]]}},{"type":"Feature","id":88,"properties":{"PSGC":"1206312007","PROVINCE":"South Cotabato","PROVINCE_CODE":"1206300000","MUNICIPALITY":"Polomolok","MUNICIPALITY_CODE":"1206312000","BARANGAY":"Lam-Caliaf","CALIBRATION_STATUS":"CALIBRATED_SOUTH_COTABATO","DATE":"2030-01-01","POSTERIOR_MEAN_CASES":2.368,"LOWER_CREDIBLE_CASES":0.0,"UPPER_CREDIBLE_CASES":7.0,"OUTBREAK_PROBABILITY":0.408,"ALERT_LEVEL":"MODERATE","AUTOMATIC_OUTBREAK_ALERT":true,"OUTBREAK_ALERT_REASON":"THREE_CONNECTED_RED_BARANGAYS","RED_CASE_ZONE":true,"RED_CASE_NEIGHBOR_COUNT":4,"RED_CLUSTER_OUTBREAK_ALERT":true,"RED_CLUSTER_OUTBREAK_ONSET":false,"RED_CLUSTER_LIKELY_ORIGIN":false,"RED_CLUSTER_ID":1,"RED_CLUSTER_SIZE":10,"INDIVIDUAL_OUTBREAK_ALERT":false,"PROBABILISTIC_OUTBREAK_ALERT":false,"OUTBREAK_ALERT_STATE":"CLUSTER_OUTBREAK","HOTSPOT_Z_SCORE":6.582172},"geometry":{"type":"Polygon","coordinates":[[[125.07655222800008,6.267720404000044],[125.06077059600013,6.252762862000054],[125.05731782900011,6.249615038000058],[125.04524779400002,6.253407939000055],[125.0303302850001,6.269362490000048],[125.05425943400007,6.291849374000035],[125.07655222800008,6.267720404000044]]]}},{"type":"Feature","id":89,"properties":{"PSGC":"1206312008","PROVINCE":"South Cotabato","PROVINCE_CODE":"1206300000","MUNICIPALITY":"Polomolok","MUNICIPALITY_CODE":"1206312000","BARANGAY":"Landan","CALIBRATION_STATUS":"CALIBRATED_SOUTH_COTABATO","DATE":"2030-01-01","POSTERIOR_MEAN_CASES":1.8,"LOWER_CREDIBLE_CASES":0.0,"UPPER_CREDIBLE_CASES":6.0,"OUTBREAK_PROBABILITY":0.284,"ALERT_LEVEL":"LOW","AUTOMATIC_OUTBREAK_ALERT":false,"OUTBREAK_ALERT_REASON":"NONE","RED_CASE_ZONE":false,"RED_CASE_NEIGHBOR_COUNT":1,"RED_CLUSTER_OUTBREAK_ALERT":false,"RED_CLUSTER_OUTBREAK_ONSET":false,"RED_CLUSTER_LIKELY_ORIGIN":false,"RED_CLUSTER_ID":-1,"RED_CLUSTER_SIZE":0,"INDIVIDUAL_OUTBREAK_ALERT":false,"PROBABILISTIC_OUTBREAK_ALERT":false,"OUTBREAK_ALERT_STATE":"NORMAL","HOTSPOT_Z_SCORE":1.396737},"geometry":{"type":"Polygon","coordinates":[[[125.12454911500002,6.361280430000021],[125.16472306000001,6.339224147000039],[125.17812921100007,6.324000882000064],[125.18954006700005,6.296696573000077],[125.15292330800004,6.291989021000062],[125.12600055200006,6.317132342000035],[125.12010909800007,6.342624764000049],[125.07620906500006,6.359238639000068],[125.12454911500002,6.361280430000021]]]}},{"type":"Feature","id":90,"properties":{"PSGC":"1206312009","PROVINCE":"South Cotabato","PROVINCE_CODE":"1206300000","MUNICIPALITY":"Polomolok","MUNICIPALITY_CODE":"1206312000","BARANGAY":"Lumakil","CALIBRATION_STATUS":"CALIBRATED_SOUTH_COTABATO","DATE":"2030-01-01","POSTERIOR_MEAN_CASES":1.848,"LOWER_CREDIBLE_CASES":0.0,"UPPER_CREDIBLE_CASES":5.775,"OUTBREAK_PROBABILITY":0.292,"ALERT_LEVEL":"LOW","AUTOMATIC_OUTBREAK_ALERT":false,"OUTBREAK_ALERT_REASON":"NONE","RED_CASE_ZONE":false,"RED_CASE_NEIGHBOR_COUNT":4,"RED_CLUSTER_OUTBREAK_ALERT":false,"RED_CLUSTER_OUTBREAK_ONSET":false,"RED_CLUSTER_LIKELY_ORIGIN":false,"RED_CLUSTER_ID":-1,"RED_CLUSTER_SIZE":0,"INDIVIDUAL_OUTBREAK_ALERT":false,"PROBABILISTIC_OUTBREAK_ALERT":false,"OUTBREAK_ALERT_STATE":"NORMAL","HOTSPOT_Z_SCORE":4.701742},"geometry":{"type":"Polygon","coordinates":[[[125.01607911500003,6.209124970000062],[125.0160813172543,6.209128876037001],[125.02574395200008,6.226267046000032],[125.02988934300002,6.224143020000042],[125.05559880000008,6.223251106000021],[125.05794501600008,6.221177061000049],[125.055934524,6.219945372000041],[125.03786396000011,6.211504475000025],[125.02878202000012,6.195066690000031],[125.01897904036383,6.205915628298838],[125.01607911500003,6.209124970000062]]]}},{"type":"Feature","id":91,"properties":{"PSGC":"1206312011","PROVINCE":"South Cotabato","PROVINCE_CODE":"1206300000","MUNICIPALITY":"Polomolok","MUNICIPALITY_CODE":"1206312000","BARANGAY":"Maligo","CALIBRATION_STATUS":"CALIBRATED_SOUTH_COTABATO","DATE":"2030-01-01","POSTERIOR_MEAN_CASES":1.484,"LOWER_CREDIBLE_CASES":0.0,"UPPER_CREDIBLE_CASES":5.0,"OUTBREAK_PROBABILITY":0.432,"ALERT_LEVEL":"MODERATE","AUTOMATIC_OUTBREAK_ALERT":false,"OUTBREAK_ALERT_REASON":"NONE","RED_CASE_ZONE":false,"RED_CASE_NEIGHBOR_COUNT":2,"RED_CLUSTER_OUTBREAK_ALERT":false,"RED_CLUSTER_OUTBREAK_ONSET":false,"RED_CLUSTER_LIKELY_ORIGIN":false,"RED_CLUSTER_ID":-1,"RED_CLUSTER_SIZE":0,"INDIVIDUAL_OUTBREAK_ALERT":false,"PROBABILISTIC_OUTBREAK_ALERT":false,"OUTBREAK_ALERT_STATE":"NORMAL","HOTSPOT_Z_SCORE":1.978484},"geometry":{"type":"Polygon","coordinates":[[[125.138421739,6.281195458000069],[125.13519292900003,6.256522650000023],[125.12387257500006,6.268895950000056],[125.12092345500001,6.311114983000038],[125.10345803300005,6.309991897000031],[125.07620906500006,6.359238639000068],[125.12010909800007,6.342624764000049],[125.12600055200006,6.317132342000035],[125.15292330800004,6.291989021000062],[125.138421739,6.281195458000069]]]}},{"type":"Feature","id":92,"properties":{"PSGC":"1206312013","PROVINCE":"South Cotabato","PROVINCE_CODE":"1206300000","MUNICIPALITY":"Polomolok","MUNICIPALITY_CODE":"1206312000","BARANGAY":"Palkan","CALIBRATION_STATUS":"CALIBRATED_SOUTH_COTABATO","DATE":"2030-01-01","POSTERIOR_MEAN_CASES":2.436,"LOWER_CREDIBLE_CASES":0.0,"UPPER_CREDIBLE_CASES":7.0,"OUTBREAK_PROBABILITY":0.264,"ALERT_LEVEL":"LOW","AUTOMATIC_OUTBREAK_ALERT":true,"OUTBREAK_ALERT_REASON":"THREE_CONNECTED_RED_BARANGAYS","RED_CASE_ZONE":true,"RED_CASE_NEIGHBOR_COUNT":1,"RED_CLUSTER_OUTBREAK_ALERT":true,"RED_CLUSTER_OUTBREAK_ONSET":false,"RED_CLUSTER_LIKELY_ORIGIN":false,"RED_CLUSTER_ID":1,"RED_CLUSTER_SIZE":10,"INDIVIDUAL_OUTBREAK_ALERT":false,"PROBABILISTIC_OUTBREAK_ALERT":false,"OUTBREAK_ALERT_STATE":"CLUSTER_OUTBREAK","HOTSPOT_Z_SCORE":2.076506},"geometry":{"type":"Polygon","coordinates":[[[125.05425943400007,6.291849374000035],[125.0303302850001,6.269362490000048],[125.01035010400007,6.289365749000071],[125.07620906500006,6.359238639000068],[125.05425943400007,6.291849374000035]]]}},{"type":"Feature","id":93,"properties":{"PSGC":"1206312014","PROVINCE":"South Cotabato","PROVINCE_CODE":"1206300000","MUNICIPALITY":"Polomolok","MUNICIPALITY_CODE":"1206312000","BARANGAY":"Poblacion","CALIBRATION_STATUS":"CALIBRATED_SOUTH_COTABATO","DATE":"2030-01-01","POSTERIOR_MEAN_CASES":6.56,"LOWER_CREDIBLE_CASES":0.0,"UPPER_CREDIBLE_CASES":16.0,"OUTBREAK_PROBABILITY":0.148,"ALERT_LEVEL":"LOW","AUTOMATIC_OUTBREAK_ALERT":true,"OUTBREAK_ALERT_REASON":"THREE_CONNECTED_RED_BARANGAYS","RED_CASE_ZONE":true,"RED_CASE_NEIGHBOR_COUNT":4,"RED_CLUSTER_OUTBREAK_ALERT":true,"RED_CLUSTER_OUTBREAK_ONSET":false,"RED_CLUSTER_LIKELY_ORIGIN":false,"RED_CLUSTER_ID":1,"RED_CLUSTER_SIZE":10,"INDIVIDUAL_OUTBREAK_ALERT":false,"PROBABILISTIC_OUTBREAK_ALERT":false,"OUTBREAK_ALERT_STATE":"CLUSTER_OUTBREAK","HOTSPOT_Z_SCORE":7.087248},"geometry":{"type":"Polygon","coordinates":[[[125.06077059600013,6.252762862000054],[125.09651526800006,6.218904378000047],[125.07506798200006,6.204069884000035],[125.05794501600008,6.221177061000049],[125.05559880000008,6.223251106000021],[125.05731782900011,6.249615038000058],[125.06077059600013,6.252762862000054]]]}},{"type":"Feature","id":94,"properties":{"PSGC":"1206312015","PROVINCE":"South Cotabato","PROVINCE_CODE":"1206300000","MUNICIPALITY":"Polomolok","MUNICIPALITY_CODE":"1206312000","BARANGAY":"Polo","CALIBRATION_STATUS":"CALIBRATED_SOUTH_COTABATO","DATE":"2030-01-01","POSTERIOR_MEAN_CASES":1.86,"LOWER_CREDIBLE_CASES":0.0,"UPPER_CREDIBLE_CASES":6.0,"OUTBREAK_PROBABILITY":0.308,"ALERT_LEVEL":"MODERATE","AUTOMATIC_OUTBREAK_ALERT":false,"OUTBREAK_ALERT_REASON":"NONE","RED_CASE_ZONE":false,"RED_CASE_NEIGHBOR_COUNT":3,"RED_CLUSTER_OUTBREAK_ALERT":false,"RED_CLUSTER_OUTBREAK_ONSET":false,"RED_CLUSTER_LIKELY_ORIGIN":false,"RED_CLUSTER_ID":-1,"RED_CLUSTER_SIZE":0,"INDIVIDUAL_OUTBREAK_ALERT":false,"PROBABILISTIC_OUTBREAK_ALERT":false,"OUTBREAK_ALERT_STATE":"NORMAL","HOTSPOT_Z_SCORE":4.115277},"geometry":{"type":"Polygon","coordinates":[[[125.09204119900006,6.282529864000026],[125.10345803300005,6.309991897000031],[125.12092345500001,6.311114983000038],[125.12387257500006,6.268895950000056],[125.09784222000009,6.248710160000031],[125.07655222800008,6.267720404000044],[125.09204119900006,6.282529864000026]]]}},{"type":"Feature","id":95,"properties":{"PSGC":"1206312016","PROVINCE":"South Cotabato","PROVINCE_CODE":"1206300000","MUNICIPALITY":"Polomolok","MUNICIPALITY_CODE":"1206312000","BARANGAY":"Magsaysay","CALIBRATION_STATUS":"CALIBRATED_SOUTH_COTABATO","DATE":"2030-01-01","POSTERIOR_MEAN_CASES":2.532,"LOWER_CREDIBLE_CASES":0.0,"UPPER_CREDIBLE_CASES":8.0,"OUTBREAK_PROBABILITY":0.404,"ALERT_LEVEL":"MODERATE","AUTOMATIC_OUTBREAK_ALERT":true,"OUTBREAK_ALERT_REASON":"THREE_CONNECTED_RED_BARANGAYS","RED_CASE_ZONE":true,"RED_CASE_NEIGHBOR_COUNT":3,"RED_CLUSTER_OUTBREAK_ALERT":true,"RED_CLUSTER_OUTBREAK_ONSET":false,"RED_CLUSTER_LIKELY_ORIGIN":false,"RED_CLUSTER_ID":1,"RED_CLUSTER_SIZE":10,"INDIVIDUAL_OUTBREAK_ALERT":false,"PROBABILISTIC_OUTBREAK_ALERT":false,"OUTBREAK_ALERT_STATE":"CLUSTER_OUTBREAK","HOTSPOT_Z_SCORE":5.585894},"geometry":{"type":"Polygon","coordinates":[[[125.0527386440001,6.179625865000048],[125.04554925200011,6.194465371000034],[125.055934524,6.219945372000041],[125.05794501600008,6.221177061000049],[125.07506798200006,6.204069884000035],[125.06193265400009,6.179853792000075],[125.0527386440001,6.179625865000048]]]}},{"type":"Feature","id":96,"properties":{"PSGC":"1206312017","PROVINCE":"South Cotabato","PROVINCE_CODE":"1206300000","MUNICIPALITY":"Polomolok","MUNICIPALITY_CODE":"1206312000","BARANGAY":"Rubber","CALIBRATION_STATUS":"CALIBRATED_SOUTH_COTABATO","DATE":"2030-01-01","POSTERIOR_MEAN_CASES":2.552,"LOWER_CREDIBLE_CASES":0.0,"UPPER_CREDIBLE_CASES":7.0,"OUTBREAK_PROBABILITY":0.28,"ALERT_LEVEL":"LOW","AUTOMATIC_OUTBREAK_ALERT":true,"OUTBREAK_ALERT_REASON":"THREE_CONNECTED_RED_BARANGAYS","RED_CASE_ZONE":true,"RED_CASE_NEIGHBOR_COUNT":2,"RED_CLUSTER_OUTBREAK_ALERT":true,"RED_CLUSTER_OUTBREAK_ONSET":false,"RED_CLUSTER_LIKELY_ORIGIN":true,"RED_CLUSTER_ID":1,"RED_CLUSTER_SIZE":10,"INDIVIDUAL_OUTBREAK_ALERT":false,"PROBABILISTIC_OUTBREAK_ALERT":false,"OUTBREAK_ALERT_STATE":"CLUSTER_OUTBREAK","HOTSPOT_Z_SCORE":2.541906},"geometry":{"type":"Polygon","coordinates":[[[125.01897904036383,6.205915628298838],[125.02878202000012,6.195066690000031],[125.03786396000011,6.211504475000025],[125.055934524,6.219945372000041],[125.04554925200011,6.194465371000034],[125.0527386440001,6.179625865000048],[125.04739331300004,6.174429444000054],[125.04740709106613,6.174392129963318],[125.01897904036383,6.205915628298838]]]}},{"type":"Feature","id":97,"properties":{"PSGC":"1206312018","PROVINCE":"South Cotabato","PROVINCE_CODE":"1206300000","MUNICIPALITY":"Polomolok","MUNICIPALITY_CODE":"1206312000","BARANGAY":"Silway 7","CALIBRATION_STATUS":"CALIBRATED_SOUTH_COTABATO","DATE":"2030-01-01","POSTERIOR_MEAN_CASES":2.204,"LOWER_CREDIBLE_CASES":0.0,"UPPER_CREDIBLE_CASES":7.0,"OUTBREAK_PROBABILITY":0.332,"ALERT_LEVEL":"MODERATE","AUTOMATIC_OUTBREAK_ALERT":true,"OUTBREAK_ALERT_REASON":"THREE_CONNECTED_RED_BARANGAYS","RED_CASE_ZONE":true,"RED_CASE_NEIGHBOR_COUNT":2,"RED_CLUSTER_OUTBREAK_ALERT":true,"RED_CLUSTER_OUTBREAK_ONSET":false,"RED_CLUSTER_LIKELY_ORIGIN":false,"RED_CLUSTER_ID":1,"RED_CLUSTER_SIZE":10,"INDIVIDUAL_OUTBREAK_ALERT":false,"PROBABILISTIC_OUTBREAK_ALERT":false,"OUTBREAK_ALERT_STATE":"CLUSTER_OUTBREAK","HOTSPOT_Z_SCORE":2.922952},"geometry":{"type":"Polygon","coordinates":[[[125.1203010910001,6.159096416000066],[125.09817212700011,6.181069431000024],[125.11287497900001,6.216661558000054],[125.1190392420001,6.209322744000077],[125.11531608600002,6.188277285000026],[125.13800751000007,6.16366155000003],[125.1203010910001,6.159096416000066]]]}},{"type":"Feature","id":98,"properties":{"PSGC":"1206312019","PROVINCE":"South Cotabato","PROVINCE_CODE":"1206300000","MUNICIPALITY":"Polomolok","MUNICIPALITY_CODE":"1206312000","BARANGAY":"Silway 8","CALIBRATION_STATUS":"CALIBRATED_SOUTH_COTABATO","DATE":"2030-01-01","POSTERIOR_MEAN_CASES":2.164,"LOWER_CREDIBLE_CASES":0.0,"UPPER_CREDIBLE_CASES":6.0,"OUTBREAK_PROBABILITY":0.368,"ALERT_LEVEL":"MODERATE","AUTOMATIC_OUTBREAK_ALERT":false,"OUTBREAK_ALERT_REASON":"NONE","RED_CASE_ZONE":false,"RED_CASE_NEIGHBOR_COUNT":6,"RED_CLUSTER_OUTBREAK_ALERT":false,"RED_CLUSTER_OUTBREAK_ONSET":false,"RED_CLUSTER_LIKELY_ORIGIN":false,"RED_CLUSTER_ID":-1,"RED_CLUSTER_SIZE":0,"INDIVIDUAL_OUTBREAK_ALERT":false,"PROBABILISTIC_OUTBREAK_ALERT":false,"OUTBREAK_ALERT_STATE":"NORMAL","HOTSPOT_Z_SCORE":7.216503},"geometry":{"type":"Polygon","coordinates":[[[125.0749948680001,6.172046640000076],[125.06193265400009,6.179853792000075],[125.07506798200006,6.204069884000035],[125.09651526800006,6.218904378000047],[125.11012993800011,6.221676823000052],[125.11287497900001,6.216661558000054],[125.09817212700011,6.181069431000024],[125.0749948680001,6.172046640000076]]]}},{"type":"Feature","id":99,"properties":{"PSGC":"1206312020","PROVINCE":"South Cotabato","PROVINCE_CODE":"1206300000","MUNICIPALITY":"Polomolok","MUNICIPALITY_CODE":"1206312000","BARANGAY":"Sulit","CALIBRATION_STATUS":"CALIBRATED_SOUTH_COTABATO","DATE":"2030-01-01","POSTERIOR_MEAN_CASES":1.712,"LOWER_CREDIBLE_CASES":0.0,"UPPER_CREDIBLE_CASES":5.0,"OUTBREAK_PROBABILITY":0.244,"ALERT_LEVEL":"LOW","AUTOMATIC_OUTBREAK_ALERT":false,"OUTBREAK_ALERT_REASON":"NONE","RED_CASE_ZONE":false,"RED_CASE_NEIGHBOR_COUNT":3,"RED_CLUSTER_OUTBREAK_ALERT":false,"RED_CLUSTER_OUTBREAK_ONSET":false,"RED_CLUSTER_LIKELY_ORIGIN":false,"RED_CLUSTER_ID":-1,"RED_CLUSTER_SIZE":0,"INDIVIDUAL_OUTBREAK_ALERT":false,"PROBABILISTIC_OUTBREAK_ALERT":false,"OUTBREAK_ALERT_STATE":"NORMAL","HOTSPOT_Z_SCORE":2.505212},"geometry":{"type":"Polygon","coordinates":[[[125.00955660700004,6.250469996000048],[125.0303302850001,6.269362490000048],[125.04524779400002,6.253407939000055],[125.02988934300002,6.224143020000042],[125.02574395200008,6.226267046000032],[125.01762680400009,6.234886972000027],[125.00955660700004,6.250469996000048]]]}},{"type":"Feature","id":100,"properties":{"PSGC":"1206312021","PROVINCE":"South Cotabato","PROVINCE_CODE":"1206300000","MUNICIPALITY":"Polomolok","MUNICIPALITY_CODE":"1206312000","BARANGAY":"Sumbakil","CALIBRATION_STATUS":"CALIBRATED_SOUTH_COTABATO","DATE":"2030-01-01","POSTERIOR_MEAN_CASES":1.328,"LOWER_CREDIBLE_CASES":0.0,"UPPER_CREDIBLE_CASES":4.0,"OUTBREAK_PROBABILITY":0.376,"ALERT_LEVEL":"MODERATE","AUTOMATIC_OUTBREAK_ALERT":false,"OUTBREAK_ALERT_REASON":"NONE","RED_CASE_ZONE":false,"RED_CASE_NEIGHBOR_COUNT":0,"RED_CLUSTER_OUTBREAK_ALERT":false,"RED_CLUSTER_OUTBREAK_ONSET":false,"RED_CLUSTER_LIKELY_ORIGIN":false,"RED_CLUSTER_ID":-1,"RED_CLUSTER_SIZE":0,"INDIVIDUAL_OUTBREAK_ALERT":false,"PROBABILISTIC_OUTBREAK_ALERT":false,"OUTBREAK_ALERT_STATE":"NORMAL","HOTSPOT_Z_SCORE":0.92637},"geometry":{"type":"Polygon","coordinates":[[[124.99152921600012,6.263135351000074],[124.97880669500013,6.246560816000055],[124.98595294100006,6.270519473000036],[124.99152921600012,6.263135351000074]]]}},{"type":"Feature","id":101,"properties":{"PSGC":"1206312022","PROVINCE":"South Cotabato","PROVINCE_CODE":"1206300000","MUNICIPALITY":"Polomolok","MUNICIPALITY_CODE":"1206312000","BARANGAY":"Upper Klinan","CALIBRATION_STATUS":"CALIBRATED_SOUTH_COTABATO","DATE":"2030-01-01","POSTERIOR_MEAN_CASES":2.356,"LOWER_CREDIBLE_CASES":0.0,"UPPER_CREDIBLE_CASES":7.0,"OUTBREAK_PROBABILITY":0.412,"ALERT_LEVEL":"MODERATE","AUTOMATIC_OUTBREAK_ALERT":true,"OUTBREAK_ALERT_REASON":"THREE_CONNECTED_RED_BARANGAYS","RED_CASE_ZONE":true,"RED_CASE_NEIGHBOR_COUNT":2,"RED_CLUSTER_OUTBREAK_ALERT":true,"RED_CLUSTER_OUTBREAK_ONSET":false,"RED_CLUSTER_LIKELY_ORIGIN":false,"RED_CLUSTER_ID":1,"RED_CLUSTER_SIZE":10,"INDIVIDUAL_OUTBREAK_ALERT":false,"PROBABILISTIC_OUTBREAK_ALERT":false,"OUTBREAK_ALERT_STATE":"CLUSTER_OUTBREAK","HOTSPOT_Z_SCORE":4.234257},"geometry":{"type":"Polygon","coordinates":[[[125.1270943070001,6.216136437000046],[125.1190392420001,6.209322744000077],[125.11287497900001,6.216661558000054],[125.11012993800011,6.221676823000052],[125.09784222000009,6.248710160000031],[125.12387257500006,6.268895950000056],[125.13519292900003,6.256522650000023],[125.1270943070001,6.216136437000046]]]}},{"type":"Feature","id":102,"properties":{"PSGC":"1206312023","PROVINCE":"South Cotabato","PROVINCE_CODE":"1206300000","MUNICIPALITY":"Polomolok","MUNICIPALITY_CODE":"1206312000","BARANGAY":"Lapu","CALIBRATION_STATUS":"CALIBRATED_SOUTH_COTABATO","DATE":"2030-01-01","POSTERIOR_MEAN_CASES":1.464,"LOWER_CREDIBLE_CASES":0.0,"UPPER_CREDIBLE_CASES":4.0,"OUTBREAK_PROBABILITY":0.408,"ALERT_LEVEL":"MODERATE","AUTOMATIC_OUTBREAK_ALERT":false,"OUTBREAK_ALERT_REASON":"NONE","RED_CASE_ZONE":false,"RED_CASE_NEIGHBOR_COUNT":0,"RED_CLUSTER_OUTBREAK_ALERT":false,"RED_CLUSTER_OUTBREAK_ONSET":false,"RED_CLUSTER_LIKELY_ORIGIN":false,"RED_CLUSTER_ID":-1,"RED_CLUSTER_SIZE":0,"INDIVIDUAL_OUTBREAK_ALERT":false,"PROBABILISTIC_OUTBREAK_ALERT":false,"OUTBREAK_ALERT_STATE":"NORMAL","HOTSPOT_Z_SCORE":0.608907},"geometry":{"type":"Polygon","coordinates":[[[125.0142943976022,6.211110368164926],[125.00605795800003,6.220272946000022],[125.01762680400009,6.234886972000027],[125.02574395200008,6.226267046000032],[125.0160813172543,6.209128876037001],[125.01607911500003,6.209124970000062],[125.0142943976022,6.211110368164926]]]}},{"type":"Feature","id":103,"properties":{"PSGC":"1206312024","PROVINCE":"South Cotabato","PROVINCE_CODE":"1206300000","MUNICIPALITY":"Polomolok","MUNICIPALITY_CODE":"1206312000","BARANGAY":"Cannery Site","CALIBRATION_STATUS":"CALIBRATED_SOUTH_COTABATO","DATE":"2030-01-01","POSTERIOR_MEAN_CASES":5.42,"LOWER_CREDIBLE_CASES":0.0,"UPPER_CREDIBLE_CASES":15.775,"OUTBREAK_PROBABILITY":0.208,"ALERT_LEVEL":"LOW","AUTOMATIC_OUTBREAK_ALERT":true,"OUTBREAK_ALERT_REASON":"THREE_CONNECTED_RED_BARANGAYS","RED_CASE_ZONE":true,"RED_CASE_NEIGHBOR_COUNT":3,"RED_CLUSTER_OUTBREAK_ALERT":true,"RED_CLUSTER_OUTBREAK_ONSET":false,"RED_CLUSTER_LIKELY_ORIGIN":false,"RED_CLUSTER_ID":1,"RED_CLUSTER_SIZE":10,"INDIVIDUAL_OUTBREAK_ALERT":false,"PROBABILISTIC_OUTBREAK_ALERT":false,"OUTBREAK_ALERT_STATE":"CLUSTER_OUTBREAK","HOTSPOT_Z_SCORE":6.728431},"geometry":{"type":"Polygon","coordinates":[[[125.07655222800008,6.267720404000044],[125.09784222000009,6.248710160000031],[125.11012993800011,6.221676823000052],[125.09651526800006,6.218904378000047],[125.06077059600013,6.252762862000054],[125.07655222800008,6.267720404000044]]]}},{"type":"Feature","id":104,"properties":{"PSGC":"1206312025","PROVINCE":"South Cotabato","PROVINCE_CODE":"1206300000","MUNICIPALITY":"Polomolok","MUNICIPALITY_CODE":"1206312000","BARANGAY":"Pagalungan","CALIBRATION_STATUS":"CALIBRATED_SOUTH_COTABATO","DATE":"2030-01-01","POSTERIOR_MEAN_CASES":2.564,"LOWER_CREDIBLE_CASES":0.0,"UPPER_CREDIBLE_CASES":8.0,"OUTBREAK_PROBABILITY":0.284,"ALERT_LEVEL":"LOW","AUTOMATIC_OUTBREAK_ALERT":true,"OUTBREAK_ALERT_REASON":"THREE_CONNECTED_RED_BARANGAYS","RED_CASE_ZONE":true,"RED_CASE_NEIGHBOR_COUNT":2,"RED_CLUSTER_OUTBREAK_ALERT":true,"RED_CLUSTER_OUTBREAK_ONSET":false,"RED_CLUSTER_LIKELY_ORIGIN":false,"RED_CLUSTER_ID":1,"RED_CLUSTER_SIZE":10,"INDIVIDUAL_OUTBREAK_ALERT":false,"PROBABILISTIC_OUTBREAK_ALERT":false,"OUTBREAK_ALERT_STATE":"CLUSTER_OUTBREAK","HOTSPOT_Z_SCORE":4.98198},"geometry":{"type":"Polygon","coordinates":[[[125.05731782900011,6.249615038000058],[125.05559880000008,6.223251106000021],[125.02988934300002,6.224143020000042],[125.04524779400002,6.253407939000055],[125.05731782900011,6.249615038000058]]]}},{"type":"Feature","id":105,"properties":{"PSGC":"1206318001","PROVINCE":"South Cotabato","PROVINCE_CODE":"1206300000","MUNICIPALITY":"Santo Niño","MUNICIPALITY_CODE":"1206318000","BARANGAY":"Ambalgan","CALIBRATION_STATUS":"CALIBRATED_SOUTH_COTABATO","DATE":"2030-01-01","POSTERIOR_MEAN_CASES":1.08,"LOWER_CREDIBLE_CASES":0.0,"UPPER_CREDIBLE_CASES":4.0,"OUTBREAK_PROBABILITY":0.284,"ALERT_LEVEL":"LOW","AUTOMATIC_OUTBREAK_ALERT":false,"OUTBREAK_ALERT_REASON":"NONE","RED_CASE_ZONE":false,"RED_CASE_NEIGHBOR_COUNT":0,"RED_CLUSTER_OUTBREAK_ALERT":false,"RED_CLUSTER_OUTBREAK_ONSET":false,"RED_CLUSTER_LIKELY_ORIGIN":false,"RED_CLUSTER_ID":-1,"RED_CLUSTER_SIZE":0,"INDIVIDUAL_OUTBREAK_ALERT":false,"PROBABILISTIC_OUTBREAK_ALERT":false,"OUTBREAK_ALERT_STATE":"NORMAL","HOTSPOT_Z_SCORE":-0.04124},"geometry":{"type":"Polygon","coordinates":[[[124.68573641600005,6.424531623000064],[124.69462018800004,6.425083602000028],[124.70762623700011,6.409330836000039],[124.67118395400007,6.418692902000033],[124.68573641600005,6.424531623000064]]]}},{"type":"Feature","id":106,"properties":{"PSGC":"1206318002","PROVINCE":"South Cotabato","PROVINCE_CODE":"1206300000","MUNICIPALITY":"Santo Niño","MUNICIPALITY_CODE":"1206318000","BARANGAY":"Guinsang-an","CALIBRATION_STATUS":"CALIBRATED_SOUTH_COTABATO","DATE":"2030-01-01","POSTERIOR_MEAN_CASES":1.108,"LOWER_CREDIBLE_CASES":0.0,"UPPER_CREDIBLE_CASES":4.0,"OUTBREAK_PROBABILITY":0.108,"ALERT_LEVEL":"LOW","AUTOMATIC_OUTBREAK_ALERT":false,"OUTBREAK_ALERT_REASON":"NONE","RED_CASE_ZONE":false,"RED_CASE_NEIGHBOR_COUNT":0,"RED_CLUSTER_OUTBREAK_ALERT":false,"RED_CLUSTER_OUTBREAK_ONSET":false,"RED_CLUSTER_LIKELY_ORIGIN":false,"RED_CLUSTER_ID":-1,"RED_CLUSTER_SIZE":0,"INDIVIDUAL_OUTBREAK_ALERT":false,"PROBABILISTIC_OUTBREAK_ALERT":false,"OUTBREAK_ALERT_STATE":"NORMAL","HOTSPOT_Z_SCORE":-0.088585},"geometry":{"type":"Polygon","coordinates":[[[124.68573781700002,6.479630164000071],[124.68446272500013,6.457251359000054],[124.66276039400009,6.458170473000052],[124.6522353250001,6.469395168000063],[124.65818804800004,6.4840339880000215],[124.68573781700002,6.479630164000071]]]}},{"type":"Feature","id":107,"properties":{"PSGC":"1206318003","PROVINCE":"South Cotabato","PROVINCE_CODE":"1206300000","MUNICIPALITY":"Santo Niño","MUNICIPALITY_CODE":"1206318000","BARANGAY":"Katipunan","CALIBRATION_STATUS":"CALIBRATED_SOUTH_COTABATO","DATE":"2030-01-01","POSTERIOR_MEAN_CASES":1.376,"LOWER_CREDIBLE_CASES":0.0,"UPPER_CREDIBLE_CASES":5.0,"OUTBREAK_PROBABILITY":0.18,"ALERT_LEVEL":"LOW","AUTOMATIC_OUTBREAK_ALERT":false,"OUTBREAK_ALERT_REASON":"NONE","RED_CASE_ZONE":false,"RED_CASE_NEIGHBOR_COUNT":0,"RED_CLUSTER_OUTBREAK_ALERT":false,"RED_CLUSTER_OUTBREAK_ONSET":false,"RED_CLUSTER_LIKELY_ORIGIN":false,"RED_CLUSTER_ID":-1,"RED_CLUSTER_SIZE":0,"INDIVIDUAL_OUTBREAK_ALERT":false,"PROBABILISTIC_OUTBREAK_ALERT":false,"OUTBREAK_ALERT_STATE":"NORMAL","HOTSPOT_Z_SCORE":0.086877},"geometry":{"type":"Polygon","coordinates":[[[124.70766595300006,6.456162935000066],[124.68446272500013,6.457251359000054],[124.68573781700002,6.479630164000071],[124.65818804800004,6.4840339880000215],[124.68573434300004,6.483197535000045],[124.6985494390001,6.479361248000032],[124.72353848907483,6.479056487419618],[124.70931392436037,6.455436146090948],[124.70922421400007,6.455859858000054],[124.70766595300006,6.456162935000066]]]}},{"type":"Feature","id":108,"properties":{"PSGC":"1206318004","PROVINCE":"South Cotabato","PROVINCE_CODE":"1206300000","MUNICIPALITY":"Santo Niño","MUNICIPALITY_CODE":"1206318000","BARANGAY":"Manuel Roxas","CALIBRATION_STATUS":"CALIBRATED_SOUTH_COTABATO","DATE":"2030-01-01","POSTERIOR_MEAN_CASES":1.292,"LOWER_CREDIBLE_CASES":0.0,"UPPER_CREDIBLE_CASES":4.0,"OUTBREAK_PROBABILITY":0.152,"ALERT_LEVEL":"LOW","AUTOMATIC_OUTBREAK_ALERT":false,"OUTBREAK_ALERT_REASON":"NONE","RED_CASE_ZONE":false,"RED_CASE_NEIGHBOR_COUNT":0,"RED_CLUSTER_OUTBREAK_ALERT":false,"RED_CLUSTER_OUTBREAK_ONSET":false,"RED_CLUSTER_LIKELY_ORIGIN":false,"RED_CLUSTER_ID":-1,"RED_CLUSTER_SIZE":0,"INDIVIDUAL_OUTBREAK_ALERT":false,"PROBABILISTIC_OUTBREAK_ALERT":false,"OUTBREAK_ALERT_STATE":"NORMAL","HOTSPOT_Z_SCORE":0.136209},"geometry":{"type":"Polygon","coordinates":[[[124.63452403400004,6.435347308000074],[124.61669368300011,6.470166102000062],[124.63398326000005,6.469943038000053],[124.6522353250001,6.469395168000063],[124.66276039400009,6.458170473000052],[124.662196375,6.443235302000062],[124.66364131400009,6.433604045000039],[124.63452403400004,6.435347308000074]]]}},{"type":"Feature","id":109,"properties":{"PSGC":"1206318005","PROVINCE":"South Cotabato","PROVINCE_CODE":"1206300000","MUNICIPALITY":"Santo Niño","MUNICIPALITY_CODE":"1206318000","BARANGAY":"Panay","CALIBRATION_STATUS":"CALIBRATED_SOUTH_COTABATO","DATE":"2030-01-01","POSTERIOR_MEAN_CASES":1.508,"LOWER_CREDIBLE_CASES":0.0,"UPPER_CREDIBLE_CASES":5.0,"OUTBREAK_PROBABILITY":0.2,"ALERT_LEVEL":"LOW","AUTOMATIC_OUTBREAK_ALERT":false,"OUTBREAK_ALERT_REASON":"NONE","RED_CASE_ZONE":false,"RED_CASE_NEIGHBOR_COUNT":0,"RED_CLUSTER_OUTBREAK_ALERT":false,"RED_CLUSTER_OUTBREAK_ONSET":false,"RED_CLUSTER_LIKELY_ORIGIN":false,"RED_CLUSTER_ID":-1,"RED_CLUSTER_SIZE":0,"INDIVIDUAL_OUTBREAK_ALERT":false,"PROBABILISTIC_OUTBREAK_ALERT":false,"OUTBREAK_ALERT_STATE":"NORMAL","HOTSPOT_Z_SCORE":0.178904},"geometry":{"type":"Polygon","coordinates":[[[124.63492771500012,6.499401833000031],[124.63398326000005,6.469943038000053],[124.61669368300011,6.470166102000062],[124.63492771500012,6.499401833000031]]]}},{"type":"Feature","id":110,"properties":{"PSGC":"1206318006","PROVINCE":"South Cotabato","PROVINCE_CODE":"1206300000","MUNICIPALITY":"Santo Niño","MUNICIPALITY_CODE":"1206318000","BARANGAY":"Poblacion","CALIBRATION_STATUS":"CALIBRATED_SOUTH_COTABATO","DATE":"2030-01-01","POSTERIOR_MEAN_CASES":1.572,"LOWER_CREDIBLE_CASES":0.0,"UPPER_CREDIBLE_CASES":5.0,"OUTBREAK_PROBABILITY":0.12,"ALERT_LEVEL":"LOW","AUTOMATIC_OUTBREAK_ALERT":false,"OUTBREAK_ALERT_REASON":"NONE","RED_CASE_ZONE":false,"RED_CASE_NEIGHBOR_COUNT":0,"RED_CLUSTER_OUTBREAK_ALERT":false,"RED_CLUSTER_OUTBREAK_ONSET":false,"RED_CLUSTER_LIKELY_ORIGIN":false,"RED_CLUSTER_ID":-1,"RED_CLUSTER_SIZE":0,"INDIVIDUAL_OUTBREAK_ALERT":false,"PROBABILISTIC_OUTBREAK_ALERT":false,"OUTBREAK_ALERT_STATE":"NORMAL","HOTSPOT_Z_SCORE":-0.180511},"geometry":{"type":"Polygon","coordinates":[[[124.66364131400009,6.433604045000039],[124.662196375,6.443235302000062],[124.68398967900008,6.442986016000019],[124.68573641600005,6.424531623000064],[124.67118395400007,6.418692902000033],[124.66364131400009,6.433604045000039]]]}},{"type":"Feature","id":111,"properties":{"PSGC":"1206318007","PROVINCE":"South Cotabato","PROVINCE_CODE":"1206300000","MUNICIPALITY":"Santo Niño","MUNICIPALITY_CODE":"1206318000","BARANGAY":"San Isidro","CALIBRATION_STATUS":"CALIBRATED_SOUTH_COTABATO","DATE":"2030-01-01","POSTERIOR_MEAN_CASES":1.156,"LOWER_CREDIBLE_CASES":0.0,"UPPER_CREDIBLE_CASES":4.0,"OUTBREAK_PROBABILITY":0.104,"ALERT_LEVEL":"LOW","AUTOMATIC_OUTBREAK_ALERT":false,"OUTBREAK_ALERT_REASON":"NONE","RED_CASE_ZONE":false,"RED_CASE_NEIGHBOR_COUNT":0,"RED_CLUSTER_OUTBREAK_ALERT":false,"RED_CLUSTER_OUTBREAK_ONSET":false,"RED_CLUSTER_LIKELY_ORIGIN":false,"RED_CLUSTER_ID":-1,"RED_CLUSTER_SIZE":0,"INDIVIDUAL_OUTBREAK_ALERT":false,"PROBABILISTIC_OUTBREAK_ALERT":false,"OUTBREAK_ALERT_STATE":"NORMAL","HOTSPOT_Z_SCORE":-0.016953},"geometry":{"type":"Polygon","coordinates":[[[124.68446272500013,6.457251359000054],[124.70766595300006,6.456162935000066],[124.699300375,6.444042219000038],[124.68398967900008,6.442986016000019],[124.662196375,6.443235302000062],[124.66276039400009,6.458170473000052],[124.68446272500013,6.457251359000054]]]}},{"type":"Feature","id":112,"properties":{"PSGC":"1206318008","PROVINCE":"South Cotabato","PROVINCE_CODE":"1206300000","MUNICIPALITY":"Santo Niño","MUNICIPALITY_CODE":"1206318000","BARANGAY":"San Vicente","CALIBRATION_STATUS":"CALIBRATED_SOUTH_COTABATO","DATE":"2030-01-01","POSTERIOR_MEAN_CASES":1.268,"LOWER_CREDIBLE_CASES":0.0,"UPPER_CREDIBLE_CASES":4.0,"OUTBREAK_PROBABILITY":0.176,"ALERT_LEVEL":"LOW","AUTOMATIC_OUTBREAK_ALERT":false,"OUTBREAK_ALERT_REASON":"NONE","RED_CASE_ZONE":false,"RED_CASE_NEIGHBOR_COUNT":0,"RED_CLUSTER_OUTBREAK_ALERT":false,"RED_CLUSTER_OUTBREAK_ONSET":false,"RED_CLUSTER_LIKELY_ORIGIN":false,"RED_CLUSTER_ID":-1,"RED_CLUSTER_SIZE":0,"INDIVIDUAL_OUTBREAK_ALERT":false,"PROBABILISTIC_OUTBREAK_ALERT":false,"OUTBREAK_ALERT_STATE":"NORMAL","HOTSPOT_Z_SCORE":0.105903},"geometry":{"type":"Polygon","coordinates":[[[124.65818804800004,6.4840339880000215],[124.6522353250001,6.469395168000063],[124.63398326000005,6.469943038000053],[124.63492771500012,6.499401833000031],[124.65818804800004,6.4840339880000215]]]}},{"type":"Feature","id":113,"properties":{"PSGC":"1206318009","PROVINCE":"South Cotabato","PROVINCE_CODE":"1206300000","MUNICIPALITY":"Santo Niño","MUNICIPALITY_CODE":"1206318000","BARANGAY":"Teresita","CALIBRATION_STATUS":"CALIBRATED_SOUTH_COTABATO","DATE":"2030-01-01","POSTERIOR_MEAN_CASES":1.424,"LOWER_CREDIBLE_CASES":0.0,"UPPER_CREDIBLE_CASES":5.0,"OUTBREAK_PROBABILITY":0.192,"ALERT_LEVEL":"LOW","AUTOMATIC_OUTBREAK_ALERT":false,"OUTBREAK_ALERT_REASON":"NONE","RED_CASE_ZONE":false,"RED_CASE_NEIGHBOR_COUNT":0,"RED_CLUSTER_OUTBREAK_ALERT":false,"RED_CLUSTER_OUTBREAK_ONSET":false,"RED_CLUSTER_LIKELY_ORIGIN":false,"RED_CLUSTER_ID":-1,"RED_CLUSTER_SIZE":0,"INDIVIDUAL_OUTBREAK_ALERT":false,"PROBABILISTIC_OUTBREAK_ALERT":false,"OUTBREAK_ALERT_STATE":"NORMAL","HOTSPOT_Z_SCORE":0.128369},"geometry":{"type":"Polygon","coordinates":[[[124.71627457800001,6.424558645000046],[124.71798624300006,6.416094822000047],[124.71899489943897,6.414228560298097],[124.71047689339427,6.4085984989698535],[124.70762623700011,6.409330836000039],[124.69462018800004,6.425083602000028],[124.699300375,6.444042219000038],[124.70766595300006,6.456162935000066],[124.70922421400007,6.455859858000054],[124.70931392436037,6.455436146090948],[124.71520363614705,6.427618388847321],[124.71627457800001,6.424558645000046]]]}},{"type":"Feature","id":114,"properties":{"PSGC":"1206318010","PROVINCE":"South Cotabato","PROVINCE_CODE":"1206300000","MUNICIPALITY":"Santo Niño","MUNICIPALITY_CODE":"1206318000","BARANGAY":"Sajaneba","CALIBRATION_STATUS":"CALIBRATED_SOUTH_COTABATO","DATE":"2030-01-01","POSTERIOR_MEAN_CASES":0.956,"LOWER_CREDIBLE_CASES":0.0,"UPPER_CREDIBLE_CASES":3.0,"OUTBREAK_PROBABILITY":0.26,"ALERT_LEVEL":"LOW","AUTOMATIC_OUTBREAK_ALERT":false,"OUTBREAK_ALERT_REASON":"NONE","RED_CASE_ZONE":false,"RED_CASE_NEIGHBOR_COUNT":0,"RED_CLUSTER_OUTBREAK_ALERT":false,"RED_CLUSTER_OUTBREAK_ONSET":false,"RED_CLUSTER_LIKELY_ORIGIN":false,"RED_CLUSTER_ID":-1,"RED_CLUSTER_SIZE":0,"INDIVIDUAL_OUTBREAK_ALERT":false,"PROBABILISTIC_OUTBREAK_ALERT":false,"OUTBREAK_ALERT_STATE":"NORMAL","HOTSPOT_Z_SCORE":-0.104761},"geometry":{"type":"Polygon","coordinates":[[[124.68573641600005,6.424531623000064],[124.68398967900008,6.442986016000019],[124.699300375,6.444042219000038],[124.69462018800004,6.425083602000028],[124.68573641600005,6.424531623000064]]]}},{"type":"Feature","id":115,"properties":{"PSGC":"1206313002","PROVINCE":"South Cotabato","PROVINCE_CODE":"1206300000","MUNICIPALITY":"Surallah","MUNICIPALITY_CODE":"1206313000","BARANGAY":"Buenavista","CALIBRATION_STATUS":"CALIBRATED_SOUTH_COTABATO","DATE":"2030-01-01","POSTERIOR_MEAN_CASES":1.908,"LOWER_CREDIBLE_CASES":0.0,"UPPER_CREDIBLE_CASES":6.0,"OUTBREAK_PROBABILITY":0.172,"ALERT_LEVEL":"LOW","AUTOMATIC_OUTBREAK_ALERT":false,"OUTBREAK_ALERT_REASON":"NONE","RED_CASE_ZONE":false,"RED_CASE_NEIGHBOR_COUNT":3,"RED_CLUSTER_OUTBREAK_ALERT":false,"RED_CLUSTER_OUTBREAK_ONSET":false,"RED_CLUSTER_LIKELY_ORIGIN":false,"RED_CLUSTER_ID":-1,"RED_CLUSTER_SIZE":0,"INDIVIDUAL_OUTBREAK_ALERT":false,"PROBABILISTIC_OUTBREAK_ALERT":false,"OUTBREAK_ALERT_STATE":"NORMAL","HOTSPOT_Z_SCORE":2.524911},"geometry":{"type":"Polygon","coordinates":[[[124.75744370600013,6.312063697000041],[124.75894214900008,6.29258952600003],[124.75259968900002,6.294590713000047],[124.73127764800007,6.308601583000041],[124.74107204400002,6.329176149000035],[124.75744370600013,6.312063697000041]]]}},{"type":"Feature","id":116,"properties":{"PSGC":"1206313003","PROVINCE":"South Cotabato","PROVINCE_CODE":"1206300000","MUNICIPALITY":"Surallah","MUNICIPALITY_CODE":"1206313000","BARANGAY":"Centrala","CALIBRATION_STATUS":"CALIBRATED_SOUTH_COTABATO","DATE":"2030-01-01","POSTERIOR_MEAN_CASES":2.672,"LOWER_CREDIBLE_CASES":0.0,"UPPER_CREDIBLE_CASES":7.0,"OUTBREAK_PROBABILITY":0.124,"ALERT_LEVEL":"LOW","AUTOMATIC_OUTBREAK_ALERT":true,"OUTBREAK_ALERT_REASON":"THREE_CONNECTED_RED_BARANGAYS","RED_CASE_ZONE":true,"RED_CASE_NEIGHBOR_COUNT":3,"RED_CLUSTER_OUTBREAK_ALERT":true,"RED_CLUSTER_OUTBREAK_ONSET":false,"RED_CLUSTER_LIKELY_ORIGIN":false,"RED_CLUSTER_ID":2,"RED_CLUSTER_SIZE":11,"INDIVIDUAL_OUTBREAK_ALERT":false,"PROBABILISTIC_OUTBREAK_ALERT":false,"OUTBREAK_ALERT_STATE":"CLUSTER_OUTBREAK","HOTSPOT_Z_SCORE":3.250675},"geometry":{"type":"Polygon","coordinates":[[[124.78157655670933,6.360418400572327],[124.76565684,6.328923660000043],[124.75744370600013,6.312063697000041],[124.74107204400002,6.329176149000035],[124.73067369500006,6.347246381000047],[124.74220017000006,6.365996196000024],[124.75637910400008,6.37536340400004],[124.78157655670933,6.360418400572327]]]}},{"type":"Feature","id":117,"properties":{"PSGC":"1206313004","PROVINCE":"South Cotabato","PROVINCE_CODE":"1206300000","MUNICIPALITY":"Surallah","MUNICIPALITY_CODE":"1206313000","BARANGAY":"Colongulo","CALIBRATION_STATUS":"CALIBRATED_SOUTH_COTABATO","DATE":"2030-01-01","POSTERIOR_MEAN_CASES":2.416,"LOWER_CREDIBLE_CASES":0.0,"UPPER_CREDIBLE_CASES":8.0,"OUTBREAK_PROBABILITY":0.156,"ALERT_LEVEL":"LOW","AUTOMATIC_OUTBREAK_ALERT":true,"OUTBREAK_ALERT_REASON":"THREE_CONNECTED_RED_BARANGAYS","RED_CASE_ZONE":true,"RED_CASE_NEIGHBOR_COUNT":4,"RED_CLUSTER_OUTBREAK_ALERT":true,"RED_CLUSTER_OUTBREAK_ONSET":false,"RED_CLUSTER_LIKELY_ORIGIN":false,"RED_CLUSTER_ID":2,"RED_CLUSTER_SIZE":11,"INDIVIDUAL_OUTBREAK_ALERT":false,"PROBABILISTIC_OUTBREAK_ALERT":false,"OUTBREAK_ALERT_STATE":"CLUSTER_OUTBREAK","HOTSPOT_Z_SCORE":2.970007},"geometry":{"type":"Polygon","coordinates":[[[124.67955332400004,6.29721554200006],[124.66226243319156,6.30421384976015],[124.6582988799939,6.3058180565883575],[124.66720287400005,6.308469795000063],[124.6960390920001,6.324517991000049],[124.7175431290001,6.355506427000024],[124.73067369500006,6.347246381000047],[124.74107204400002,6.329176149000035],[124.73127764800007,6.308601583000041],[124.72483695300002,6.311876159000064],[124.69744350300003,6.293385406000029],[124.67955332400004,6.29721554200006]]]}},{"type":"Feature","id":118,"properties":{"PSGC":"1206313005","PROVINCE":"South Cotabato","PROVINCE_CODE":"1206300000","MUNICIPALITY":"Surallah","MUNICIPALITY_CODE":"1206313000","BARANGAY":"Dajay","CALIBRATION_STATUS":"CALIBRATED_SOUTH_COTABATO","DATE":"2030-01-01","POSTERIOR_MEAN_CASES":2.012,"LOWER_CREDIBLE_CASES":0.0,"UPPER_CREDIBLE_CASES":5.0,"OUTBREAK_PROBABILITY":0.168,"ALERT_LEVEL":"LOW","AUTOMATIC_OUTBREAK_ALERT":false,"OUTBREAK_ALERT_REASON":"NONE","RED_CASE_ZONE":false,"RED_CASE_NEIGHBOR_COUNT":6,"RED_CLUSTER_OUTBREAK_ALERT":false,"RED_CLUSTER_OUTBREAK_ONSET":false,"RED_CLUSTER_LIKELY_ORIGIN":false,"RED_CLUSTER_ID":-1,"RED_CLUSTER_SIZE":0,"INDIVIDUAL_OUTBREAK_ALERT":false,"PROBABILISTIC_OUTBREAK_ALERT":false,"OUTBREAK_ALERT_STATE":"NORMAL","HOTSPOT_Z_SCORE":3.239143},"geometry":{"type":"Polygon","coordinates":[[[124.71047689339427,6.4085984989698535],[124.71899489943897,6.414228560298097],[124.73167952400003,6.390758895000033],[124.73575642589547,6.390297449967784],[124.73786260400006,6.387270168000043],[124.74220017000006,6.365996196000024],[124.73067369500006,6.347246381000047],[124.7175431290001,6.355506427000024],[124.7082864,6.371301902000027],[124.69958418800003,6.377219575000026],[124.69694709600002,6.399655844000052],[124.71047689339427,6.4085984989698535]]]}},{"type":"Feature","id":119,"properties":{"PSGC":"1206313006","PROVINCE":"South Cotabato","PROVINCE_CODE":"1206300000","MUNICIPALITY":"Surallah","MUNICIPALITY_CODE":"1206313000","BARANGAY":"Duengas","CALIBRATION_STATUS":"CALIBRATED_SOUTH_COTABATO","DATE":"2030-01-01","POSTERIOR_MEAN_CASES":2.192,"LOWER_CREDIBLE_CASES":0.0,"UPPER_CREDIBLE_CASES":6.0,"OUTBREAK_PROBABILITY":0.212,"ALERT_LEVEL":"LOW","AUTOMATIC_OUTBREAK_ALERT":true,"OUTBREAK_ALERT_REASON":"THREE_CONNECTED_RED_BARANGAYS","RED_CASE_ZONE":true,"RED_CASE_NEIGHBOR_COUNT":2,"RED_CLUSTER_OUTBREAK_ALERT":true,"RED_CLUSTER_OUTBREAK_ONSET":false,"RED_CLUSTER_LIKELY_ORIGIN":false,"RED_CLUSTER_ID":2,"RED_CLUSTER_SIZE":11,"INDIVIDUAL_OUTBREAK_ALERT":false,"PROBABILISTIC_OUTBREAK_ALERT":false,"OUTBREAK_ALERT_STATE":"CLUSTER_OUTBREAK","HOTSPOT_Z_SCORE":2.421301},"geometry":{"type":"Polygon","coordinates":[[[124.7082864,6.371301902000027],[124.69080939200013,6.356254157000023],[124.69958418800003,6.377219575000026],[124.7082864,6.371301902000027]]]}},{"type":"Feature","id":120,"properties":{"PSGC":"1206313008","PROVINCE":"South Cotabato","PROVINCE_CODE":"1206300000","MUNICIPALITY":"Surallah","MUNICIPALITY_CODE":"1206313000","BARANGAY":"Canahay","CALIBRATION_STATUS":"CALIBRATED_SOUTH_COTABATO","DATE":"2030-01-01","POSTERIOR_MEAN_CASES":2.196,"LOWER_CREDIBLE_CASES":0.0,"UPPER_CREDIBLE_CASES":6.0,"OUTBREAK_PROBABILITY":0.12,"ALERT_LEVEL":"LOW","AUTOMATIC_OUTBREAK_ALERT":true,"OUTBREAK_ALERT_REASON":"THREE_CONNECTED_RED_BARANGAYS","RED_CASE_ZONE":true,"RED_CASE_NEIGHBOR_COUNT":2,"RED_CLUSTER_OUTBREAK_ALERT":true,"RED_CLUSTER_OUTBREAK_ONSET":false,"RED_CLUSTER_LIKELY_ORIGIN":false,"RED_CLUSTER_ID":2,"RED_CLUSTER_SIZE":11,"INDIVIDUAL_OUTBREAK_ALERT":false,"PROBABILISTIC_OUTBREAK_ALERT":false,"OUTBREAK_ALERT_STATE":"CLUSTER_OUTBREAK","HOTSPOT_Z_SCORE":2.261859},"geometry":{"type":"Polygon","coordinates":[[[124.75259968900002,6.294590713000047],[124.73081438600002,6.286789553000061],[124.72483695300002,6.311876159000064],[124.73127764800007,6.308601583000041],[124.75259968900002,6.294590713000047]]]}},{"type":"Feature","id":121,"properties":{"PSGC":"1206313014","PROVINCE":"South Cotabato","PROVINCE_CODE":"1206300000","MUNICIPALITY":"Surallah","MUNICIPALITY_CODE":"1206313000","BARANGAY":"Lambontong","CALIBRATION_STATUS":"CALIBRATED_SOUTH_COTABATO","DATE":"2030-01-01","POSTERIOR_MEAN_CASES":1.964,"LOWER_CREDIBLE_CASES":0.0,"UPPER_CREDIBLE_CASES":5.775,"OUTBREAK_PROBABILITY":0.124,"ALERT_LEVEL":"LOW","AUTOMATIC_OUTBREAK_ALERT":false,"OUTBREAK_ALERT_REASON":"NONE","RED_CASE_ZONE":false,"RED_CASE_NEIGHBOR_COUNT":2,"RED_CLUSTER_OUTBREAK_ALERT":false,"RED_CLUSTER_OUTBREAK_ONSET":false,"RED_CLUSTER_LIKELY_ORIGIN":false,"RED_CLUSTER_ID":-1,"RED_CLUSTER_SIZE":0,"INDIVIDUAL_OUTBREAK_ALERT":false,"PROBABILISTIC_OUTBREAK_ALERT":false,"OUTBREAK_ALERT_STATE":"NORMAL","HOTSPOT_Z_SCORE":1.890444},"geometry":{"type":"Polygon","coordinates":[[[124.82332732800012,6.324589354000068],[124.83079359100009,6.303829276000045],[124.81409794800004,6.297688546000075],[124.79739395100012,6.326983348000056],[124.81004402600001,6.351020843000073],[124.82332732800012,6.324589354000068]]]}},{"type":"Feature","id":122,"properties":{"PSGC":"1206313017","PROVINCE":"South Cotabato","PROVINCE_CODE":"1206300000","MUNICIPALITY":"Surallah","MUNICIPALITY_CODE":"1206313000","BARANGAY":"Lamian","CALIBRATION_STATUS":"CALIBRATED_SOUTH_COTABATO","DATE":"2030-01-01","POSTERIOR_MEAN_CASES":1.72,"LOWER_CREDIBLE_CASES":0.0,"UPPER_CREDIBLE_CASES":5.775,"OUTBREAK_PROBABILITY":0.128,"ALERT_LEVEL":"LOW","AUTOMATIC_OUTBREAK_ALERT":false,"OUTBREAK_ALERT_REASON":"NONE","RED_CASE_ZONE":false,"RED_CASE_NEIGHBOR_COUNT":2,"RED_CLUSTER_OUTBREAK_ALERT":false,"RED_CLUSTER_OUTBREAK_ONSET":false,"RED_CLUSTER_LIKELY_ORIGIN":false,"RED_CLUSTER_ID":-1,"RED_CLUSTER_SIZE":0,"INDIVIDUAL_OUTBREAK_ALERT":false,"PROBABILISTIC_OUTBREAK_ALERT":false,"OUTBREAK_ALERT_STATE":"NORMAL","HOTSPOT_Z_SCORE":1.45267},"geometry":{"type":"Polygon","coordinates":[[[124.84543626500012,6.288408201000038],[124.82617540200012,6.283034341000075],[124.82081560903295,6.279691314343249],[124.81755422600008,6.288477529000033],[124.81409794800004,6.297688546000075],[124.83079359100009,6.303829276000045],[124.82332732800012,6.324589354000068],[124.84091787500006,6.331034390000069],[124.85478896100007,6.288891857000068],[124.85232259530946,6.288197288645033],[124.84556777457242,6.28629502218644],[124.84543626500012,6.288408201000038]]]}},{"type":"Feature","id":123,"properties":{"PSGC":"1206313018","PROVINCE":"South Cotabato","PROVINCE_CODE":"1206300000","MUNICIPALITY":"Surallah","MUNICIPALITY_CODE":"1206313000","BARANGAY":"Lamsugod","CALIBRATION_STATUS":"CALIBRATED_SOUTH_COTABATO","DATE":"2030-01-01","POSTERIOR_MEAN_CASES":2.304,"LOWER_CREDIBLE_CASES":0.0,"UPPER_CREDIBLE_CASES":7.0,"OUTBREAK_PROBABILITY":0.124,"ALERT_LEVEL":"LOW","AUTOMATIC_OUTBREAK_ALERT":true,"OUTBREAK_ALERT_REASON":"THREE_CONNECTED_RED_BARANGAYS","RED_CASE_ZONE":true,"RED_CASE_NEIGHBOR_COUNT":2,"RED_CLUSTER_OUTBREAK_ALERT":true,"RED_CLUSTER_OUTBREAK_ONSET":false,"RED_CLUSTER_LIKELY_ORIGIN":false,"RED_CLUSTER_ID":2,"RED_CLUSTER_SIZE":11,"INDIVIDUAL_OUTBREAK_ALERT":false,"PROBABILISTIC_OUTBREAK_ALERT":false,"OUTBREAK_ALERT_STATE":"CLUSTER_OUTBREAK","HOTSPOT_Z_SCORE":2.350464},"geometry":{"type":"Polygon","coordinates":[[[124.81409794800004,6.297688546000075],[124.81755422600008,6.288477529000033],[124.79220255400004,6.279717580000067],[124.78699328300002,6.294813664000059],[124.79150983400007,6.315706338000039],[124.79739395100012,6.326983348000056],[124.81409794800004,6.297688546000075]]]}},{"type":"Feature","id":124,"properties":{"PSGC":"1206313019","PROVINCE":"South Cotabato","PROVINCE_CODE":"1206300000","MUNICIPALITY":"Surallah","MUNICIPALITY_CODE":"1206313000","BARANGAY":"Libertad","CALIBRATION_STATUS":"CALIBRATED_SOUTH_COTABATO","DATE":"2030-01-01","POSTERIOR_MEAN_CASES":2.688,"LOWER_CREDIBLE_CASES":0.0,"UPPER_CREDIBLE_CASES":8.0,"OUTBREAK_PROBABILITY":0.104,"ALERT_LEVEL":"LOW","AUTOMATIC_OUTBREAK_ALERT":true,"OUTBREAK_ALERT_REASON":"THREE_CONNECTED_RED_BARANGAYS","RED_CASE_ZONE":true,"RED_CASE_NEIGHBOR_COUNT":1,"RED_CLUSTER_OUTBREAK_ALERT":true,"RED_CLUSTER_OUTBREAK_ONSET":false,"RED_CLUSTER_LIKELY_ORIGIN":false,"RED_CLUSTER_ID":2,"RED_CLUSTER_SIZE":11,"INDIVIDUAL_OUTBREAK_ALERT":false,"PROBABILISTIC_OUTBREAK_ALERT":false,"OUTBREAK_ALERT_STATE":"CLUSTER_OUTBREAK","HOTSPOT_Z_SCORE":2.31695},"geometry":{"type":"Polygon","coordinates":[[[124.74220017000006,6.365996196000024],[124.73786260400006,6.387270168000043],[124.75637910400008,6.37536340400004],[124.74220017000006,6.365996196000024]]]}},{"type":"Feature","id":125,"properties":{"PSGC":"1206313020","PROVINCE":"South Cotabato","PROVINCE_CODE":"1206300000","MUNICIPALITY":"Surallah","MUNICIPALITY_CODE":"1206313000","BARANGAY":"Little Baguio","CALIBRATION_STATUS":"CALIBRATED_SOUTH_COTABATO","DATE":"2030-01-01","POSTERIOR_MEAN_CASES":2.544,"LOWER_CREDIBLE_CASES":0.0,"UPPER_CREDIBLE_CASES":7.0,"OUTBREAK_PROBABILITY":0.14,"ALERT_LEVEL":"LOW","AUTOMATIC_OUTBREAK_ALERT":true,"OUTBREAK_ALERT_REASON":"THREE_CONNECTED_RED_BARANGAYS","RED_CASE_ZONE":true,"RED_CASE_NEIGHBOR_COUNT":2,"RED_CLUSTER_OUTBREAK_ALERT":true,"RED_CLUSTER_OUTBREAK_ONSET":false,"RED_CLUSTER_LIKELY_ORIGIN":true,"RED_CLUSTER_ID":2,"RED_CLUSTER_SIZE":11,"INDIVIDUAL_OUTBREAK_ALERT":false,"PROBABILISTIC_OUTBREAK_ALERT":false,"OUTBREAK_ALERT_STATE":"CLUSTER_OUTBREAK","HOTSPOT_Z_SCORE":1.627834},"geometry":{"type":"Polygon","coordinates":[[[124.69744350300003,6.293385406000029],[124.72483695300002,6.311876159000064],[124.73081438600002,6.286789553000061],[124.7196632823531,6.281405435448255],[124.69744350300003,6.293385406000029]]]}},{"type":"Feature","id":126,"properties":{"PSGC":"1206313023","PROVINCE":"South Cotabato","PROVINCE_CODE":"1206300000","MUNICIPALITY":"Surallah","MUNICIPALITY_CODE":"1206313000","BARANGAY":"Moloy","CALIBRATION_STATUS":"CALIBRATED_SOUTH_COTABATO","DATE":"2030-01-01","POSTERIOR_MEAN_CASES":2.408,"LOWER_CREDIBLE_CASES":0.0,"UPPER_CREDIBLE_CASES":7.775,"OUTBREAK_PROBABILITY":0.12,"ALERT_LEVEL":"LOW","AUTOMATIC_OUTBREAK_ALERT":true,"OUTBREAK_ALERT_REASON":"THREE_CONNECTED_RED_BARANGAYS","RED_CASE_ZONE":true,"RED_CASE_NEIGHBOR_COUNT":3,"RED_CLUSTER_OUTBREAK_ALERT":true,"RED_CLUSTER_OUTBREAK_ONSET":false,"RED_CLUSTER_LIKELY_ORIGIN":false,"RED_CLUSTER_ID":2,"RED_CLUSTER_SIZE":11,"INDIVIDUAL_OUTBREAK_ALERT":false,"PROBABILISTIC_OUTBREAK_ALERT":false,"OUTBREAK_ALERT_STATE":"CLUSTER_OUTBREAK","HOTSPOT_Z_SCORE":2.831639},"geometry":{"type":"Polygon","coordinates":[[[124.6960390920001,6.324517991000049],[124.66720287400005,6.308469795000063],[124.65683479400002,6.339170082000066],[124.69080939200013,6.356254157000023],[124.7082864,6.371301902000027],[124.7175431290001,6.355506427000024],[124.6960390920001,6.324517991000049]]]}},{"type":"Feature","id":127,"properties":{"PSGC":"1206313024","PROVINCE":"South Cotabato","PROVINCE_CODE":"1206300000","MUNICIPALITY":"Surallah","MUNICIPALITY_CODE":"1206313000","BARANGAY":"Naci","CALIBRATION_STATUS":"CALIBRATED_SOUTH_COTABATO","DATE":"2030-01-01","POSTERIOR_MEAN_CASES":2.244,"LOWER_CREDIBLE_CASES":0.0,"UPPER_CREDIBLE_CASES":8.0,"OUTBREAK_PROBABILITY":0.208,"ALERT_LEVEL":"LOW","AUTOMATIC_OUTBREAK_ALERT":true,"OUTBREAK_ALERT_REASON":"THREE_CONNECTED_RED_BARANGAYS","RED_CASE_ZONE":true,"RED_CASE_NEIGHBOR_COUNT":2,"RED_CLUSTER_OUTBREAK_ALERT":true,"RED_CLUSTER_OUTBREAK_ONSET":false,"RED_CLUSTER_LIKELY_ORIGIN":false,"RED_CLUSTER_ID":2,"RED_CLUSTER_SIZE":11,"INDIVIDUAL_OUTBREAK_ALERT":false,"PROBABILISTIC_OUTBREAK_ALERT":false,"OUTBREAK_ALERT_STATE":"CLUSTER_OUTBREAK","HOTSPOT_Z_SCORE":2.528988},"geometry":{"type":"Polygon","coordinates":[[[124.78157852184228,6.360417874862717],[124.78523614800008,6.366611408000042],[124.81004402600001,6.351020843000073],[124.79739395100012,6.326983348000056],[124.79150983400007,6.315706338000039],[124.76565684,6.328923660000043],[124.78157655670933,6.360418400572327],[124.781578242,6.360417401000064],[124.78157852184228,6.360417874862717]]]}},{"type":"Feature","id":128,"properties":{"PSGC":"1206313028","PROVINCE":"South Cotabato","PROVINCE_CODE":"1206300000","MUNICIPALITY":"Surallah","MUNICIPALITY_CODE":"1206313000","BARANGAY":"Talahik","CALIBRATION_STATUS":"CALIBRATED_SOUTH_COTABATO","DATE":"2030-01-01","POSTERIOR_MEAN_CASES":2.268,"LOWER_CREDIBLE_CASES":0.0,"UPPER_CREDIBLE_CASES":6.775,"OUTBREAK_PROBABILITY":0.224,"ALERT_LEVEL":"LOW","AUTOMATIC_OUTBREAK_ALERT":true,"OUTBREAK_ALERT_REASON":"THREE_CONNECTED_RED_BARANGAYS","RED_CASE_ZONE":true,"RED_CASE_NEIGHBOR_COUNT":2,"RED_CLUSTER_OUTBREAK_ALERT":true,"RED_CLUSTER_OUTBREAK_ONSET":false,"RED_CLUSTER_LIKELY_ORIGIN":false,"RED_CLUSTER_ID":2,"RED_CLUSTER_SIZE":11,"INDIVIDUAL_OUTBREAK_ALERT":false,"PROBABILISTIC_OUTBREAK_ALERT":false,"OUTBREAK_ALERT_STATE":"CLUSTER_OUTBREAK","HOTSPOT_Z_SCORE":2.43861},"geometry":{"type":"Polygon","coordinates":[[[124.69694709600002,6.399655844000052],[124.69958418800003,6.377219575000026],[124.69080939200013,6.356254157000023],[124.65683479400002,6.339170082000066],[124.654012211,6.38220400900002],[124.66158096700009,6.388889744000039],[124.69694709600002,6.399655844000052]]]}},{"type":"Feature","id":129,"properties":{"PSGC":"1206313030","PROVINCE":"South Cotabato","PROVINCE_CODE":"1206300000","MUNICIPALITY":"Surallah","MUNICIPALITY_CODE":"1206313000","BARANGAY":"Tubiala","CALIBRATION_STATUS":"CALIBRATED_SOUTH_COTABATO","DATE":"2030-01-01","POSTERIOR_MEAN_CASES":2.012,"LOWER_CREDIBLE_CASES":0.0,"UPPER_CREDIBLE_CASES":6.0,"OUTBREAK_PROBABILITY":0.16,"ALERT_LEVEL":"LOW","AUTOMATIC_OUTBREAK_ALERT":false,"OUTBREAK_ALERT_REASON":"NONE","RED_CASE_ZONE":false,"RED_CASE_NEIGHBOR_COUNT":3,"RED_CLUSTER_OUTBREAK_ALERT":false,"RED_CLUSTER_OUTBREAK_ONSET":false,"RED_CLUSTER_LIKELY_ORIGIN":false,"RED_CLUSTER_ID":-1,"RED_CLUSTER_SIZE":0,"INDIVIDUAL_OUTBREAK_ALERT":false,"PROBABILISTIC_OUTBREAK_ALERT":false,"OUTBREAK_ALERT_STATE":"NORMAL","HOTSPOT_Z_SCORE":2.491296},"geometry":{"type":"Polygon","coordinates":[[[124.75744370600013,6.312063697000041],[124.76565684,6.328923660000043],[124.79150983400007,6.315706338000039],[124.78699328300002,6.294813664000059],[124.75894214900008,6.29258952600003],[124.75744370600013,6.312063697000041]]]}},{"type":"Feature","id":130,"properties":{"PSGC":"1206313031","PROVINCE":"South Cotabato","PROVINCE_CODE":"1206300000","MUNICIPALITY":"Surallah","MUNICIPALITY_CODE":"1206313000","BARANGAY":"Upper Sepaka","CALIBRATION_STATUS":"CALIBRATED_SOUTH_COTABATO","DATE":"2030-01-01","POSTERIOR_MEAN_CASES":1.74,"LOWER_CREDIBLE_CASES":0.0,"UPPER_CREDIBLE_CASES":5.0,"OUTBREAK_PROBABILITY":0.14,"ALERT_LEVEL":"LOW","AUTOMATIC_OUTBREAK_ALERT":false,"OUTBREAK_ALERT_REASON":"NONE","RED_CASE_ZONE":false,"RED_CASE_NEIGHBOR_COUNT":4,"RED_CLUSTER_OUTBREAK_ALERT":false,"RED_CLUSTER_OUTBREAK_ONSET":false,"RED_CLUSTER_LIKELY_ORIGIN":false,"RED_CLUSTER_ID":-1,"RED_CLUSTER_SIZE":0,"INDIVIDUAL_OUTBREAK_ALERT":false,"PROBABILISTIC_OUTBREAK_ALERT":false,"OUTBREAK_ALERT_STATE":"NORMAL","HOTSPOT_Z_SCORE":2.466086},"geometry":{"type":"Polygon","coordinates":[[[124.61168915548758,6.334765918194835],[124.57705243400005,6.356716961000075],[124.57761244738221,6.35802269026707],[124.58369021000011,6.372193624000033],[124.61041637100006,6.375020861000052],[124.6331832300001,6.399346561000072],[124.66158096700009,6.388889744000039],[124.654012211,6.38220400900002],[124.65683479400002,6.339170082000066],[124.66720287400005,6.308469795000063],[124.6582988799939,6.3058180565883575],[124.65571787333423,6.306862692121324],[124.64799267400008,6.309989386000041],[124.61168915548758,6.334765918194835]]]}},{"type":"Feature","id":131,"properties":{"PSGC":"1206313032","PROVINCE":"South Cotabato","PROVINCE_CODE":"1206300000","MUNICIPALITY":"Surallah","MUNICIPALITY_CODE":"1206313000","BARANGAY":"Veterans","CALIBRATION_STATUS":"CALIBRATED_SOUTH_COTABATO","DATE":"2030-01-01","POSTERIOR_MEAN_CASES":2.248,"LOWER_CREDIBLE_CASES":0.0,"UPPER_CREDIBLE_CASES":6.0,"OUTBREAK_PROBABILITY":0.104,"ALERT_LEVEL":"LOW","AUTOMATIC_OUTBREAK_ALERT":true,"OUTBREAK_ALERT_REASON":"THREE_CONNECTED_RED_BARANGAYS","RED_CASE_ZONE":true,"RED_CASE_NEIGHBOR_COUNT":1,"RED_CLUSTER_OUTBREAK_ALERT":true,"RED_CLUSTER_OUTBREAK_ONSET":false,"RED_CLUSTER_LIKELY_ORIGIN":false,"RED_CLUSTER_ID":2,"RED_CLUSTER_SIZE":11,"INDIVIDUAL_OUTBREAK_ALERT":false,"PROBABILISTIC_OUTBREAK_ALERT":false,"OUTBREAK_ALERT_STATE":"CLUSTER_OUTBREAK","HOTSPOT_Z_SCORE":1.465334},"geometry":{"type":"Polygon","coordinates":[[[124.80294314900004,6.266860051000037],[124.80201840212355,6.26796706227662],[124.79220255400004,6.279717580000067],[124.81755422600008,6.288477529000033],[124.82081560903295,6.279691314343249],[124.82093891100011,6.279359137000029],[124.80294314900004,6.266860051000037]]]}},{"type":"Feature","id":132,"properties":{"PSGC":"1206316001","PROVINCE":"South Cotabato","PROVINCE_CODE":"1206300000","MUNICIPALITY":"T'Boli","MUNICIPALITY_CODE":"1206316000","BARANGAY":"Basag","CALIBRATION_STATUS":"CALIBRATED_SOUTH_COTABATO","DATE":"2030-01-01","POSTERIOR_MEAN_CASES":1.244,"LOWER_CREDIBLE_CASES":0.0,"UPPER_CREDIBLE_CASES":4.0,"OUTBREAK_PROBABILITY":0.352,"ALERT_LEVEL":"MODERATE","AUTOMATIC_OUTBREAK_ALERT":false,"OUTBREAK_ALERT_REASON":"NONE","RED_CASE_ZONE":false,"RED_CASE_NEIGHBOR_COUNT":2,"RED_CLUSTER_OUTBREAK_ALERT":false,"RED_CLUSTER_OUTBREAK_ONSET":false,"RED_CLUSTER_LIKELY_ORIGIN":false,"RED_CLUSTER_ID":-1,"RED_CLUSTER_SIZE":0,"INDIVIDUAL_OUTBREAK_ALERT":false,"PROBABILISTIC_OUTBREAK_ALERT":false,"OUTBREAK_ALERT_STATE":"NORMAL","HOTSPOT_Z_SCORE":1.426737},"geometry":{"type":"Polygon","coordinates":[[[125.05512857400005,6.15348065400002],[125.05512857400005,6.152239214000075],[124.99040631900006,6.141480966000074],[124.95228114600003,6.141586291000066],[124.91736676000006,6.111599020000027],[124.9016011110001,6.13923077900006],[124.91150706400003,6.158951693000063],[124.9857798290001,6.18333779300002],[125.00205960500011,6.198592967000025],[125.00677876600002,6.219444355000065],[125.00369876707144,6.222285821199819],[125.00605795800003,6.220272946000022],[125.0142943976022,6.211110368164926],[125.01607911500003,6.209124970000062],[125.01897904036383,6.205915628298838],[125.04740709106613,6.174392129963318],[125.05512071807922,6.153501929563413],[125.05512857400005,6.15348065400002]]]}},{"type":"Feature","id":133,"properties":{"PSGC":"1206316002","PROVINCE":"South Cotabato","PROVINCE_CODE":"1206300000","MUNICIPALITY":"T'Boli","MUNICIPALITY_CODE":"1206316000","BARANGAY":"Edwards","CALIBRATION_STATUS":"CALIBRATED_SOUTH_COTABATO","DATE":"2030-01-01","POSTERIOR_MEAN_CASES":1.728,"LOWER_CREDIBLE_CASES":0.0,"UPPER_CREDIBLE_CASES":6.0,"OUTBREAK_PROBABILITY":0.26,"ALERT_LEVEL":"LOW","AUTOMATIC_OUTBREAK_ALERT":false,"OUTBREAK_ALERT_REASON":"NONE","RED_CASE_ZONE":false,"RED_CASE_NEIGHBOR_COUNT":0,"RED_CLUSTER_OUTBREAK_ALERT":false,"RED_CLUSTER_OUTBREAK_ONSET":false,"RED_CLUSTER_LIKELY_ORIGIN":false,"RED_CLUSTER_ID":-1,"RED_CLUSTER_SIZE":0,"INDIVIDUAL_OUTBREAK_ALERT":false,"PROBABILISTIC_OUTBREAK_ALERT":false,"OUTBREAK_ALERT_STATE":"NORMAL","HOTSPOT_Z_SCORE":0.531024},"geometry":{"type":"Polygon","coordinates":[[[124.7926073010112,6.252673728993056],[124.81676057200002,6.251670309000076],[124.82112232200008,6.227219518000028],[124.80290824200006,6.211753707000071],[124.7990902270001,6.213016467000045],[124.79227846907372,6.250123987616685],[124.7926073010112,6.252673728993056]]]}},{"type":"Feature","id":134,"properties":{"PSGC":"1206316004","PROVINCE":"South Cotabato","PROVINCE_CODE":"1206300000","MUNICIPALITY":"T'Boli","MUNICIPALITY_CODE":"1206316000","BARANGAY":"Kematu","CALIBRATION_STATUS":"CALIBRATED_SOUTH_COTABATO","DATE":"2030-01-01","POSTERIOR_MEAN_CASES":1.204,"LOWER_CREDIBLE_CASES":0.0,"UPPER_CREDIBLE_CASES":5.0,"OUTBREAK_PROBABILITY":0.304,"ALERT_LEVEL":"MODERATE","AUTOMATIC_OUTBREAK_ALERT":false,"OUTBREAK_ALERT_REASON":"NONE","RED_CASE_ZONE":false,"RED_CASE_NEIGHBOR_COUNT":0,"RED_CLUSTER_OUTBREAK_ALERT":false,"RED_CLUSTER_OUTBREAK_ONSET":false,"RED_CLUSTER_LIKELY_ORIGIN":false,"RED_CLUSTER_ID":-1,"RED_CLUSTER_SIZE":0,"INDIVIDUAL_OUTBREAK_ALERT":false,"PROBABILISTIC_OUTBREAK_ALERT":false,"OUTBREAK_ALERT_STATE":"NORMAL","HOTSPOT_Z_SCORE":0.313156},"geometry":{"type":"Polygon","coordinates":[[[124.87668079200012,6.224061145000062],[124.90247820300009,6.205949223000061],[124.90758150500004,6.194084517000022],[124.90945487900002,6.182219810000049],[124.90570813000011,6.171395868000046],[124.87652040000012,6.174853496000026],[124.83219799900007,6.207992997000077],[124.82112232200008,6.227219518000028],[124.85858689900009,6.232267618000037],[124.87668079200012,6.224061145000062]]]}},{"type":"Feature","id":135,"properties":{"PSGC":"1206316005","PROVINCE":"South Cotabato","PROVINCE_CODE":"1206300000","MUNICIPALITY":"T'Boli","MUNICIPALITY_CODE":"1206316000","BARANGAY":"Laconon","CALIBRATION_STATUS":"CALIBRATED_SOUTH_COTABATO","DATE":"2030-01-01","POSTERIOR_MEAN_CASES":0.952,"LOWER_CREDIBLE_CASES":0.0,"UPPER_CREDIBLE_CASES":4.0,"OUTBREAK_PROBABILITY":0.244,"ALERT_LEVEL":"LOW","AUTOMATIC_OUTBREAK_ALERT":false,"OUTBREAK_ALERT_REASON":"NONE","RED_CASE_ZONE":false,"RED_CASE_NEIGHBOR_COUNT":0,"RED_CLUSTER_OUTBREAK_ALERT":false,"RED_CLUSTER_OUTBREAK_ONSET":false,"RED_CLUSTER_LIKELY_ORIGIN":false,"RED_CLUSTER_ID":-1,"RED_CLUSTER_SIZE":0,"INDIVIDUAL_OUTBREAK_ALERT":false,"PROBABILISTIC_OUTBREAK_ALERT":false,"OUTBREAK_ALERT_STATE":"NORMAL","HOTSPOT_Z_SCORE":-0.646012},"geometry":{"type":"Polygon","coordinates":[[[124.687744359,6.080597101000023],[124.62429608100003,6.112986783000049],[124.66600399200001,6.137575755000057],[124.68484526674902,6.144619221576138],[124.75346848900006,6.126707395000039],[124.76983281077936,6.140198122395353],[124.7824876750001,6.144567211000036],[124.78098091216425,6.16767460792806],[124.81978846800007,6.15634092800002],[124.8215964650001,6.117328178000037],[124.79630684400003,6.107018548000042],[124.81208242200013,6.082218027000066],[124.7879902430001,6.075523994000037],[124.74758100400005,6.073397192000072],[124.7434601540001,6.057808022000073],[124.687744359,6.080597101000023]]]}},{"type":"Feature","id":136,"properties":{"PSGC":"1206316008","PROVINCE":"South Cotabato","PROVINCE_CODE":"1206300000","MUNICIPALITY":"T'Boli","MUNICIPALITY_CODE":"1206316000","BARANGAY":"Lamsalome","CALIBRATION_STATUS":"CALIBRATED_SOUTH_COTABATO","DATE":"2030-01-01","POSTERIOR_MEAN_CASES":1.188,"LOWER_CREDIBLE_CASES":0.0,"UPPER_CREDIBLE_CASES":5.0,"OUTBREAK_PROBABILITY":0.304,"ALERT_LEVEL":"MODERATE","AUTOMATIC_OUTBREAK_ALERT":false,"OUTBREAK_ALERT_REASON":"NONE","RED_CASE_ZONE":false,"RED_CASE_NEIGHBOR_COUNT":0,"RED_CLUSTER_OUTBREAK_ALERT":false,"RED_CLUSTER_OUTBREAK_ONSET":false,"RED_CLUSTER_LIKELY_ORIGIN":false,"RED_CLUSTER_ID":-1,"RED_CLUSTER_SIZE":0,"INDIVIDUAL_OUTBREAK_ALERT":false,"PROBABILISTIC_OUTBREAK_ALERT":false,"OUTBREAK_ALERT_STATE":"NORMAL","HOTSPOT_Z_SCORE":-0.373821},"geometry":{"type":"Polygon","coordinates":[[[124.90514581700005,6.260151453000048],[124.89034759900007,6.278425690000063],[124.91442371618716,6.287088056638422],[124.91618613000003,6.287722157000075],[124.92020918063986,6.284785229163724],[124.93190234500004,6.276248926000051],[124.90514581700005,6.260151453000048]]]}},{"type":"Feature","id":137,"properties":{"PSGC":"1206316011","PROVINCE":"South Cotabato","PROVINCE_CODE":"1206300000","MUNICIPALITY":"T'Boli","MUNICIPALITY_CODE":"1206316000","BARANGAY":"New Dumangas","CALIBRATION_STATUS":"CALIBRATED_SOUTH_COTABATO","DATE":"2030-01-01","POSTERIOR_MEAN_CASES":1.068,"LOWER_CREDIBLE_CASES":0.0,"UPPER_CREDIBLE_CASES":3.775,"OUTBREAK_PROBABILITY":0.252,"ALERT_LEVEL":"LOW","AUTOMATIC_OUTBREAK_ALERT":false,"OUTBREAK_ALERT_REASON":"NONE","RED_CASE_ZONE":false,"RED_CASE_NEIGHBOR_COUNT":0,"RED_CLUSTER_OUTBREAK_ALERT":false,"RED_CLUSTER_OUTBREAK_ONSET":false,"RED_CLUSTER_LIKELY_ORIGIN":false,"RED_CLUSTER_ID":-1,"RED_CLUSTER_SIZE":0,"INDIVIDUAL_OUTBREAK_ALERT":false,"PROBABILISTIC_OUTBREAK_ALERT":false,"OUTBREAK_ALERT_STATE":"NORMAL","HOTSPOT_Z_SCORE":-0.142753},"geometry":{"type":"Polygon","coordinates":[[[124.80290824200006,6.211753707000071],[124.816654491,6.191773710000063],[124.82668848500009,6.170189874000074],[124.81978846800007,6.15634092800002],[124.78098091216425,6.16767460792806],[124.7806439680425,6.172841911885138],[124.78042876600011,6.176142205000075],[124.79104105100008,6.198628011000039],[124.79247122100003,6.231730763000029],[124.79190638500006,6.247238872000024],[124.79227846907372,6.250123987616685],[124.7990902270001,6.213016467000045],[124.80290824200006,6.211753707000071]]]}},{"type":"Feature","id":138,"properties":{"PSGC":"1206316012","PROVINCE":"South Cotabato","PROVINCE_CODE":"1206300000","MUNICIPALITY":"T'Boli","MUNICIPALITY_CODE":"1206316000","BARANGAY":"Sinolon","CALIBRATION_STATUS":"CALIBRATED_SOUTH_COTABATO","DATE":"2030-01-01","POSTERIOR_MEAN_CASES":1.404,"LOWER_CREDIBLE_CASES":0.0,"UPPER_CREDIBLE_CASES":5.0,"OUTBREAK_PROBABILITY":0.364,"ALERT_LEVEL":"MODERATE","AUTOMATIC_OUTBREAK_ALERT":false,"OUTBREAK_ALERT_REASON":"NONE","RED_CASE_ZONE":false,"RED_CASE_NEIGHBOR_COUNT":1,"RED_CLUSTER_OUTBREAK_ALERT":false,"RED_CLUSTER_OUTBREAK_ONSET":false,"RED_CLUSTER_LIKELY_ORIGIN":false,"RED_CLUSTER_ID":-1,"RED_CLUSTER_SIZE":0,"INDIVIDUAL_OUTBREAK_ALERT":false,"PROBABILISTIC_OUTBREAK_ALERT":false,"OUTBREAK_ALERT_STATE":"NORMAL","HOTSPOT_Z_SCORE":0.657398},"geometry":{"type":"Polygon","coordinates":[[[124.80201840212355,6.26796706227662],[124.80294314900004,6.266860051000037],[124.82093891100011,6.279359137000029],[124.82081560903295,6.279691314343249],[124.82617540200012,6.283034341000075],[124.84543626500012,6.288408201000038],[124.84556777457242,6.28629502218644],[124.84607839300008,6.278090083000051],[124.84744064200005,6.261873899000023],[124.81676057200002,6.251670309000076],[124.7926073010112,6.252673728993056],[124.79392891847095,6.262921464497702],[124.80201840212355,6.26796706227662]]]}},{"type":"Feature","id":139,"properties":{"PSGC":"1206316014","PROVINCE":"South Cotabato","PROVINCE_CODE":"1206300000","MUNICIPALITY":"T'Boli","MUNICIPALITY_CODE":"1206316000","BARANGAY":"Lambangan","CALIBRATION_STATUS":"CALIBRATED_SOUTH_COTABATO","DATE":"2030-01-01","POSTERIOR_MEAN_CASES":1.352,"LOWER_CREDIBLE_CASES":0.0,"UPPER_CREDIBLE_CASES":4.0,"OUTBREAK_PROBABILITY":0.172,"ALERT_LEVEL":"LOW","AUTOMATIC_OUTBREAK_ALERT":false,"OUTBREAK_ALERT_REASON":"NONE","RED_CASE_ZONE":false,"RED_CASE_NEIGHBOR_COUNT":0,"RED_CLUSTER_OUTBREAK_ALERT":false,"RED_CLUSTER_OUTBREAK_ONSET":false,"RED_CLUSTER_LIKELY_ORIGIN":false,"RED_CLUSTER_ID":-1,"RED_CLUSTER_SIZE":0,"INDIVIDUAL_OUTBREAK_ALERT":false,"PROBABILISTIC_OUTBREAK_ALERT":false,"OUTBREAK_ALERT_STATE":"NORMAL","HOTSPOT_Z_SCORE":-0.307662},"geometry":{"type":"Polygon","coordinates":[[[124.95247919668311,6.2455587247689826],[124.92928105500006,6.241665298000043],[124.91424239300012,6.21718947100004],[124.903896529,6.255735364000031],[124.90514581700005,6.260151453000048],[124.93190234500004,6.276248926000051],[124.92020918063986,6.284785229163724],[124.92971952900008,6.280999761000032],[124.94350123000005,6.267046858000072],[124.94848774800006,6.25421623400007],[124.95238844087946,6.245755575404004],[124.95247919668311,6.2455587247689826]]]}},{"type":"Feature","id":140,"properties":{"PSGC":"1206316016","PROVINCE":"South Cotabato","PROVINCE_CODE":"1206300000","MUNICIPALITY":"T'Boli","MUNICIPALITY_CODE":"1206316000","BARANGAY":"Maan","CALIBRATION_STATUS":"CALIBRATED_SOUTH_COTABATO","DATE":"2030-01-01","POSTERIOR_MEAN_CASES":1.252,"LOWER_CREDIBLE_CASES":0.0,"UPPER_CREDIBLE_CASES":4.0,"OUTBREAK_PROBABILITY":0.364,"ALERT_LEVEL":"MODERATE","AUTOMATIC_OUTBREAK_ALERT":false,"OUTBREAK_ALERT_REASON":"NONE","RED_CASE_ZONE":false,"RED_CASE_NEIGHBOR_COUNT":0,"RED_CLUSTER_OUTBREAK_ALERT":false,"RED_CLUSTER_OUTBREAK_ONSET":false,"RED_CLUSTER_LIKELY_ORIGIN":false,"RED_CLUSTER_ID":-1,"RED_CLUSTER_SIZE":0,"INDIVIDUAL_OUTBREAK_ALERT":false,"PROBABILISTIC_OUTBREAK_ALERT":false,"OUTBREAK_ALERT_STATE":"NORMAL","HOTSPOT_Z_SCORE":-0.185102},"geometry":{"type":"Polygon","coordinates":[[[125.00519482300001,6.0620872030000355],[125.00603333200002,6.01072849600007],[124.96681353200006,6.011008224000022],[124.95455942700005,6.014761479000072],[124.94128764300001,6.040320160000021],[124.91185436600006,6.048802137000052],[124.89977844900011,6.061453098000071],[124.9089698040001,6.075702661000037],[124.92324654100004,6.101136373000032],[124.96039984900005,6.092962645000056],[124.99086556200007,6.096677976000025],[125.00519482300001,6.0620872030000355]]]}},{"type":"Feature","id":141,"properties":{"PSGC":"1206316017","PROVINCE":"South Cotabato","PROVINCE_CODE":"1206300000","MUNICIPALITY":"T'Boli","MUNICIPALITY_CODE":"1206316000","BARANGAY":"Afus","CALIBRATION_STATUS":"CALIBRATED_SOUTH_COTABATO","DATE":"2030-01-01","POSTERIOR_MEAN_CASES":1.176,"LOWER_CREDIBLE_CASES":0.0,"UPPER_CREDIBLE_CASES":4.775,"OUTBREAK_PROBABILITY":0.296,"ALERT_LEVEL":"LOW","AUTOMATIC_OUTBREAK_ALERT":false,"OUTBREAK_ALERT_REASON":"NONE","RED_CASE_ZONE":false,"RED_CASE_NEIGHBOR_COUNT":0,"RED_CLUSTER_OUTBREAK_ALERT":false,"RED_CLUSTER_OUTBREAK_ONSET":false,"RED_CLUSTER_LIKELY_ORIGIN":false,"RED_CLUSTER_ID":-1,"RED_CLUSTER_SIZE":0,"INDIVIDUAL_OUTBREAK_ALERT":false,"PROBABILISTIC_OUTBREAK_ALERT":false,"OUTBREAK_ALERT_STATE":"NORMAL","HOTSPOT_Z_SCORE":0.16352},"geometry":{"type":"Polygon","coordinates":[[[124.816654491,6.191773710000063],[124.83322339900006,6.19393210000004],[124.86349902200004,6.161186618000045],[124.85273846300004,6.134220583000057],[124.82668848500009,6.170189874000074],[124.816654491,6.191773710000063]]]}},{"type":"Feature","id":142,"properties":{"PSGC":"1206316018","PROVINCE":"South Cotabato","PROVINCE_CODE":"1206300000","MUNICIPALITY":"T'Boli","MUNICIPALITY_CODE":"1206316000","BARANGAY":"Lambuling","CALIBRATION_STATUS":"CALIBRATED_SOUTH_COTABATO","DATE":"2030-01-01","POSTERIOR_MEAN_CASES":1.224,"LOWER_CREDIBLE_CASES":0.0,"UPPER_CREDIBLE_CASES":5.0,"OUTBREAK_PROBABILITY":0.312,"ALERT_LEVEL":"MODERATE","AUTOMATIC_OUTBREAK_ALERT":false,"OUTBREAK_ALERT_REASON":"NONE","RED_CASE_ZONE":false,"RED_CASE_NEIGHBOR_COUNT":0,"RED_CLUSTER_OUTBREAK_ALERT":false,"RED_CLUSTER_OUTBREAK_ONSET":false,"RED_CLUSTER_LIKELY_ORIGIN":false,"RED_CLUSTER_ID":-1,"RED_CLUSTER_SIZE":0,"INDIVIDUAL_OUTBREAK_ALERT":false,"PROBABILISTIC_OUTBREAK_ALERT":false,"OUTBREAK_ALERT_STATE":"NORMAL","HOTSPOT_Z_SCORE":-0.328086},"geometry":{"type":"Polygon","coordinates":[[[124.87668079200012,6.224061145000062],[124.8810371090001,6.264448585000025],[124.903896529,6.255735364000031],[124.91424239300012,6.21718947100004],[124.90247820300009,6.205949223000061],[124.87668079200012,6.224061145000062]]]}},{"type":"Feature","id":143,"properties":{"PSGC":"1206316019","PROVINCE":"South Cotabato","PROVINCE_CODE":"1206300000","MUNICIPALITY":"T'Boli","MUNICIPALITY_CODE":"1206316000","BARANGAY":"Lamhako","CALIBRATION_STATUS":"CALIBRATED_SOUTH_COTABATO","DATE":"2030-01-01","POSTERIOR_MEAN_CASES":1.1,"LOWER_CREDIBLE_CASES":0.0,"UPPER_CREDIBLE_CASES":4.0,"OUTBREAK_PROBABILITY":0.3,"ALERT_LEVEL":"MODERATE","AUTOMATIC_OUTBREAK_ALERT":false,"OUTBREAK_ALERT_REASON":"NONE","RED_CASE_ZONE":false,"RED_CASE_NEIGHBOR_COUNT":0,"RED_CLUSTER_OUTBREAK_ALERT":false,"RED_CLUSTER_OUTBREAK_ONSET":false,"RED_CLUSTER_LIKELY_ORIGIN":false,"RED_CLUSTER_ID":-1,"RED_CLUSTER_SIZE":0,"INDIVIDUAL_OUTBREAK_ALERT":false,"PROBABILISTIC_OUTBREAK_ALERT":false,"OUTBREAK_ALERT_STATE":"NORMAL","HOTSPOT_Z_SCORE":-0.153713},"geometry":{"type":"Polygon","coordinates":[[[124.85858689900009,6.232267618000037],[124.84744064200005,6.261873899000023],[124.84607839300008,6.278090083000051],[124.8810371090001,6.264448585000025],[124.87668079200012,6.224061145000062],[124.85858689900009,6.232267618000037]]]}},{"type":"Feature","id":144,"properties":{"PSGC":"1206316020","PROVINCE":"South Cotabato","PROVINCE_CODE":"1206300000","MUNICIPALITY":"T'Boli","MUNICIPALITY_CODE":"1206316000","BARANGAY":"Poblacion","CALIBRATION_STATUS":"CALIBRATED_SOUTH_COTABATO","DATE":"2030-01-01","POSTERIOR_MEAN_CASES":2.024,"LOWER_CREDIBLE_CASES":0.0,"UPPER_CREDIBLE_CASES":5.775,"OUTBREAK_PROBABILITY":0.152,"ALERT_LEVEL":"LOW","AUTOMATIC_OUTBREAK_ALERT":false,"OUTBREAK_ALERT_REASON":"NONE","RED_CASE_ZONE":false,"RED_CASE_NEIGHBOR_COUNT":0,"RED_CLUSTER_OUTBREAK_ALERT":false,"RED_CLUSTER_OUTBREAK_ONSET":false,"RED_CLUSTER_LIKELY_ORIGIN":false,"RED_CLUSTER_ID":-1,"RED_CLUSTER_SIZE":0,"INDIVIDUAL_OUTBREAK_ALERT":false,"PROBABILISTIC_OUTBREAK_ALERT":false,"OUTBREAK_ALERT_STATE":"NORMAL","HOTSPOT_Z_SCORE":0.45887},"geometry":{"type":"Polygon","coordinates":[[[124.82112232200008,6.227219518000028],[124.83219799900007,6.207992997000077],[124.83322339900006,6.19393210000004],[124.816654491,6.191773710000063],[124.80290824200006,6.211753707000071],[124.82112232200008,6.227219518000028]]]}},{"type":"Feature","id":145,"properties":{"PSGC":"1206316021","PROVINCE":"South Cotabato","PROVINCE_CODE":"1206300000","MUNICIPALITY":"T'Boli","MUNICIPALITY_CODE":"1206316000","BARANGAY":"Talcon","CALIBRATION_STATUS":"CALIBRATED_SOUTH_COTABATO","DATE":"2030-01-01","POSTERIOR_MEAN_CASES":1.132,"LOWER_CREDIBLE_CASES":0.0,"UPPER_CREDIBLE_CASES":4.0,"OUTBREAK_PROBABILITY":0.336,"ALERT_LEVEL":"MODERATE","AUTOMATIC_OUTBREAK_ALERT":false,"OUTBREAK_ALERT_REASON":"NONE","RED_CASE_ZONE":false,"RED_CASE_NEIGHBOR_COUNT":0,"RED_CLUSTER_OUTBREAK_ALERT":false,"RED_CLUSTER_OUTBREAK_ONSET":false,"RED_CLUSTER_LIKELY_ORIGIN":false,"RED_CLUSTER_ID":-1,"RED_CLUSTER_SIZE":0,"INDIVIDUAL_OUTBREAK_ALERT":false,"PROBABILISTIC_OUTBREAK_ALERT":false,"OUTBREAK_ALERT_STATE":"NORMAL","HOTSPOT_Z_SCORE":-0.336489},"geometry":{"type":"Polygon","coordinates":[[[124.98553710100009,6.239040944000067],[124.9817684740001,6.233297394000033],[124.95813880900005,6.207074718000057],[124.93644386400001,6.19973432300003],[124.93401690300004,6.208447056000068],[124.96200136400012,6.238011189000075],[124.96235531380823,6.238026675304356],[124.96297246400002,6.237592283000028],[124.96585867977505,6.238179957465061],[124.98553710100009,6.239040944000067]]]}},{"type":"Feature","id":146,"properties":{"PSGC":"1206316022","PROVINCE":"South Cotabato","PROVINCE_CODE":"1206300000","MUNICIPALITY":"T'Boli","MUNICIPALITY_CODE":"1206316000","BARANGAY":"Talufo","CALIBRATION_STATUS":"CALIBRATED_SOUTH_COTABATO","DATE":"2030-01-01","POSTERIOR_MEAN_CASES":0.96,"LOWER_CREDIBLE_CASES":0.0,"UPPER_CREDIBLE_CASES":3.0,"OUTBREAK_PROBABILITY":0.248,"ALERT_LEVEL":"LOW","AUTOMATIC_OUTBREAK_ALERT":false,"OUTBREAK_ALERT_REASON":"NONE","RED_CASE_ZONE":false,"RED_CASE_NEIGHBOR_COUNT":0,"RED_CLUSTER_OUTBREAK_ALERT":false,"RED_CLUSTER_OUTBREAK_ONSET":false,"RED_CLUSTER_LIKELY_ORIGIN":false,"RED_CLUSTER_ID":-1,"RED_CLUSTER_SIZE":0,"INDIVIDUAL_OUTBREAK_ALERT":false,"PROBABILISTIC_OUTBREAK_ALERT":false,"OUTBREAK_ALERT_STATE":"NORMAL","HOTSPOT_Z_SCORE":-0.192857},"geometry":{"type":"Polygon","coordinates":[[[124.85232259530946,6.288197288645033],[124.87390586700009,6.287536243000035],[124.89034759900007,6.278425690000063],[124.90514581700005,6.260151453000048],[124.903896529,6.255735364000031],[124.8810371090001,6.264448585000025],[124.84607839300008,6.278090083000051],[124.84556777457242,6.28629502218644],[124.85232259530946,6.288197288645033]]]}},{"type":"Feature","id":147,"properties":{"PSGC":"1206316023","PROVINCE":"South Cotabato","PROVINCE_CODE":"1206300000","MUNICIPALITY":"T'Boli","MUNICIPALITY_CODE":"1206316000","BARANGAY":"Tudok","CALIBRATION_STATUS":"CALIBRATED_SOUTH_COTABATO","DATE":"2030-01-01","POSTERIOR_MEAN_CASES":1.096,"LOWER_CREDIBLE_CASES":0.0,"UPPER_CREDIBLE_CASES":4.0,"OUTBREAK_PROBABILITY":0.292,"ALERT_LEVEL":"LOW","AUTOMATIC_OUTBREAK_ALERT":false,"OUTBREAK_ALERT_REASON":"NONE","RED_CASE_ZONE":false,"RED_CASE_NEIGHBOR_COUNT":0,"RED_CLUSTER_OUTBREAK_ALERT":false,"RED_CLUSTER_OUTBREAK_ONSET":false,"RED_CLUSTER_LIKELY_ORIGIN":false,"RED_CLUSTER_ID":-1,"RED_CLUSTER_SIZE":0,"INDIVIDUAL_OUTBREAK_ALERT":false,"PROBABILISTIC_OUTBREAK_ALERT":false,"OUTBREAK_ALERT_STATE":"NORMAL","HOTSPOT_Z_SCORE":-0.573035},"geometry":{"type":"Polygon","coordinates":[[[124.84607298500009,6.013338533000023],[124.7434601540001,6.057808022000073],[124.74758100400005,6.073397192000072],[124.7879902430001,6.075523994000037],[124.81208242200013,6.082218027000066],[124.83110170700003,6.073026663000062],[124.86426950000009,6.068449463000035],[124.89977844900011,6.061453098000071],[124.91185436600006,6.048802137000052],[124.94128764300001,6.040320160000021],[124.95455942700005,6.014761479000072],[124.96681353200006,6.011008224000022],[124.84607298500009,6.013338533000023]]]}},{"type":"Feature","id":148,"properties":{"PSGC":"1206316024","PROVINCE":"South Cotabato","PROVINCE_CODE":"1206300000","MUNICIPALITY":"T'Boli","MUNICIPALITY_CODE":"1206316000","BARANGAY":"Aflek","CALIBRATION_STATUS":"CALIBRATED_SOUTH_COTABATO","DATE":"2030-01-01","POSTERIOR_MEAN_CASES":1.04,"LOWER_CREDIBLE_CASES":0.0,"UPPER_CREDIBLE_CASES":4.0,"OUTBREAK_PROBABILITY":0.272,"ALERT_LEVEL":"LOW","AUTOMATIC_OUTBREAK_ALERT":false,"OUTBREAK_ALERT_REASON":"NONE","RED_CASE_ZONE":false,"RED_CASE_NEIGHBOR_COUNT":0,"RED_CLUSTER_OUTBREAK_ALERT":false,"RED_CLUSTER_OUTBREAK_ONSET":false,"RED_CLUSTER_LIKELY_ORIGIN":false,"RED_CLUSTER_ID":-1,"RED_CLUSTER_SIZE":0,"INDIVIDUAL_OUTBREAK_ALERT":false,"PROBABILISTIC_OUTBREAK_ALERT":false,"OUTBREAK_ALERT_STATE":"NORMAL","HOTSPOT_Z_SCORE":0.379417},"geometry":{"type":"Polygon","coordinates":[[[125.00369876707144,6.222285821199819],[125.00677876600002,6.219444355000065],[125.00205960500011,6.198592967000025],[124.9857798290001,6.18333779300002],[124.91150706400003,6.158951693000063],[124.90570813000011,6.171395868000046],[124.90945487900002,6.182219810000049],[124.97000224300007,6.196876622000048],[124.9817684740001,6.233297394000033],[124.98553710100009,6.239040944000067],[124.9863654106523,6.2382767833837],[124.99131714500004,6.232849892000046],[125.00369876707144,6.222285821199819]]]}},{"type":"Feature","id":149,"properties":{"PSGC":"1206316025","PROVINCE":"South Cotabato","PROVINCE_CODE":"1206300000","MUNICIPALITY":"T'Boli","MUNICIPALITY_CODE":"1206316000","BARANGAY":"Datal Bob","CALIBRATION_STATUS":"CALIBRATED_SOUTH_COTABATO","DATE":"2030-01-01","POSTERIOR_MEAN_CASES":1.18,"LOWER_CREDIBLE_CASES":0.0,"UPPER_CREDIBLE_CASES":4.0,"OUTBREAK_PROBABILITY":0.312,"ALERT_LEVEL":"MODERATE","AUTOMATIC_OUTBREAK_ALERT":false,"OUTBREAK_ALERT_REASON":"NONE","RED_CASE_ZONE":false,"RED_CASE_NEIGHBOR_COUNT":0,"RED_CLUSTER_OUTBREAK_ALERT":false,"RED_CLUSTER_OUTBREAK_ONSET":false,"RED_CLUSTER_LIKELY_ORIGIN":false,"RED_CLUSTER_ID":-1,"RED_CLUSTER_SIZE":0,"INDIVIDUAL_OUTBREAK_ALERT":false,"PROBABILISTIC_OUTBREAK_ALERT":false,"OUTBREAK_ALERT_STATE":"NORMAL","HOTSPOT_Z_SCORE":-0.389422},"geometry":{"type":"Polygon","coordinates":[[[124.90247820300009,6.205949223000061],[124.91424239300012,6.21718947100004],[124.92928105500006,6.241665298000043],[124.95247919668311,6.2455587247689826],[124.95287544800009,6.244699250000052],[124.9591417105107,6.240288628002745],[124.96200136400012,6.238011189000075],[124.93401690300004,6.208447056000068],[124.93644386400001,6.19973432300003],[124.90758150500004,6.194084517000022],[124.90247820300009,6.205949223000061]]]}},{"type":"Feature","id":150,"properties":{"PSGC":"1206316026","PROVINCE":"South Cotabato","PROVINCE_CODE":"1206300000","MUNICIPALITY":"T'Boli","MUNICIPALITY_CODE":"1206316000","BARANGAY":"Desawo","CALIBRATION_STATUS":"CALIBRATED_SOUTH_COTABATO","DATE":"2030-01-01","POSTERIOR_MEAN_CASES":1.2,"LOWER_CREDIBLE_CASES":0.0,"UPPER_CREDIBLE_CASES":5.0,"OUTBREAK_PROBABILITY":0.324,"ALERT_LEVEL":"MODERATE","AUTOMATIC_OUTBREAK_ALERT":false,"OUTBREAK_ALERT_REASON":"NONE","RED_CASE_ZONE":false,"RED_CASE_NEIGHBOR_COUNT":0,"RED_CLUSTER_OUTBREAK_ALERT":false,"RED_CLUSTER_OUTBREAK_ONSET":false,"RED_CLUSTER_LIKELY_ORIGIN":false,"RED_CLUSTER_ID":-1,"RED_CLUSTER_SIZE":0,"INDIVIDUAL_OUTBREAK_ALERT":false,"PROBABILISTIC_OUTBREAK_ALERT":false,"OUTBREAK_ALERT_STATE":"NORMAL","HOTSPOT_Z_SCORE":0.29924},"geometry":{"type":"Polygon","coordinates":[[[124.87652040000012,6.174853496000026],[124.86349902200004,6.161186618000045],[124.83322339900006,6.19393210000004],[124.83219799900007,6.207992997000077],[124.87652040000012,6.174853496000026]]]}},{"type":"Feature","id":151,"properties":{"PSGC":"1206316027","PROVINCE":"South Cotabato","PROVINCE_CODE":"1206300000","MUNICIPALITY":"T'Boli","MUNICIPALITY_CODE":"1206316000","BARANGAY":"Dlanag","CALIBRATION_STATUS":"CALIBRATED_SOUTH_COTABATO","DATE":"2030-01-01","POSTERIOR_MEAN_CASES":0.872,"LOWER_CREDIBLE_CASES":0.0,"UPPER_CREDIBLE_CASES":3.775,"OUTBREAK_PROBABILITY":0.216,"ALERT_LEVEL":"LOW","AUTOMATIC_OUTBREAK_ALERT":false,"OUTBREAK_ALERT_REASON":"NONE","RED_CASE_ZONE":false,"RED_CASE_NEIGHBOR_COUNT":0,"RED_CLUSTER_OUTBREAK_ALERT":false,"RED_CLUSTER_OUTBREAK_ONSET":false,"RED_CLUSTER_LIKELY_ORIGIN":false,"RED_CLUSTER_ID":-1,"RED_CLUSTER_SIZE":0,"INDIVIDUAL_OUTBREAK_ALERT":false,"PROBABILISTIC_OUTBREAK_ALERT":false,"OUTBREAK_ALERT_STATE":"NORMAL","HOTSPOT_Z_SCORE":-0.624878},"geometry":{"type":"Polygon","coordinates":[[[124.79630684400003,6.107018548000042],[124.8215964650001,6.117328178000037],[124.8570830550001,6.082883079000055],[124.86426950000009,6.068449463000035],[124.83110170700003,6.073026663000062],[124.81208242200013,6.082218027000066],[124.79630684400003,6.107018548000042]]]}},{"type":"Feature","id":152,"properties":{"PSGC":"1206316028","PROVINCE":"South Cotabato","PROVINCE_CODE":"1206300000","MUNICIPALITY":"T'Boli","MUNICIPALITY_CODE":"1206316000","BARANGAY":"Lemsnolon","CALIBRATION_STATUS":"CALIBRATED_SOUTH_COTABATO","DATE":"2030-01-01","POSTERIOR_MEAN_CASES":1.46,"LOWER_CREDIBLE_CASES":0.0,"UPPER_CREDIBLE_CASES":4.775,"OUTBREAK_PROBABILITY":0.2,"ALERT_LEVEL":"LOW","AUTOMATIC_OUTBREAK_ALERT":false,"OUTBREAK_ALERT_REASON":"NONE","RED_CASE_ZONE":false,"RED_CASE_NEIGHBOR_COUNT":0,"RED_CLUSTER_OUTBREAK_ALERT":false,"RED_CLUSTER_OUTBREAK_ONSET":false,"RED_CLUSTER_LIKELY_ORIGIN":false,"RED_CLUSTER_ID":-1,"RED_CLUSTER_SIZE":0,"INDIVIDUAL_OUTBREAK_ALERT":false,"PROBABILISTIC_OUTBREAK_ALERT":false,"OUTBREAK_ALERT_STATE":"NORMAL","HOTSPOT_Z_SCORE":0.669833},"geometry":{"type":"Polygon","coordinates":[[[124.81676057200002,6.251670309000076],[124.84744064200005,6.261873899000023],[124.85858689900009,6.232267618000037],[124.82112232200008,6.227219518000028],[124.81676057200002,6.251670309000076]]]}},{"type":"Feature","id":153,"properties":{"PSGC":"1206316029","PROVINCE":"South Cotabato","PROVINCE_CODE":"1206300000","MUNICIPALITY":"T'Boli","MUNICIPALITY_CODE":"1206316000","BARANGAY":"Malugong","CALIBRATION_STATUS":"CALIBRATED_SOUTH_COTABATO","DATE":"2030-01-01","POSTERIOR_MEAN_CASES":1.364,"LOWER_CREDIBLE_CASES":0.0,"UPPER_CREDIBLE_CASES":5.0,"OUTBREAK_PROBABILITY":0.208,"ALERT_LEVEL":"LOW","AUTOMATIC_OUTBREAK_ALERT":false,"OUTBREAK_ALERT_REASON":"NONE","RED_CASE_ZONE":false,"RED_CASE_NEIGHBOR_COUNT":0,"RED_CLUSTER_OUTBREAK_ALERT":false,"RED_CLUSTER_OUTBREAK_ONSET":false,"RED_CLUSTER_LIKELY_ORIGIN":false,"RED_CLUSTER_ID":-1,"RED_CLUSTER_SIZE":0,"INDIVIDUAL_OUTBREAK_ALERT":false,"PROBABILISTIC_OUTBREAK_ALERT":false,"OUTBREAK_ALERT_STATE":"NORMAL","HOTSPOT_Z_SCORE":-0.258557},"geometry":{"type":"Polygon","coordinates":[[[124.90758150500004,6.194084517000022],[124.93644386400001,6.19973432300003],[124.95813880900005,6.207074718000057],[124.9817684740001,6.233297394000033],[124.97000224300007,6.196876622000048],[124.90945487900002,6.182219810000049],[124.90758150500004,6.194084517000022]]]}},{"type":"Feature","id":154,"properties":{"PSGC":"1206316030","PROVINCE":"South Cotabato","PROVINCE_CODE":"1206300000","MUNICIPALITY":"T'Boli","MUNICIPALITY_CODE":"1206316000","BARANGAY":"Mongocayo","CALIBRATION_STATUS":"CALIBRATED_SOUTH_COTABATO","DATE":"2030-01-01","POSTERIOR_MEAN_CASES":1.212,"LOWER_CREDIBLE_CASES":0.0,"UPPER_CREDIBLE_CASES":4.0,"OUTBREAK_PROBABILITY":0.312,"ALERT_LEVEL":"MODERATE","AUTOMATIC_OUTBREAK_ALERT":false,"OUTBREAK_ALERT_REASON":"NONE","RED_CASE_ZONE":false,"RED_CASE_NEIGHBOR_COUNT":0,"RED_CLUSTER_OUTBREAK_ALERT":false,"RED_CLUSTER_OUTBREAK_ONSET":false,"RED_CLUSTER_LIKELY_ORIGIN":false,"RED_CLUSTER_ID":-1,"RED_CLUSTER_SIZE":0,"INDIVIDUAL_OUTBREAK_ALERT":false,"PROBABILISTIC_OUTBREAK_ALERT":false,"OUTBREAK_ALERT_STATE":"NORMAL","HOTSPOT_Z_SCORE":-0.064278},"geometry":{"type":"Polygon","coordinates":[[[124.99086556200007,6.096677976000025],[124.96039984900005,6.092962645000056],[124.92324654100004,6.101136373000032],[124.91736676000006,6.111599020000027],[124.95228114600003,6.141586291000066],[124.99040631900006,6.141480966000074],[124.99086556200007,6.096677976000025]]]}},{"type":"Feature","id":155,"properties":{"PSGC":"1206316031","PROVINCE":"South Cotabato","PROVINCE_CODE":"1206300000","MUNICIPALITY":"T'Boli","MUNICIPALITY_CODE":"1206316000","BARANGAY":"Salacafe","CALIBRATION_STATUS":"CALIBRATED_SOUTH_COTABATO","DATE":"2030-01-01","POSTERIOR_MEAN_CASES":1.2,"LOWER_CREDIBLE_CASES":0.0,"UPPER_CREDIBLE_CASES":4.0,"OUTBREAK_PROBABILITY":0.348,"ALERT_LEVEL":"MODERATE","AUTOMATIC_OUTBREAK_ALERT":false,"OUTBREAK_ALERT_REASON":"NONE","RED_CASE_ZONE":false,"RED_CASE_NEIGHBOR_COUNT":0,"RED_CLUSTER_OUTBREAK_ALERT":false,"RED_CLUSTER_OUTBREAK_ONSET":false,"RED_CLUSTER_LIKELY_ORIGIN":false,"RED_CLUSTER_ID":-1,"RED_CLUSTER_SIZE":0,"INDIVIDUAL_OUTBREAK_ALERT":false,"PROBABILISTIC_OUTBREAK_ALERT":false,"OUTBREAK_ALERT_STATE":"NORMAL","HOTSPOT_Z_SCORE":-0.589316},"geometry":{"type":"Polygon","coordinates":[[[124.81978846800007,6.15634092800002],[124.82668848500009,6.170189874000074],[124.85273846300004,6.134220583000057],[124.87208478900004,6.107573560000048],[124.89588020500001,6.094890474000066],[124.9089698040001,6.075702661000037],[124.89977844900011,6.061453098000071],[124.86426950000009,6.068449463000035],[124.8570830550001,6.082883079000055],[124.8215964650001,6.117328178000037],[124.81978846800007,6.15634092800002]]]}},{"type":"Feature","id":156,"properties":{"PSGC":"1206316032","PROVINCE":"South Cotabato","PROVINCE_CODE":"1206300000","MUNICIPALITY":"T'Boli","MUNICIPALITY_CODE":"1206316000","BARANGAY":"T'bolok","CALIBRATION_STATUS":"CALIBRATED_SOUTH_COTABATO","DATE":"2030-01-01","POSTERIOR_MEAN_CASES":1.288,"LOWER_CREDIBLE_CASES":0.0,"UPPER_CREDIBLE_CASES":5.0,"OUTBREAK_PROBABILITY":0.352,"ALERT_LEVEL":"MODERATE","AUTOMATIC_OUTBREAK_ALERT":false,"OUTBREAK_ALERT_REASON":"NONE","RED_CASE_ZONE":false,"RED_CASE_NEIGHBOR_COUNT":0,"RED_CLUSTER_OUTBREAK_ALERT":false,"RED_CLUSTER_OUTBREAK_ONSET":false,"RED_CLUSTER_LIKELY_ORIGIN":false,"RED_CLUSTER_ID":-1,"RED_CLUSTER_SIZE":0,"INDIVIDUAL_OUTBREAK_ALERT":false,"PROBABILISTIC_OUTBREAK_ALERT":false,"OUTBREAK_ALERT_STATE":"NORMAL","HOTSPOT_Z_SCORE":-0.281368},"geometry":{"type":"Polygon","coordinates":[[[124.9016011110001,6.13923077900006],[124.91736676000006,6.111599020000027],[124.92324654100004,6.101136373000032],[124.9089698040001,6.075702661000037],[124.89588020500001,6.094890474000066],[124.87208478900004,6.107573560000048],[124.85273846300004,6.134220583000057],[124.86349902200004,6.161186618000045],[124.87652040000012,6.174853496000026],[124.90570813000011,6.171395868000046],[124.91150706400003,6.158951693000063],[124.9016011110001,6.13923077900006]]]}},{"type":"Feature","id":157,"properties":{"PSGC":"1206314001","PROVINCE":"South Cotabato","PROVINCE_CODE":"1206300000","MUNICIPALITY":"Tampakan","MUNICIPALITY_CODE":"1206314000","BARANGAY":"Albagan","CALIBRATION_STATUS":"CALIBRATED_SOUTH_COTABATO","DATE":"2030-01-01","POSTERIOR_MEAN_CASES":1.092,"LOWER_CREDIBLE_CASES":0.0,"UPPER_CREDIBLE_CASES":4.0,"OUTBREAK_PROBABILITY":0.136,"ALERT_LEVEL":"LOW","AUTOMATIC_OUTBREAK_ALERT":false,"OUTBREAK_ALERT_REASON":"NONE","RED_CASE_ZONE":false,"RED_CASE_NEIGHBOR_COUNT":0,"RED_CLUSTER_OUTBREAK_ALERT":false,"RED_CLUSTER_OUTBREAK_ONSET":false,"RED_CLUSTER_LIKELY_ORIGIN":false,"RED_CLUSTER_ID":-1,"RED_CLUSTER_SIZE":0,"INDIVIDUAL_OUTBREAK_ALERT":false,"PROBABILISTIC_OUTBREAK_ALERT":false,"OUTBREAK_ALERT_STATE":"NORMAL","HOTSPOT_Z_SCORE":-0.274183},"geometry":{"type":"Polygon","coordinates":[[[125.02583838900013,6.408626915000069],[125.02586916473805,6.408894077295115],[125.02960019300008,6.441282905000038],[125.05348536877742,6.420189603597542],[125.05343413559024,6.42015160828915],[125.04515098200011,6.414008696000053],[125.03200873600008,6.409384573000067],[125.02662215059163,6.408954233991944],[125.02583838900013,6.408626915000069]]]}},{"type":"Feature","id":158,"properties":{"PSGC":"1206314002","PROVINCE":"South Cotabato","PROVINCE_CODE":"1206300000","MUNICIPALITY":"Tampakan","MUNICIPALITY_CODE":"1206314000","BARANGAY":"Kipalbig","CALIBRATION_STATUS":"CALIBRATED_SOUTH_COTABATO","DATE":"2030-01-01","POSTERIOR_MEAN_CASES":1.288,"LOWER_CREDIBLE_CASES":0.0,"UPPER_CREDIBLE_CASES":4.0,"OUTBREAK_PROBABILITY":0.156,"ALERT_LEVEL":"LOW","AUTOMATIC_OUTBREAK_ALERT":false,"OUTBREAK_ALERT_REASON":"NONE","RED_CASE_ZONE":false,"RED_CASE_NEIGHBOR_COUNT":0,"RED_CLUSTER_OUTBREAK_ALERT":false,"RED_CLUSTER_OUTBREAK_ONSET":false,"RED_CLUSTER_LIKELY_ORIGIN":false,"RED_CLUSTER_ID":-1,"RED_CLUSTER_SIZE":0,"INDIVIDUAL_OUTBREAK_ALERT":false,"PROBABILISTIC_OUTBREAK_ALERT":false,"OUTBREAK_ALERT_STATE":"NORMAL","HOTSPOT_Z_SCORE":-0.165535},"geometry":{"type":"Polygon","coordinates":[[[124.92026460200009,6.398793743000055],[124.91131723687468,6.401789638643231],[124.91101075100003,6.401892261000058],[124.91099184763216,6.40183966592241],[124.90664113491893,6.402508570394623],[124.90646919800008,6.402535005000063],[124.90657894943448,6.403109815885437],[124.91253508279107,6.4343043994177],[124.91309273905512,6.43453685497564],[124.92025628800002,6.428051690000074],[124.95270998100013,6.425746931000049],[124.98247281700004,6.420100937000027],[124.99577351963073,6.406232637560752],[124.991596328,6.405855772000052],[124.9756362060001,6.409782468000059],[124.96986553700003,6.408181616000036],[124.95407050300001,6.395216497000034],[124.93193636100011,6.399538994000067],[124.92771082782204,6.399269190380361],[124.92026460200009,6.398793743000055]]]}},{"type":"Feature","id":159,"properties":{"PSGC":"1206314003","PROVINCE":"South Cotabato","PROVINCE_CODE":"1206300000","MUNICIPALITY":"Tampakan","MUNICIPALITY_CODE":"1206314000","BARANGAY":"Lambayong","CALIBRATION_STATUS":"CALIBRATED_SOUTH_COTABATO","DATE":"2030-01-01","POSTERIOR_MEAN_CASES":1.24,"LOWER_CREDIBLE_CASES":0.0,"UPPER_CREDIBLE_CASES":4.0,"OUTBREAK_PROBABILITY":0.348,"ALERT_LEVEL":"MODERATE","AUTOMATIC_OUTBREAK_ALERT":false,"OUTBREAK_ALERT_REASON":"NONE","RED_CASE_ZONE":false,"RED_CASE_NEIGHBOR_COUNT":0,"RED_CLUSTER_OUTBREAK_ALERT":false,"RED_CLUSTER_OUTBREAK_ONSET":false,"RED_CLUSTER_LIKELY_ORIGIN":false,"RED_CLUSTER_ID":-1,"RED_CLUSTER_SIZE":0,"INDIVIDUAL_OUTBREAK_ALERT":false,"PROBABILISTIC_OUTBREAK_ALERT":false,"OUTBREAK_ALERT_STATE":"NORMAL","HOTSPOT_Z_SCORE":0.104126},"geometry":{"type":"Polygon","coordinates":[[[124.95270998100013,6.425746931000049],[124.97313098000006,6.448025637000058],[124.9882628370001,6.442768641000043],[124.98247281700004,6.420100937000027],[124.95270998100013,6.425746931000049]]]}},{"type":"Feature","id":160,"properties":{"PSGC":"1206314004","PROVINCE":"South Cotabato","PROVINCE_CODE":"1206300000","MUNICIPALITY":"Tampakan","MUNICIPALITY_CODE":"1206314000","BARANGAY":"Liberty","CALIBRATION_STATUS":"CALIBRATED_SOUTH_COTABATO","DATE":"2030-01-01","POSTERIOR_MEAN_CASES":1.296,"LOWER_CREDIBLE_CASES":0.0,"UPPER_CREDIBLE_CASES":4.0,"OUTBREAK_PROBABILITY":0.164,"ALERT_LEVEL":"LOW","AUTOMATIC_OUTBREAK_ALERT":false,"OUTBREAK_ALERT_REASON":"NONE","RED_CASE_ZONE":false,"RED_CASE_NEIGHBOR_COUNT":0,"RED_CLUSTER_OUTBREAK_ALERT":false,"RED_CLUSTER_OUTBREAK_ONSET":false,"RED_CLUSTER_LIKELY_ORIGIN":false,"RED_CLUSTER_ID":-1,"RED_CLUSTER_SIZE":0,"INDIVIDUAL_OUTBREAK_ALERT":false,"PROBABILISTIC_OUTBREAK_ALERT":false,"OUTBREAK_ALERT_STATE":"NORMAL","HOTSPOT_Z_SCORE":-0.004062},"geometry":{"type":"Polygon","coordinates":[[[124.97313098000006,6.448025637000058],[124.9713187640001,6.451256958000044],[124.96499049900002,6.462218108000058],[124.99078171800011,6.47535010000007],[125.01745416900009,6.454678310000077],[124.9882628370001,6.442768641000043],[124.97313098000006,6.448025637000058]]]}},{"type":"Feature","id":161,"properties":{"PSGC":"1206314005","PROVINCE":"South Cotabato","PROVINCE_CODE":"1206300000","MUNICIPALITY":"Tampakan","MUNICIPALITY_CODE":"1206314000","BARANGAY":"Maltana","CALIBRATION_STATUS":"CALIBRATED_SOUTH_COTABATO","DATE":"2030-01-01","POSTERIOR_MEAN_CASES":1.496,"LOWER_CREDIBLE_CASES":0.0,"UPPER_CREDIBLE_CASES":4.0,"OUTBREAK_PROBABILITY":0.228,"ALERT_LEVEL":"LOW","AUTOMATIC_OUTBREAK_ALERT":false,"OUTBREAK_ALERT_REASON":"NONE","RED_CASE_ZONE":false,"RED_CASE_NEIGHBOR_COUNT":0,"RED_CLUSTER_OUTBREAK_ALERT":false,"RED_CLUSTER_OUTBREAK_ONSET":false,"RED_CLUSTER_LIKELY_ORIGIN":false,"RED_CLUSTER_ID":-1,"RED_CLUSTER_SIZE":0,"INDIVIDUAL_OUTBREAK_ALERT":false,"PROBABILISTIC_OUTBREAK_ALERT":false,"OUTBREAK_ALERT_STATE":"NORMAL","HOTSPOT_Z_SCORE":0.516468},"geometry":{"type":"Polygon","coordinates":[[[124.92025628800002,6.428051690000074],[124.9480479140001,6.444094366000058],[124.9713187640001,6.451256958000044],[124.97313098000006,6.448025637000058],[124.95270998100013,6.425746931000049],[124.92025628800002,6.428051690000074]]]}},{"type":"Feature","id":162,"properties":{"PSGC":"1206314006","PROVINCE":"South Cotabato","PROVINCE_CODE":"1206300000","MUNICIPALITY":"Tampakan","MUNICIPALITY_CODE":"1206314000","BARANGAY":"Poblacion","CALIBRATION_STATUS":"CALIBRATED_SOUTH_COTABATO","DATE":"2030-01-01","POSTERIOR_MEAN_CASES":2.044,"LOWER_CREDIBLE_CASES":0.0,"UPPER_CREDIBLE_CASES":6.0,"OUTBREAK_PROBABILITY":0.076,"ALERT_LEVEL":"LOW","AUTOMATIC_OUTBREAK_ALERT":false,"OUTBREAK_ALERT_REASON":"NONE","RED_CASE_ZONE":false,"RED_CASE_NEIGHBOR_COUNT":0,"RED_CLUSTER_OUTBREAK_ALERT":false,"RED_CLUSTER_OUTBREAK_ONSET":false,"RED_CLUSTER_LIKELY_ORIGIN":false,"RED_CLUSTER_ID":-1,"RED_CLUSTER_SIZE":0,"INDIVIDUAL_OUTBREAK_ALERT":false,"PROBABILISTIC_OUTBREAK_ALERT":false,"OUTBREAK_ALERT_STATE":"NORMAL","HOTSPOT_Z_SCORE":-0.026704},"geometry":{"type":"Polygon","coordinates":[[[124.91265511200004,6.434933039000043],[124.92306272349806,6.449736231175902],[124.92490124700011,6.452351242000019],[124.94529257500007,6.461371892000045],[124.94786929900012,6.456634045000043],[124.9480479140001,6.444094366000058],[124.92025628800002,6.428051690000074],[124.91309273905512,6.43453685497564],[124.91265511200004,6.434933039000043]]]}},{"type":"Feature","id":163,"properties":{"PSGC":"1206314007","PROVINCE":"South Cotabato","PROVINCE_CODE":"1206300000","MUNICIPALITY":"Tampakan","MUNICIPALITY_CODE":"1206314000","BARANGAY":"Tablu","CALIBRATION_STATUS":"CALIBRATED_SOUTH_COTABATO","DATE":"2030-01-01","POSTERIOR_MEAN_CASES":1.392,"LOWER_CREDIBLE_CASES":0.0,"UPPER_CREDIBLE_CASES":4.0,"OUTBREAK_PROBABILITY":0.184,"ALERT_LEVEL":"LOW","AUTOMATIC_OUTBREAK_ALERT":false,"OUTBREAK_ALERT_REASON":"NONE","RED_CASE_ZONE":false,"RED_CASE_NEIGHBOR_COUNT":0,"RED_CLUSTER_OUTBREAK_ALERT":false,"RED_CLUSTER_OUTBREAK_ONSET":false,"RED_CLUSTER_LIKELY_ORIGIN":false,"RED_CLUSTER_ID":-1,"RED_CLUSTER_SIZE":0,"INDIVIDUAL_OUTBREAK_ALERT":false,"PROBABILISTIC_OUTBREAK_ALERT":false,"OUTBREAK_ALERT_STATE":"NORMAL","HOTSPOT_Z_SCORE":-0.182711},"geometry":{"type":"Polygon","coordinates":[[[125.12126067600002,6.547711038000045],[125.14043474600011,6.520380430000043],[125.09799452200002,6.498286680000035],[125.10826968200001,6.451471095000045],[125.0884423430001,6.443406889000072],[125.06134294600008,6.426016902000073],[125.05348536877742,6.420189603597542],[125.02960019300008,6.441282905000038],[125.01745416900009,6.454678310000077],[125.05697469700011,6.473304091000045],[125.09539730600012,6.532885993000036],[125.12126067600002,6.547711038000045]]]}},{"type":"Feature","id":164,"properties":{"PSGC":"1206314008","PROVINCE":"South Cotabato","PROVINCE_CODE":"1206300000","MUNICIPALITY":"Tampakan","MUNICIPALITY_CODE":"1206314000","BARANGAY":"Buto","CALIBRATION_STATUS":"CALIBRATED_SOUTH_COTABATO","DATE":"2030-01-01","POSTERIOR_MEAN_CASES":1.108,"LOWER_CREDIBLE_CASES":0.0,"UPPER_CREDIBLE_CASES":4.0,"OUTBREAK_PROBABILITY":0.292,"ALERT_LEVEL":"LOW","AUTOMATIC_OUTBREAK_ALERT":false,"OUTBREAK_ALERT_REASON":"NONE","RED_CASE_ZONE":false,"RED_CASE_NEIGHBOR_COUNT":0,"RED_CLUSTER_OUTBREAK_ALERT":false,"RED_CLUSTER_OUTBREAK_ONSET":false,"RED_CLUSTER_LIKELY_ORIGIN":false,"RED_CLUSTER_ID":-1,"RED_CLUSTER_SIZE":0,"INDIVIDUAL_OUTBREAK_ALERT":false,"PROBABILISTIC_OUTBREAK_ALERT":false,"OUTBREAK_ALERT_STATE":"NORMAL","HOTSPOT_Z_SCORE":-0.345792},"geometry":{"type":"Polygon","coordinates":[[[124.96643803129892,6.500769708180951],[124.97040743500008,6.501296853000042],[124.98225171503506,6.524803950776117],[124.98554958220583,6.5313491595863535],[124.98658362200003,6.531387749000033],[124.99465011700012,6.494190495000054],[124.99078171800011,6.47535010000007],[124.96499049900002,6.462218108000058],[124.94786929900012,6.456634045000043],[124.94529257500007,6.461371892000045],[124.94696374400007,6.471171940000033],[124.94826826106774,6.473154595034548],[124.96643803129892,6.500769708180951]]]}},{"type":"Feature","id":165,"properties":{"PSGC":"1206314009","PROVINCE":"South Cotabato","PROVINCE_CODE":"1206300000","MUNICIPALITY":"Tampakan","MUNICIPALITY_CODE":"1206314000","BARANGAY":"Lampitak","CALIBRATION_STATUS":"CALIBRATED_SOUTH_COTABATO","DATE":"2030-01-01","POSTERIOR_MEAN_CASES":1.232,"LOWER_CREDIBLE_CASES":0.0,"UPPER_CREDIBLE_CASES":5.0,"OUTBREAK_PROBABILITY":0.156,"ALERT_LEVEL":"LOW","AUTOMATIC_OUTBREAK_ALERT":false,"OUTBREAK_ALERT_REASON":"NONE","RED_CASE_ZONE":false,"RED_CASE_NEIGHBOR_COUNT":0,"RED_CLUSTER_OUTBREAK_ALERT":false,"RED_CLUSTER_OUTBREAK_ONSET":false,"RED_CLUSTER_LIKELY_ORIGIN":false,"RED_CLUSTER_ID":-1,"RED_CLUSTER_SIZE":0,"INDIVIDUAL_OUTBREAK_ALERT":false,"PROBABILISTIC_OUTBREAK_ALERT":false,"OUTBREAK_ALERT_STATE":"NORMAL","HOTSPOT_Z_SCORE":-0.177637},"geometry":{"type":"Polygon","coordinates":[[[124.99578692800002,6.406218657000067],[124.99577351963073,6.406232637560752],[124.98247281700004,6.420100937000027],[124.9882628370001,6.442768641000043],[125.01745416900009,6.454678310000077],[125.02960019300008,6.441282905000038],[125.02586916473805,6.408894077295115],[125.02583838900013,6.408626915000069],[125.02078736556058,6.408222137089057],[124.99578692800002,6.406218657000067]]]}},{"type":"Feature","id":166,"properties":{"PSGC":"1206314010","PROVINCE":"South Cotabato","PROVINCE_CODE":"1206300000","MUNICIPALITY":"Tampakan","MUNICIPALITY_CODE":"1206314000","BARANGAY":"Palo","CALIBRATION_STATUS":"CALIBRATED_SOUTH_COTABATO","DATE":"2030-01-01","POSTERIOR_MEAN_CASES":1.268,"LOWER_CREDIBLE_CASES":0.0,"UPPER_CREDIBLE_CASES":5.0,"OUTBREAK_PROBABILITY":0.14,"ALERT_LEVEL":"LOW","AUTOMATIC_OUTBREAK_ALERT":false,"OUTBREAK_ALERT_REASON":"NONE","RED_CASE_ZONE":false,"RED_CASE_NEIGHBOR_COUNT":0,"RED_CLUSTER_OUTBREAK_ALERT":false,"RED_CLUSTER_OUTBREAK_ONSET":false,"RED_CLUSTER_LIKELY_ORIGIN":false,"RED_CLUSTER_ID":-1,"RED_CLUSTER_SIZE":0,"INDIVIDUAL_OUTBREAK_ALERT":false,"PROBABILISTIC_OUTBREAK_ALERT":false,"OUTBREAK_ALERT_STATE":"NORMAL","HOTSPOT_Z_SCORE":-0.089876},"geometry":{"type":"Polygon","coordinates":[[[125.04918272700003,6.533723890000033],[125.00953008400006,6.516690921000076],[124.99465011700012,6.494190495000054],[124.98658362200003,6.531387749000033],[125.04918272700003,6.533723890000033]]]}},{"type":"Feature","id":167,"properties":{"PSGC":"1206314011","PROVINCE":"South Cotabato","PROVINCE_CODE":"1206300000","MUNICIPALITY":"Tampakan","MUNICIPALITY_CODE":"1206314000","BARANGAY":"Pula-bato","CALIBRATION_STATUS":"CALIBRATED_SOUTH_COTABATO","DATE":"2030-01-01","POSTERIOR_MEAN_CASES":1.156,"LOWER_CREDIBLE_CASES":0.0,"UPPER_CREDIBLE_CASES":4.0,"OUTBREAK_PROBABILITY":0.328,"ALERT_LEVEL":"MODERATE","AUTOMATIC_OUTBREAK_ALERT":false,"OUTBREAK_ALERT_REASON":"NONE","RED_CASE_ZONE":false,"RED_CASE_NEIGHBOR_COUNT":0,"RED_CLUSTER_OUTBREAK_ALERT":false,"RED_CLUSTER_OUTBREAK_ONSET":false,"RED_CLUSTER_LIKELY_ORIGIN":false,"RED_CLUSTER_ID":-1,"RED_CLUSTER_SIZE":0,"INDIVIDUAL_OUTBREAK_ALERT":false,"PROBABILISTIC_OUTBREAK_ALERT":false,"OUTBREAK_ALERT_STATE":"NORMAL","HOTSPOT_Z_SCORE":-0.020853},"geometry":{"type":"Polygon","coordinates":[[[124.99078171800011,6.47535010000007],[124.99465011700012,6.494190495000054],[125.05697469700011,6.473304091000045],[125.01745416900009,6.454678310000077],[124.99078171800011,6.47535010000007]]]}},{"type":"Feature","id":168,"properties":{"PSGC":"1206314012","PROVINCE":"South Cotabato","PROVINCE_CODE":"1206300000","MUNICIPALITY":"Tampakan","MUNICIPALITY_CODE":"1206314000","BARANGAY":"Danlag","CALIBRATION_STATUS":"CALIBRATED_SOUTH_COTABATO","DATE":"2030-01-01","POSTERIOR_MEAN_CASES":1.424,"LOWER_CREDIBLE_CASES":0.0,"UPPER_CREDIBLE_CASES":5.0,"OUTBREAK_PROBABILITY":0.184,"ALERT_LEVEL":"LOW","AUTOMATIC_OUTBREAK_ALERT":false,"OUTBREAK_ALERT_REASON":"NONE","RED_CASE_ZONE":false,"RED_CASE_NEIGHBOR_COUNT":0,"RED_CLUSTER_OUTBREAK_ALERT":false,"RED_CLUSTER_OUTBREAK_ONSET":false,"RED_CLUSTER_LIKELY_ORIGIN":false,"RED_CLUSTER_ID":-1,"RED_CLUSTER_SIZE":0,"INDIVIDUAL_OUTBREAK_ALERT":false,"PROBABILISTIC_OUTBREAK_ALERT":false,"OUTBREAK_ALERT_STATE":"NORMAL","HOTSPOT_Z_SCORE":-0.012942},"geometry":{"type":"Polygon","coordinates":[[[125.09539730600012,6.532885993000036],[125.05697469700011,6.473304091000045],[124.99465011700012,6.494190495000054],[125.00953008400006,6.516690921000076],[125.04918272700003,6.533723890000033],[125.09539730600012,6.532885993000036]]]}},{"type":"Feature","id":169,"properties":{"PSGC":"1206314013","PROVINCE":"South Cotabato","PROVINCE_CODE":"1206300000","MUNICIPALITY":"Tampakan","MUNICIPALITY_CODE":"1206314000","BARANGAY":"San Isidro","CALIBRATION_STATUS":"CALIBRATED_SOUTH_COTABATO","DATE":"2030-01-01","POSTERIOR_MEAN_CASES":1.264,"LOWER_CREDIBLE_CASES":0.0,"UPPER_CREDIBLE_CASES":4.0,"OUTBREAK_PROBABILITY":0.16,"ALERT_LEVEL":"LOW","AUTOMATIC_OUTBREAK_ALERT":false,"OUTBREAK_ALERT_REASON":"NONE","RED_CASE_ZONE":false,"RED_CASE_NEIGHBOR_COUNT":0,"RED_CLUSTER_OUTBREAK_ALERT":false,"RED_CLUSTER_OUTBREAK_ONSET":false,"RED_CLUSTER_LIKELY_ORIGIN":false,"RED_CLUSTER_ID":-1,"RED_CLUSTER_SIZE":0,"INDIVIDUAL_OUTBREAK_ALERT":false,"PROBABILISTIC_OUTBREAK_ALERT":false,"OUTBREAK_ALERT_STATE":"NORMAL","HOTSPOT_Z_SCORE":0.480582},"geometry":{"type":"Polygon","coordinates":[[[124.9713187640001,6.451256958000044],[124.9480479140001,6.444094366000058],[124.94786929900012,6.456634045000043],[124.96499049900002,6.462218108000058],[124.9713187640001,6.451256958000044]]]}},{"type":"Feature","id":170,"properties":{"PSGC":"1206314014","PROVINCE":"South Cotabato","PROVINCE_CODE":"1206300000","MUNICIPALITY":"Tampakan","MUNICIPALITY_CODE":"1206314000","BARANGAY":"Santa Cruz","CALIBRATION_STATUS":"CALIBRATED_SOUTH_COTABATO","DATE":"2030-01-01","POSTERIOR_MEAN_CASES":1.256,"LOWER_CREDIBLE_CASES":0.0,"UPPER_CREDIBLE_CASES":4.775,"OUTBREAK_PROBABILITY":0.336,"ALERT_LEVEL":"MODERATE","AUTOMATIC_OUTBREAK_ALERT":false,"OUTBREAK_ALERT_REASON":"NONE","RED_CASE_ZONE":false,"RED_CASE_NEIGHBOR_COUNT":0,"RED_CLUSTER_OUTBREAK_ALERT":false,"RED_CLUSTER_OUTBREAK_ONSET":false,"RED_CLUSTER_LIKELY_ORIGIN":false,"RED_CLUSTER_ID":-1,"RED_CLUSTER_SIZE":0,"INDIVIDUAL_OUTBREAK_ALERT":false,"PROBABILISTIC_OUTBREAK_ALERT":false,"OUTBREAK_ALERT_STATE":"NORMAL","HOTSPOT_Z_SCORE":-1.067596},"geometry":{"type":"Polygon","coordinates":[[[124.94529257500007,6.461371892000045],[124.92490124700011,6.452351242000019],[124.92306272349806,6.449736231175902],[124.92298628700007,6.456449930000075],[124.920037481,6.474384933000068],[124.94826826106774,6.473154595034548],[124.94696374400007,6.471171940000033],[124.94529257500007,6.461371892000045]]]}},{"type":"Feature","id":171,"properties":{"PSGC":"1206315001","PROVINCE":"South Cotabato","PROVINCE_CODE":"1206300000","MUNICIPALITY":"Tantangan","MUNICIPALITY_CODE":"1206315000","BARANGAY":"Bukay Pait","CALIBRATION_STATUS":"CALIBRATED_SOUTH_COTABATO","DATE":"2030-01-01","POSTERIOR_MEAN_CASES":0.564,"LOWER_CREDIBLE_CASES":0.0,"UPPER_CREDIBLE_CASES":3.0,"OUTBREAK_PROBABILITY":0.136,"ALERT_LEVEL":"LOW","AUTOMATIC_OUTBREAK_ALERT":false,"OUTBREAK_ALERT_REASON":"NONE","RED_CASE_ZONE":false,"RED_CASE_NEIGHBOR_COUNT":0,"RED_CLUSTER_OUTBREAK_ALERT":false,"RED_CLUSTER_OUTBREAK_ONSET":false,"RED_CLUSTER_LIKELY_ORIGIN":false,"RED_CLUSTER_ID":-1,"RED_CLUSTER_SIZE":0,"INDIVIDUAL_OUTBREAK_ALERT":false,"PROBABILISTIC_OUTBREAK_ALERT":false,"OUTBREAK_ALERT_STATE":"NORMAL","HOTSPOT_Z_SCORE":-1.764379},"geometry":{"type":"Polygon","coordinates":[[[124.78862847500011,6.576841209000066],[124.76173081500009,6.545213175000072],[124.73076702800006,6.542403739000064],[124.72831650100012,6.556756827000072],[124.77847643400003,6.584848335000061],[124.78862847500011,6.576841209000066]]]}},{"type":"Feature","id":172,"properties":{"PSGC":"1206315002","PROVINCE":"South Cotabato","PROVINCE_CODE":"1206300000","MUNICIPALITY":"Tantangan","MUNICIPALITY_CODE":"1206315000","BARANGAY":"Cabuling","CALIBRATION_STATUS":"CALIBRATED_SOUTH_COTABATO","DATE":"2030-01-01","POSTERIOR_MEAN_CASES":0.244,"LOWER_CREDIBLE_CASES":0.0,"UPPER_CREDIBLE_CASES":2.0,"OUTBREAK_PROBABILITY":0.036,"ALERT_LEVEL":"LOW","AUTOMATIC_OUTBREAK_ALERT":false,"OUTBREAK_ALERT_REASON":"NONE","RED_CASE_ZONE":false,"RED_CASE_NEIGHBOR_COUNT":0,"RED_CLUSTER_OUTBREAK_ALERT":false,"RED_CLUSTER_OUTBREAK_ONSET":false,"RED_CLUSTER_LIKELY_ORIGIN":false,"RED_CLUSTER_ID":-1,"RED_CLUSTER_SIZE":0,"INDIVIDUAL_OUTBREAK_ALERT":false,"PROBABILISTIC_OUTBREAK_ALERT":false,"OUTBREAK_ALERT_STATE":"NORMAL","HOTSPOT_Z_SCORE":-2.804222},"geometry":{"type":"Polygon","coordinates":[[[124.8235565750001,6.55408637100004],[124.81711320200009,6.544745366000029],[124.81558118000008,6.542742180000062],[124.79086933300006,6.563604393000047],[124.79661847900002,6.570539325000031],[124.8235565750001,6.55408637100004]]]}},{"type":"Feature","id":173,"properties":{"PSGC":"1206315003","PROVINCE":"South Cotabato","PROVINCE_CODE":"1206300000","MUNICIPALITY":"Tantangan","MUNICIPALITY_CODE":"1206315000","BARANGAY":"Dumadalig","CALIBRATION_STATUS":"CALIBRATED_SOUTH_COTABATO","DATE":"2030-01-01","POSTERIOR_MEAN_CASES":0.476,"LOWER_CREDIBLE_CASES":0.0,"UPPER_CREDIBLE_CASES":2.0,"OUTBREAK_PROBABILITY":0.092,"ALERT_LEVEL":"LOW","AUTOMATIC_OUTBREAK_ALERT":false,"OUTBREAK_ALERT_REASON":"NONE","RED_CASE_ZONE":false,"RED_CASE_NEIGHBOR_COUNT":0,"RED_CLUSTER_OUTBREAK_ALERT":false,"RED_CLUSTER_OUTBREAK_ONSET":false,"RED_CLUSTER_LIKELY_ORIGIN":false,"RED_CLUSTER_ID":-1,"RED_CLUSTER_SIZE":0,"INDIVIDUAL_OUTBREAK_ALERT":false,"PROBABILISTIC_OUTBREAK_ALERT":false,"OUTBREAK_ALERT_STATE":"NORMAL","HOTSPOT_Z_SCORE":-2.027699},"geometry":{"type":"Polygon","coordinates":[[[124.73076702800006,6.542403739000064],[124.71983603054737,6.58023283448147],[124.71943144163261,6.5813528351279915],[124.7171728120001,6.587605271999975],[124.7665794510001,6.602761475000023],[124.77847643400003,6.584848335000061],[124.72831650100012,6.556756827000072],[124.73076702800006,6.542403739000064]]]}},{"type":"Feature","id":174,"properties":{"PSGC":"1206315004","PROVINCE":"South Cotabato","PROVINCE_CODE":"1206300000","MUNICIPALITY":"Tantangan","MUNICIPALITY_CODE":"1206315000","BARANGAY":"Libas","CALIBRATION_STATUS":"CALIBRATED_SOUTH_COTABATO","DATE":"2030-01-01","POSTERIOR_MEAN_CASES":0.464,"LOWER_CREDIBLE_CASES":0.0,"UPPER_CREDIBLE_CASES":2.0,"OUTBREAK_PROBABILITY":0.092,"ALERT_LEVEL":"LOW","AUTOMATIC_OUTBREAK_ALERT":false,"OUTBREAK_ALERT_REASON":"NONE","RED_CASE_ZONE":false,"RED_CASE_NEIGHBOR_COUNT":0,"RED_CLUSTER_OUTBREAK_ALERT":false,"RED_CLUSTER_OUTBREAK_ONSET":false,"RED_CLUSTER_LIKELY_ORIGIN":false,"RED_CLUSTER_ID":-1,"RED_CLUSTER_SIZE":0,"INDIVIDUAL_OUTBREAK_ALERT":false,"PROBABILISTIC_OUTBREAK_ALERT":false,"OUTBREAK_ALERT_STATE":"NORMAL","HOTSPOT_Z_SCORE":-2.347318},"geometry":{"type":"Polygon","coordinates":[[[124.77335952600004,6.500628083000037],[124.75307320400007,6.514490503000047],[124.77916588500011,6.542967265000073],[124.79969945300002,6.524134993000076],[124.80217424500006,6.522204317000046],[124.77535056679842,6.502118958624042],[124.77335952600004,6.500628083000037]]]}},{"type":"Feature","id":175,"properties":{"PSGC":"1206315005","PROVINCE":"South Cotabato","PROVINCE_CODE":"1206300000","MUNICIPALITY":"Tantangan","MUNICIPALITY_CODE":"1206315000","BARANGAY":"Magon","CALIBRATION_STATUS":"CALIBRATED_SOUTH_COTABATO","DATE":"2030-01-01","POSTERIOR_MEAN_CASES":0.2,"LOWER_CREDIBLE_CASES":0.0,"UPPER_CREDIBLE_CASES":1.0,"OUTBREAK_PROBABILITY":0.164,"ALERT_LEVEL":"LOW","AUTOMATIC_OUTBREAK_ALERT":false,"OUTBREAK_ALERT_REASON":"NONE","RED_CASE_ZONE":false,"RED_CASE_NEIGHBOR_COUNT":0,"RED_CLUSTER_OUTBREAK_ALERT":false,"RED_CLUSTER_OUTBREAK_ONSET":false,"RED_CLUSTER_LIKELY_ORIGIN":false,"RED_CLUSTER_ID":-1,"RED_CLUSTER_SIZE":0,"INDIVIDUAL_OUTBREAK_ALERT":false,"PROBABILISTIC_OUTBREAK_ALERT":false,"OUTBREAK_ALERT_STATE":"NORMAL","HOTSPOT_Z_SCORE":-2.552418},"geometry":{"type":"Polygon","coordinates":[[[124.7130768610001,6.641481669000028],[124.71902494000005,6.625324201000068],[124.70883322700003,6.604951609000066],[124.7130768610001,6.641481669000028]]]}},{"type":"Feature","id":176,"properties":{"PSGC":"1206315006","PROVINCE":"South Cotabato","PROVINCE_CODE":"1206300000","MUNICIPALITY":"Tantangan","MUNICIPALITY_CODE":"1206315000","BARANGAY":"Maibo","CALIBRATION_STATUS":"CALIBRATED_SOUTH_COTABATO","DATE":"2030-01-01","POSTERIOR_MEAN_CASES":0.452,"LOWER_CREDIBLE_CASES":0.0,"UPPER_CREDIBLE_CASES":2.0,"OUTBREAK_PROBABILITY":0.08,"ALERT_LEVEL":"LOW","AUTOMATIC_OUTBREAK_ALERT":false,"OUTBREAK_ALERT_REASON":"NONE","RED_CASE_ZONE":false,"RED_CASE_NEIGHBOR_COUNT":0,"RED_CLUSTER_OUTBREAK_ALERT":false,"RED_CLUSTER_OUTBREAK_ONSET":false,"RED_CLUSTER_LIKELY_ORIGIN":false,"RED_CLUSTER_ID":-1,"RED_CLUSTER_SIZE":0,"INDIVIDUAL_OUTBREAK_ALERT":false,"PROBABILISTIC_OUTBREAK_ALERT":false,"OUTBREAK_ALERT_STATE":"NORMAL","HOTSPOT_Z_SCORE":-2.511587},"geometry":{"type":"Polygon","coordinates":[[[124.79661847900002,6.570539325000031],[124.79086933300006,6.563604393000047],[124.77916588500011,6.542967265000073],[124.75307320400007,6.514490503000047],[124.73076702800006,6.542403739000064],[124.76173081500009,6.545213175000072],[124.78862847500011,6.576841209000066],[124.79661847900002,6.570539325000031]]]}},{"type":"Feature","id":177,"properties":{"PSGC":"1206315007","PROVINCE":"South Cotabato","PROVINCE_CODE":"1206300000","MUNICIPALITY":"Tantangan","MUNICIPALITY_CODE":"1206315000","BARANGAY":"Mangilala","CALIBRATION_STATUS":"CALIBRATED_SOUTH_COTABATO","DATE":"2030-01-01","POSTERIOR_MEAN_CASES":0.192,"LOWER_CREDIBLE_CASES":0.0,"UPPER_CREDIBLE_CASES":2.0,"OUTBREAK_PROBABILITY":0.036,"ALERT_LEVEL":"LOW","AUTOMATIC_OUTBREAK_ALERT":false,"OUTBREAK_ALERT_REASON":"NONE","RED_CASE_ZONE":false,"RED_CASE_NEIGHBOR_COUNT":0,"RED_CLUSTER_OUTBREAK_ALERT":false,"RED_CLUSTER_OUTBREAK_ONSET":false,"RED_CLUSTER_LIKELY_ORIGIN":false,"RED_CLUSTER_ID":-1,"RED_CLUSTER_SIZE":0,"INDIVIDUAL_OUTBREAK_ALERT":false,"PROBABILISTIC_OUTBREAK_ALERT":false,"OUTBREAK_ALERT_STATE":"NORMAL","HOTSPOT_Z_SCORE":-2.552418},"geometry":{"type":"Polygon","coordinates":[[[124.74444480500006,6.654583915000045],[124.72268384900006,6.626970710000021],[124.71902494000005,6.625324201000068],[124.7130768610001,6.641481669000028],[124.74444480500006,6.654583915000045]]]}},{"type":"Feature","id":178,"properties":{"PSGC":"1206315008","PROVINCE":"South Cotabato","PROVINCE_CODE":"1206300000","MUNICIPALITY":"Tantangan","MUNICIPALITY_CODE":"1206315000","BARANGAY":"New Iloilo","CALIBRATION_STATUS":"CALIBRATED_SOUTH_COTABATO","DATE":"2030-01-01","POSTERIOR_MEAN_CASES":0.368,"LOWER_CREDIBLE_CASES":0.0,"UPPER_CREDIBLE_CASES":2.0,"OUTBREAK_PROBABILITY":0.06,"ALERT_LEVEL":"LOW","AUTOMATIC_OUTBREAK_ALERT":false,"OUTBREAK_ALERT_REASON":"NONE","RED_CASE_ZONE":false,"RED_CASE_NEIGHBOR_COUNT":0,"RED_CLUSTER_OUTBREAK_ALERT":false,"RED_CLUSTER_OUTBREAK_ONSET":false,"RED_CLUSTER_LIKELY_ORIGIN":false,"RED_CLUSTER_ID":-1,"RED_CLUSTER_SIZE":0,"INDIVIDUAL_OUTBREAK_ALERT":false,"PROBABILISTIC_OUTBREAK_ALERT":false,"OUTBREAK_ALERT_STATE":"NORMAL","HOTSPOT_Z_SCORE":-2.629767},"geometry":{"type":"Polygon","coordinates":[[[124.81558118000008,6.542742180000062],[124.79969945300002,6.524134993000076],[124.77916588500011,6.542967265000073],[124.79086933300006,6.563604393000047],[124.81558118000008,6.542742180000062]]]}},{"type":"Feature","id":179,"properties":{"PSGC":"1206315009","PROVINCE":"South Cotabato","PROVINCE_CODE":"1206300000","MUNICIPALITY":"Tantangan","MUNICIPALITY_CODE":"1206315000","BARANGAY":"New Lambunao","CALIBRATION_STATUS":"CALIBRATED_SOUTH_COTABATO","DATE":"2030-01-01","POSTERIOR_MEAN_CASES":0.16,"LOWER_CREDIBLE_CASES":0.0,"UPPER_CREDIBLE_CASES":1.0,"OUTBREAK_PROBABILITY":0.14,"ALERT_LEVEL":"LOW","AUTOMATIC_OUTBREAK_ALERT":false,"OUTBREAK_ALERT_REASON":"NONE","RED_CASE_ZONE":false,"RED_CASE_NEIGHBOR_COUNT":0,"RED_CLUSTER_OUTBREAK_ALERT":false,"RED_CLUSTER_OUTBREAK_ONSET":false,"RED_CLUSTER_LIKELY_ORIGIN":false,"RED_CLUSTER_ID":-1,"RED_CLUSTER_SIZE":0,"INDIVIDUAL_OUTBREAK_ALERT":false,"PROBABILISTIC_OUTBREAK_ALERT":false,"OUTBREAK_ALERT_STATE":"NORMAL","HOTSPOT_Z_SCORE":-2.682968},"geometry":{"type":"Polygon","coordinates":[[[124.8283292660001,6.529940754000052],[124.8280741704663,6.530277466629435],[124.81711320200009,6.544745366000029],[124.8235565750001,6.55408637100004],[124.82823862561358,6.53039931460204],[124.8283292660001,6.529940754000052]]]}},{"type":"Feature","id":180,"properties":{"PSGC":"1206315010","PROVINCE":"South Cotabato","PROVINCE_CODE":"1206300000","MUNICIPALITY":"Tantangan","MUNICIPALITY_CODE":"1206315000","BARANGAY":"Poblacion","CALIBRATION_STATUS":"CALIBRATED_SOUTH_COTABATO","DATE":"2030-01-01","POSTERIOR_MEAN_CASES":0.488,"LOWER_CREDIBLE_CASES":0.0,"UPPER_CREDIBLE_CASES":3.0,"OUTBREAK_PROBABILITY":0.104,"ALERT_LEVEL":"LOW","AUTOMATIC_OUTBREAK_ALERT":false,"OUTBREAK_ALERT_REASON":"NONE","RED_CASE_ZONE":false,"RED_CASE_NEIGHBOR_COUNT":0,"RED_CLUSTER_OUTBREAK_ALERT":false,"RED_CLUSTER_OUTBREAK_ONSET":false,"RED_CLUSTER_LIKELY_ORIGIN":false,"RED_CLUSTER_ID":-1,"RED_CLUSTER_SIZE":0,"INDIVIDUAL_OUTBREAK_ALERT":false,"PROBABILISTIC_OUTBREAK_ALERT":false,"OUTBREAK_ALERT_STATE":"NORMAL","HOTSPOT_Z_SCORE":-2.746836},"geometry":{"type":"Polygon","coordinates":[[[124.70883322700003,6.604951609000066],[124.71902494000005,6.625324201000068],[124.72268384900006,6.626970710000021],[124.75953602900006,6.640085433000023],[124.7665794510001,6.602761475000023],[124.7171728120001,6.587605271999975],[124.70883322700003,6.604951609000066]]]}},{"type":"Feature","id":181,"properties":{"PSGC":"1206315011","PROVINCE":"South Cotabato","PROVINCE_CODE":"1206300000","MUNICIPALITY":"Tantangan","MUNICIPALITY_CODE":"1206315000","BARANGAY":"San Felipe","CALIBRATION_STATUS":"CALIBRATED_SOUTH_COTABATO","DATE":"2030-01-01","POSTERIOR_MEAN_CASES":0.26,"LOWER_CREDIBLE_CASES":0.0,"UPPER_CREDIBLE_CASES":2.0,"OUTBREAK_PROBABILITY":0.036,"ALERT_LEVEL":"LOW","AUTOMATIC_OUTBREAK_ALERT":false,"OUTBREAK_ALERT_REASON":"NONE","RED_CASE_ZONE":false,"RED_CASE_NEIGHBOR_COUNT":0,"RED_CLUSTER_OUTBREAK_ALERT":false,"RED_CLUSTER_OUTBREAK_ONSET":false,"RED_CLUSTER_LIKELY_ORIGIN":false,"RED_CLUSTER_ID":-1,"RED_CLUSTER_SIZE":0,"INDIVIDUAL_OUTBREAK_ALERT":false,"PROBABILISTIC_OUTBREAK_ALERT":false,"OUTBREAK_ALERT_STATE":"NORMAL","HOTSPOT_Z_SCORE":-3.560723},"geometry":{"type":"Polygon","coordinates":[[[124.81696922011942,6.516655893582885],[124.81413995700008,6.513347248000057],[124.80217424500006,6.522204317000046],[124.79969945300002,6.524134993000076],[124.81558118000008,6.542742180000062],[124.81711320200009,6.544745366000029],[124.8280741704663,6.530277466629435],[124.8283292660001,6.529940754000052],[124.82414900945281,6.525052206425339],[124.81696922011942,6.516655893582885]]]}},{"type":"Feature","id":182,"properties":{"PSGC":"1206315012","PROVINCE":"South Cotabato","PROVINCE_CODE":"1206300000","MUNICIPALITY":"Tantangan","MUNICIPALITY_CODE":"1206315000","BARANGAY":"New Cuyapo","CALIBRATION_STATUS":"CALIBRATED_SOUTH_COTABATO","DATE":"2030-01-01","POSTERIOR_MEAN_CASES":0.228,"LOWER_CREDIBLE_CASES":0.0,"UPPER_CREDIBLE_CASES":2.0,"OUTBREAK_PROBABILITY":0.032,"ALERT_LEVEL":"LOW","AUTOMATIC_OUTBREAK_ALERT":false,"OUTBREAK_ALERT_REASON":"NONE","RED_CASE_ZONE":false,"RED_CASE_NEIGHBOR_COUNT":0,"RED_CLUSTER_OUTBREAK_ALERT":false,"RED_CLUSTER_OUTBREAK_ONSET":false,"RED_CLUSTER_LIKELY_ORIGIN":false,"RED_CLUSTER_ID":-1,"RED_CLUSTER_SIZE":0,"INDIVIDUAL_OUTBREAK_ALERT":false,"PROBABILISTIC_OUTBREAK_ALERT":false,"OUTBREAK_ALERT_STATE":"NORMAL","HOTSPOT_Z_SCORE":-2.552418},"geometry":{"type":"Polygon","coordinates":[[[124.75953602900006,6.640085433000023],[124.72268384900006,6.626970710000021],[124.74444480500006,6.654583915000045],[124.75953602900006,6.640085433000023]]]}},{"type":"Feature","id":183,"properties":{"PSGC":"1206315013","PROVINCE":"South Cotabato","PROVINCE_CODE":"1206300000","MUNICIPALITY":"Tantangan","MUNICIPALITY_CODE":"1206315000","BARANGAY":"Tinongcop","CALIBRATION_STATUS":"CALIBRATED_SOUTH_COTABATO","DATE":"2030-01-01","POSTERIOR_MEAN_CASES":0.276,"LOWER_CREDIBLE_CASES":0.0,"UPPER_CREDIBLE_CASES":2.0,"OUTBREAK_PROBABILITY":0.048,"ALERT_LEVEL":"LOW","AUTOMATIC_OUTBREAK_ALERT":false,"OUTBREAK_ALERT_REASON":"NONE","RED_CASE_ZONE":false,"RED_CASE_NEIGHBOR_COUNT":0,"RED_CLUSTER_OUTBREAK_ALERT":false,"RED_CLUSTER_OUTBREAK_ONSET":false,"RED_CLUSTER_LIKELY_ORIGIN":false,"RED_CLUSTER_ID":-1,"RED_CLUSTER_SIZE":0,"INDIVIDUAL_OUTBREAK_ALERT":false,"PROBABILISTIC_OUTBREAK_ALERT":false,"OUTBREAK_ALERT_STATE":"NORMAL","HOTSPOT_Z_SCORE":-2.06738},"geometry":{"type":"Polygon","coordinates":[[[124.77335952600004,6.500628083000037],[124.77535056679842,6.502118958624042],[124.80217424500006,6.522204317000046],[124.81413995700008,6.513347248000057],[124.77635361894157,6.501561922128629],[124.77335952600004,6.500628083000037]]]}},{"type":"Feature","id":184,"properties":{"PSGC":"1206317001","PROVINCE":"South Cotabato","PROVINCE_CODE":"1206300000","MUNICIPALITY":"Tupi","MUNICIPALITY_CODE":"1206317000","BARANGAY":"Acmonan","CALIBRATION_STATUS":"CALIBRATED_SOUTH_COTABATO","DATE":"2030-01-01","POSTERIOR_MEAN_CASES":1.124,"LOWER_CREDIBLE_CASES":0.0,"UPPER_CREDIBLE_CASES":3.775,"OUTBREAK_PROBABILITY":0.004,"ALERT_LEVEL":"LOW","AUTOMATIC_OUTBREAK_ALERT":false,"OUTBREAK_ALERT_REASON":"NONE","RED_CASE_ZONE":false,"RED_CASE_NEIGHBOR_COUNT":1,"RED_CLUSTER_OUTBREAK_ALERT":false,"RED_CLUSTER_OUTBREAK_ONSET":false,"RED_CLUSTER_LIKELY_ORIGIN":false,"RED_CLUSTER_ID":-1,"RED_CLUSTER_SIZE":0,"INDIVIDUAL_OUTBREAK_ALERT":false,"PROBABILISTIC_OUTBREAK_ALERT":false,"OUTBREAK_ALERT_STATE":"NORMAL","HOTSPOT_Z_SCORE":0.871517},"geometry":{"type":"Polygon","coordinates":[[[125.06038897000009,6.371362097000031],[125.03528914700009,6.348801028000026],[125.03366434300007,6.344739021000064],[125.0170101110001,6.330115792000071],[124.99222424700007,6.329365449000022],[124.98792134000009,6.332218797000051],[124.96869134900011,6.313357302000043],[124.95966831400006,6.323080592000053],[124.97231791600007,6.334748575000049],[124.96346213400011,6.343738423000047],[124.97216007700001,6.351942418000021],[124.97660076900002,6.348302409000041],[124.98433761500007,6.357157835000067],[125.01164961300003,6.356691760000047],[125.0377498150001,6.382885177000047],[125.06038897000009,6.371362097000031]]]}},{"type":"Feature","id":185,"properties":{"PSGC":"1206317002","PROVINCE":"South Cotabato","PROVINCE_CODE":"1206300000","MUNICIPALITY":"Tupi","MUNICIPALITY_CODE":"1206317000","BARANGAY":"Bololmala","CALIBRATION_STATUS":"CALIBRATED_SOUTH_COTABATO","DATE":"2030-01-01","POSTERIOR_MEAN_CASES":1.024,"LOWER_CREDIBLE_CASES":0.0,"UPPER_CREDIBLE_CASES":3.0,"OUTBREAK_PROBABILITY":0.008,"ALERT_LEVEL":"LOW","AUTOMATIC_OUTBREAK_ALERT":false,"OUTBREAK_ALERT_REASON":"NONE","RED_CASE_ZONE":false,"RED_CASE_NEIGHBOR_COUNT":0,"RED_CLUSTER_OUTBREAK_ALERT":false,"RED_CLUSTER_OUTBREAK_ONSET":false,"RED_CLUSTER_LIKELY_ORIGIN":false,"RED_CLUSTER_ID":-1,"RED_CLUSTER_SIZE":0,"INDIVIDUAL_OUTBREAK_ALERT":false,"PROBABILISTIC_OUTBREAK_ALERT":false,"OUTBREAK_ALERT_STATE":"NORMAL","HOTSPOT_Z_SCORE":-0.660025},"geometry":{"type":"Polygon","coordinates":[[[124.92771082782204,6.399269190380361],[124.93193636100011,6.399538994000067],[124.95407050300001,6.395216497000034],[124.95128380300004,6.388591054000074],[124.93859354400001,6.377877761000037],[124.93050376000008,6.371005835000061],[124.91941403500006,6.374266086000034],[124.91601583300007,6.383585837000054],[124.9076670810001,6.392589126000075],[124.90664113491893,6.402508570394623],[124.91099184763216,6.40183966592241],[124.91101075100003,6.401892261000058],[124.91131723687468,6.401789638643231],[124.92026460200009,6.398793743000055],[124.92771082782204,6.399269190380361]]]}},{"type":"Feature","id":186,"properties":{"PSGC":"1206317003","PROVINCE":"South Cotabato","PROVINCE_CODE":"1206300000","MUNICIPALITY":"Tupi","MUNICIPALITY_CODE":"1206317000","BARANGAY":"Bunao","CALIBRATION_STATUS":"CALIBRATED_SOUTH_COTABATO","DATE":"2030-01-01","POSTERIOR_MEAN_CASES":1.328,"LOWER_CREDIBLE_CASES":0.0,"UPPER_CREDIBLE_CASES":4.0,"OUTBREAK_PROBABILITY":0.008,"ALERT_LEVEL":"LOW","AUTOMATIC_OUTBREAK_ALERT":false,"OUTBREAK_ALERT_REASON":"NONE","RED_CASE_ZONE":false,"RED_CASE_NEIGHBOR_COUNT":1,"RED_CLUSTER_OUTBREAK_ALERT":false,"RED_CLUSTER_OUTBREAK_ONSET":false,"RED_CLUSTER_LIKELY_ORIGIN":false,"RED_CLUSTER_ID":-1,"RED_CLUSTER_SIZE":0,"INDIVIDUAL_OUTBREAK_ALERT":false,"PROBABILISTIC_OUTBREAK_ALERT":false,"OUTBREAK_ALERT_STATE":"NORMAL","HOTSPOT_Z_SCORE":0.283078},"geometry":{"type":"Polygon","coordinates":[[[124.91618613000003,6.287722157000075],[124.91442371618716,6.287088056638422],[124.90948816600007,6.289052587000072],[124.91690167700004,6.301877328000046],[124.92780060300004,6.331274178000057],[124.92933481300008,6.33932722700007],[124.93324520100009,6.342817535000052],[124.9418864920001,6.333197364000057],[124.9495050490001,6.329370745000062],[124.95635086500009,6.317648741000028],[124.94990691400004,6.311066621000066],[124.92971952900008,6.280999761000032],[124.92020918063986,6.284785229163724],[124.91618613000003,6.287722157000075]]]}},{"type":"Feature","id":187,"properties":{"PSGC":"1206317004","PROVINCE":"South Cotabato","PROVINCE_CODE":"1206300000","MUNICIPALITY":"Tupi","MUNICIPALITY_CODE":"1206317000","BARANGAY":"Cebuano","CALIBRATION_STATUS":"CALIBRATED_SOUTH_COTABATO","DATE":"2030-01-01","POSTERIOR_MEAN_CASES":1.408,"LOWER_CREDIBLE_CASES":0.0,"UPPER_CREDIBLE_CASES":4.0,"OUTBREAK_PROBABILITY":0.0,"ALERT_LEVEL":"LOW","AUTOMATIC_OUTBREAK_ALERT":false,"OUTBREAK_ALERT_REASON":"NONE","RED_CASE_ZONE":false,"RED_CASE_NEIGHBOR_COUNT":1,"RED_CLUSTER_OUTBREAK_ALERT":false,"RED_CLUSTER_OUTBREAK_ONSET":false,"RED_CLUSTER_LIKELY_ORIGIN":false,"RED_CLUSTER_ID":-1,"RED_CLUSTER_SIZE":0,"INDIVIDUAL_OUTBREAK_ALERT":false,"PROBABILISTIC_OUTBREAK_ALERT":false,"OUTBREAK_ALERT_STATE":"NORMAL","HOTSPOT_Z_SCORE":0.292222},"geometry":{"type":"Polygon","coordinates":[[[125.02078736556058,6.408222137089057],[125.02482685100006,6.399974933000066],[125.00925622200009,6.397658029000071],[124.99944518000007,6.387193849000028],[124.989486811,6.388527999000076],[124.9798750650001,6.382033576000027],[124.98343063500009,6.378002991000073],[124.97820330100002,6.369766669000057],[124.95686492800006,6.35068872100004],[124.945353015,6.346973022000042],[124.9366954960001,6.356206426000028],[124.94476369200004,6.363793114000032],[124.94613381400006,6.37008614900003],[124.93859354400001,6.377877761000037],[124.95128380300004,6.388591054000074],[124.95407050300001,6.395216497000034],[124.96986553700003,6.408181616000036],[124.9756362060001,6.409782468000059],[124.991596328,6.405855772000052],[124.99577351963073,6.406232637560752],[124.99578692800002,6.406218657000067],[125.02078736556058,6.408222137089057]]]}},{"type":"Feature","id":188,"properties":{"PSGC":"1206317005","PROVINCE":"South Cotabato","PROVINCE_CODE":"1206300000","MUNICIPALITY":"Tupi","MUNICIPALITY_CODE":"1206317000","BARANGAY":"Crossing Rubber","CALIBRATION_STATUS":"CALIBRATED_SOUTH_COTABATO","DATE":"2030-01-01","POSTERIOR_MEAN_CASES":0.964,"LOWER_CREDIBLE_CASES":0.0,"UPPER_CREDIBLE_CASES":4.0,"OUTBREAK_PROBABILITY":0.016,"ALERT_LEVEL":"LOW","AUTOMATIC_OUTBREAK_ALERT":false,"OUTBREAK_ALERT_REASON":"NONE","RED_CASE_ZONE":false,"RED_CASE_NEIGHBOR_COUNT":1,"RED_CLUSTER_OUTBREAK_ALERT":false,"RED_CLUSTER_OUTBREAK_ONSET":false,"RED_CLUSTER_LIKELY_ORIGIN":false,"RED_CLUSTER_ID":-1,"RED_CLUSTER_SIZE":0,"INDIVIDUAL_OUTBREAK_ALERT":false,"PROBABILISTIC_OUTBREAK_ALERT":false,"OUTBREAK_ALERT_STATE":"NORMAL","HOTSPOT_Z_SCORE":-0.161349},"geometry":{"type":"Polygon","coordinates":[[[124.93050376000008,6.371005835000061],[124.93859354400001,6.377877761000037],[124.94613381400006,6.37008614900003],[124.94476369200004,6.363793114000032],[124.9366954960001,6.356206426000028],[124.93735565100006,6.346882682000056],[124.93324520100009,6.342817535000052],[124.92933481300008,6.33932722700007],[124.92185899000005,6.34254956500007],[124.92234878600003,6.350618298000028],[124.91718015600009,6.355361578000043],[124.90912109000011,6.36151624300004],[124.91941403500006,6.374266086000034],[124.93050376000008,6.371005835000061]]]}},{"type":"Feature","id":189,"properties":{"PSGC":"1206317006","PROVINCE":"South Cotabato","PROVINCE_CODE":"1206300000","MUNICIPALITY":"Tupi","MUNICIPALITY_CODE":"1206317000","BARANGAY":"Kablon","CALIBRATION_STATUS":"CALIBRATED_SOUTH_COTABATO","DATE":"2030-01-01","POSTERIOR_MEAN_CASES":1.64,"LOWER_CREDIBLE_CASES":0.0,"UPPER_CREDIBLE_CASES":5.0,"OUTBREAK_PROBABILITY":0.008,"ALERT_LEVEL":"LOW","AUTOMATIC_OUTBREAK_ALERT":false,"OUTBREAK_ALERT_REASON":"NONE","RED_CASE_ZONE":false,"RED_CASE_NEIGHBOR_COUNT":2,"RED_CLUSTER_OUTBREAK_ALERT":false,"RED_CLUSTER_OUTBREAK_ONSET":false,"RED_CLUSTER_LIKELY_ORIGIN":false,"RED_CLUSTER_ID":-1,"RED_CLUSTER_SIZE":0,"INDIVIDUAL_OUTBREAK_ALERT":false,"PROBABILISTIC_OUTBREAK_ALERT":false,"OUTBREAK_ALERT_STATE":"NORMAL","HOTSPOT_Z_SCORE":2.035394},"geometry":{"type":"Polygon","coordinates":[[[125.01035010400007,6.289365749000071],[124.99791007700003,6.282058632000029],[124.96869134900011,6.313357302000043],[124.98792134000009,6.332218797000051],[124.99222424700007,6.329365449000022],[125.0170101110001,6.330115792000071],[125.03366434300007,6.344739021000064],[125.03528914700009,6.348801028000026],[125.06038897000009,6.371362097000031],[125.07620906500006,6.359238639000068],[125.01035010400007,6.289365749000071]]]}},{"type":"Feature","id":190,"properties":{"PSGC":"1206317007","PROVINCE":"South Cotabato","PROVINCE_CODE":"1206300000","MUNICIPALITY":"Tupi","MUNICIPALITY_CODE":"1206317000","BARANGAY":"Kalkam","CALIBRATION_STATUS":"CALIBRATED_SOUTH_COTABATO","DATE":"2030-01-01","POSTERIOR_MEAN_CASES":0.64,"LOWER_CREDIBLE_CASES":0.0,"UPPER_CREDIBLE_CASES":3.0,"OUTBREAK_PROBABILITY":0.16,"ALERT_LEVEL":"LOW","AUTOMATIC_OUTBREAK_ALERT":false,"OUTBREAK_ALERT_REASON":"NONE","RED_CASE_ZONE":false,"RED_CASE_NEIGHBOR_COUNT":0,"RED_CLUSTER_OUTBREAK_ALERT":false,"RED_CLUSTER_OUTBREAK_ONSET":false,"RED_CLUSTER_LIKELY_ORIGIN":false,"RED_CLUSTER_ID":-1,"RED_CLUSTER_SIZE":0,"INDIVIDUAL_OUTBREAK_ALERT":false,"PROBABILISTIC_OUTBREAK_ALERT":false,"OUTBREAK_ALERT_STATE":"NORMAL","HOTSPOT_Z_SCORE":-0.834782},"geometry":{"type":"Polygon","coordinates":[[[124.92780060300004,6.331274178000057],[124.91690167700004,6.301877328000046],[124.90696316300011,6.308964628000068],[124.90974654000003,6.321571185000041],[124.908880812,6.331238485000029],[124.90455217000012,6.337731447000066],[124.91046798000002,6.344080121000045],[124.90573718300004,6.351988921000043],[124.91718015600009,6.355361578000043],[124.92234878600003,6.350618298000028],[124.92185899000005,6.34254956500007],[124.92933481300008,6.33932722700007],[124.92780060300004,6.331274178000057]]]}},{"type":"Feature","id":191,"properties":{"PSGC":"1206317009","PROVINCE":"South Cotabato","PROVINCE_CODE":"1206300000","MUNICIPALITY":"Tupi","MUNICIPALITY_CODE":"1206317000","BARANGAY":"Linan","CALIBRATION_STATUS":"CALIBRATED_SOUTH_COTABATO","DATE":"2030-01-01","POSTERIOR_MEAN_CASES":1.108,"LOWER_CREDIBLE_CASES":0.0,"UPPER_CREDIBLE_CASES":4.0,"OUTBREAK_PROBABILITY":0.048,"ALERT_LEVEL":"LOW","AUTOMATIC_OUTBREAK_ALERT":false,"OUTBREAK_ALERT_REASON":"NONE","RED_CASE_ZONE":false,"RED_CASE_NEIGHBOR_COUNT":1,"RED_CLUSTER_OUTBREAK_ALERT":false,"RED_CLUSTER_OUTBREAK_ONSET":false,"RED_CLUSTER_LIKELY_ORIGIN":false,"RED_CLUSTER_ID":-1,"RED_CLUSTER_SIZE":0,"INDIVIDUAL_OUTBREAK_ALERT":false,"PROBABILISTIC_OUTBREAK_ALERT":false,"OUTBREAK_ALERT_STATE":"NORMAL","HOTSPOT_Z_SCORE":0.618309},"geometry":{"type":"Polygon","coordinates":[[[125.01164961300003,6.356691760000047],[124.98433761500007,6.357157835000067],[124.97660076900002,6.348302409000041],[124.97216007700001,6.351942418000021],[124.96346213400011,6.343738423000047],[124.95686492800006,6.35068872100004],[124.97820330100002,6.369766669000057],[124.98343063500009,6.378002991000073],[124.9798750650001,6.382033576000027],[124.989486811,6.388527999000076],[124.99944518000007,6.387193849000028],[125.00925622200009,6.397658029000071],[125.02482685100006,6.399974933000066],[125.03047193000008,6.385972957000035],[125.0377498150001,6.382885177000047],[125.01164961300003,6.356691760000047]]]}},{"type":"Feature","id":192,"properties":{"PSGC":"1206317010","PROVINCE":"South Cotabato","PROVINCE_CODE":"1206300000","MUNICIPALITY":"Tupi","MUNICIPALITY_CODE":"1206317000","BARANGAY":"Lunen","CALIBRATION_STATUS":"CALIBRATED_SOUTH_COTABATO","DATE":"2030-01-01","POSTERIOR_MEAN_CASES":0.86,"LOWER_CREDIBLE_CASES":0.0,"UPPER_CREDIBLE_CASES":3.0,"OUTBREAK_PROBABILITY":0.024,"ALERT_LEVEL":"LOW","AUTOMATIC_OUTBREAK_ALERT":false,"OUTBREAK_ALERT_REASON":"NONE","RED_CASE_ZONE":false,"RED_CASE_NEIGHBOR_COUNT":0,"RED_CLUSTER_OUTBREAK_ALERT":false,"RED_CLUSTER_OUTBREAK_ONSET":false,"RED_CLUSTER_LIKELY_ORIGIN":false,"RED_CLUSTER_ID":-1,"RED_CLUSTER_SIZE":0,"INDIVIDUAL_OUTBREAK_ALERT":false,"PROBABILISTIC_OUTBREAK_ALERT":false,"OUTBREAK_ALERT_STATE":"NORMAL","HOTSPOT_Z_SCORE":-1.230647},"geometry":{"type":"Polygon","coordinates":[[[124.88910300167655,6.314409659171906],[124.88486520475769,6.319681047747231],[124.88494552200007,6.319778952000036],[124.88040271958181,6.3252319256736715],[124.87934048300008,6.326553240000067],[124.88491980600008,6.357899115000067],[124.89950570700013,6.361420281000051],[124.90912109000011,6.36151624300004],[124.91718015600009,6.355361578000043],[124.90573718300004,6.351988921000043],[124.91046798000002,6.344080121000045],[124.90455217000012,6.337731447000066],[124.908880812,6.331238485000029],[124.90974654000003,6.321571185000041],[124.90696316300011,6.308964628000068],[124.91690167700004,6.301877328000046],[124.90948816600007,6.289052587000072],[124.91442371618716,6.287088056638422],[124.89034759900007,6.278425690000063],[124.91065173100003,6.286579953000056],[124.88910300167655,6.314409659171906]]]}},{"type":"Feature","id":193,"properties":{"PSGC":"1206317011","PROVINCE":"South Cotabato","PROVINCE_CODE":"1206300000","MUNICIPALITY":"Tupi","MUNICIPALITY_CODE":"1206317000","BARANGAY":"Miasong","CALIBRATION_STATUS":"CALIBRATED_SOUTH_COTABATO","DATE":"2030-01-01","POSTERIOR_MEAN_CASES":0.952,"LOWER_CREDIBLE_CASES":0.0,"UPPER_CREDIBLE_CASES":3.775,"OUTBREAK_PROBABILITY":0.008,"ALERT_LEVEL":"LOW","AUTOMATIC_OUTBREAK_ALERT":false,"OUTBREAK_ALERT_REASON":"NONE","RED_CASE_ZONE":false,"RED_CASE_NEIGHBOR_COUNT":1,"RED_CLUSTER_OUTBREAK_ALERT":false,"RED_CLUSTER_OUTBREAK_ONSET":false,"RED_CLUSTER_LIKELY_ORIGIN":false,"RED_CLUSTER_ID":-1,"RED_CLUSTER_SIZE":0,"INDIVIDUAL_OUTBREAK_ALERT":false,"PROBABILISTIC_OUTBREAK_ALERT":false,"OUTBREAK_ALERT_STATE":"NORMAL","HOTSPOT_Z_SCORE":0.89445},"geometry":{"type":"Polygon","coordinates":[[[125.11303874600003,6.43504862900005],[125.08528930600005,6.380247885000068],[125.07620906500006,6.359238639000068],[125.06038897000009,6.371362097000031],[125.0377498150001,6.382885177000047],[125.03047193000008,6.385972957000035],[125.02482685100006,6.399974933000066],[125.02078736556058,6.408222137089057],[125.02583838900013,6.408626915000069],[125.02662215059163,6.408954233991944],[125.03200873600008,6.409384573000067],[125.04515098200011,6.414008696000053],[125.05343413559024,6.42015160828915],[125.05348536877742,6.420189603597542],[125.06134294600008,6.426016902000073],[125.0884423430001,6.443406889000072],[125.10826968200001,6.451471095000045],[125.10770072100001,6.4361091670000405],[125.11303874600003,6.43504862900005]]]}},{"type":"Feature","id":194,"properties":{"PSGC":"1206317012","PROVINCE":"South Cotabato","PROVINCE_CODE":"1206300000","MUNICIPALITY":"Tupi","MUNICIPALITY_CODE":"1206317000","BARANGAY":"Palian","CALIBRATION_STATUS":"CALIBRATED_SOUTH_COTABATO","DATE":"2030-01-01","POSTERIOR_MEAN_CASES":0.76,"LOWER_CREDIBLE_CASES":0.0,"UPPER_CREDIBLE_CASES":3.0,"OUTBREAK_PROBABILITY":0.016,"ALERT_LEVEL":"LOW","AUTOMATIC_OUTBREAK_ALERT":false,"OUTBREAK_ALERT_REASON":"NONE","RED_CASE_ZONE":false,"RED_CASE_NEIGHBOR_COUNT":0,"RED_CLUSTER_OUTBREAK_ALERT":false,"RED_CLUSTER_OUTBREAK_ONSET":false,"RED_CLUSTER_LIKELY_ORIGIN":false,"RED_CLUSTER_ID":-1,"RED_CLUSTER_SIZE":0,"INDIVIDUAL_OUTBREAK_ALERT":false,"PROBABILISTIC_OUTBREAK_ALERT":false,"OUTBREAK_ALERT_STATE":"NORMAL","HOTSPOT_Z_SCORE":-1.304995},"geometry":{"type":"Polygon","coordinates":[[[124.91601583300007,6.383585837000054],[124.91941403500006,6.374266086000034],[124.90912109000011,6.36151624300004],[124.89950570700013,6.361420281000051],[124.89837102900003,6.37307179000004],[124.89070420300006,6.383040165000067],[124.88957944966627,6.388306618050096],[124.88935454100009,6.389359712000044],[124.9076670810001,6.392589126000075],[124.91601583300007,6.383585837000054]]]}},{"type":"Feature","id":195,"properties":{"PSGC":"1206317013","PROVINCE":"South Cotabato","PROVINCE_CODE":"1206300000","MUNICIPALITY":"Tupi","MUNICIPALITY_CODE":"1206317000","BARANGAY":"Poblacion","CALIBRATION_STATUS":"CALIBRATED_SOUTH_COTABATO","DATE":"2030-01-01","POSTERIOR_MEAN_CASES":2.856,"LOWER_CREDIBLE_CASES":0.0,"UPPER_CREDIBLE_CASES":7.0,"OUTBREAK_PROBABILITY":0.0,"ALERT_LEVEL":"LOW","AUTOMATIC_OUTBREAK_ALERT":false,"OUTBREAK_ALERT_REASON":"NONE","RED_CASE_ZONE":true,"RED_CASE_NEIGHBOR_COUNT":0,"RED_CLUSTER_OUTBREAK_ALERT":false,"RED_CLUSTER_OUTBREAK_ONSET":false,"RED_CLUSTER_LIKELY_ORIGIN":false,"RED_CLUSTER_ID":-1,"RED_CLUSTER_SIZE":0,"INDIVIDUAL_OUTBREAK_ALERT":false,"PROBABILISTIC_OUTBREAK_ALERT":false,"OUTBREAK_ALERT_STATE":"RED_CASE_ZONE","HOTSPOT_Z_SCORE":0.850042},"geometry":{"type":"Polygon","coordinates":[[[124.97231791600007,6.334748575000049],[124.95966831400006,6.323080592000053],[124.96869134900011,6.313357302000043],[124.96420458200011,6.309568477000027],[124.95635086500009,6.317648741000028],[124.9495050490001,6.329370745000062],[124.9418864920001,6.333197364000057],[124.93324520100009,6.342817535000052],[124.93735565100006,6.346882682000056],[124.9366954960001,6.356206426000028],[124.945353015,6.346973022000042],[124.95686492800006,6.35068872100004],[124.96346213400011,6.343738423000047],[124.97231791600007,6.334748575000049]]]}},{"type":"Feature","id":196,"properties":{"PSGC":"1206317014","PROVINCE":"South Cotabato","PROVINCE_CODE":"1206300000","MUNICIPALITY":"Tupi","MUNICIPALITY_CODE":"1206317000","BARANGAY":"Polonuling","CALIBRATION_STATUS":"CALIBRATED_SOUTH_COTABATO","DATE":"2030-01-01","POSTERIOR_MEAN_CASES":1.624,"LOWER_CREDIBLE_CASES":0.0,"UPPER_CREDIBLE_CASES":5.0,"OUTBREAK_PROBABILITY":0.0,"ALERT_LEVEL":"LOW","AUTOMATIC_OUTBREAK_ALERT":false,"OUTBREAK_ALERT_REASON":"NONE","RED_CASE_ZONE":false,"RED_CASE_NEIGHBOR_COUNT":2,"RED_CLUSTER_OUTBREAK_ALERT":false,"RED_CLUSTER_OUTBREAK_ONSET":false,"RED_CLUSTER_LIKELY_ORIGIN":false,"RED_CLUSTER_ID":-1,"RED_CLUSTER_SIZE":0,"INDIVIDUAL_OUTBREAK_ALERT":false,"PROBABILISTIC_OUTBREAK_ALERT":false,"OUTBREAK_ALERT_STATE":"NORMAL","HOTSPOT_Z_SCORE":1.291247},"geometry":{"type":"Polygon","coordinates":[[[124.97880669500013,6.246560816000055],[124.9863654106523,6.2382767833837],[124.98553710100009,6.239040944000067],[124.96585867977505,6.238179957465061],[124.97237431400005,6.239506633000076],[124.97565934900003,6.246422417000076],[124.97101790800004,6.254381745000044],[124.97469037700012,6.26004613200007],[124.96227908900005,6.259823274000041],[124.94848774800006,6.25421623400007],[124.94350123000005,6.267046858000072],[124.92971952900008,6.280999761000032],[124.94990691400004,6.311066621000066],[124.95635086500009,6.317648741000028],[124.96420458200011,6.309568477000027],[124.96869134900011,6.313357302000043],[124.99791007700003,6.282058632000029],[125.01035010400007,6.289365749000071],[124.98595294100006,6.270519473000036],[124.97880669500013,6.246560816000055]]]}},{"type":"Feature","id":197,"properties":{"PSGC":"1206317015","PROVINCE":"South Cotabato","PROVINCE_CODE":"1206300000","MUNICIPALITY":"Tupi","MUNICIPALITY_CODE":"1206317000","BARANGAY":"Simbo","CALIBRATION_STATUS":"CALIBRATED_SOUTH_COTABATO","DATE":"2030-01-01","POSTERIOR_MEAN_CASES":0.664,"LOWER_CREDIBLE_CASES":0.0,"UPPER_CREDIBLE_CASES":3.0,"OUTBREAK_PROBABILITY":0.044,"ALERT_LEVEL":"LOW","AUTOMATIC_OUTBREAK_ALERT":false,"OUTBREAK_ALERT_REASON":"NONE","RED_CASE_ZONE":false,"RED_CASE_NEIGHBOR_COUNT":0,"RED_CLUSTER_OUTBREAK_ALERT":false,"RED_CLUSTER_OUTBREAK_ONSET":false,"RED_CLUSTER_LIKELY_ORIGIN":false,"RED_CLUSTER_ID":-1,"RED_CLUSTER_SIZE":0,"INDIVIDUAL_OUTBREAK_ALERT":false,"PROBABILISTIC_OUTBREAK_ALERT":false,"OUTBREAK_ALERT_STATE":"NORMAL","HOTSPOT_Z_SCORE":-0.240193},"geometry":{"type":"Polygon","coordinates":[[[124.96235531380823,6.238026675304356],[124.96200136400012,6.238011189000075],[124.9591417105107,6.240288628002745],[124.95287544800009,6.244699250000052],[124.95247919668311,6.2455587247689826],[124.95238844087946,6.245755575404004],[124.94848774800006,6.25421623400007],[124.96227908900005,6.259823274000041],[124.97469037700012,6.26004613200007],[124.97101790800004,6.254381745000044],[124.97565934900003,6.246422417000076],[124.97237431400005,6.239506633000076],[124.96585867977505,6.238179957465061],[124.96297246400002,6.237592283000028],[124.96235531380823,6.238026675304356]]]}},{"type":"Feature","id":198,"properties":{"PSGC":"1206317016","PROVINCE":"South Cotabato","PROVINCE_CODE":"1206300000","MUNICIPALITY":"Tupi","MUNICIPALITY_CODE":"1206317000","BARANGAY":"Tubeng","CALIBRATION_STATUS":"CALIBRATED_SOUTH_COTABATO","DATE":"2030-01-01","POSTERIOR_MEAN_CASES":0.608,"LOWER_CREDIBLE_CASES":0.0,"UPPER_CREDIBLE_CASES":2.0,"OUTBREAK_PROBABILITY":0.024,"ALERT_LEVEL":"LOW","AUTOMATIC_OUTBREAK_ALERT":false,"OUTBREAK_ALERT_REASON":"NONE","RED_CASE_ZONE":false,"RED_CASE_NEIGHBOR_COUNT":0,"RED_CLUSTER_OUTBREAK_ALERT":false,"RED_CLUSTER_OUTBREAK_ONSET":false,"RED_CLUSTER_LIKELY_ORIGIN":false,"RED_CLUSTER_ID":-1,"RED_CLUSTER_SIZE":0,"INDIVIDUAL_OUTBREAK_ALERT":false,"PROBABILISTIC_OUTBREAK_ALERT":false,"OUTBREAK_ALERT_STATE":"NORMAL","HOTSPOT_Z_SCORE":-1.1974},"geometry":{"type":"Polygon","coordinates":[[[124.88093305400004,6.38625945900003],[124.88957944966627,6.388306618050096],[124.89070420300006,6.383040165000067],[124.89837102900003,6.37307179000004],[124.89950570700013,6.361420281000051],[124.88491980600008,6.357899115000067],[124.87934048300008,6.326553240000067],[124.86865383800011,6.339575696000053],[124.88093305400004,6.38625945900003]]]}}]}