{"type":"FeatureCollection","features":[{"type":"Feature","id":0,"properties":{"node":0,"psgc":"1206302002","barangay":"Benitez","municipality":"Banga","municipality_code":"1206302000","province":"South Cotabato","status":"CALIBRATED_SOUTH_COTABATO","gap_fill_km2":0.0,"search":"BENITEZ BANGA"},"geometry":{"type":"Polygon","coordinates":[[[124.78911788200001,6.414982497000039],[124.7874280850001,6.411555849000024],[124.77510647100009,6.406767115000036],[124.77100505200009,6.409181211000032],[124.777868,6.420971300000076],[124.78261831000009,6.421906890000059],[124.78911788200001,6.414982497000039]]]}},{"type":"Feature","id":1,"properties":{"node":1,"psgc":"1206302003","barangay":"Cabudian","municipality":"Banga","municipality_code":"1206302000","province":"South Cotabato","status":"CALIBRATED_SOUTH_COTABATO","gap_fill_km2":0.0,"search":"CABUDIAN BANGA"},"geometry":{"type":"Polygon","coordinates":[[[124.73886631100005,6.428324015000044],[124.71798624300006,6.416094822000047],[124.71627457800001,6.424558645000046],[124.73524867200003,6.447473908000064],[124.73886631100005,6.428324015000044]]]}},{"type":"Feature","id":2,"properties":{"node":2,"psgc":"1206302004","barangay":"Cabuling","municipality":"Banga","municipality_code":"1206302000","province":"South Cotabato","status":"CALIBRATED_SOUTH_COTABATO","gap_fill_km2":0.0,"search":"CABULING BANGA"},"geometry":{"type":"Polygon","coordinates":[[[124.7874280850001,6.411555849000024],[124.80925263100005,6.389626912000039],[124.79274537300012,6.379253189000052],[124.79651724600002,6.385512224000024],[124.771372057,6.40044744000005],[124.77510647100009,6.406767115000036],[124.7874280850001,6.411555849000024]]]}},{"type":"Feature","id":3,"properties":{"node":3,"psgc":"1206302005","barangay":"Cinco","municipality":"Banga","municipality_code":"1206302000","province":"South Cotabato","status":"CALIBRATED_SOUTH_COTABATO","gap_fill_km2":0.0,"search":"CINCO BANGA"},"geometry":{"type":"Polygon","coordinates":[[[124.78157655670933,6.360418400572327],[124.75637910400008,6.37536340400004],[124.76012009300007,6.381593521000069],[124.771372057,6.40044744000005],[124.79651724600002,6.385512224000024],[124.79274537300012,6.379253189000052],[124.78523614800008,6.366611408000042],[124.78157852184228,6.360417874862717],[124.7815766100001,6.360418506000031],[124.78157655670933,6.360418400572327]]]}},{"type":"Feature","id":4,"properties":{"node":4,"psgc":"1206302006","barangay":"Derilon","municipality":"Banga","municipality_code":"1206302000","province":"South Cotabato","status":"CALIBRATED_SOUTH_COTABATO","gap_fill_km2":0.0,"search":"DERILON BANGA"},"geometry":{"type":"Polygon","coordinates":[[[124.86332999400008,6.329604916000052],[124.84843577300012,6.309743054000024],[124.84091787500006,6.331034390000069],[124.85509200300011,6.336666485000023],[124.86332999400008,6.329604916000052]]]}},{"type":"Feature","id":5,"properties":{"node":5,"psgc":"1206302007","barangay":"El Nonok","municipality":"Banga","municipality_code":"1206302000","province":"South Cotabato","status":"CALIBRATED_SOUTH_COTABATO","gap_fill_km2":0.784597,"search":"EL NONOK BANGA"},"geometry":{"type":"Polygon","coordinates":[[[124.81343088500013,6.389075494000053],[124.82408943400003,6.403344141000047],[124.79506978400003,6.420123969000031],[124.78911788200001,6.414982497000039],[124.78261831000009,6.421906890000059],[124.77984130100005,6.429218452000045],[124.78699672800009,6.442264056000056],[124.81411641400007,6.446145602000058],[124.82032583400007,6.454063644000029],[124.8130812930001,6.464174916000045],[124.82691600500004,6.444986301000029],[124.84500280900012,6.419699153000067],[124.81343088500013,6.389075494000053]]]}},{"type":"Feature","id":6,"properties":{"node":6,"psgc":"1206302008","barangay":"Improgo Village","municipality":"Banga","municipality_code":"1206302000","province":"South Cotabato","status":"CALIBRATED_SOUTH_COTABATO","gap_fill_km2":0.0,"search":"IMPROGO VILLAGE BANGA"},"geometry":{"type":"Polygon","coordinates":[[[124.78261831000009,6.421906890000059],[124.7773568,6.424963800000056],[124.77984130100005,6.429218452000045],[124.78261831000009,6.421906890000059]]]}},{"type":"Feature","id":7,"properties":{"node":7,"psgc":"1206302009","barangay":"Kusan","municipality":"Banga","municipality_code":"1206302000","province":"South Cotabato","status":"CALIBRATED_SOUTH_COTABATO","gap_fill_km2":0.0,"search":"KUSAN BANGA"},"geometry":{"type":"Polygon","coordinates":[[[124.71899489943897,6.414228560298097],[124.71798624300006,6.416094822000047],[124.73886631100005,6.428324015000044],[124.7465171770001,6.423782440000023],[124.76246125500006,6.414308843000071],[124.74752435800009,6.388965494000049],[124.73575642589547,6.390297449967784],[124.73167952400003,6.390758895000033],[124.71899489943897,6.414228560298097]]]}},{"type":"Feature","id":8,"properties":{"node":8,"psgc":"1206302010","barangay":"Lam-Apos","municipality":"Banga","municipality_code":"1206302000","province":"South Cotabato","status":"CALIBRATED_SOUTH_COTABATO","gap_fill_km2":0.021361,"search":"LAM-APOS BANGA"},"geometry":{"type":"Polygon","coordinates":[[[124.87538560200007,6.308125703000028],[124.86332999400008,6.329604916000052],[124.85509200300011,6.336666485000023],[124.86683758419363,6.341454798437056],[124.86687495900003,6.341470035000043],[124.86720017346022,6.341079662334355],[124.86865383800011,6.339575696000053],[124.87934048300008,6.326553240000067],[124.88040271958181,6.3252319256736715],[124.88494552200007,6.319778952000036],[124.88486520475769,6.319681047747231],[124.87538560200007,6.308125703000028]]]}},{"type":"Feature","id":9,"properties":{"node":9,"psgc":"1206302011","barangay":"Lamba","municipality":"Banga","municipality_code":"1206302000","province":"South Cotabato","status":"CALIBRATED_SOUTH_COTABATO","gap_fill_km2":0.49449,"search":"LAMBA BANGA"},"geometry":{"type":"Polygon","coordinates":[[[124.86687495900003,6.341470035000043],[124.86683758419363,6.341454798437056],[124.85509200300011,6.336666485000023],[124.84091787500006,6.331034390000069],[124.82332732800012,6.324589354000068],[124.81004402600001,6.351020843000073],[124.82737466600008,6.380102631000056],[124.81343088500013,6.389075494000053],[124.83184975200005,6.377653330000043],[124.8659220795632,6.34240198267748],[124.86687495900003,6.341470035000043]]]}},{"type":"Feature","id":10,"properties":{"node":10,"psgc":"1206302012","barangay":"Lambingi","municipality":"Banga","municipality_code":"1206302000","province":"South Cotabato","status":"CALIBRATED_SOUTH_COTABATO","gap_fill_km2":2.612088,"search":"LAMBINGI BANGA"},"geometry":{"type":"Polygon","coordinates":[[[124.89034759900007,6.278425690000063],[124.87390586700009,6.287536243000035],[124.85232259530946,6.288197288645033],[124.85478896100007,6.288891857000068],[124.84091787500006,6.331034390000069],[124.84843577300012,6.309743054000024],[124.86332999400008,6.329604916000052],[124.87538560200007,6.308125703000028],[124.86333124300006,6.295343009000022],[124.89034759900007,6.278425690000063]]]}},{"type":"Feature","id":11,"properties":{"node":11,"psgc":"1206302013","barangay":"Lampari","municipality":"Banga","municipality_code":"1206302000","province":"South Cotabato","status":"CALIBRATED_SOUTH_COTABATO","gap_fill_km2":0.0,"search":"LAMPARI BANGA"},"geometry":{"type":"Polygon","coordinates":[[[124.88486520475769,6.319681047747231],[124.88910300167655,6.314409659171906],[124.91065173100003,6.286579953000056],[124.89034759900007,6.278425690000063],[124.86333124300006,6.295343009000022],[124.87538560200007,6.308125703000028],[124.88486520475769,6.319681047747231]]]}},{"type":"Feature","id":12,"properties":{"node":12,"psgc":"1206302014","barangay":"Liwanay","municipality":"Banga","municipality_code":"1206302000","province":"South Cotabato","status":"CALIBRATED_SOUTH_COTABATO","gap_fill_km2":1.756792,"search":"LIWANAY BANGA"},"geometry":{"type":"Polygon","coordinates":[[[124.73786260400006,6.387270168000043],[124.73575642589547,6.390297449967784],[124.74752435800009,6.388965494000049],[124.76246125500006,6.414308843000071],[124.77100505200009,6.409181211000032],[124.77510647100009,6.406767115000036],[124.771372057,6.40044744000005],[124.76012009300007,6.381593521000069],[124.75637910400008,6.37536340400004],[124.73786260400006,6.387270168000043]]]}},{"type":"Feature","id":13,"properties":{"node":13,"psgc":"1206302015","barangay":"Malaya","municipality":"Banga","municipality_code":"1206302000","province":"South Cotabato","status":"CALIBRATED_SOUTH_COTABATO","gap_fill_km2":3.587905,"search":"MALAYA BANGA"},"geometry":{"type":"Polygon","coordinates":[[[124.76244279000002,6.457371600000045],[124.7469393360001,6.46667723300004],[124.727576343166,6.483653488597421],[124.74695566500009,6.508218674000032],[124.74571260296256,6.5080823043161375],[124.75307320400007,6.514490503000047],[124.77335952600004,6.500628083000037],[124.77635361894157,6.501561922128629],[124.81413995700008,6.513347248000057],[124.81696922011942,6.516655893582885],[124.81641082400007,6.515717738000035],[124.78578088200003,6.48301535200005],[124.76244279000002,6.457371600000045]]]}},{"type":"Feature","id":14,"properties":{"node":14,"psgc":"1206302016","barangay":"Punong Grande","municipality":"Banga","municipality_code":"1206302000","province":"South Cotabato","status":"CALIBRATED_SOUTH_COTABATO","gap_fill_km2":0.0,"search":"PUNONG GRANDE BANGA"},"geometry":{"type":"Polygon","coordinates":[[[124.73524867200003,6.447473908000064],[124.7469393360001,6.46667723300004],[124.76244279000002,6.457371600000045],[124.76870543000007,6.453690468000048],[124.75874950000004,6.433485500000073],[124.7465171770001,6.423782440000023],[124.73886631100005,6.428324015000044],[124.73524867200003,6.447473908000064]]]}},{"type":"Feature","id":15,"properties":{"node":15,"psgc":"1206302017","barangay":"Rang-ay","municipality":"Banga","municipality_code":"1206302000","province":"South Cotabato","status":"CALIBRATED_SOUTH_COTABATO","gap_fill_km2":0.0,"search":"RANG-AY BANGA"},"geometry":{"type":"Polygon","coordinates":[[[124.78911788200001,6.414982497000039],[124.79506978400003,6.420123969000031],[124.82408943400003,6.403344141000047],[124.81343088500013,6.389075494000053],[124.80925263100005,6.389626912000039],[124.7874280850001,6.411555849000024],[124.78911788200001,6.414982497000039]]]}},{"type":"Feature","id":16,"properties":{"node":16,"psgc":"1206302018","barangay":"Reyes","municipality":"Banga","municipality_code":"1206302000","province":"South Cotabato","status":"CALIBRATED_SOUTH_COTABATO","gap_fill_km2":0.0,"search":"REYES BANGA"},"geometry":{"type":"Polygon","coordinates":[[[124.77984130100005,6.429218452000045],[124.7773568,6.424963800000056],[124.77576280000004,6.422247500000026],[124.75874950000004,6.433485500000073],[124.76870543000007,6.453690468000048],[124.78699672800009,6.442264056000056],[124.77984130100005,6.429218452000045]]]}},{"type":"Feature","id":17,"properties":{"node":17,"psgc":"1206302019","barangay":"Rizal","municipality":"Banga","municipality_code":"1206302000","province":"South Cotabato","status":"CALIBRATED_SOUTH_COTABATO","gap_fill_km2":0.0,"search":"RIZAL BANGA"},"geometry":{"type":"Polygon","coordinates":[[[124.71627457800001,6.424558645000046],[124.71520363614705,6.427618388847321],[124.70931392436037,6.455436146090948],[124.72353848907483,6.479056487419618],[124.72394587800011,6.479051519000053],[124.727576343166,6.483653488597421],[124.7469393360001,6.46667723300004],[124.73524867200003,6.447473908000064],[124.71627457800001,6.424558645000046]]]}},{"type":"Feature","id":18,"properties":{"node":18,"psgc":"1206302020","barangay":"Rizal Poblacion","municipality":"Banga","municipality_code":"1206302000","province":"South Cotabato","status":"CALIBRATED_SOUTH_COTABATO","gap_fill_km2":0.0,"search":"RIZAL POBLACION BANGA"},"geometry":{"type":"Polygon","coordinates":[[[124.77100505200009,6.409181211000032],[124.76246125500006,6.414308843000071],[124.7465171770001,6.423782440000023],[124.75874950000004,6.433485500000073],[124.77576280000004,6.422247500000026],[124.777868,6.420971300000076],[124.77100505200009,6.409181211000032]]]}},{"type":"Feature","id":19,"properties":{"node":19,"psgc":"1206302021","barangay":"San Jose","municipality":"Banga","municipality_code":"1206302000","province":"South Cotabato","status":"CALIBRATED_SOUTH_COTABATO","gap_fill_km2":0.0,"search":"SAN JOSE BANGA"},"geometry":{"type":"Polygon","coordinates":[[[124.80925263100005,6.389626912000039],[124.81343088500013,6.389075494000053],[124.82737466600008,6.380102631000056],[124.81004402600001,6.351020843000073],[124.78523614800008,6.366611408000042],[124.79274537300012,6.379253189000052],[124.80925263100005,6.389626912000039]]]}},{"type":"Feature","id":20,"properties":{"node":20,"psgc":"1206302022","barangay":"San Vicente","municipality":"Banga","municipality_code":"1206302000","province":"South Cotabato","status":"CALIBRATED_SOUTH_COTABATO","gap_fill_km2":0.0,"search":"SAN VICENTE BANGA"},"geometry":{"type":"Polygon","coordinates":[[[124.81411641400007,6.446145602000058],[124.78699672800009,6.442264056000056],[124.76870543000007,6.453690468000048],[124.76244279000002,6.457371600000045],[124.78578088200003,6.48301535200005],[124.8130812930001,6.464174916000045],[124.82032583400007,6.454063644000029],[124.81411641400007,6.446145602000058]]]}},{"type":"Feature","id":21,"properties":{"node":21,"psgc":"1206302024","barangay":"Yangco Poblacion","municipality":"Banga","municipality_code":"1206302000","province":"South Cotabato","status":"CALIBRATED_SOUTH_COTABATO","gap_fill_km2":0.0,"search":"YANGCO POBLACION BANGA"},"geometry":{"type":"Polygon","coordinates":[[[124.777868,6.420971300000076],[124.77576280000004,6.422247500000026],[124.7773568,6.424963800000056],[124.78261831000009,6.421906890000059],[124.777868,6.420971300000076]]]}},{"type":"Feature","id":22,"properties":{"node":22,"psgc":"1206306001","barangay":"Assumption","municipality":"City of Koronadal","municipality_code":"1206306000","province":"South Cotabato","status":"CALIBRATED_SOUTH_COTABATO","gap_fill_km2":0.0,"search":"ASSUMPTION CITY OF KORONADAL"},"geometry":{"type":"Polygon","coordinates":[[[124.85265383000002,6.449952807000045],[124.86028217000013,6.435431746000063],[124.84500280900012,6.419699153000067],[124.82691600500004,6.444986301000029],[124.8452774760001,6.460325673000056],[124.85265383000002,6.449952807000045]]]}},{"type":"Feature","id":23,"properties":{"node":23,"psgc":"1206306002","barangay":"Avanceña","municipality":"City of Koronadal","municipality_code":"1206306000","province":"South Cotabato","status":"CALIBRATED_SOUTH_COTABATO","gap_fill_km2":0.0,"search":"AVANCEÑA CITY OF KORONADAL"},"geometry":{"type":"Polygon","coordinates":[[[124.88128781900002,6.555289832000027],[124.88837184700002,6.534686706000059],[124.88888548600006,6.528772008000031],[124.87555561400008,6.516717509000046],[124.86005515700002,6.538028619000043],[124.88128781900002,6.555289832000027]]]}},{"type":"Feature","id":24,"properties":{"node":24,"psgc":"1206306003","barangay":"Cacub","municipality":"City of Koronadal","municipality_code":"1206306000","province":"South Cotabato","status":"CALIBRATED_SOUTH_COTABATO","gap_fill_km2":0.0,"search":"CACUB CITY OF KORONADAL"},"geometry":{"type":"Polygon","coordinates":[[[124.96643803129892,6.500769708180951],[124.93988385500005,6.497243260000061],[124.92234959100006,6.509415957000043],[124.92372674300009,6.517275839000035],[124.96562704400002,6.554706194000062],[124.98983452400012,6.539853395000022],[124.98554958220583,6.5313491595863535],[124.98225171503506,6.524803950776117],[124.97040743500008,6.501296853000042],[124.96643803129892,6.500769708180951]]]}},{"type":"Feature","id":25,"properties":{"node":25,"psgc":"1206306004","barangay":"Caloocan","municipality":"City of Koronadal","municipality_code":"1206306000","province":"South Cotabato","status":"CALIBRATED_SOUTH_COTABATO","gap_fill_km2":0.0,"search":"CALOOCAN CITY OF KORONADAL"},"geometry":{"type":"Polygon","coordinates":[[[124.84122562700007,6.540021633000037],[124.85411005900004,6.522345846000064],[124.84272176600007,6.508893146000048],[124.83979529400007,6.511412056000039],[124.82414900945281,6.525052206425339],[124.8283292660001,6.529940754000052],[124.82823862561358,6.53039931460204],[124.84122562700007,6.540021633000037]]]}},{"type":"Feature","id":26,"properties":{"node":26,"psgc":"1206306005","barangay":"Carpenter Hill","municipality":"City of Koronadal","municipality_code":"1206306000","province":"South Cotabato","status":"CALIBRATED_SOUTH_COTABATO","gap_fill_km2":0.0,"search":"CARPENTER HILL CITY OF KORONADAL"},"geometry":{"type":"Polygon","coordinates":[[[124.85265383000002,6.449952807000045],[124.8695824130001,6.470518609000065],[124.87332972600008,6.475052394000045],[124.88444362300004,6.458662197000023],[124.89620270000012,6.442853890000037],[124.86948171000006,6.444227403000069],[124.86028217000013,6.435431746000063],[124.85265383000002,6.449952807000045]]]}},{"type":"Feature","id":27,"properties":{"node":27,"psgc":"1206306006","barangay":"Concepcion","municipality":"City of Koronadal","municipality_code":"1206306000","province":"South Cotabato","status":"CALIBRATED_SOUTH_COTABATO","gap_fill_km2":0.0,"search":"CONCEPCION CITY OF KORONADAL"},"geometry":{"type":"Polygon","coordinates":[[[124.87332972600008,6.475052394000045],[124.86794089700004,6.479633465000063],[124.87552439900003,6.489927017000071],[124.90713762500003,6.479987408000057],[124.89697604700007,6.463747582000053],[124.88444362300004,6.458662197000023],[124.87332972600008,6.475052394000045]]]}},{"type":"Feature","id":28,"properties":{"node":28,"psgc":"1206306007","barangay":"Esperanza","municipality":"City of Koronadal","municipality_code":"1206306000","province":"South Cotabato","status":"CALIBRATED_SOUTH_COTABATO","gap_fill_km2":0.0,"search":"ESPERANZA CITY OF KORONADAL"},"geometry":{"type":"Polygon","coordinates":[[[124.92234959100006,6.509415957000043],[124.91273921400011,6.495700059000057],[124.90403350300005,6.508739048000052],[124.90917355800003,6.51861334800003],[124.92372674300009,6.517275839000035],[124.92234959100006,6.509415957000043]]]}},{"type":"Feature","id":29,"properties":{"node":29,"psgc":"1206306008","barangay":"General Paulino Santos","municipality":"City of Koronadal","municipality_code":"1206306000","province":"South Cotabato","status":"CALIBRATED_SOUTH_COTABATO","gap_fill_km2":0.0,"search":"GENERAL PAULINO SANTOS CITY OF KORONADAL"},"geometry":{"type":"Polygon","coordinates":[[[124.85411005900004,6.522345846000064],[124.87147648300002,6.515232715000023],[124.8678556430001,6.50268868300003],[124.85798454500002,6.495831157000056],[124.84562596200011,6.503052251000041],[124.84272176600007,6.508893146000048],[124.85411005900004,6.522345846000064]]]}},{"type":"Feature","id":30,"properties":{"node":30,"psgc":"1206306009","barangay":"Mabini","municipality":"City of Koronadal","municipality_code":"1206306000","province":"South Cotabato","status":"CALIBRATED_SOUTH_COTABATO","gap_fill_km2":0.0,"search":"MABINI CITY OF KORONADAL"},"geometry":{"type":"Polygon","coordinates":[[[124.96562704400002,6.554706194000062],[124.92372674300009,6.517275839000035],[124.90917355800003,6.51861334800003],[124.88888548600006,6.528772008000031],[124.88837184700002,6.534686706000059],[124.92445572400004,6.530740326000056],[124.95040559800009,6.557693580000033],[124.96562704400002,6.554706194000062]]]}},{"type":"Feature","id":31,"properties":{"node":31,"psgc":"1206306010","barangay":"Magsaysay","municipality":"City of Koronadal","municipality_code":"1206306000","province":"South Cotabato","status":"CALIBRATED_SOUTH_COTABATO","gap_fill_km2":0.0,"search":"MAGSAYSAY CITY OF KORONADAL"},"geometry":{"type":"Polygon","coordinates":[[[124.90713762500003,6.479987408000057],[124.91350926100006,6.477777036000021],[124.920037481,6.474384933000068],[124.92298628700007,6.456449930000075],[124.89697604700007,6.463747582000053],[124.90713762500003,6.479987408000057]]]}},{"type":"Feature","id":32,"properties":{"node":32,"psgc":"1206306011","barangay":"Mambucal","municipality":"City of Koronadal","municipality_code":"1206306000","province":"South Cotabato","status":"CALIBRATED_SOUTH_COTABATO","gap_fill_km2":0.0,"search":"MAMBUCAL CITY OF KORONADAL"},"geometry":{"type":"Polygon","coordinates":[[[124.82691600500004,6.444986301000029],[124.8130812930001,6.464174916000045],[124.82281900300008,6.478094241000064],[124.83964279700001,6.467361233000075],[124.8452774760001,6.460325673000056],[124.82691600500004,6.444986301000029]]]}},{"type":"Feature","id":33,"properties":{"node":33,"psgc":"1206306012","barangay":"Morales","municipality":"City of Koronadal","municipality_code":"1206306000","province":"South Cotabato","status":"CALIBRATED_SOUTH_COTABATO","gap_fill_km2":0.0,"search":"MORALES CITY OF KORONADAL"},"geometry":{"type":"Polygon","coordinates":[[[124.83979529400007,6.511412056000039],[124.83612422100009,6.506750819000046],[124.82893131800007,6.501429513000062],[124.81641082400007,6.515717738000035],[124.81696922011942,6.516655893582885],[124.82414900945281,6.525052206425339],[124.83979529400007,6.511412056000039]]]}},{"type":"Feature","id":34,"properties":{"node":34,"psgc":"1206306013","barangay":"Namnama","municipality":"City of Koronadal","municipality_code":"1206306000","province":"South Cotabato","status":"CALIBRATED_SOUTH_COTABATO","gap_fill_km2":0.0,"search":"NAMNAMA CITY OF KORONADAL"},"geometry":{"type":"Polygon","coordinates":[[[124.86005515700002,6.538028619000043],[124.87555561400008,6.516717509000046],[124.87738511700002,6.511847928000063],[124.8678556430001,6.50268868300003],[124.87147648300002,6.515232715000023],[124.85411005900004,6.522345846000064],[124.84122562700007,6.540021633000037],[124.86005515700002,6.538028619000043]]]}},{"type":"Feature","id":35,"properties":{"node":35,"psgc":"1206306014","barangay":"New Pangasinan","municipality":"City of Koronadal","municipality_code":"1206306000","province":"South Cotabato","status":"CALIBRATED_SOUTH_COTABATO","gap_fill_km2":0.0,"search":"NEW PANGASINAN CITY OF KORONADAL"},"geometry":{"type":"Polygon","coordinates":[[[124.87552439900003,6.489927017000071],[124.88655577000009,6.505701897000051],[124.90403350300005,6.508739048000052],[124.91273921400011,6.495700059000057],[124.91350926100006,6.477777036000021],[124.90713762500003,6.479987408000057],[124.87552439900003,6.489927017000071]]]}},{"type":"Feature","id":36,"properties":{"node":36,"psgc":"1206306015","barangay":"Paraiso","municipality":"City of Koronadal","municipality_code":"1206306000","province":"South Cotabato","status":"CALIBRATED_SOUTH_COTABATO","gap_fill_km2":0.0,"search":"PARAISO CITY OF KORONADAL"},"geometry":{"type":"Polygon","coordinates":[[[124.78578088200003,6.48301535200005],[124.81641082400007,6.515717738000035],[124.82893131800007,6.501429513000062],[124.83200194900009,6.489505622000024],[124.82281900300008,6.478094241000064],[124.8130812930001,6.464174916000045],[124.78578088200003,6.48301535200005]]]}},{"type":"Feature","id":37,"properties":{"node":37,"psgc":"1206306016","barangay":"Zone I","municipality":"City of Koronadal","municipality_code":"1206306000","province":"South Cotabato","status":"CALIBRATED_SOUTH_COTABATO","gap_fill_km2":0.0,"search":"ZONE I CITY OF KORONADAL"},"geometry":{"type":"Polygon","coordinates":[[[124.84272176600007,6.508893146000048],[124.84562596200011,6.503052251000041],[124.84351735700012,6.500430666000056],[124.83612422100009,6.506750819000046],[124.83979529400007,6.511412056000039],[124.84272176600007,6.508893146000048]]]}},{"type":"Feature","id":38,"properties":{"node":38,"psgc":"1206306017","barangay":"Zone II","municipality":"City of Koronadal","municipality_code":"1206306000","province":"South Cotabato","status":"CALIBRATED_SOUTH_COTABATO","gap_fill_km2":0.0,"search":"ZONE II CITY OF KORONADAL"},"geometry":{"type":"Polygon","coordinates":[[[124.85798454500002,6.495831157000056],[124.85419044100001,6.491347768000025],[124.84351735700012,6.500430666000056],[124.84562596200011,6.503052251000041],[124.85798454500002,6.495831157000056]]]}},{"type":"Feature","id":39,"properties":{"node":39,"psgc":"1206306018","barangay":"Zone III","municipality":"City of Koronadal","municipality_code":"1206306000","province":"South Cotabato","status":"CALIBRATED_SOUTH_COTABATO","gap_fill_km2":0.0,"search":"ZONE III CITY OF KORONADAL"},"geometry":{"type":"Polygon","coordinates":[[[124.8695824130001,6.470518609000065],[124.85356654700001,6.484169592000057],[124.83663300800002,6.492313066000065],[124.84351735700012,6.500430666000056],[124.85419044100001,6.491347768000025],[124.86794089700004,6.479633465000063],[124.87332972600008,6.475052394000045],[124.8695824130001,6.470518609000065]]]}},{"type":"Feature","id":40,"properties":{"node":40,"psgc":"1206306019","barangay":"Zone IV","municipality":"City of Koronadal","municipality_code":"1206306000","province":"South Cotabato","status":"CALIBRATED_SOUTH_COTABATO","gap_fill_km2":0.0,"search":"ZONE IV CITY OF KORONADAL"},"geometry":{"type":"Polygon","coordinates":[[[124.83612422100009,6.506750819000046],[124.84351735700012,6.500430666000056],[124.83663300800002,6.492313066000065],[124.83200194900009,6.489505622000024],[124.82893131800007,6.501429513000062],[124.83612422100009,6.506750819000046]]]}},{"type":"Feature","id":41,"properties":{"node":41,"psgc":"1206306020","barangay":"Rotonda","municipality":"City of Koronadal","municipality_code":"1206306000","province":"South Cotabato","status":"CALIBRATED_SOUTH_COTABATO","gap_fill_km2":0.0,"search":"ROTONDA CITY OF KORONADAL"},"geometry":{"type":"Polygon","coordinates":[[[124.88888548600006,6.528772008000031],[124.90917355800003,6.51861334800003],[124.90403350300005,6.508739048000052],[124.88655577000009,6.505701897000051],[124.87738511700002,6.511847928000063],[124.87555561400008,6.516717509000046],[124.88888548600006,6.528772008000031]]]}},{"type":"Feature","id":42,"properties":{"node":42,"psgc":"1206306021","barangay":"San Isidro","municipality":"City of Koronadal","municipality_code":"1206306000","province":"South Cotabato","status":"CALIBRATED_SOUTH_COTABATO","gap_fill_km2":0.0,"search":"SAN ISIDRO CITY OF KORONADAL"},"geometry":{"type":"Polygon","coordinates":[[[124.8452774760001,6.460325673000056],[124.83964279700001,6.467361233000075],[124.85356654700001,6.484169592000057],[124.8695824130001,6.470518609000065],[124.85265383000002,6.449952807000045],[124.8452774760001,6.460325673000056]]]}},{"type":"Feature","id":43,"properties":{"node":43,"psgc":"1206306022","barangay":"San Jose","municipality":"City of Koronadal","municipality_code":"1206306000","province":"South Cotabato","status":"CALIBRATED_SOUTH_COTABATO","gap_fill_km2":0.0,"search":"SAN JOSE CITY OF KORONADAL"},"geometry":{"type":"Polygon","coordinates":[[[124.91629619800007,6.577296666000053],[124.95040559800009,6.557693580000033],[124.92445572400004,6.530740326000056],[124.88837184700002,6.534686706000059],[124.88128781900002,6.555289832000027],[124.91629619800007,6.577296666000053]]]}},{"type":"Feature","id":44,"properties":{"node":44,"psgc":"1206306023","barangay":"San Roque","municipality":"City of Koronadal","municipality_code":"1206306000","province":"South Cotabato","status":"CALIBRATED_SOUTH_COTABATO","gap_fill_km2":0.0,"search":"SAN ROQUE CITY OF KORONADAL"},"geometry":{"type":"Polygon","coordinates":[[[124.91309273905512,6.43453685497564],[124.91253508279107,6.4343043994177],[124.89555661900012,6.427227032000074],[124.89620270000012,6.442853890000037],[124.88444362300004,6.458662197000023],[124.89697604700007,6.463747582000053],[124.92298628700007,6.456449930000075],[124.92306272349806,6.449736231175902],[124.91265511200004,6.434933039000043],[124.91309273905512,6.43453685497564]]]}},{"type":"Feature","id":45,"properties":{"node":45,"psgc":"1206306024","barangay":"Santa Cruz","municipality":"City of Koronadal","municipality_code":"1206306000","province":"South Cotabato","status":"CALIBRATED_SOUTH_COTABATO","gap_fill_km2":0.0,"search":"SANTA CRUZ CITY OF KORONADAL"},"geometry":{"type":"Polygon","coordinates":[[[124.82281900300008,6.478094241000064],[124.83200194900009,6.489505622000024],[124.83663300800002,6.492313066000065],[124.85356654700001,6.484169592000057],[124.83964279700001,6.467361233000075],[124.82281900300008,6.478094241000064]]]}},{"type":"Feature","id":46,"properties":{"node":46,"psgc":"1206306025","barangay":"Santo Niño","municipality":"City of Koronadal","municipality_code":"1206306000","province":"South Cotabato","status":"CALIBRATED_SOUTH_COTABATO","gap_fill_km2":0.0,"search":"SANTO NIÑO CITY OF KORONADAL"},"geometry":{"type":"Polygon","coordinates":[[[124.86794089700004,6.479633465000063],[124.85419044100001,6.491347768000025],[124.85798454500002,6.495831157000056],[124.8678556430001,6.50268868300003],[124.87738511700002,6.511847928000063],[124.88655577000009,6.505701897000051],[124.87552439900003,6.489927017000071],[124.86794089700004,6.479633465000063]]]}},{"type":"Feature","id":47,"properties":{"node":47,"psgc":"1206306026","barangay":"Sarabia","municipality":"City of Koronadal","municipality_code":"1206306000","province":"South Cotabato","status":"CALIBRATED_SOUTH_COTABATO","gap_fill_km2":2.515755,"search":"SARABIA CITY OF KORONADAL"},"geometry":{"type":"Polygon","coordinates":[[[124.88957944966627,6.388306618050096],[124.88093305400004,6.38625945900003],[124.86865383800011,6.339575696000053],[124.86720017346022,6.341079662334355],[124.86687495900003,6.341470035000043],[124.8659220795632,6.34240198267748],[124.83184975200005,6.377653330000043],[124.81343088500013,6.389075494000053],[124.84500280900012,6.419699153000067],[124.86028217000013,6.435431746000063],[124.86948171000006,6.444227403000069],[124.89620270000012,6.442853890000037],[124.89555661900012,6.427227032000074],[124.91253508279107,6.4343043994177],[124.90657894943448,6.403109815885437],[124.90646919800008,6.402535005000063],[124.90664113491893,6.402508570394623],[124.9076670810001,6.392589126000075],[124.88935454100009,6.389359712000044],[124.88957944966627,6.388306618050096]]]}},{"type":"Feature","id":48,"properties":{"node":48,"psgc":"1206306027","barangay":"Zulueta","municipality":"City of Koronadal","municipality_code":"1206306000","province":"South Cotabato","status":"CALIBRATED_SOUTH_COTABATO","gap_fill_km2":0.0,"search":"ZULUETA CITY OF KORONADAL"},"geometry":{"type":"Polygon","coordinates":[[[124.93988385500005,6.497243260000061],[124.96643803129892,6.500769708180951],[124.94826826106774,6.473154595034548],[124.920037481,6.474384933000068],[124.91350926100006,6.477777036000021],[124.91273921400011,6.495700059000057],[124.92234959100006,6.509415957000043],[124.93988385500005,6.497243260000061]]]}},{"type":"Feature","id":49,"properties":{"node":49,"psgc":"1206319001","barangay":"Bacdulong","municipality":"Lake Sebu","municipality_code":"1206319000","province":"South Cotabato","status":"CALIBRATED_SOUTH_COTABATO","gap_fill_km2":0.0,"search":"BACDULONG LAKE SEBU"},"geometry":{"type":"Polygon","coordinates":[[[124.70698198500007,6.239131581000037],[124.69604649200005,6.226664351000067],[124.68196860700006,6.230257506000044],[124.68091709400007,6.238925384000026],[124.69520737300002,6.248347541000043],[124.70698198500007,6.239131581000037]]]}},{"type":"Feature","id":50,"properties":{"node":50,"psgc":"1206319002","barangay":"Denlag","municipality":"Lake Sebu","municipality_code":"1206319000","province":"South Cotabato","status":"CALIBRATED_SOUTH_COTABATO","gap_fill_km2":2.552135,"search":"DENLAG LAKE SEBU"},"geometry":{"type":"Polygon","coordinates":[[[124.68484526674902,6.144619221576138],[124.69128930600006,6.147028208000052],[124.70806255800005,6.139632624000057],[124.74230311200004,6.130693501000054],[124.75409431100002,6.17601619100003],[124.78042876600011,6.176142205000075],[124.7806439680425,6.172841911885138],[124.78098091216425,6.16767460792806],[124.7824876750001,6.144567211000036],[124.76983281077936,6.140198122395353],[124.75346848900006,6.126707395000039],[124.68484526674902,6.144619221576138]]]}},{"type":"Feature","id":51,"properties":{"node":51,"psgc":"1206319003","barangay":"Halilan","municipality":"Lake Sebu","municipality_code":"1206319000","province":"South Cotabato","status":"CALIBRATED_SOUTH_COTABATO","gap_fill_km2":0.0,"search":"HALILAN LAKE SEBU"},"geometry":{"type":"Polygon","coordinates":[[[124.79104105100008,6.198628011000039],[124.75290058600002,6.208126709000053],[124.74657252200008,6.221893070000023],[124.7450447230001,6.229829578000023],[124.79247122100003,6.231730763000029],[124.79104105100008,6.198628011000039]]]}},{"type":"Feature","id":52,"properties":{"node":52,"psgc":"1206319004","barangay":"Hanoon","municipality":"Lake Sebu","municipality_code":"1206319000","province":"South Cotabato","status":"CALIBRATED_SOUTH_COTABATO","gap_fill_km2":13.967095,"search":"HANOON LAKE SEBU"},"geometry":{"type":"Polygon","coordinates":[[[124.76024573300002,6.255139853000059],[124.74403612400012,6.254927962000068],[124.74064294500012,6.261526492000031],[124.72885699600009,6.264804038000023],[124.72374648000006,6.279203947000041],[124.7196632823531,6.281405435448255],[124.73081438600002,6.286789553000061],[124.75259968900002,6.294590713000047],[124.75894214900008,6.29258952600003],[124.78699328300002,6.294813664000059],[124.79220255400004,6.279717580000067],[124.80201840212355,6.26796706227662],[124.79392891847095,6.262921464497702],[124.79527066700007,6.273325295000062],[124.78046756000005,6.281320164000021],[124.76024573300002,6.255139853000059]]]}},{"type":"Feature","id":53,"properties":{"node":53,"psgc":"1206319005","barangay":"Klubi","municipality":"Lake Sebu","municipality_code":"1206319000","province":"South Cotabato","status":"CALIBRATED_SOUTH_COTABATO","gap_fill_km2":0.0,"search":"KLUBI LAKE SEBU"},"geometry":{"type":"Polygon","coordinates":[[[124.74230311200004,6.130693501000054],[124.70806255800005,6.139632624000057],[124.70882966600004,6.188797395000051],[124.74765428100011,6.190692254000055],[124.75409431100002,6.17601619100003],[124.74230311200004,6.130693501000054]]]}},{"type":"Feature","id":54,"properties":{"node":54,"psgc":"1206319006","barangay":"Lake Lahit","municipality":"Lake Sebu","municipality_code":"1206319000","province":"South Cotabato","status":"CALIBRATED_SOUTH_COTABATO","gap_fill_km2":0.0,"search":"LAKE LAHIT LAKE SEBU"},"geometry":{"type":"Polygon","coordinates":[[[124.69520737300002,6.248347541000043],[124.70126912200011,6.256930251000028],[124.72885699600009,6.264804038000023],[124.74064294500012,6.261526492000031],[124.74403612400012,6.254927962000068],[124.74026390000006,6.253936614000053],[124.721733651,6.246078512000054],[124.70698198500007,6.239131581000037],[124.69520737300002,6.248347541000043]]]}},{"type":"Feature","id":55,"properties":{"node":55,"psgc":"1206319007","barangay":"Lamcade","municipality":"Lake Sebu","municipality_code":"1206319000","province":"South Cotabato","status":"CALIBRATED_SOUTH_COTABATO","gap_fill_km2":0.0,"search":"LAMCADE LAKE SEBU"},"geometry":{"type":"Polygon","coordinates":[[[124.75409431100002,6.17601619100003],[124.74765428100011,6.190692254000055],[124.75290058600002,6.208126709000053],[124.79104105100008,6.198628011000039],[124.78042876600011,6.176142205000075],[124.75409431100002,6.17601619100003]]]}},{"type":"Feature","id":56,"properties":{"node":56,"psgc":"1206319008","barangay":"Lamdalag","municipality":"Lake Sebu","municipality_code":"1206319000","province":"South Cotabato","status":"CALIBRATED_SOUTH_COTABATO","gap_fill_km2":0.0,"search":"LAMDALAG LAKE SEBU"},"geometry":{"type":"Polygon","coordinates":[[[124.75290058600002,6.208126709000053],[124.74765428100011,6.190692254000055],[124.70882966600004,6.188797395000051],[124.71087275900005,6.211109727000063],[124.72946855200009,6.218998197000077],[124.74657252200008,6.221893070000023],[124.75290058600002,6.208126709000053]]]}},{"type":"Feature","id":57,"properties":{"node":57,"psgc":"1206319009","barangay":"Lamfugon","municipality":"Lake Sebu","municipality_code":"1206319000","province":"South Cotabato","status":"CALIBRATED_SOUTH_COTABATO","gap_fill_km2":0.0,"search":"LAMFUGON LAKE SEBU"},"geometry":{"type":"Polygon","coordinates":[[[124.67561189900005,6.249942988000043],[124.62855030300013,6.238058259000069],[124.62719518400002,6.266599862000021],[124.64787962800006,6.281061607000026],[124.64799267400008,6.309989386000041],[124.65571787333423,6.306862692121324],[124.6582988799939,6.3058180565883575],[124.66226243319156,6.30421384976015],[124.67955332400004,6.29721554200006],[124.67561189900005,6.249942988000043]]]}},{"type":"Feature","id":58,"properties":{"node":58,"psgc":"1206319010","barangay":"Lamlahak","municipality":"Lake Sebu","municipality_code":"1206319000","province":"South Cotabato","status":"CALIBRATED_SOUTH_COTABATO","gap_fill_km2":0.0,"search":"LAMLAHAK LAKE SEBU"},"geometry":{"type":"Polygon","coordinates":[[[124.66600399200001,6.137575755000057],[124.66593478696046,6.138069570513681],[124.6633716330001,6.156359065000061],[124.6799524920001,6.203466200000035],[124.69875828300009,6.215570166000019],[124.71087275900005,6.211109727000063],[124.70882966600004,6.188797395000051],[124.70806255800005,6.139632624000057],[124.69128930600006,6.147028208000052],[124.68484526674902,6.144619221576138],[124.66600399200001,6.137575755000057]]]}},{"type":"Feature","id":59,"properties":{"node":59,"psgc":"1206319011","barangay":"Lower Maculan","municipality":"Lake Sebu","municipality_code":"1206319000","province":"South Cotabato","status":"CALIBRATED_SOUTH_COTABATO","gap_fill_km2":0.0,"search":"LOWER MACULAN LAKE SEBU"},"geometry":{"type":"Polygon","coordinates":[[[124.79227846907372,6.250123987616685],[124.79190638500006,6.247238872000024],[124.76024573300002,6.255139853000059],[124.78046756000005,6.281320164000021],[124.79527066700007,6.273325295000062],[124.79392891847095,6.262921464497702],[124.7926073010112,6.252673728993056],[124.79227846907372,6.250123987616685]]]}},{"type":"Feature","id":60,"properties":{"node":60,"psgc":"1206319012","barangay":"Luhib","municipality":"Lake Sebu","municipality_code":"1206319000","province":"South Cotabato","status":"CALIBRATED_SOUTH_COTABATO","gap_fill_km2":0.0,"search":"LUHIB LAKE SEBU"},"geometry":{"type":"Polygon","coordinates":[[[124.68091709400007,6.238925384000026],[124.67561189900005,6.249942988000043],[124.67955332400004,6.29721554200006],[124.69744350300003,6.293385406000029],[124.70126912200011,6.256930251000028],[124.69520737300002,6.248347541000043],[124.68091709400007,6.238925384000026]]]}},{"type":"Feature","id":61,"properties":{"node":61,"psgc":"1206319013","barangay":"Ned","municipality":"Lake Sebu","municipality_code":"1206319000","province":"South Cotabato","status":"CALIBRATED_SOUTH_COTABATO","gap_fill_km2":0.0,"search":"NED LAKE SEBU"},"geometry":{"type":"Polygon","coordinates":[[[124.45941220600004,6.363368418000048],[124.53281171500011,6.388598426000044],[124.57761244738221,6.35802269026707],[124.57705243400005,6.356716961000075],[124.61168915548758,6.334765918194835],[124.64799267400008,6.309989386000041],[124.64787962800006,6.281061607000026],[124.62719518400002,6.266599862000021],[124.62855030300013,6.238058259000069],[124.54791421600011,6.148722360000023],[124.47221333700008,6.185371538000026],[124.40645356900005,6.207580064000069],[124.40700939500006,6.350098604000038],[124.4594253360001,6.350923175000047],[124.45941220600004,6.363368418000048]]]}},{"type":"Feature","id":62,"properties":{"node":62,"psgc":"1206319014","barangay":"Poblacion","municipality":"Lake Sebu","municipality_code":"1206319000","province":"South Cotabato","status":"CALIBRATED_SOUTH_COTABATO","gap_fill_km2":0.0,"search":"POBLACION LAKE SEBU"},"geometry":{"type":"Polygon","coordinates":[[[124.70698198500007,6.239131581000037],[124.721733651,6.246078512000054],[124.72946855200009,6.218998197000077],[124.71087275900005,6.211109727000063],[124.69875828300009,6.215570166000019],[124.69604649200005,6.226664351000067],[124.70698198500007,6.239131581000037]]]}},{"type":"Feature","id":63,"properties":{"node":63,"psgc":"1206319015","barangay":"Siluton","municipality":"Lake Sebu","municipality_code":"1206319000","province":"South Cotabato","status":"CALIBRATED_SOUTH_COTABATO","gap_fill_km2":0.0,"search":"SILUTON LAKE SEBU"},"geometry":{"type":"Polygon","coordinates":[[[124.74657252200008,6.221893070000023],[124.72946855200009,6.218998197000077],[124.721733651,6.246078512000054],[124.74026390000006,6.253936614000053],[124.7450447230001,6.229829578000023],[124.74657252200008,6.221893070000023]]]}},{"type":"Feature","id":64,"properties":{"node":64,"psgc":"1206319016","barangay":"Talisay","municipality":"Lake Sebu","municipality_code":"1206319000","province":"South Cotabato","status":"CALIBRATED_SOUTH_COTABATO","gap_fill_km2":0.0,"search":"TALISAY LAKE SEBU"},"geometry":{"type":"Polygon","coordinates":[[[124.69744350300003,6.293385406000029],[124.7196632823531,6.281405435448255],[124.72374648000006,6.279203947000041],[124.72885699600009,6.264804038000023],[124.70126912200011,6.256930251000028],[124.69744350300003,6.293385406000029]]]}},{"type":"Feature","id":65,"properties":{"node":65,"psgc":"1206319017","barangay":"Takunel","municipality":"Lake Sebu","municipality_code":"1206319000","province":"South Cotabato","status":"CALIBRATED_SOUTH_COTABATO","gap_fill_km2":0.0,"search":"TAKUNEL LAKE SEBU"},"geometry":{"type":"Polygon","coordinates":[[[124.62429608100003,6.112986783000049],[124.60706510000013,6.119304939000069],[124.6358054220001,6.208170061000033],[124.68196860700006,6.230257506000044],[124.69604649200005,6.226664351000067],[124.69875828300009,6.215570166000019],[124.6799524920001,6.203466200000035],[124.6633716330001,6.156359065000061],[124.66593478696046,6.138069570513681],[124.66600399200001,6.137575755000057],[124.62429608100003,6.112986783000049]]]}},{"type":"Feature","id":66,"properties":{"node":66,"psgc":"1206319018","barangay":"Upper Maculan","municipality":"Lake Sebu","municipality_code":"1206319000","province":"South Cotabato","status":"CALIBRATED_SOUTH_COTABATO","gap_fill_km2":0.0,"search":"UPPER MACULAN LAKE SEBU"},"geometry":{"type":"Polygon","coordinates":[[[124.7450447230001,6.229829578000023],[124.74026390000006,6.253936614000053],[124.74403612400012,6.254927962000068],[124.76024573300002,6.255139853000059],[124.79190638500006,6.247238872000024],[124.79247122100003,6.231730763000029],[124.7450447230001,6.229829578000023]]]}},{"type":"Feature","id":67,"properties":{"node":67,"psgc":"1206319019","barangay":"Tasiman","municipality":"Lake Sebu","municipality_code":"1206319000","province":"South Cotabato","status":"CALIBRATED_SOUTH_COTABATO","gap_fill_km2":0.0,"search":"TASIMAN LAKE SEBU"},"geometry":{"type":"Polygon","coordinates":[[[124.54791421600011,6.148722360000023],[124.62855030300013,6.238058259000069],[124.67561189900005,6.249942988000043],[124.68091709400007,6.238925384000026],[124.68196860700006,6.230257506000044],[124.6358054220001,6.208170061000033],[124.60706510000013,6.119304939000069],[124.54791421600011,6.148722360000023]]]}},{"type":"Feature","id":68,"properties":{"node":68,"psgc":"1206311002","barangay":"Dumaguil","municipality":"Norala","municipality_code":"1206311000","province":"South Cotabato","status":"CALIBRATED_SOUTH_COTABATO","gap_fill_km2":0.0,"search":"DUMAGUIL NORALA"},"geometry":{"type":"Polygon","coordinates":[[[124.68451313099969,6.573228220999947],[124.6863554790001,6.544923398000036],[124.6678648530001,6.551978156000075],[124.66187004100006,6.568180675000064],[124.68451313099969,6.573228220999947]]]}},{"type":"Feature","id":69,"properties":{"node":69,"psgc":"1206311003","barangay":"Esperanza","municipality":"Norala","municipality_code":"1206311000","province":"South Cotabato","status":"CALIBRATED_SOUTH_COTABATO","gap_fill_km2":0.0,"search":"ESPERANZA NORALA"},"geometry":{"type":"Polygon","coordinates":[[[124.6583443610001,6.498525510000036],[124.67532436200008,6.502164082000036],[124.68573434300004,6.483197535000045],[124.65818804800004,6.4840339880000215],[124.6583443610001,6.498525510000036]]]}},{"type":"Feature","id":70,"properties":{"node":70,"psgc":"1206311006","barangay":"Kibid","municipality":"Norala","municipality_code":"1206311000","province":"South Cotabato","status":"CALIBRATED_SOUTH_COTABATO","gap_fill_km2":0.0,"search":"KIBID NORALA"},"geometry":{"type":"Polygon","coordinates":[[[124.6863554790001,6.544923398000036],[124.68975489300011,6.53827218500004],[124.67318183200007,6.528334987000052],[124.66173119300004,6.535522104000051],[124.6678648530001,6.551978156000075],[124.6863554790001,6.544923398000036]]]}},{"type":"Feature","id":71,"properties":{"node":71,"psgc":"1206311007","barangay":"Lapuz","municipality":"Norala","municipality_code":"1206311000","province":"South Cotabato","status":"CALIBRATED_SOUTH_COTABATO","gap_fill_km2":0.0,"search":"LAPUZ NORALA"},"geometry":{"type":"Polygon","coordinates":[[[124.62128816761535,6.511768249044668],[124.62002750503518,6.5092462370852795],[124.6232291686472,6.507130933313325],[124.61410498000009,6.50734409000006],[124.61389729000007,6.529383465000023],[124.63515528200003,6.529029411000066],[124.63503627800004,6.506855099000061],[124.62128816761535,6.511768249044668]]]}},{"type":"Feature","id":72,"properties":{"node":72,"psgc":"1206311008","barangay":"Liberty","municipality":"Norala","municipality_code":"1206311000","province":"South Cotabato","status":"CALIBRATED_SOUTH_COTABATO","gap_fill_km2":0.0,"search":"LIBERTY NORALA"},"geometry":{"type":"Polygon","coordinates":[[[124.61396013200012,6.549177350000036],[124.63516531400013,6.540166867000039],[124.63515528200003,6.529029411000066],[124.61389729000007,6.529383465000023],[124.61396013200012,6.549177350000036]]]}},{"type":"Feature","id":73,"properties":{"node":73,"psgc":"1206311009","barangay":"Lopez Jaena","municipality":"Norala","municipality_code":"1206311000","province":"South Cotabato","status":"CALIBRATED_SOUTH_COTABATO","gap_fill_km2":0.0,"search":"LOPEZ JAENA NORALA"},"geometry":{"type":"Polygon","coordinates":[[[124.67532436200008,6.502164082000036],[124.6758294340001,6.516480022000053],[124.6980539220001,6.51619167900003],[124.69883914600007,6.513236412000027],[124.6985494390001,6.479361248000032],[124.68573434300004,6.483197535000045],[124.67532436200008,6.502164082000036]]]}},{"type":"Feature","id":74,"properties":{"node":74,"psgc":"1206311011","barangay":"Matapol","municipality":"Norala","municipality_code":"1206311000","province":"South Cotabato","status":"CALIBRATED_SOUTH_COTABATO","gap_fill_km2":0.0,"search":"MATAPOL NORALA"},"geometry":{"type":"Polygon","coordinates":[[[124.62085504900007,6.573320038000076],[124.64921823800013,6.57993596800003],[124.64407857000003,6.563676102000044],[124.613643765,6.562389642000026],[124.62085504900007,6.573320038000076]]]}},{"type":"Feature","id":75,"properties":{"node":75,"psgc":"1206311013","barangay":"Poblacion","municipality":"Norala","municipality_code":"1206311000","province":"South Cotabato","status":"CALIBRATED_SOUTH_COTABATO","gap_fill_km2":0.0,"search":"POBLACION NORALA"},"geometry":{"type":"Polygon","coordinates":[[[124.63874877329212,6.5055283678421425],[124.63951104278856,6.506750560824326],[124.63503627800004,6.506855099000061],[124.63515528200003,6.529029411000066],[124.63516531400013,6.540166867000039],[124.65392245900011,6.54005200100005],[124.66173119300004,6.535522104000051],[124.67318183200007,6.528334987000052],[124.6984460110001,6.519533394000064],[124.6980539220001,6.51619167900003],[124.6758294340001,6.516480022000053],[124.67532436200008,6.502164082000036],[124.6583443610001,6.498525510000036],[124.63874877329212,6.5055283678421425]]]}},{"type":"Feature","id":76,"properties":{"node":76,"psgc":"1206311014","barangay":"Puti","municipality":"Norala","municipality_code":"1206311000","province":"South Cotabato","status":"CALIBRATED_SOUTH_COTABATO","gap_fill_km2":0.0,"search":"PUTI NORALA"},"geometry":{"type":"Polygon","coordinates":[[[124.74571260296256,6.5080823043161375],[124.72571988300001,6.505889010000031],[124.69883914600007,6.513236412000027],[124.6980539220001,6.51619167900003],[124.6984460110001,6.519533394000064],[124.69496489300003,6.53660349200004],[124.73076702800006,6.542403739000064],[124.75307320400007,6.514490503000047],[124.74571260296256,6.5080823043161375]]]}},{"type":"Feature","id":77,"properties":{"node":77,"psgc":"1206311016","barangay":"San Jose","municipality":"Norala","municipality_code":"1206311000","province":"South Cotabato","status":"CALIBRATED_SOUTH_COTABATO","gap_fill_km2":0.0,"search":"SAN JOSE NORALA"},"geometry":{"type":"Polygon","coordinates":[[[124.613643765,6.562389642000026],[124.64407857000003,6.563676102000044],[124.65392245900011,6.54005200100005],[124.63516531400013,6.540166867000039],[124.61396013200012,6.549177350000036],[124.613643765,6.562389642000026]]]}},{"type":"Feature","id":78,"properties":{"node":78,"psgc":"1206311017","barangay":"San Miguel","municipality":"Norala","municipality_code":"1206311000","province":"South Cotabato","status":"CALIBRATED_SOUTH_COTABATO","gap_fill_km2":0.0,"search":"SAN MIGUEL NORALA"},"geometry":{"type":"Polygon","coordinates":[[[124.72394587800011,6.479051519000053],[124.72353848907483,6.479056487419618],[124.6985494390001,6.479361248000032],[124.69883914600007,6.513236412000027],[124.72571988300001,6.505889010000031],[124.74571260296256,6.5080823043161375],[124.74695566500009,6.508218674000032],[124.727576343166,6.483653488597421],[124.72394587800011,6.479051519000053]]]}},{"type":"Feature","id":79,"properties":{"node":79,"psgc":"1206311020","barangay":"Simsiman","municipality":"Norala","municipality_code":"1206311000","province":"South Cotabato","status":"CALIBRATED_SOUTH_COTABATO","gap_fill_km2":0.0,"search":"SIMSIMAN NORALA"},"geometry":{"type":"Polygon","coordinates":[[[124.66187004100006,6.568180675000064],[124.6678648530001,6.551978156000075],[124.66173119300004,6.535522104000051],[124.65392245900011,6.54005200100005],[124.64407857000003,6.563676102000044],[124.64921823800013,6.57993596800003],[124.66187004100006,6.568180675000064]]]}},{"type":"Feature","id":80,"properties":{"node":80,"psgc":"1206311021","barangay":"Tinago","municipality":"Norala","municipality_code":"1206311000","province":"South Cotabato","status":"CALIBRATED_SOUTH_COTABATO","gap_fill_km2":0.0,"search":"TINAGO NORALA"},"geometry":{"type":"Polygon","coordinates":[[[124.71943144163261,6.5813528351279915],[124.71983603054737,6.58023283448147],[124.73076702800006,6.542403739000064],[124.69496489300003,6.53660349200004],[124.68975489300011,6.53827218500004],[124.6863554790001,6.544923398000036],[124.68451313099969,6.573228220999947],[124.71943144163261,6.5813528351279915]]]}},{"type":"Feature","id":81,"properties":{"node":81,"psgc":"1206311022","barangay":"Benigno Aquino, Jr.","municipality":"Norala","municipality_code":"1206311000","province":"South Cotabato","status":"CALIBRATED_SOUTH_COTABATO","gap_fill_km2":0.0,"search":"BENIGNO AQUINO, JR. NORALA"},"geometry":{"type":"Polygon","coordinates":[[[124.68975489300011,6.53827218500004],[124.69496489300003,6.53660349200004],[124.6984460110001,6.519533394000064],[124.67318183200007,6.528334987000052],[124.68975489300011,6.53827218500004]]]}},{"type":"Feature","id":82,"properties":{"node":82,"psgc":"1206312001","barangay":"Bentung","municipality":"Polomolok","municipality_code":"1206312000","province":"South Cotabato","status":"CALIBRATED_SOUTH_COTABATO","gap_fill_km2":0.0,"search":"BENTUNG POLOMOLOK"},"geometry":{"type":"Polygon","coordinates":[[[124.99131714500004,6.232849892000046],[124.99174053838135,6.233317936281597],[125.00829717200008,6.251620626000032],[125.00955660700004,6.250469996000048],[125.01762680400009,6.234886972000027],[125.00605795800003,6.220272946000022],[125.00369876707144,6.222285821199819],[124.99131714500004,6.232849892000046]]]}},{"type":"Feature","id":83,"properties":{"node":83,"psgc":"1206312002","barangay":"Crossing Palkan","municipality":"Polomolok","municipality_code":"1206312000","province":"South Cotabato","status":"CALIBRATED_SOUTH_COTABATO","gap_fill_km2":0.0,"search":"CROSSING PALKAN POLOMOLOK"},"geometry":{"type":"Polygon","coordinates":[[[125.00829717200008,6.251620626000032],[124.99152921600012,6.263135351000074],[124.98595294100006,6.270519473000036],[125.01035010400007,6.289365749000071],[125.0303302850001,6.269362490000048],[125.00955660700004,6.250469996000048],[125.00829717200008,6.251620626000032]]]}},{"type":"Feature","id":84,"properties":{"node":84,"psgc":"1206312003","barangay":"Glamang","municipality":"Polomolok","municipality_code":"1206312000","province":"South Cotabato","status":"CALIBRATED_SOUTH_COTABATO","gap_fill_km2":0.0,"search":"GLAMANG POLOMOLOK"},"geometry":{"type":"Polygon","coordinates":[[[125.04740709106613,6.174392129963318],[125.04739331300004,6.174429444000054],[125.0527386440001,6.179625865000048],[125.06193265400009,6.179853792000075],[125.0749948680001,6.172046640000076],[125.09817212700011,6.181069431000024],[125.1203010910001,6.159096416000066],[125.05512857400005,6.15348065400002],[125.05512071807922,6.153501929563413],[125.04740709106613,6.174392129963318]]]}},{"type":"Feature","id":85,"properties":{"node":85,"psgc":"1206312004","barangay":"Kinilis","municipality":"Polomolok","municipality_code":"1206312000","province":"South Cotabato","status":"CALIBRATED_SOUTH_COTABATO","gap_fill_km2":0.0,"search":"KINILIS POLOMOLOK"},"geometry":{"type":"Polygon","coordinates":[[[125.10345803300005,6.309991897000031],[125.09204119900006,6.282529864000026],[125.07655222800008,6.267720404000044],[125.05425943400007,6.291849374000035],[125.07620906500006,6.359238639000068],[125.10345803300005,6.309991897000031]]]}},{"type":"Feature","id":86,"properties":{"node":86,"psgc":"1206312005","barangay":"Klinan 6","municipality":"Polomolok","municipality_code":"1206312000","province":"South Cotabato","status":"CALIBRATED_SOUTH_COTABATO","gap_fill_km2":0.0,"search":"KLINAN 6 POLOMOLOK"},"geometry":{"type":"Polygon","coordinates":[[[125.14034915200011,6.184853334000024],[125.13800751000007,6.16366155000003],[125.11531608600002,6.188277285000026],[125.1190392420001,6.209322744000077],[125.1270943070001,6.216136437000046],[125.14034915200011,6.184853334000024]]]}},{"type":"Feature","id":87,"properties":{"node":87,"psgc":"1206312006","barangay":"Koronadal Proper","municipality":"Polomolok","municipality_code":"1206312000","province":"South Cotabato","status":"CALIBRATED_SOUTH_COTABATO","gap_fill_km2":0.0,"search":"KORONADAL PROPER POLOMOLOK"},"geometry":{"type":"Polygon","coordinates":[[[124.9863654106523,6.2382767833837],[124.97880669500013,6.246560816000055],[124.99152921600012,6.263135351000074],[125.00829717200008,6.251620626000032],[124.99174053838135,6.233317936281597],[124.99131714500004,6.232849892000046],[124.9863654106523,6.2382767833837]]]}},{"type":"Feature","id":88,"properties":{"node":88,"psgc":"1206312007","barangay":"Lam-Caliaf","municipality":"Polomolok","municipality_code":"1206312000","province":"South Cotabato","status":"CALIBRATED_SOUTH_COTABATO","gap_fill_km2":0.0,"search":"LAM-CALIAF POLOMOLOK"},"geometry":{"type":"Polygon","coordinates":[[[125.07655222800008,6.267720404000044],[125.06077059600013,6.252762862000054],[125.05731782900011,6.249615038000058],[125.04524779400002,6.253407939000055],[125.0303302850001,6.269362490000048],[125.05425943400007,6.291849374000035],[125.07655222800008,6.267720404000044]]]}},{"type":"Feature","id":89,"properties":{"node":89,"psgc":"1206312008","barangay":"Landan","municipality":"Polomolok","municipality_code":"1206312000","province":"South Cotabato","status":"CALIBRATED_SOUTH_COTABATO","gap_fill_km2":0.0,"search":"LANDAN POLOMOLOK"},"geometry":{"type":"Polygon","coordinates":[[[125.12454911500002,6.361280430000021],[125.16472306000001,6.339224147000039],[125.17812921100007,6.324000882000064],[125.18954006700005,6.296696573000077],[125.15292330800004,6.291989021000062],[125.12600055200006,6.317132342000035],[125.12010909800007,6.342624764000049],[125.07620906500006,6.359238639000068],[125.12454911500002,6.361280430000021]]]}},{"type":"Feature","id":90,"properties":{"node":90,"psgc":"1206312009","barangay":"Lumakil","municipality":"Polomolok","municipality_code":"1206312000","province":"South Cotabato","status":"CALIBRATED_SOUTH_COTABATO","gap_fill_km2":0.0,"search":"LUMAKIL POLOMOLOK"},"geometry":{"type":"Polygon","coordinates":[[[125.01607911500003,6.209124970000062],[125.0160813172543,6.209128876037001],[125.02574395200008,6.226267046000032],[125.02988934300002,6.224143020000042],[125.05559880000008,6.223251106000021],[125.05794501600008,6.221177061000049],[125.055934524,6.219945372000041],[125.03786396000011,6.211504475000025],[125.02878202000012,6.195066690000031],[125.01897904036383,6.205915628298838],[125.01607911500003,6.209124970000062]]]}},{"type":"Feature","id":91,"properties":{"node":91,"psgc":"1206312011","barangay":"Maligo","municipality":"Polomolok","municipality_code":"1206312000","province":"South Cotabato","status":"CALIBRATED_SOUTH_COTABATO","gap_fill_km2":0.0,"search":"MALIGO POLOMOLOK"},"geometry":{"type":"Polygon","coordinates":[[[125.138421739,6.281195458000069],[125.13519292900003,6.256522650000023],[125.12387257500006,6.268895950000056],[125.12092345500001,6.311114983000038],[125.10345803300005,6.309991897000031],[125.07620906500006,6.359238639000068],[125.12010909800007,6.342624764000049],[125.12600055200006,6.317132342000035],[125.15292330800004,6.291989021000062],[125.138421739,6.281195458000069]]]}},{"type":"Feature","id":92,"properties":{"node":92,"psgc":"1206312013","barangay":"Palkan","municipality":"Polomolok","municipality_code":"1206312000","province":"South Cotabato","status":"CALIBRATED_SOUTH_COTABATO","gap_fill_km2":0.0,"search":"PALKAN POLOMOLOK"},"geometry":{"type":"Polygon","coordinates":[[[125.05425943400007,6.291849374000035],[125.0303302850001,6.269362490000048],[125.01035010400007,6.289365749000071],[125.07620906500006,6.359238639000068],[125.05425943400007,6.291849374000035]]]}},{"type":"Feature","id":93,"properties":{"node":93,"psgc":"1206312014","barangay":"Poblacion","municipality":"Polomolok","municipality_code":"1206312000","province":"South Cotabato","status":"CALIBRATED_SOUTH_COTABATO","gap_fill_km2":0.0,"search":"POBLACION POLOMOLOK"},"geometry":{"type":"Polygon","coordinates":[[[125.06077059600013,6.252762862000054],[125.09651526800006,6.218904378000047],[125.07506798200006,6.204069884000035],[125.05794501600008,6.221177061000049],[125.05559880000008,6.223251106000021],[125.05731782900011,6.249615038000058],[125.06077059600013,6.252762862000054]]]}},{"type":"Feature","id":94,"properties":{"node":94,"psgc":"1206312015","barangay":"Polo","municipality":"Polomolok","municipality_code":"1206312000","province":"South Cotabato","status":"CALIBRATED_SOUTH_COTABATO","gap_fill_km2":0.0,"search":"POLO POLOMOLOK"},"geometry":{"type":"Polygon","coordinates":[[[125.09204119900006,6.282529864000026],[125.10345803300005,6.309991897000031],[125.12092345500001,6.311114983000038],[125.12387257500006,6.268895950000056],[125.09784222000009,6.248710160000031],[125.07655222800008,6.267720404000044],[125.09204119900006,6.282529864000026]]]}},{"type":"Feature","id":95,"properties":{"node":95,"psgc":"1206312016","barangay":"Magsaysay","municipality":"Polomolok","municipality_code":"1206312000","province":"South Cotabato","status":"CALIBRATED_SOUTH_COTABATO","gap_fill_km2":0.0,"search":"MAGSAYSAY POLOMOLOK"},"geometry":{"type":"Polygon","coordinates":[[[125.0527386440001,6.179625865000048],[125.04554925200011,6.194465371000034],[125.055934524,6.219945372000041],[125.05794501600008,6.221177061000049],[125.07506798200006,6.204069884000035],[125.06193265400009,6.179853792000075],[125.0527386440001,6.179625865000048]]]}},{"type":"Feature","id":96,"properties":{"node":96,"psgc":"1206312017","barangay":"Rubber","municipality":"Polomolok","municipality_code":"1206312000","province":"South Cotabato","status":"CALIBRATED_SOUTH_COTABATO","gap_fill_km2":0.006284,"search":"RUBBER POLOMOLOK"},"geometry":{"type":"Polygon","coordinates":[[[125.01897904036383,6.205915628298838],[125.02878202000012,6.195066690000031],[125.03786396000011,6.211504475000025],[125.055934524,6.219945372000041],[125.04554925200011,6.194465371000034],[125.0527386440001,6.179625865000048],[125.04739331300004,6.174429444000054],[125.04740709106613,6.174392129963318],[125.01897904036383,6.205915628298838]]]}},{"type":"Feature","id":97,"properties":{"node":97,"psgc":"1206312018","barangay":"Silway 7","municipality":"Polomolok","municipality_code":"1206312000","province":"South Cotabato","status":"CALIBRATED_SOUTH_COTABATO","gap_fill_km2":0.0,"search":"SILWAY 7 POLOMOLOK"},"geometry":{"type":"Polygon","coordinates":[[[125.1203010910001,6.159096416000066],[125.09817212700011,6.181069431000024],[125.11287497900001,6.216661558000054],[125.1190392420001,6.209322744000077],[125.11531608600002,6.188277285000026],[125.13800751000007,6.16366155000003],[125.1203010910001,6.159096416000066]]]}},{"type":"Feature","id":98,"properties":{"node":98,"psgc":"1206312019","barangay":"Silway 8","municipality":"Polomolok","municipality_code":"1206312000","province":"South Cotabato","status":"CALIBRATED_SOUTH_COTABATO","gap_fill_km2":0.0,"search":"SILWAY 8 POLOMOLOK"},"geometry":{"type":"Polygon","coordinates":[[[125.0749948680001,6.172046640000076],[125.06193265400009,6.179853792000075],[125.07506798200006,6.204069884000035],[125.09651526800006,6.218904378000047],[125.11012993800011,6.221676823000052],[125.11287497900001,6.216661558000054],[125.09817212700011,6.181069431000024],[125.0749948680001,6.172046640000076]]]}},{"type":"Feature","id":99,"properties":{"node":99,"psgc":"1206312020","barangay":"Sulit","municipality":"Polomolok","municipality_code":"1206312000","province":"South Cotabato","status":"CALIBRATED_SOUTH_COTABATO","gap_fill_km2":0.0,"search":"SULIT POLOMOLOK"},"geometry":{"type":"Polygon","coordinates":[[[125.00955660700004,6.250469996000048],[125.0303302850001,6.269362490000048],[125.04524779400002,6.253407939000055],[125.02988934300002,6.224143020000042],[125.02574395200008,6.226267046000032],[125.01762680400009,6.234886972000027],[125.00955660700004,6.250469996000048]]]}},{"type":"Feature","id":100,"properties":{"node":100,"psgc":"1206312021","barangay":"Sumbakil","municipality":"Polomolok","municipality_code":"1206312000","province":"South Cotabato","status":"CALIBRATED_SOUTH_COTABATO","gap_fill_km2":0.0,"search":"SUMBAKIL POLOMOLOK"},"geometry":{"type":"Polygon","coordinates":[[[124.99152921600012,6.263135351000074],[124.97880669500013,6.246560816000055],[124.98595294100006,6.270519473000036],[124.99152921600012,6.263135351000074]]]}},{"type":"Feature","id":101,"properties":{"node":101,"psgc":"1206312022","barangay":"Upper Klinan","municipality":"Polomolok","municipality_code":"1206312000","province":"South Cotabato","status":"CALIBRATED_SOUTH_COTABATO","gap_fill_km2":0.0,"search":"UPPER KLINAN POLOMOLOK"},"geometry":{"type":"Polygon","coordinates":[[[125.1270943070001,6.216136437000046],[125.1190392420001,6.209322744000077],[125.11287497900001,6.216661558000054],[125.11012993800011,6.221676823000052],[125.09784222000009,6.248710160000031],[125.12387257500006,6.268895950000056],[125.13519292900003,6.256522650000023],[125.1270943070001,6.216136437000046]]]}},{"type":"Feature","id":102,"properties":{"node":102,"psgc":"1206312023","barangay":"Lapu","municipality":"Polomolok","municipality_code":"1206312000","province":"South Cotabato","status":"CALIBRATED_SOUTH_COTABATO","gap_fill_km2":0.0,"search":"LAPU POLOMOLOK"},"geometry":{"type":"Polygon","coordinates":[[[125.0142943976022,6.211110368164926],[125.00605795800003,6.220272946000022],[125.01762680400009,6.234886972000027],[125.02574395200008,6.226267046000032],[125.0160813172543,6.209128876037001],[125.01607911500003,6.209124970000062],[125.0142943976022,6.211110368164926]]]}},{"type":"Feature","id":103,"properties":{"node":103,"psgc":"1206312024","barangay":"Cannery Site","municipality":"Polomolok","municipality_code":"1206312000","province":"South Cotabato","status":"CALIBRATED_SOUTH_COTABATO","gap_fill_km2":0.0,"search":"CANNERY SITE POLOMOLOK"},"geometry":{"type":"Polygon","coordinates":[[[125.07655222800008,6.267720404000044],[125.09784222000009,6.248710160000031],[125.11012993800011,6.221676823000052],[125.09651526800006,6.218904378000047],[125.06077059600013,6.252762862000054],[125.07655222800008,6.267720404000044]]]}},{"type":"Feature","id":104,"properties":{"node":104,"psgc":"1206312025","barangay":"Pagalungan","municipality":"Polomolok","municipality_code":"1206312000","province":"South Cotabato","status":"CALIBRATED_SOUTH_COTABATO","gap_fill_km2":0.0,"search":"PAGALUNGAN POLOMOLOK"},"geometry":{"type":"Polygon","coordinates":[[[125.05731782900011,6.249615038000058],[125.05559880000008,6.223251106000021],[125.02988934300002,6.224143020000042],[125.04524779400002,6.253407939000055],[125.05731782900011,6.249615038000058]]]}},{"type":"Feature","id":105,"properties":{"node":105,"psgc":"1206318001","barangay":"Ambalgan","municipality":"Santo Niño","municipality_code":"1206318000","province":"South Cotabato","status":"CALIBRATED_SOUTH_COTABATO","gap_fill_km2":0.0,"search":"AMBALGAN SANTO NIÑO"},"geometry":{"type":"Polygon","coordinates":[[[124.68573641600005,6.424531623000064],[124.69462018800004,6.425083602000028],[124.70762623700011,6.409330836000039],[124.67118395400007,6.418692902000033],[124.68573641600005,6.424531623000064]]]}},{"type":"Feature","id":106,"properties":{"node":106,"psgc":"1206318002","barangay":"Guinsang-an","municipality":"Santo Niño","municipality_code":"1206318000","province":"South Cotabato","status":"CALIBRATED_SOUTH_COTABATO","gap_fill_km2":0.0,"search":"GUINSANG-AN SANTO NIÑO"},"geometry":{"type":"Polygon","coordinates":[[[124.68573781700002,6.479630164000071],[124.68446272500013,6.457251359000054],[124.66276039400009,6.458170473000052],[124.6522353250001,6.469395168000063],[124.65818804800004,6.4840339880000215],[124.68573781700002,6.479630164000071]]]}},{"type":"Feature","id":107,"properties":{"node":107,"psgc":"1206318003","barangay":"Katipunan","municipality":"Santo Niño","municipality_code":"1206318000","province":"South Cotabato","status":"CALIBRATED_SOUTH_COTABATO","gap_fill_km2":6.368172,"search":"KATIPUNAN SANTO NIÑO"},"geometry":{"type":"Polygon","coordinates":[[[124.70766595300006,6.456162935000066],[124.68446272500013,6.457251359000054],[124.68573781700002,6.479630164000071],[124.65818804800004,6.4840339880000215],[124.68573434300004,6.483197535000045],[124.6985494390001,6.479361248000032],[124.72353848907483,6.479056487419618],[124.70931392436037,6.455436146090948],[124.70922421400007,6.455859858000054],[124.70766595300006,6.456162935000066]]]}},{"type":"Feature","id":108,"properties":{"node":108,"psgc":"1206318004","barangay":"Manuel Roxas","municipality":"Santo Niño","municipality_code":"1206318000","province":"South Cotabato","status":"CALIBRATED_SOUTH_COTABATO","gap_fill_km2":0.0,"search":"MANUEL ROXAS SANTO NIÑO"},"geometry":{"type":"Polygon","coordinates":[[[124.63452403400004,6.435347308000074],[124.61669368300011,6.470166102000062],[124.63398326000005,6.469943038000053],[124.6522353250001,6.469395168000063],[124.66276039400009,6.458170473000052],[124.662196375,6.443235302000062],[124.66364131400009,6.433604045000039],[124.63452403400004,6.435347308000074]]]}},{"type":"Feature","id":109,"properties":{"node":109,"psgc":"1206318005","barangay":"Panay","municipality":"Santo Niño","municipality_code":"1206318000","province":"South Cotabato","status":"CALIBRATED_SOUTH_COTABATO","gap_fill_km2":0.0,"search":"PANAY SANTO NIÑO"},"geometry":{"type":"Polygon","coordinates":[[[124.63492771500012,6.499401833000031],[124.63398326000005,6.469943038000053],[124.61669368300011,6.470166102000062],[124.63492771500012,6.499401833000031]]]}},{"type":"Feature","id":110,"properties":{"node":110,"psgc":"1206318006","barangay":"Poblacion","municipality":"Santo Niño","municipality_code":"1206318000","province":"South Cotabato","status":"CALIBRATED_SOUTH_COTABATO","gap_fill_km2":0.0,"search":"POBLACION SANTO NIÑO"},"geometry":{"type":"Polygon","coordinates":[[[124.66364131400009,6.433604045000039],[124.662196375,6.443235302000062],[124.68398967900008,6.442986016000019],[124.68573641600005,6.424531623000064],[124.67118395400007,6.418692902000033],[124.66364131400009,6.433604045000039]]]}},{"type":"Feature","id":111,"properties":{"node":111,"psgc":"1206318007","barangay":"San Isidro","municipality":"Santo Niño","municipality_code":"1206318000","province":"South Cotabato","status":"CALIBRATED_SOUTH_COTABATO","gap_fill_km2":0.0,"search":"SAN ISIDRO SANTO NIÑO"},"geometry":{"type":"Polygon","coordinates":[[[124.68446272500013,6.457251359000054],[124.70766595300006,6.456162935000066],[124.699300375,6.444042219000038],[124.68398967900008,6.442986016000019],[124.662196375,6.443235302000062],[124.66276039400009,6.458170473000052],[124.68446272500013,6.457251359000054]]]}},{"type":"Feature","id":112,"properties":{"node":112,"psgc":"1206318008","barangay":"San Vicente","municipality":"Santo Niño","municipality_code":"1206318000","province":"South Cotabato","status":"CALIBRATED_SOUTH_COTABATO","gap_fill_km2":0.0,"search":"SAN VICENTE SANTO NIÑO"},"geometry":{"type":"Polygon","coordinates":[[[124.65818804800004,6.4840339880000215],[124.6522353250001,6.469395168000063],[124.63398326000005,6.469943038000053],[124.63492771500012,6.499401833000031],[124.65818804800004,6.4840339880000215]]]}},{"type":"Feature","id":113,"properties":{"node":113,"psgc":"1206318009","barangay":"Teresita","municipality":"Santo Niño","municipality_code":"1206318000","province":"South Cotabato","status":"CALIBRATED_SOUTH_COTABATO","gap_fill_km2":0.426948,"search":"TERESITA SANTO NIÑO"},"geometry":{"type":"Polygon","coordinates":[[[124.71627457800001,6.424558645000046],[124.71798624300006,6.416094822000047],[124.71899489943897,6.414228560298097],[124.71047689339427,6.4085984989698535],[124.70762623700011,6.409330836000039],[124.69462018800004,6.425083602000028],[124.699300375,6.444042219000038],[124.70766595300006,6.456162935000066],[124.70922421400007,6.455859858000054],[124.70931392436037,6.455436146090948],[124.71520363614705,6.427618388847321],[124.71627457800001,6.424558645000046]]]}},{"type":"Feature","id":114,"properties":{"node":114,"psgc":"1206318010","barangay":"Sajaneba","municipality":"Santo Niño","municipality_code":"1206318000","province":"South Cotabato","status":"CALIBRATED_SOUTH_COTABATO","gap_fill_km2":0.0,"search":"SAJANEBA SANTO NIÑO"},"geometry":{"type":"Polygon","coordinates":[[[124.68573641600005,6.424531623000064],[124.68398967900008,6.442986016000019],[124.699300375,6.444042219000038],[124.69462018800004,6.425083602000028],[124.68573641600005,6.424531623000064]]]}},{"type":"Feature","id":115,"properties":{"node":115,"psgc":"1206313002","barangay":"Buenavista","municipality":"Surallah","municipality_code":"1206313000","province":"South Cotabato","status":"CALIBRATED_SOUTH_COTABATO","gap_fill_km2":0.0,"search":"BUENAVISTA SURALLAH"},"geometry":{"type":"Polygon","coordinates":[[[124.75744370600013,6.312063697000041],[124.75894214900008,6.29258952600003],[124.75259968900002,6.294590713000047],[124.73127764800007,6.308601583000041],[124.74107204400002,6.329176149000035],[124.75744370600013,6.312063697000041]]]}},{"type":"Feature","id":116,"properties":{"node":116,"psgc":"1206313003","barangay":"Centrala","municipality":"Surallah","municipality_code":"1206313000","province":"South Cotabato","status":"CALIBRATED_SOUTH_COTABATO","gap_fill_km2":0.0,"search":"CENTRALA SURALLAH"},"geometry":{"type":"Polygon","coordinates":[[[124.78157655670933,6.360418400572327],[124.76565684,6.328923660000043],[124.75744370600013,6.312063697000041],[124.74107204400002,6.329176149000035],[124.73067369500006,6.347246381000047],[124.74220017000006,6.365996196000024],[124.75637910400008,6.37536340400004],[124.78157655670933,6.360418400572327]]]}},{"type":"Feature","id":117,"properties":{"node":117,"psgc":"1206313004","barangay":"Colongulo","municipality":"Surallah","municipality_code":"1206313000","province":"South Cotabato","status":"CALIBRATED_SOUTH_COTABATO","gap_fill_km2":0.363203,"search":"COLONGULO SURALLAH"},"geometry":{"type":"Polygon","coordinates":[[[124.67955332400004,6.29721554200006],[124.66226243319156,6.30421384976015],[124.6582988799939,6.3058180565883575],[124.66720287400005,6.308469795000063],[124.6960390920001,6.324517991000049],[124.7175431290001,6.355506427000024],[124.73067369500006,6.347246381000047],[124.74107204400002,6.329176149000035],[124.73127764800007,6.308601583000041],[124.72483695300002,6.311876159000064],[124.69744350300003,6.293385406000029],[124.67955332400004,6.29721554200006]]]}},{"type":"Feature","id":118,"properties":{"node":118,"psgc":"1206313005","barangay":"Dajay","municipality":"Surallah","municipality_code":"1206313000","province":"South Cotabato","status":"CALIBRATED_SOUTH_COTABATO","gap_fill_km2":0.0,"search":"DAJAY SURALLAH"},"geometry":{"type":"Polygon","coordinates":[[[124.71047689339427,6.4085984989698535],[124.71899489943897,6.414228560298097],[124.73167952400003,6.390758895000033],[124.73575642589547,6.390297449967784],[124.73786260400006,6.387270168000043],[124.74220017000006,6.365996196000024],[124.73067369500006,6.347246381000047],[124.7175431290001,6.355506427000024],[124.7082864,6.371301902000027],[124.69958418800003,6.377219575000026],[124.69694709600002,6.399655844000052],[124.71047689339427,6.4085984989698535]]]}},{"type":"Feature","id":119,"properties":{"node":119,"psgc":"1206313006","barangay":"Duengas","municipality":"Surallah","municipality_code":"1206313000","province":"South Cotabato","status":"CALIBRATED_SOUTH_COTABATO","gap_fill_km2":0.0,"search":"DUENGAS SURALLAH"},"geometry":{"type":"Polygon","coordinates":[[[124.7082864,6.371301902000027],[124.69080939200013,6.356254157000023],[124.69958418800003,6.377219575000026],[124.7082864,6.371301902000027]]]}},{"type":"Feature","id":120,"properties":{"node":120,"psgc":"1206313008","barangay":"Canahay","municipality":"Surallah","municipality_code":"1206313000","province":"South Cotabato","status":"CALIBRATED_SOUTH_COTABATO","gap_fill_km2":0.0,"search":"CANAHAY SURALLAH"},"geometry":{"type":"Polygon","coordinates":[[[124.75259968900002,6.294590713000047],[124.73081438600002,6.286789553000061],[124.72483695300002,6.311876159000064],[124.73127764800007,6.308601583000041],[124.75259968900002,6.294590713000047]]]}},{"type":"Feature","id":121,"properties":{"node":121,"psgc":"1206313014","barangay":"Lambontong","municipality":"Surallah","municipality_code":"1206313000","province":"South Cotabato","status":"CALIBRATED_SOUTH_COTABATO","gap_fill_km2":0.0,"search":"LAMBONTONG SURALLAH"},"geometry":{"type":"Polygon","coordinates":[[[124.82332732800012,6.324589354000068],[124.83079359100009,6.303829276000045],[124.81409794800004,6.297688546000075],[124.79739395100012,6.326983348000056],[124.81004402600001,6.351020843000073],[124.82332732800012,6.324589354000068]]]}},{"type":"Feature","id":122,"properties":{"node":122,"psgc":"1206313017","barangay":"Lamian","municipality":"Surallah","municipality_code":"1206313000","province":"South Cotabato","status":"CALIBRATED_SOUTH_COTABATO","gap_fill_km2":0.0,"search":"LAMIAN SURALLAH"},"geometry":{"type":"Polygon","coordinates":[[[124.84543626500012,6.288408201000038],[124.82617540200012,6.283034341000075],[124.82081560903295,6.279691314343249],[124.81755422600008,6.288477529000033],[124.81409794800004,6.297688546000075],[124.83079359100009,6.303829276000045],[124.82332732800012,6.324589354000068],[124.84091787500006,6.331034390000069],[124.85478896100007,6.288891857000068],[124.85232259530946,6.288197288645033],[124.84556777457242,6.28629502218644],[124.84543626500012,6.288408201000038]]]}},{"type":"Feature","id":123,"properties":{"node":123,"psgc":"1206313018","barangay":"Lamsugod","municipality":"Surallah","municipality_code":"1206313000","province":"South Cotabato","status":"CALIBRATED_SOUTH_COTABATO","gap_fill_km2":0.0,"search":"LAMSUGOD SURALLAH"},"geometry":{"type":"Polygon","coordinates":[[[124.81409794800004,6.297688546000075],[124.81755422600008,6.288477529000033],[124.79220255400004,6.279717580000067],[124.78699328300002,6.294813664000059],[124.79150983400007,6.315706338000039],[124.79739395100012,6.326983348000056],[124.81409794800004,6.297688546000075]]]}},{"type":"Feature","id":124,"properties":{"node":124,"psgc":"1206313019","barangay":"Libertad","municipality":"Surallah","municipality_code":"1206313000","province":"South Cotabato","status":"CALIBRATED_SOUTH_COTABATO","gap_fill_km2":0.0,"search":"LIBERTAD SURALLAH"},"geometry":{"type":"Polygon","coordinates":[[[124.74220017000006,6.365996196000024],[124.73786260400006,6.387270168000043],[124.75637910400008,6.37536340400004],[124.74220017000006,6.365996196000024]]]}},{"type":"Feature","id":125,"properties":{"node":125,"psgc":"1206313020","barangay":"Little Baguio","municipality":"Surallah","municipality_code":"1206313000","province":"South Cotabato","status":"CALIBRATED_SOUTH_COTABATO","gap_fill_km2":0.0,"search":"LITTLE BAGUIO SURALLAH"},"geometry":{"type":"Polygon","coordinates":[[[124.69744350300003,6.293385406000029],[124.72483695300002,6.311876159000064],[124.73081438600002,6.286789553000061],[124.7196632823531,6.281405435448255],[124.69744350300003,6.293385406000029]]]}},{"type":"Feature","id":126,"properties":{"node":126,"psgc":"1206313023","barangay":"Moloy","municipality":"Surallah","municipality_code":"1206313000","province":"South Cotabato","status":"CALIBRATED_SOUTH_COTABATO","gap_fill_km2":0.0,"search":"MOLOY SURALLAH"},"geometry":{"type":"Polygon","coordinates":[[[124.6960390920001,6.324517991000049],[124.66720287400005,6.308469795000063],[124.65683479400002,6.339170082000066],[124.69080939200013,6.356254157000023],[124.7082864,6.371301902000027],[124.7175431290001,6.355506427000024],[124.6960390920001,6.324517991000049]]]}},{"type":"Feature","id":127,"properties":{"node":127,"psgc":"1206313024","barangay":"Naci","municipality":"Surallah","municipality_code":"1206313000","province":"South Cotabato","status":"CALIBRATED_SOUTH_COTABATO","gap_fill_km2":1.297321,"search":"NACI SURALLAH"},"geometry":{"type":"Polygon","coordinates":[[[124.78157852184228,6.360417874862717],[124.78523614800008,6.366611408000042],[124.81004402600001,6.351020843000073],[124.79739395100012,6.326983348000056],[124.79150983400007,6.315706338000039],[124.76565684,6.328923660000043],[124.78157655670933,6.360418400572327],[124.781578242,6.360417401000064],[124.78157852184228,6.360417874862717]]]}},{"type":"Feature","id":128,"properties":{"node":128,"psgc":"1206313028","barangay":"Talahik","municipality":"Surallah","municipality_code":"1206313000","province":"South Cotabato","status":"CALIBRATED_SOUTH_COTABATO","gap_fill_km2":0.0,"search":"TALAHIK SURALLAH"},"geometry":{"type":"Polygon","coordinates":[[[124.69694709600002,6.399655844000052],[124.69958418800003,6.377219575000026],[124.69080939200013,6.356254157000023],[124.65683479400002,6.339170082000066],[124.654012211,6.38220400900002],[124.66158096700009,6.388889744000039],[124.69694709600002,6.399655844000052]]]}},{"type":"Feature","id":129,"properties":{"node":129,"psgc":"1206313030","barangay":"Tubiala","municipality":"Surallah","municipality_code":"1206313000","province":"South Cotabato","status":"CALIBRATED_SOUTH_COTABATO","gap_fill_km2":0.0,"search":"TUBIALA SURALLAH"},"geometry":{"type":"Polygon","coordinates":[[[124.75744370600013,6.312063697000041],[124.76565684,6.328923660000043],[124.79150983400007,6.315706338000039],[124.78699328300002,6.294813664000059],[124.75894214900008,6.29258952600003],[124.75744370600013,6.312063697000041]]]}},{"type":"Feature","id":130,"properties":{"node":130,"psgc":"1206313031","barangay":"Upper Sepaka","municipality":"Surallah","municipality_code":"1206313000","province":"South Cotabato","status":"CALIBRATED_SOUTH_COTABATO","gap_fill_km2":0.479699,"search":"UPPER SEPAKA SURALLAH"},"geometry":{"type":"Polygon","coordinates":[[[124.61168915548758,6.334765918194835],[124.57705243400005,6.356716961000075],[124.57761244738221,6.35802269026707],[124.58369021000011,6.372193624000033],[124.61041637100006,6.375020861000052],[124.6331832300001,6.399346561000072],[124.66158096700009,6.388889744000039],[124.654012211,6.38220400900002],[124.65683479400002,6.339170082000066],[124.66720287400005,6.308469795000063],[124.6582988799939,6.3058180565883575],[124.65571787333423,6.306862692121324],[124.64799267400008,6.309989386000041],[124.61168915548758,6.334765918194835]]]}},{"type":"Feature","id":131,"properties":{"node":131,"psgc":"1206313032","barangay":"Veterans","municipality":"Surallah","municipality_code":"1206313000","province":"South Cotabato","status":"CALIBRATED_SOUTH_COTABATO","gap_fill_km2":0.0,"search":"VETERANS SURALLAH"},"geometry":{"type":"Polygon","coordinates":[[[124.80294314900004,6.266860051000037],[124.80201840212355,6.26796706227662],[124.79220255400004,6.279717580000067],[124.81755422600008,6.288477529000033],[124.82081560903295,6.279691314343249],[124.82093891100011,6.279359137000029],[124.80294314900004,6.266860051000037]]]}},{"type":"Feature","id":132,"properties":{"node":132,"psgc":"1206316001","barangay":"Basag","municipality":"T'Boli","municipality_code":"1206316000","province":"South Cotabato","status":"CALIBRATED_SOUTH_COTABATO","gap_fill_km2":0.00452,"search":"BASAG T'BOLI"},"geometry":{"type":"Polygon","coordinates":[[[125.05512857400005,6.15348065400002],[125.05512857400005,6.152239214000075],[124.99040631900006,6.141480966000074],[124.95228114600003,6.141586291000066],[124.91736676000006,6.111599020000027],[124.9016011110001,6.13923077900006],[124.91150706400003,6.158951693000063],[124.9857798290001,6.18333779300002],[125.00205960500011,6.198592967000025],[125.00677876600002,6.219444355000065],[125.00369876707144,6.222285821199819],[125.00605795800003,6.220272946000022],[125.0142943976022,6.211110368164926],[125.01607911500003,6.209124970000062],[125.01897904036383,6.205915628298838],[125.04740709106613,6.174392129963318],[125.05512071807922,6.153501929563413],[125.05512857400005,6.15348065400002]]]}},{"type":"Feature","id":133,"properties":{"node":133,"psgc":"1206316002","barangay":"Edwards","municipality":"T'Boli","municipality_code":"1206316000","province":"South Cotabato","status":"CALIBRATED_SOUTH_COTABATO","gap_fill_km2":0.0,"search":"EDWARDS T'BOLI"},"geometry":{"type":"Polygon","coordinates":[[[124.7926073010112,6.252673728993056],[124.81676057200002,6.251670309000076],[124.82112232200008,6.227219518000028],[124.80290824200006,6.211753707000071],[124.7990902270001,6.213016467000045],[124.79227846907372,6.250123987616685],[124.7926073010112,6.252673728993056]]]}},{"type":"Feature","id":134,"properties":{"node":134,"psgc":"1206316004","barangay":"Kematu","municipality":"T'Boli","municipality_code":"1206316000","province":"South Cotabato","status":"CALIBRATED_SOUTH_COTABATO","gap_fill_km2":0.0,"search":"KEMATU T'BOLI"},"geometry":{"type":"Polygon","coordinates":[[[124.87668079200012,6.224061145000062],[124.90247820300009,6.205949223000061],[124.90758150500004,6.194084517000022],[124.90945487900002,6.182219810000049],[124.90570813000011,6.171395868000046],[124.87652040000012,6.174853496000026],[124.83219799900007,6.207992997000077],[124.82112232200008,6.227219518000028],[124.85858689900009,6.232267618000037],[124.87668079200012,6.224061145000062]]]}},{"type":"Feature","id":135,"properties":{"node":135,"psgc":"1206316005","barangay":"Laconon","municipality":"T'Boli","municipality_code":"1206316000","province":"South Cotabato","status":"CALIBRATED_SOUTH_COTABATO","gap_fill_km2":0.0,"search":"LACONON T'BOLI"},"geometry":{"type":"Polygon","coordinates":[[[124.687744359,6.080597101000023],[124.62429608100003,6.112986783000049],[124.66600399200001,6.137575755000057],[124.68484526674902,6.144619221576138],[124.75346848900006,6.126707395000039],[124.76983281077936,6.140198122395353],[124.7824876750001,6.144567211000036],[124.78098091216425,6.16767460792806],[124.81978846800007,6.15634092800002],[124.8215964650001,6.117328178000037],[124.79630684400003,6.107018548000042],[124.81208242200013,6.082218027000066],[124.7879902430001,6.075523994000037],[124.74758100400005,6.073397192000072],[124.7434601540001,6.057808022000073],[124.687744359,6.080597101000023]]]}},{"type":"Feature","id":136,"properties":{"node":136,"psgc":"1206316008","barangay":"Lamsalome","municipality":"T'Boli","municipality_code":"1206316000","province":"South Cotabato","status":"CALIBRATED_SOUTH_COTABATO","gap_fill_km2":0.0,"search":"LAMSALOME T'BOLI"},"geometry":{"type":"Polygon","coordinates":[[[124.90514581700005,6.260151453000048],[124.89034759900007,6.278425690000063],[124.91442371618716,6.287088056638422],[124.91618613000003,6.287722157000075],[124.92020918063986,6.284785229163724],[124.93190234500004,6.276248926000051],[124.90514581700005,6.260151453000048]]]}},{"type":"Feature","id":137,"properties":{"node":137,"psgc":"1206316011","barangay":"New Dumangas","municipality":"T'Boli","municipality_code":"1206316000","province":"South Cotabato","status":"CALIBRATED_SOUTH_COTABATO","gap_fill_km2":2.890352,"search":"NEW DUMANGAS T'BOLI"},"geometry":{"type":"Polygon","coordinates":[[[124.80290824200006,6.211753707000071],[124.816654491,6.191773710000063],[124.82668848500009,6.170189874000074],[124.81978846800007,6.15634092800002],[124.78098091216425,6.16767460792806],[124.7806439680425,6.172841911885138],[124.78042876600011,6.176142205000075],[124.79104105100008,6.198628011000039],[124.79247122100003,6.231730763000029],[124.79190638500006,6.247238872000024],[124.79227846907372,6.250123987616685],[124.7990902270001,6.213016467000045],[124.80290824200006,6.211753707000071]]]}},{"type":"Feature","id":138,"properties":{"node":138,"psgc":"1206316012","barangay":"Sinolon","municipality":"T'Boli","municipality_code":"1206316000","province":"South Cotabato","status":"CALIBRATED_SOUTH_COTABATO","gap_fill_km2":0.0,"search":"SINOLON T'BOLI"},"geometry":{"type":"Polygon","coordinates":[[[124.80201840212355,6.26796706227662],[124.80294314900004,6.266860051000037],[124.82093891100011,6.279359137000029],[124.82081560903295,6.279691314343249],[124.82617540200012,6.283034341000075],[124.84543626500012,6.288408201000038],[124.84556777457242,6.28629502218644],[124.84607839300008,6.278090083000051],[124.84744064200005,6.261873899000023],[124.81676057200002,6.251670309000076],[124.7926073010112,6.252673728993056],[124.79392891847095,6.262921464497702],[124.80201840212355,6.26796706227662]]]}},{"type":"Feature","id":139,"properties":{"node":139,"psgc":"1206316014","barangay":"Lambangan","municipality":"T'Boli","municipality_code":"1206316000","province":"South Cotabato","status":"CALIBRATED_SOUTH_COTABATO","gap_fill_km2":1.411993,"search":"LAMBANGAN T'BOLI"},"geometry":{"type":"Polygon","coordinates":[[[124.95247919668311,6.2455587247689826],[124.92928105500006,6.241665298000043],[124.91424239300012,6.21718947100004],[124.903896529,6.255735364000031],[124.90514581700005,6.260151453000048],[124.93190234500004,6.276248926000051],[124.92020918063986,6.284785229163724],[124.92971952900008,6.280999761000032],[124.94350123000005,6.267046858000072],[124.94848774800006,6.25421623400007],[124.95238844087946,6.245755575404004],[124.95247919668311,6.2455587247689826]]]}},{"type":"Feature","id":140,"properties":{"node":140,"psgc":"1206316016","barangay":"Maan","municipality":"T'Boli","municipality_code":"1206316000","province":"South Cotabato","status":"CALIBRATED_SOUTH_COTABATO","gap_fill_km2":0.0,"search":"MAAN T'BOLI"},"geometry":{"type":"Polygon","coordinates":[[[125.00519482300001,6.0620872030000355],[125.00603333200002,6.01072849600007],[124.96681353200006,6.011008224000022],[124.95455942700005,6.014761479000072],[124.94128764300001,6.040320160000021],[124.91185436600006,6.048802137000052],[124.89977844900011,6.061453098000071],[124.9089698040001,6.075702661000037],[124.92324654100004,6.101136373000032],[124.96039984900005,6.092962645000056],[124.99086556200007,6.096677976000025],[125.00519482300001,6.0620872030000355]]]}},{"type":"Feature","id":141,"properties":{"node":141,"psgc":"1206316017","barangay":"Afus","municipality":"T'Boli","municipality_code":"1206316000","province":"South Cotabato","status":"CALIBRATED_SOUTH_COTABATO","gap_fill_km2":0.0,"search":"AFUS T'BOLI"},"geometry":{"type":"Polygon","coordinates":[[[124.816654491,6.191773710000063],[124.83322339900006,6.19393210000004],[124.86349902200004,6.161186618000045],[124.85273846300004,6.134220583000057],[124.82668848500009,6.170189874000074],[124.816654491,6.191773710000063]]]}},{"type":"Feature","id":142,"properties":{"node":142,"psgc":"1206316018","barangay":"Lambuling","municipality":"T'Boli","municipality_code":"1206316000","province":"South Cotabato","status":"CALIBRATED_SOUTH_COTABATO","gap_fill_km2":0.0,"search":"LAMBULING T'BOLI"},"geometry":{"type":"Polygon","coordinates":[[[124.87668079200012,6.224061145000062],[124.8810371090001,6.264448585000025],[124.903896529,6.255735364000031],[124.91424239300012,6.21718947100004],[124.90247820300009,6.205949223000061],[124.87668079200012,6.224061145000062]]]}},{"type":"Feature","id":143,"properties":{"node":143,"psgc":"1206316019","barangay":"Lamhako","municipality":"T'Boli","municipality_code":"1206316000","province":"South Cotabato","status":"CALIBRATED_SOUTH_COTABATO","gap_fill_km2":0.0,"search":"LAMHAKO T'BOLI"},"geometry":{"type":"Polygon","coordinates":[[[124.85858689900009,6.232267618000037],[124.84744064200005,6.261873899000023],[124.84607839300008,6.278090083000051],[124.8810371090001,6.264448585000025],[124.87668079200012,6.224061145000062],[124.85858689900009,6.232267618000037]]]}},{"type":"Feature","id":144,"properties":{"node":144,"psgc":"1206316020","barangay":"Poblacion","municipality":"T'Boli","municipality_code":"1206316000","province":"South Cotabato","status":"CALIBRATED_SOUTH_COTABATO","gap_fill_km2":0.0,"search":"POBLACION T'BOLI"},"geometry":{"type":"Polygon","coordinates":[[[124.82112232200008,6.227219518000028],[124.83219799900007,6.207992997000077],[124.83322339900006,6.19393210000004],[124.816654491,6.191773710000063],[124.80290824200006,6.211753707000071],[124.82112232200008,6.227219518000028]]]}},{"type":"Feature","id":145,"properties":{"node":145,"psgc":"1206316021","barangay":"Talcon","municipality":"T'Boli","municipality_code":"1206316000","province":"South Cotabato","status":"CALIBRATED_SOUTH_COTABATO","gap_fill_km2":0.0,"search":"TALCON T'BOLI"},"geometry":{"type":"Polygon","coordinates":[[[124.98553710100009,6.239040944000067],[124.9817684740001,6.233297394000033],[124.95813880900005,6.207074718000057],[124.93644386400001,6.19973432300003],[124.93401690300004,6.208447056000068],[124.96200136400012,6.238011189000075],[124.96235531380823,6.238026675304356],[124.96297246400002,6.237592283000028],[124.96585867977505,6.238179957465061],[124.98553710100009,6.239040944000067]]]}},{"type":"Feature","id":146,"properties":{"node":146,"psgc":"1206316022","barangay":"Talufo","municipality":"T'Boli","municipality_code":"1206316000","province":"South Cotabato","status":"CALIBRATED_SOUTH_COTABATO","gap_fill_km2":0.0,"search":"TALUFO T'BOLI"},"geometry":{"type":"Polygon","coordinates":[[[124.85232259530946,6.288197288645033],[124.87390586700009,6.287536243000035],[124.89034759900007,6.278425690000063],[124.90514581700005,6.260151453000048],[124.903896529,6.255735364000031],[124.8810371090001,6.264448585000025],[124.84607839300008,6.278090083000051],[124.84556777457242,6.28629502218644],[124.85232259530946,6.288197288645033]]]}},{"type":"Feature","id":147,"properties":{"node":147,"psgc":"1206316023","barangay":"Tudok","municipality":"T'Boli","municipality_code":"1206316000","province":"South Cotabato","status":"CALIBRATED_SOUTH_COTABATO","gap_fill_km2":0.0,"search":"TUDOK T'BOLI"},"geometry":{"type":"Polygon","coordinates":[[[124.84607298500009,6.013338533000023],[124.7434601540001,6.057808022000073],[124.74758100400005,6.073397192000072],[124.7879902430001,6.075523994000037],[124.81208242200013,6.082218027000066],[124.83110170700003,6.073026663000062],[124.86426950000009,6.068449463000035],[124.89977844900011,6.061453098000071],[124.91185436600006,6.048802137000052],[124.94128764300001,6.040320160000021],[124.95455942700005,6.014761479000072],[124.96681353200006,6.011008224000022],[124.84607298500009,6.013338533000023]]]}},{"type":"Feature","id":148,"properties":{"node":148,"psgc":"1206316024","barangay":"Aflek","municipality":"T'Boli","municipality_code":"1206316000","province":"South Cotabato","status":"CALIBRATED_SOUTH_COTABATO","gap_fill_km2":0.0,"search":"AFLEK T'BOLI"},"geometry":{"type":"Polygon","coordinates":[[[125.00369876707144,6.222285821199819],[125.00677876600002,6.219444355000065],[125.00205960500011,6.198592967000025],[124.9857798290001,6.18333779300002],[124.91150706400003,6.158951693000063],[124.90570813000011,6.171395868000046],[124.90945487900002,6.182219810000049],[124.97000224300007,6.196876622000048],[124.9817684740001,6.233297394000033],[124.98553710100009,6.239040944000067],[124.9863654106523,6.2382767833837],[124.99131714500004,6.232849892000046],[125.00369876707144,6.222285821199819]]]}},{"type":"Feature","id":149,"properties":{"node":149,"psgc":"1206316025","barangay":"Datal Bob","municipality":"T'Boli","municipality_code":"1206316000","province":"South Cotabato","status":"CALIBRATED_SOUTH_COTABATO","gap_fill_km2":0.0,"search":"DATAL BOB T'BOLI"},"geometry":{"type":"Polygon","coordinates":[[[124.90247820300009,6.205949223000061],[124.91424239300012,6.21718947100004],[124.92928105500006,6.241665298000043],[124.95247919668311,6.2455587247689826],[124.95287544800009,6.244699250000052],[124.9591417105107,6.240288628002745],[124.96200136400012,6.238011189000075],[124.93401690300004,6.208447056000068],[124.93644386400001,6.19973432300003],[124.90758150500004,6.194084517000022],[124.90247820300009,6.205949223000061]]]}},{"type":"Feature","id":150,"properties":{"node":150,"psgc":"1206316026","barangay":"Desawo","municipality":"T'Boli","municipality_code":"1206316000","province":"South Cotabato","status":"CALIBRATED_SOUTH_COTABATO","gap_fill_km2":0.0,"search":"DESAWO T'BOLI"},"geometry":{"type":"Polygon","coordinates":[[[124.87652040000012,6.174853496000026],[124.86349902200004,6.161186618000045],[124.83322339900006,6.19393210000004],[124.83219799900007,6.207992997000077],[124.87652040000012,6.174853496000026]]]}},{"type":"Feature","id":151,"properties":{"node":151,"psgc":"1206316027","barangay":"Dlanag","municipality":"T'Boli","municipality_code":"1206316000","province":"South Cotabato","status":"CALIBRATED_SOUTH_COTABATO","gap_fill_km2":0.0,"search":"DLANAG T'BOLI"},"geometry":{"type":"Polygon","coordinates":[[[124.79630684400003,6.107018548000042],[124.8215964650001,6.117328178000037],[124.8570830550001,6.082883079000055],[124.86426950000009,6.068449463000035],[124.83110170700003,6.073026663000062],[124.81208242200013,6.082218027000066],[124.79630684400003,6.107018548000042]]]}},{"type":"Feature","id":152,"properties":{"node":152,"psgc":"1206316028","barangay":"Lemsnolon","municipality":"T'Boli","municipality_code":"1206316000","province":"South Cotabato","status":"CALIBRATED_SOUTH_COTABATO","gap_fill_km2":0.0,"search":"LEMSNOLON T'BOLI"},"geometry":{"type":"Polygon","coordinates":[[[124.81676057200002,6.251670309000076],[124.84744064200005,6.261873899000023],[124.85858689900009,6.232267618000037],[124.82112232200008,6.227219518000028],[124.81676057200002,6.251670309000076]]]}},{"type":"Feature","id":153,"properties":{"node":153,"psgc":"1206316029","barangay":"Malugong","municipality":"T'Boli","municipality_code":"1206316000","province":"South Cotabato","status":"CALIBRATED_SOUTH_COTABATO","gap_fill_km2":0.0,"search":"MALUGONG T'BOLI"},"geometry":{"type":"Polygon","coordinates":[[[124.90758150500004,6.194084517000022],[124.93644386400001,6.19973432300003],[124.95813880900005,6.207074718000057],[124.9817684740001,6.233297394000033],[124.97000224300007,6.196876622000048],[124.90945487900002,6.182219810000049],[124.90758150500004,6.194084517000022]]]}},{"type":"Feature","id":154,"properties":{"node":154,"psgc":"1206316030","barangay":"Mongocayo","municipality":"T'Boli","municipality_code":"1206316000","province":"South Cotabato","status":"CALIBRATED_SOUTH_COTABATO","gap_fill_km2":0.0,"search":"MONGOCAYO T'BOLI"},"geometry":{"type":"Polygon","coordinates":[[[124.99086556200007,6.096677976000025],[124.96039984900005,6.092962645000056],[124.92324654100004,6.101136373000032],[124.91736676000006,6.111599020000027],[124.95228114600003,6.141586291000066],[124.99040631900006,6.141480966000074],[124.99086556200007,6.096677976000025]]]}},{"type":"Feature","id":155,"properties":{"node":155,"psgc":"1206316031","barangay":"Salacafe","municipality":"T'Boli","municipality_code":"1206316000","province":"South Cotabato","status":"CALIBRATED_SOUTH_COTABATO","gap_fill_km2":0.0,"search":"SALACAFE T'BOLI"},"geometry":{"type":"Polygon","coordinates":[[[124.81978846800007,6.15634092800002],[124.82668848500009,6.170189874000074],[124.85273846300004,6.134220583000057],[124.87208478900004,6.107573560000048],[124.89588020500001,6.094890474000066],[124.9089698040001,6.075702661000037],[124.89977844900011,6.061453098000071],[124.86426950000009,6.068449463000035],[124.8570830550001,6.082883079000055],[124.8215964650001,6.117328178000037],[124.81978846800007,6.15634092800002]]]}},{"type":"Feature","id":156,"properties":{"node":156,"psgc":"1206316032","barangay":"T'bolok","municipality":"T'Boli","municipality_code":"1206316000","province":"South Cotabato","status":"CALIBRATED_SOUTH_COTABATO","gap_fill_km2":0.0,"search":"T'BOLOK T'BOLI"},"geometry":{"type":"Polygon","coordinates":[[[124.9016011110001,6.13923077900006],[124.91736676000006,6.111599020000027],[124.92324654100004,6.101136373000032],[124.9089698040001,6.075702661000037],[124.89588020500001,6.094890474000066],[124.87208478900004,6.107573560000048],[124.85273846300004,6.134220583000057],[124.86349902200004,6.161186618000045],[124.87652040000012,6.174853496000026],[124.90570813000011,6.171395868000046],[124.91150706400003,6.158951693000063],[124.9016011110001,6.13923077900006]]]}},{"type":"Feature","id":157,"properties":{"node":157,"psgc":"1206314001","barangay":"Albagan","municipality":"Tampakan","municipality_code":"1206314000","province":"South Cotabato","status":"CALIBRATED_SOUTH_COTABATO","gap_fill_km2":0.561583,"search":"ALBAGAN TAMPAKAN"},"geometry":{"type":"Polygon","coordinates":[[[125.02583838900013,6.408626915000069],[125.02586916473805,6.408894077295115],[125.02960019300008,6.441282905000038],[125.05348536877742,6.420189603597542],[125.05343413559024,6.42015160828915],[125.04515098200011,6.414008696000053],[125.03200873600008,6.409384573000067],[125.02662215059163,6.408954233991944],[125.02583838900013,6.408626915000069]]]}},{"type":"Feature","id":158,"properties":{"node":158,"psgc":"1206314002","barangay":"Kipalbig","municipality":"Tampakan","municipality_code":"1206314000","province":"South Cotabato","status":"CALIBRATED_SOUTH_COTABATO","gap_fill_km2":0.163555,"search":"KIPALBIG TAMPAKAN"},"geometry":{"type":"Polygon","coordinates":[[[124.92026460200009,6.398793743000055],[124.91131723687468,6.401789638643231],[124.91101075100003,6.401892261000058],[124.91099184763216,6.40183966592241],[124.90664113491893,6.402508570394623],[124.90646919800008,6.402535005000063],[124.90657894943448,6.403109815885437],[124.91253508279107,6.4343043994177],[124.91309273905512,6.43453685497564],[124.92025628800002,6.428051690000074],[124.95270998100013,6.425746931000049],[124.98247281700004,6.420100937000027],[124.99577351963073,6.406232637560752],[124.991596328,6.405855772000052],[124.9756362060001,6.409782468000059],[124.96986553700003,6.408181616000036],[124.95407050300001,6.395216497000034],[124.93193636100011,6.399538994000067],[124.92771082782204,6.399269190380361],[124.92026460200009,6.398793743000055]]]}},{"type":"Feature","id":159,"properties":{"node":159,"psgc":"1206314003","barangay":"Lambayong","municipality":"Tampakan","municipality_code":"1206314000","province":"South Cotabato","status":"CALIBRATED_SOUTH_COTABATO","gap_fill_km2":0.0,"search":"LAMBAYONG TAMPAKAN"},"geometry":{"type":"Polygon","coordinates":[[[124.95270998100013,6.425746931000049],[124.97313098000006,6.448025637000058],[124.9882628370001,6.442768641000043],[124.98247281700004,6.420100937000027],[124.95270998100013,6.425746931000049]]]}},{"type":"Feature","id":160,"properties":{"node":160,"psgc":"1206314004","barangay":"Liberty","municipality":"Tampakan","municipality_code":"1206314000","province":"South Cotabato","status":"CALIBRATED_SOUTH_COTABATO","gap_fill_km2":0.0,"search":"LIBERTY TAMPAKAN"},"geometry":{"type":"Polygon","coordinates":[[[124.97313098000006,6.448025637000058],[124.9713187640001,6.451256958000044],[124.96499049900002,6.462218108000058],[124.99078171800011,6.47535010000007],[125.01745416900009,6.454678310000077],[124.9882628370001,6.442768641000043],[124.97313098000006,6.448025637000058]]]}},{"type":"Feature","id":161,"properties":{"node":161,"psgc":"1206314005","barangay":"Maltana","municipality":"Tampakan","municipality_code":"1206314000","province":"South Cotabato","status":"CALIBRATED_SOUTH_COTABATO","gap_fill_km2":0.0,"search":"MALTANA TAMPAKAN"},"geometry":{"type":"Polygon","coordinates":[[[124.92025628800002,6.428051690000074],[124.9480479140001,6.444094366000058],[124.9713187640001,6.451256958000044],[124.97313098000006,6.448025637000058],[124.95270998100013,6.425746931000049],[124.92025628800002,6.428051690000074]]]}},{"type":"Feature","id":162,"properties":{"node":162,"psgc":"1206314006","barangay":"Poblacion","municipality":"Tampakan","municipality_code":"1206314000","province":"South Cotabato","status":"CALIBRATED_SOUTH_COTABATO","gap_fill_km2":0.0,"search":"POBLACION TAMPAKAN"},"geometry":{"type":"Polygon","coordinates":[[[124.91265511200004,6.434933039000043],[124.92306272349806,6.449736231175902],[124.92490124700011,6.452351242000019],[124.94529257500007,6.461371892000045],[124.94786929900012,6.456634045000043],[124.9480479140001,6.444094366000058],[124.92025628800002,6.428051690000074],[124.91309273905512,6.43453685497564],[124.91265511200004,6.434933039000043]]]}},{"type":"Feature","id":163,"properties":{"node":163,"psgc":"1206314007","barangay":"Tablu","municipality":"Tampakan","municipality_code":"1206314000","province":"South Cotabato","status":"CALIBRATED_SOUTH_COTABATO","gap_fill_km2":0.0,"search":"TABLU TAMPAKAN"},"geometry":{"type":"Polygon","coordinates":[[[125.12126067600002,6.547711038000045],[125.14043474600011,6.520380430000043],[125.09799452200002,6.498286680000035],[125.10826968200001,6.451471095000045],[125.0884423430001,6.443406889000072],[125.06134294600008,6.426016902000073],[125.05348536877742,6.420189603597542],[125.02960019300008,6.441282905000038],[125.01745416900009,6.454678310000077],[125.05697469700011,6.473304091000045],[125.09539730600012,6.532885993000036],[125.12126067600002,6.547711038000045]]]}},{"type":"Feature","id":164,"properties":{"node":164,"psgc":"1206314008","barangay":"Buto","municipality":"Tampakan","municipality_code":"1206314000","province":"South Cotabato","status":"CALIBRATED_SOUTH_COTABATO","gap_fill_km2":0.04088,"search":"BUTO TAMPAKAN"},"geometry":{"type":"Polygon","coordinates":[[[124.96643803129892,6.500769708180951],[124.97040743500008,6.501296853000042],[124.98225171503506,6.524803950776117],[124.98554958220583,6.5313491595863535],[124.98658362200003,6.531387749000033],[124.99465011700012,6.494190495000054],[124.99078171800011,6.47535010000007],[124.96499049900002,6.462218108000058],[124.94786929900012,6.456634045000043],[124.94529257500007,6.461371892000045],[124.94696374400007,6.471171940000033],[124.94826826106774,6.473154595034548],[124.96643803129892,6.500769708180951]]]}},{"type":"Feature","id":165,"properties":{"node":165,"psgc":"1206314009","barangay":"Lampitak","municipality":"Tampakan","municipality_code":"1206314000","province":"South Cotabato","status":"CALIBRATED_SOUTH_COTABATO","gap_fill_km2":0.0,"search":"LAMPITAK TAMPAKAN"},"geometry":{"type":"Polygon","coordinates":[[[124.99578692800002,6.406218657000067],[124.99577351963073,6.406232637560752],[124.98247281700004,6.420100937000027],[124.9882628370001,6.442768641000043],[125.01745416900009,6.454678310000077],[125.02960019300008,6.441282905000038],[125.02586916473805,6.408894077295115],[125.02583838900013,6.408626915000069],[125.02078736556058,6.408222137089057],[124.99578692800002,6.406218657000067]]]}},{"type":"Feature","id":166,"properties":{"node":166,"psgc":"1206314010","barangay":"Palo","municipality":"Tampakan","municipality_code":"1206314000","province":"South Cotabato","status":"CALIBRATED_SOUTH_COTABATO","gap_fill_km2":0.0,"search":"PALO TAMPAKAN"},"geometry":{"type":"Polygon","coordinates":[[[125.04918272700003,6.533723890000033],[125.00953008400006,6.516690921000076],[124.99465011700012,6.494190495000054],[124.98658362200003,6.531387749000033],[125.04918272700003,6.533723890000033]]]}},{"type":"Feature","id":167,"properties":{"node":167,"psgc":"1206314011","barangay":"Pula-bato","municipality":"Tampakan","municipality_code":"1206314000","province":"South Cotabato","status":"CALIBRATED_SOUTH_COTABATO","gap_fill_km2":0.0,"search":"PULA-BATO TAMPAKAN"},"geometry":{"type":"Polygon","coordinates":[[[124.99078171800011,6.47535010000007],[124.99465011700012,6.494190495000054],[125.05697469700011,6.473304091000045],[125.01745416900009,6.454678310000077],[124.99078171800011,6.47535010000007]]]}},{"type":"Feature","id":168,"properties":{"node":168,"psgc":"1206314012","barangay":"Danlag","municipality":"Tampakan","municipality_code":"1206314000","province":"South Cotabato","status":"CALIBRATED_SOUTH_COTABATO","gap_fill_km2":0.0,"search":"DANLAG TAMPAKAN"},"geometry":{"type":"Polygon","coordinates":[[[125.09539730600012,6.532885993000036],[125.05697469700011,6.473304091000045],[124.99465011700012,6.494190495000054],[125.00953008400006,6.516690921000076],[125.04918272700003,6.533723890000033],[125.09539730600012,6.532885993000036]]]}},{"type":"Feature","id":169,"properties":{"node":169,"psgc":"1206314013","barangay":"San Isidro","municipality":"Tampakan","municipality_code":"1206314000","province":"South Cotabato","status":"CALIBRATED_SOUTH_COTABATO","gap_fill_km2":0.0,"search":"SAN ISIDRO TAMPAKAN"},"geometry":{"type":"Polygon","coordinates":[[[124.9713187640001,6.451256958000044],[124.9480479140001,6.444094366000058],[124.94786929900012,6.456634045000043],[124.96499049900002,6.462218108000058],[124.9713187640001,6.451256958000044]]]}},{"type":"Feature","id":170,"properties":{"node":170,"psgc":"1206314014","barangay":"Santa Cruz","municipality":"Tampakan","municipality_code":"1206314000","province":"South Cotabato","status":"CALIBRATED_SOUTH_COTABATO","gap_fill_km2":4.125202,"search":"SANTA CRUZ TAMPAKAN"},"geometry":{"type":"Polygon","coordinates":[[[124.94529257500007,6.461371892000045],[124.92490124700011,6.452351242000019],[124.92306272349806,6.449736231175902],[124.92298628700007,6.456449930000075],[124.920037481,6.474384933000068],[124.94826826106774,6.473154595034548],[124.94696374400007,6.471171940000033],[124.94529257500007,6.461371892000045]]]}},{"type":"Feature","id":171,"properties":{"node":171,"psgc":"1206315001","barangay":"Bukay Pait","municipality":"Tantangan","municipality_code":"1206315000","province":"South Cotabato","status":"CALIBRATED_SOUTH_COTABATO","gap_fill_km2":0.0,"search":"BUKAY PAIT TANTANGAN"},"geometry":{"type":"Polygon","coordinates":[[[124.78862847500011,6.576841209000066],[124.76173081500009,6.545213175000072],[124.73076702800006,6.542403739000064],[124.72831650100012,6.556756827000072],[124.77847643400003,6.584848335000061],[124.78862847500011,6.576841209000066]]]}},{"type":"Feature","id":172,"properties":{"node":172,"psgc":"1206315002","barangay":"Cabuling","municipality":"Tantangan","municipality_code":"1206315000","province":"South Cotabato","status":"CALIBRATED_SOUTH_COTABATO","gap_fill_km2":0.0,"search":"CABULING TANTANGAN"},"geometry":{"type":"Polygon","coordinates":[[[124.8235565750001,6.55408637100004],[124.81711320200009,6.544745366000029],[124.81558118000008,6.542742180000062],[124.79086933300006,6.563604393000047],[124.79661847900002,6.570539325000031],[124.8235565750001,6.55408637100004]]]}},{"type":"Feature","id":173,"properties":{"node":173,"psgc":"1206315003","barangay":"Dumadalig","municipality":"Tantangan","municipality_code":"1206315000","province":"South Cotabato","status":"CALIBRATED_SOUTH_COTABATO","gap_fill_km2":0.39513,"search":"DUMADALIG TANTANGAN"},"geometry":{"type":"Polygon","coordinates":[[[124.73076702800006,6.542403739000064],[124.71983603054737,6.58023283448147],[124.71943144163261,6.5813528351279915],[124.7171728120001,6.587605271999975],[124.7665794510001,6.602761475000023],[124.77847643400003,6.584848335000061],[124.72831650100012,6.556756827000072],[124.73076702800006,6.542403739000064]]]}},{"type":"Feature","id":174,"properties":{"node":174,"psgc":"1206315004","barangay":"Libas","municipality":"Tantangan","municipality_code":"1206315000","province":"South Cotabato","status":"CALIBRATED_SOUTH_COTABATO","gap_fill_km2":0.0,"search":"LIBAS TANTANGAN"},"geometry":{"type":"Polygon","coordinates":[[[124.77335952600004,6.500628083000037],[124.75307320400007,6.514490503000047],[124.77916588500011,6.542967265000073],[124.79969945300002,6.524134993000076],[124.80217424500006,6.522204317000046],[124.77535056679842,6.502118958624042],[124.77335952600004,6.500628083000037]]]}},{"type":"Feature","id":175,"properties":{"node":175,"psgc":"1206315005","barangay":"Magon","municipality":"Tantangan","municipality_code":"1206315000","province":"South Cotabato","status":"CALIBRATED_SOUTH_COTABATO","gap_fill_km2":0.0,"search":"MAGON TANTANGAN"},"geometry":{"type":"Polygon","coordinates":[[[124.7130768610001,6.641481669000028],[124.71902494000005,6.625324201000068],[124.70883322700003,6.604951609000066],[124.7130768610001,6.641481669000028]]]}},{"type":"Feature","id":176,"properties":{"node":176,"psgc":"1206315006","barangay":"Maibo","municipality":"Tantangan","municipality_code":"1206315000","province":"South Cotabato","status":"CALIBRATED_SOUTH_COTABATO","gap_fill_km2":0.0,"search":"MAIBO TANTANGAN"},"geometry":{"type":"Polygon","coordinates":[[[124.79661847900002,6.570539325000031],[124.79086933300006,6.563604393000047],[124.77916588500011,6.542967265000073],[124.75307320400007,6.514490503000047],[124.73076702800006,6.542403739000064],[124.76173081500009,6.545213175000072],[124.78862847500011,6.576841209000066],[124.79661847900002,6.570539325000031]]]}},{"type":"Feature","id":177,"properties":{"node":177,"psgc":"1206315007","barangay":"Mangilala","municipality":"Tantangan","municipality_code":"1206315000","province":"South Cotabato","status":"CALIBRATED_SOUTH_COTABATO","gap_fill_km2":0.0,"search":"MANGILALA TANTANGAN"},"geometry":{"type":"Polygon","coordinates":[[[124.74444480500006,6.654583915000045],[124.72268384900006,6.626970710000021],[124.71902494000005,6.625324201000068],[124.7130768610001,6.641481669000028],[124.74444480500006,6.654583915000045]]]}},{"type":"Feature","id":178,"properties":{"node":178,"psgc":"1206315008","barangay":"New Iloilo","municipality":"Tantangan","municipality_code":"1206315000","province":"South Cotabato","status":"CALIBRATED_SOUTH_COTABATO","gap_fill_km2":0.0,"search":"NEW ILOILO TANTANGAN"},"geometry":{"type":"Polygon","coordinates":[[[124.81558118000008,6.542742180000062],[124.79969945300002,6.524134993000076],[124.77916588500011,6.542967265000073],[124.79086933300006,6.563604393000047],[124.81558118000008,6.542742180000062]]]}},{"type":"Feature","id":179,"properties":{"node":179,"psgc":"1206315009","barangay":"New Lambunao","municipality":"Tantangan","municipality_code":"1206315000","province":"South Cotabato","status":"CALIBRATED_SOUTH_COTABATO","gap_fill_km2":0.0,"search":"NEW LAMBUNAO TANTANGAN"},"geometry":{"type":"Polygon","coordinates":[[[124.8283292660001,6.529940754000052],[124.8280741704663,6.530277466629435],[124.81711320200009,6.544745366000029],[124.8235565750001,6.55408637100004],[124.82823862561358,6.53039931460204],[124.8283292660001,6.529940754000052]]]}},{"type":"Feature","id":180,"properties":{"node":180,"psgc":"1206315010","barangay":"Poblacion","municipality":"Tantangan","municipality_code":"1206315000","province":"South Cotabato","status":"CALIBRATED_SOUTH_COTABATO","gap_fill_km2":0.0,"search":"POBLACION TANTANGAN"},"geometry":{"type":"Polygon","coordinates":[[[124.70883322700003,6.604951609000066],[124.71902494000005,6.625324201000068],[124.72268384900006,6.626970710000021],[124.75953602900006,6.640085433000023],[124.7665794510001,6.602761475000023],[124.7171728120001,6.587605271999975],[124.70883322700003,6.604951609000066]]]}},{"type":"Feature","id":181,"properties":{"node":181,"psgc":"1206315011","barangay":"San Felipe","municipality":"Tantangan","municipality_code":"1206315000","province":"South Cotabato","status":"CALIBRATED_SOUTH_COTABATO","gap_fill_km2":0.0,"search":"SAN FELIPE TANTANGAN"},"geometry":{"type":"Polygon","coordinates":[[[124.81696922011942,6.516655893582885],[124.81413995700008,6.513347248000057],[124.80217424500006,6.522204317000046],[124.79969945300002,6.524134993000076],[124.81558118000008,6.542742180000062],[124.81711320200009,6.544745366000029],[124.8280741704663,6.530277466629435],[124.8283292660001,6.529940754000052],[124.82414900945281,6.525052206425339],[124.81696922011942,6.516655893582885]]]}},{"type":"Feature","id":182,"properties":{"node":182,"psgc":"1206315012","barangay":"New Cuyapo","municipality":"Tantangan","municipality_code":"1206315000","province":"South Cotabato","status":"CALIBRATED_SOUTH_COTABATO","gap_fill_km2":0.0,"search":"NEW CUYAPO TANTANGAN"},"geometry":{"type":"Polygon","coordinates":[[[124.75953602900006,6.640085433000023],[124.72268384900006,6.626970710000021],[124.74444480500006,6.654583915000045],[124.75953602900006,6.640085433000023]]]}},{"type":"Feature","id":183,"properties":{"node":183,"psgc":"1206315013","barangay":"Tinongcop","municipality":"Tantangan","municipality_code":"1206315000","province":"South Cotabato","status":"CALIBRATED_SOUTH_COTABATO","gap_fill_km2":0.0,"search":"TINONGCOP TANTANGAN"},"geometry":{"type":"Polygon","coordinates":[[[124.77335952600004,6.500628083000037],[124.77535056679842,6.502118958624042],[124.80217424500006,6.522204317000046],[124.81413995700008,6.513347248000057],[124.77635361894157,6.501561922128629],[124.77335952600004,6.500628083000037]]]}},{"type":"Feature","id":184,"properties":{"node":184,"psgc":"1206317001","barangay":"Acmonan","municipality":"Tupi","municipality_code":"1206317000","province":"South Cotabato","status":"CALIBRATED_SOUTH_COTABATO","gap_fill_km2":0.0,"search":"ACMONAN TUPI"},"geometry":{"type":"Polygon","coordinates":[[[125.06038897000009,6.371362097000031],[125.03528914700009,6.348801028000026],[125.03366434300007,6.344739021000064],[125.0170101110001,6.330115792000071],[124.99222424700007,6.329365449000022],[124.98792134000009,6.332218797000051],[124.96869134900011,6.313357302000043],[124.95966831400006,6.323080592000053],[124.97231791600007,6.334748575000049],[124.96346213400011,6.343738423000047],[124.97216007700001,6.351942418000021],[124.97660076900002,6.348302409000041],[124.98433761500007,6.357157835000067],[125.01164961300003,6.356691760000047],[125.0377498150001,6.382885177000047],[125.06038897000009,6.371362097000031]]]}},{"type":"Feature","id":185,"properties":{"node":185,"psgc":"1206317002","barangay":"Bololmala","municipality":"Tupi","municipality_code":"1206317000","province":"South Cotabato","status":"CALIBRATED_SOUTH_COTABATO","gap_fill_km2":0.261511,"search":"BOLOLMALA TUPI"},"geometry":{"type":"Polygon","coordinates":[[[124.92771082782204,6.399269190380361],[124.93193636100011,6.399538994000067],[124.95407050300001,6.395216497000034],[124.95128380300004,6.388591054000074],[124.93859354400001,6.377877761000037],[124.93050376000008,6.371005835000061],[124.91941403500006,6.374266086000034],[124.91601583300007,6.383585837000054],[124.9076670810001,6.392589126000075],[124.90664113491893,6.402508570394623],[124.91099184763216,6.40183966592241],[124.91101075100003,6.401892261000058],[124.91131723687468,6.401789638643231],[124.92026460200009,6.398793743000055],[124.92771082782204,6.399269190380361]]]}},{"type":"Feature","id":186,"properties":{"node":186,"psgc":"1206317003","barangay":"Bunao","municipality":"Tupi","municipality_code":"1206317000","province":"South Cotabato","status":"CALIBRATED_SOUTH_COTABATO","gap_fill_km2":0.0,"search":"BUNAO TUPI"},"geometry":{"type":"Polygon","coordinates":[[[124.91618613000003,6.287722157000075],[124.91442371618716,6.287088056638422],[124.90948816600007,6.289052587000072],[124.91690167700004,6.301877328000046],[124.92780060300004,6.331274178000057],[124.92933481300008,6.33932722700007],[124.93324520100009,6.342817535000052],[124.9418864920001,6.333197364000057],[124.9495050490001,6.329370745000062],[124.95635086500009,6.317648741000028],[124.94990691400004,6.311066621000066],[124.92971952900008,6.280999761000032],[124.92020918063986,6.284785229163724],[124.91618613000003,6.287722157000075]]]}},{"type":"Feature","id":187,"properties":{"node":187,"psgc":"1206317004","barangay":"Cebuano","municipality":"Tupi","municipality_code":"1206317000","province":"South Cotabato","status":"CALIBRATED_SOUTH_COTABATO","gap_fill_km2":0.0,"search":"CEBUANO TUPI"},"geometry":{"type":"Polygon","coordinates":[[[125.02078736556058,6.408222137089057],[125.02482685100006,6.399974933000066],[125.00925622200009,6.397658029000071],[124.99944518000007,6.387193849000028],[124.989486811,6.388527999000076],[124.9798750650001,6.382033576000027],[124.98343063500009,6.378002991000073],[124.97820330100002,6.369766669000057],[124.95686492800006,6.35068872100004],[124.945353015,6.346973022000042],[124.9366954960001,6.356206426000028],[124.94476369200004,6.363793114000032],[124.94613381400006,6.37008614900003],[124.93859354400001,6.377877761000037],[124.95128380300004,6.388591054000074],[124.95407050300001,6.395216497000034],[124.96986553700003,6.408181616000036],[124.9756362060001,6.409782468000059],[124.991596328,6.405855772000052],[124.99577351963073,6.406232637560752],[124.99578692800002,6.406218657000067],[125.02078736556058,6.408222137089057]]]}},{"type":"Feature","id":188,"properties":{"node":188,"psgc":"1206317005","barangay":"Crossing Rubber","municipality":"Tupi","municipality_code":"1206317000","province":"South Cotabato","status":"CALIBRATED_SOUTH_COTABATO","gap_fill_km2":0.0,"search":"CROSSING RUBBER TUPI"},"geometry":{"type":"Polygon","coordinates":[[[124.93050376000008,6.371005835000061],[124.93859354400001,6.377877761000037],[124.94613381400006,6.37008614900003],[124.94476369200004,6.363793114000032],[124.9366954960001,6.356206426000028],[124.93735565100006,6.346882682000056],[124.93324520100009,6.342817535000052],[124.92933481300008,6.33932722700007],[124.92185899000005,6.34254956500007],[124.92234878600003,6.350618298000028],[124.91718015600009,6.355361578000043],[124.90912109000011,6.36151624300004],[124.91941403500006,6.374266086000034],[124.93050376000008,6.371005835000061]]]}},{"type":"Feature","id":189,"properties":{"node":189,"psgc":"1206317006","barangay":"Kablon","municipality":"Tupi","municipality_code":"1206317000","province":"South Cotabato","status":"CALIBRATED_SOUTH_COTABATO","gap_fill_km2":0.0,"search":"KABLON TUPI"},"geometry":{"type":"Polygon","coordinates":[[[125.01035010400007,6.289365749000071],[124.99791007700003,6.282058632000029],[124.96869134900011,6.313357302000043],[124.98792134000009,6.332218797000051],[124.99222424700007,6.329365449000022],[125.0170101110001,6.330115792000071],[125.03366434300007,6.344739021000064],[125.03528914700009,6.348801028000026],[125.06038897000009,6.371362097000031],[125.07620906500006,6.359238639000068],[125.01035010400007,6.289365749000071]]]}},{"type":"Feature","id":190,"properties":{"node":190,"psgc":"1206317007","barangay":"Kalkam","municipality":"Tupi","municipality_code":"1206317000","province":"South Cotabato","status":"CALIBRATED_SOUTH_COTABATO","gap_fill_km2":0.0,"search":"KALKAM TUPI"},"geometry":{"type":"Polygon","coordinates":[[[124.92780060300004,6.331274178000057],[124.91690167700004,6.301877328000046],[124.90696316300011,6.308964628000068],[124.90974654000003,6.321571185000041],[124.908880812,6.331238485000029],[124.90455217000012,6.337731447000066],[124.91046798000002,6.344080121000045],[124.90573718300004,6.351988921000043],[124.91718015600009,6.355361578000043],[124.92234878600003,6.350618298000028],[124.92185899000005,6.34254956500007],[124.92933481300008,6.33932722700007],[124.92780060300004,6.331274178000057]]]}},{"type":"Feature","id":191,"properties":{"node":191,"psgc":"1206317009","barangay":"Linan","municipality":"Tupi","municipality_code":"1206317000","province":"South Cotabato","status":"CALIBRATED_SOUTH_COTABATO","gap_fill_km2":0.0,"search":"LINAN TUPI"},"geometry":{"type":"Polygon","coordinates":[[[125.01164961300003,6.356691760000047],[124.98433761500007,6.357157835000067],[124.97660076900002,6.348302409000041],[124.97216007700001,6.351942418000021],[124.96346213400011,6.343738423000047],[124.95686492800006,6.35068872100004],[124.97820330100002,6.369766669000057],[124.98343063500009,6.378002991000073],[124.9798750650001,6.382033576000027],[124.989486811,6.388527999000076],[124.99944518000007,6.387193849000028],[125.00925622200009,6.397658029000071],[125.02482685100006,6.399974933000066],[125.03047193000008,6.385972957000035],[125.0377498150001,6.382885177000047],[125.01164961300003,6.356691760000047]]]}},{"type":"Feature","id":192,"properties":{"node":192,"psgc":"1206317010","barangay":"Lunen","municipality":"Tupi","municipality_code":"1206317000","province":"South Cotabato","status":"CALIBRATED_SOUTH_COTABATO","gap_fill_km2":0.315689,"search":"LUNEN TUPI"},"geometry":{"type":"Polygon","coordinates":[[[124.88910300167655,6.314409659171906],[124.88486520475769,6.319681047747231],[124.88494552200007,6.319778952000036],[124.88040271958181,6.3252319256736715],[124.87934048300008,6.326553240000067],[124.88491980600008,6.357899115000067],[124.89950570700013,6.361420281000051],[124.90912109000011,6.36151624300004],[124.91718015600009,6.355361578000043],[124.90573718300004,6.351988921000043],[124.91046798000002,6.344080121000045],[124.90455217000012,6.337731447000066],[124.908880812,6.331238485000029],[124.90974654000003,6.321571185000041],[124.90696316300011,6.308964628000068],[124.91690167700004,6.301877328000046],[124.90948816600007,6.289052587000072],[124.91442371618716,6.287088056638422],[124.89034759900007,6.278425690000063],[124.91065173100003,6.286579953000056],[124.88910300167655,6.314409659171906]]]}},{"type":"Feature","id":193,"properties":{"node":193,"psgc":"1206317011","barangay":"Miasong","municipality":"Tupi","municipality_code":"1206317000","province":"South Cotabato","status":"CALIBRATED_SOUTH_COTABATO","gap_fill_km2":0.0,"search":"MIASONG TUPI"},"geometry":{"type":"Polygon","coordinates":[[[125.11303874600003,6.43504862900005],[125.08528930600005,6.380247885000068],[125.07620906500006,6.359238639000068],[125.06038897000009,6.371362097000031],[125.0377498150001,6.382885177000047],[125.03047193000008,6.385972957000035],[125.02482685100006,6.399974933000066],[125.02078736556058,6.408222137089057],[125.02583838900013,6.408626915000069],[125.02662215059163,6.408954233991944],[125.03200873600008,6.409384573000067],[125.04515098200011,6.414008696000053],[125.05343413559024,6.42015160828915],[125.05348536877742,6.420189603597542],[125.06134294600008,6.426016902000073],[125.0884423430001,6.443406889000072],[125.10826968200001,6.451471095000045],[125.10770072100001,6.4361091670000405],[125.11303874600003,6.43504862900005]]]}},{"type":"Feature","id":194,"properties":{"node":194,"psgc":"1206317012","barangay":"Palian","municipality":"Tupi","municipality_code":"1206317000","province":"South Cotabato","status":"CALIBRATED_SOUTH_COTABATO","gap_fill_km2":0.0,"search":"PALIAN TUPI"},"geometry":{"type":"Polygon","coordinates":[[[124.91601583300007,6.383585837000054],[124.91941403500006,6.374266086000034],[124.90912109000011,6.36151624300004],[124.89950570700013,6.361420281000051],[124.89837102900003,6.37307179000004],[124.89070420300006,6.383040165000067],[124.88957944966627,6.388306618050096],[124.88935454100009,6.389359712000044],[124.9076670810001,6.392589126000075],[124.91601583300007,6.383585837000054]]]}},{"type":"Feature","id":195,"properties":{"node":195,"psgc":"1206317013","barangay":"Poblacion","municipality":"Tupi","municipality_code":"1206317000","province":"South Cotabato","status":"CALIBRATED_SOUTH_COTABATO","gap_fill_km2":0.0,"search":"POBLACION TUPI"},"geometry":{"type":"Polygon","coordinates":[[[124.97231791600007,6.334748575000049],[124.95966831400006,6.323080592000053],[124.96869134900011,6.313357302000043],[124.96420458200011,6.309568477000027],[124.95635086500009,6.317648741000028],[124.9495050490001,6.329370745000062],[124.9418864920001,6.333197364000057],[124.93324520100009,6.342817535000052],[124.93735565100006,6.346882682000056],[124.9366954960001,6.356206426000028],[124.945353015,6.346973022000042],[124.95686492800006,6.35068872100004],[124.96346213400011,6.343738423000047],[124.97231791600007,6.334748575000049]]]}},{"type":"Feature","id":196,"properties":{"node":196,"psgc":"1206317014","barangay":"Polonuling","municipality":"Tupi","municipality_code":"1206317000","province":"South Cotabato","status":"CALIBRATED_SOUTH_COTABATO","gap_fill_km2":3.037478,"search":"POLONULING TUPI"},"geometry":{"type":"Polygon","coordinates":[[[124.97880669500013,6.246560816000055],[124.9863654106523,6.2382767833837],[124.98553710100009,6.239040944000067],[124.96585867977505,6.238179957465061],[124.97237431400005,6.239506633000076],[124.97565934900003,6.246422417000076],[124.97101790800004,6.254381745000044],[124.97469037700012,6.26004613200007],[124.96227908900005,6.259823274000041],[124.94848774800006,6.25421623400007],[124.94350123000005,6.267046858000072],[124.92971952900008,6.280999761000032],[124.94990691400004,6.311066621000066],[124.95635086500009,6.317648741000028],[124.96420458200011,6.309568477000027],[124.96869134900011,6.313357302000043],[124.99791007700003,6.282058632000029],[125.01035010400007,6.289365749000071],[124.98595294100006,6.270519473000036],[124.97880669500013,6.246560816000055]]]}},{"type":"Feature","id":197,"properties":{"node":197,"psgc":"1206317015","barangay":"Simbo","municipality":"Tupi","municipality_code":"1206317000","province":"South Cotabato","status":"CALIBRATED_SOUTH_COTABATO","gap_fill_km2":0.005238,"search":"SIMBO TUPI"},"geometry":{"type":"Polygon","coordinates":[[[124.96235531380823,6.238026675304356],[124.96200136400012,6.238011189000075],[124.9591417105107,6.240288628002745],[124.95287544800009,6.244699250000052],[124.95247919668311,6.2455587247689826],[124.95238844087946,6.245755575404004],[124.94848774800006,6.25421623400007],[124.96227908900005,6.259823274000041],[124.97469037700012,6.26004613200007],[124.97101790800004,6.254381745000044],[124.97565934900003,6.246422417000076],[124.97237431400005,6.239506633000076],[124.96585867977505,6.238179957465061],[124.96297246400002,6.237592283000028],[124.96235531380823,6.238026675304356]]]}},{"type":"Feature","id":198,"properties":{"node":198,"psgc":"1206317016","barangay":"Tubeng","municipality":"Tupi","municipality_code":"1206317000","province":"South Cotabato","status":"CALIBRATED_SOUTH_COTABATO","gap_fill_km2":0.0,"search":"TUBENG TUPI"},"geometry":{"type":"Polygon","coordinates":[[[124.88093305400004,6.38625945900003],[124.88957944966627,6.388306618050096],[124.89070420300006,6.383040165000067],[124.89837102900003,6.37307179000004],[124.89950570700013,6.361420281000051],[124.88491980600008,6.357899115000067],[124.87934048300008,6.326553240000067],[124.86865383800011,6.339575696000053],[124.88093305400004,6.38625945900003]]]}}]}