{"type":"FeatureCollection","name":"ORACLIS South Cotabato Barangay Boundaries (31 December 2023)","crs":{"type":"name","properties":{"name":"urn:ogc:def:crs:OGC:1.3:CRS84"}},"features":[{"type":"Feature","geometry":{"type":"Polygon","coordinates":[[[124.78911788200001,6.414982497000039],[124.78261831000009,6.421906890000059],[124.777868,6.420971300000076],[124.77100505200009,6.409181211000032],[124.77510647100009,6.406767115000036],[124.7874280850001,6.411555849000024],[124.78911788200001,6.414982497000039]]]},"properties":{"adm1_psgc":1200000000,"adm2_psgc":1206300000,"adm3_psgc":1206302000,"adm4_psgc":1206302002,"adm4_en":"Benitez","geo_level":"Bgy","len_crs":7051,"area_crs":2406027,"len_km":7,"area_km2":2,"ORACLIS_PSGC":"1206302002","ORACLIS_BARANGAY":"Benitez","ORACLIS_LOCALITY_CODE":"1206302000","ORACLIS_LOCALITY":"Banga","ORACLIS_PROVINCE_CODE":"1206300000","ORACLIS_PROVINCE":"South Cotabato","ORACLIS_LOCALITY_TYPE":"MUNICIPALITY","ORACLIS_SOURCE_DATA_STATUS":"CALIBRATED"},"id":1206302002},{"type":"Feature","geometry":{"type":"Polygon","coordinates":[[[124.73886631100005,6.428324015000044],[124.73524867200003,6.447473908000064],[124.71627457800001,6.424558645000046],[124.71798624300006,6.416094822000047],[124.73886631100005,6.428324015000044]]]},"properties":{"adm1_psgc":1200000000,"adm2_psgc":1206300000,"adm3_psgc":1206302000,"adm4_psgc":1206302003,"adm4_en":"Cabudian","geo_level":"Bgy","len_crs":11472,"area_crs":4726769,"len_km":11,"area_km2":4,"ORACLIS_PSGC":"1206302003","ORACLIS_BARANGAY":"Cabudian","ORACLIS_LOCALITY_CODE":"1206302000","ORACLIS_LOCALITY":"Banga","ORACLIS_PROVINCE_CODE":"1206300000","ORACLIS_PROVINCE":"South Cotabato","ORACLIS_LOCALITY_TYPE":"MUNICIPALITY","ORACLIS_SOURCE_DATA_STATUS":"CALIBRATED"},"id":1206302003},{"type":"Feature","geometry":{"type":"Polygon","coordinates":[[[124.80925263100005,6.389626912000039],[124.7874280850001,6.411555849000024],[124.77510647100009,6.406767115000036],[124.771372057,6.40044744000005],[124.79651724600002,6.385512224000024],[124.79274537300012,6.379253189000052],[124.80925263100005,6.389626912000039]]]},"properties":{"adm1_psgc":1200000000,"adm2_psgc":1206300000,"adm3_psgc":1206302000,"adm4_psgc":1206302004,"adm4_en":"Cabuling","geo_level":"Bgy","len_crs":14424,"area_crs":6170689,"len_km":14,"area_km2":6,"ORACLIS_PSGC":"1206302004","ORACLIS_BARANGAY":"Cabuling","ORACLIS_LOCALITY_CODE":"1206302000","ORACLIS_LOCALITY":"Banga","ORACLIS_PROVINCE_CODE":"1206300000","ORACLIS_PROVINCE":"South Cotabato","ORACLIS_LOCALITY_TYPE":"MUNICIPALITY","ORACLIS_SOURCE_DATA_STATUS":"CALIBRATED"},"id":1206302004},{"type":"Feature","geometry":{"type":"Polygon","coordinates":[[[124.79274537300012,6.379253189000052],[124.79651724600002,6.385512224000024],[124.771372057,6.40044744000005],[124.76012009300007,6.381593521000069],[124.75637910400008,6.37536340400004],[124.781578242,6.360417401000064],[124.78523614800008,6.366611408000042],[124.79274537300012,6.379253189000052]]]},"properties":{"adm1_psgc":1200000000,"adm2_psgc":1206300000,"adm3_psgc":1206302000,"adm4_psgc":1206302005,"adm4_en":"Cinco","geo_level":"Bgy","len_crs":12949,"area_crs":10495459,"len_km":12,"area_km2":10,"ORACLIS_PSGC":"1206302005","ORACLIS_BARANGAY":"Cinco","ORACLIS_LOCALITY_CODE":"1206302000","ORACLIS_LOCALITY":"Banga","ORACLIS_PROVINCE_CODE":"1206300000","ORACLIS_PROVINCE":"South Cotabato","ORACLIS_LOCALITY_TYPE":"MUNICIPALITY","ORACLIS_SOURCE_DATA_STATUS":"CALIBRATED"},"id":1206302005},{"type":"Feature","geometry":{"type":"Polygon","coordinates":[[[124.86332999400008,6.329604916000052],[124.85509200300011,6.336666485000023],[124.84091787500006,6.331034390000069],[124.84843577300012,6.309743054000024],[124.86332999400008,6.329604916000052]]]},"properties":{"adm1_psgc":1200000000,"adm2_psgc":1206300000,"adm3_psgc":1206302000,"adm4_psgc":1206302006,"adm4_en":"Derilon","geo_level":"Bgy","len_crs":9332,"area_crs":3821201,"len_km":9,"area_km2":3,"ORACLIS_PSGC":"1206302006","ORACLIS_BARANGAY":"Derilon","ORACLIS_LOCALITY_CODE":"1206302000","ORACLIS_LOCALITY":"Banga","ORACLIS_PROVINCE_CODE":"1206300000","ORACLIS_PROVINCE":"South Cotabato","ORACLIS_LOCALITY_TYPE":"MUNICIPALITY","ORACLIS_SOURCE_DATA_STATUS":"CALIBRATED"},"id":1206302006},{"type":"Feature","geometry":{"type":"Polygon","coordinates":[[[124.82408943400003,6.403344141000047],[124.84500280900012,6.419699153000067],[124.82032583400007,6.454063644000029],[124.81411641400007,6.446145602000058],[124.78699672800009,6.442264056000056],[124.77984130100005,6.429218452000045],[124.78261831000009,6.421906890000059],[124.78911788200001,6.414982497000039],[124.79506978400003,6.420123969000031],[124.82408943400003,6.403344141000047]]]},"properties":{"adm1_psgc":1200000000,"adm2_psgc":1206300000,"adm3_psgc":1206302000,"adm4_psgc":1206302007,"adm4_en":"El Nonok","geo_level":"Bgy","len_crs":21674,"area_crs":22262930,"len_km":21,"area_km2":22,"ORACLIS_PSGC":"1206302007","ORACLIS_BARANGAY":"El Nonok","ORACLIS_LOCALITY_CODE":"1206302000","ORACLIS_LOCALITY":"Banga","ORACLIS_PROVINCE_CODE":"1206300000","ORACLIS_PROVINCE":"South Cotabato","ORACLIS_LOCALITY_TYPE":"MUNICIPALITY","ORACLIS_SOURCE_DATA_STATUS":"CALIBRATED"},"id":1206302007},{"type":"Feature","geometry":{"type":"Polygon","coordinates":[[[124.78261831000009,6.421906890000059],[124.77984130100005,6.429218452000045],[124.7773568,6.424963800000056],[124.78261831000009,6.421906890000059]]]},"properties":{"adm1_psgc":1200000000,"adm2_psgc":1206300000,"adm3_psgc":1206302000,"adm4_psgc":1206302008,"adm4_en":"Improgo Village","geo_level":"Bgy","len_crs":2091,"area_crs":174909,"len_km":2,"area_km2":0,"ORACLIS_PSGC":"1206302008","ORACLIS_BARANGAY":"Improgo Village","ORACLIS_LOCALITY_CODE":"1206302000","ORACLIS_LOCALITY":"Banga","ORACLIS_PROVINCE_CODE":"1206300000","ORACLIS_PROVINCE":"South Cotabato","ORACLIS_LOCALITY_TYPE":"MUNICIPALITY","ORACLIS_SOURCE_DATA_STATUS":"CALIBRATED"},"id":1206302008},{"type":"Feature","geometry":{"type":"Polygon","coordinates":[[[124.7465171770001,6.423782440000023],[124.73886631100005,6.428324015000044],[124.71798624300006,6.416094822000047],[124.73167952400003,6.390758895000033],[124.74752435800009,6.388965494000049],[124.76246125500006,6.414308843000071],[124.7465171770001,6.423782440000023]]]},"properties":{"adm1_psgc":1200000000,"adm2_psgc":1206300000,"adm3_psgc":1206302000,"adm4_psgc":1206302009,"adm4_en":"Kusan","geo_level":"Bgy","len_crs":16020,"area_crs":12818086,"len_km":16,"area_km2":12,"ORACLIS_PSGC":"1206302009","ORACLIS_BARANGAY":"Kusan","ORACLIS_LOCALITY_CODE":"1206302000","ORACLIS_LOCALITY":"Banga","ORACLIS_PROVINCE_CODE":"1206300000","ORACLIS_PROVINCE":"South Cotabato","ORACLIS_LOCALITY_TYPE":"MUNICIPALITY","ORACLIS_SOURCE_DATA_STATUS":"CALIBRATED"},"id":1206302009},{"type":"Feature","geometry":{"type":"Polygon","coordinates":[[[124.88494552200007,6.319778952000036],[124.86687495900003,6.341470035000043],[124.85509200300011,6.336666485000023],[124.86332999400008,6.329604916000052],[124.87538560200007,6.308125703000028],[124.88494552200007,6.319778952000036]]]},"properties":{"adm1_psgc":1200000000,"adm2_psgc":1206300000,"adm3_psgc":1206302000,"adm4_psgc":1206302010,"adm4_en":"Lam-Apos","geo_level":"Bgy","len_crs":12658,"area_crs":4132366,"len_km":12,"area_km2":4,"ORACLIS_PSGC":"1206302010","ORACLIS_BARANGAY":"Lam-Apos","ORACLIS_LOCALITY_CODE":"1206302000","ORACLIS_LOCALITY":"Banga","ORACLIS_PROVINCE_CODE":"1206300000","ORACLIS_PROVINCE":"South Cotabato","ORACLIS_LOCALITY_TYPE":"MUNICIPALITY","ORACLIS_SOURCE_DATA_STATUS":"CALIBRATED"},"id":1206302010},{"type":"Feature","geometry":{"type":"Polygon","coordinates":[[[124.86687495900003,6.341470035000043],[124.82737466600008,6.380102631000056],[124.81004402600001,6.351020843000073],[124.82332732800012,6.324589354000068],[124.84091787500006,6.331034390000069],[124.85509200300011,6.336666485000023],[124.86687495900003,6.341470035000043]]]},"properties":{"adm1_psgc":1200000000,"adm2_psgc":1206300000,"adm3_psgc":1206302000,"adm4_psgc":1206302011,"adm4_en":"Lamba","geo_level":"Bgy","len_crs":18450,"area_crs":19869363,"len_km":18,"area_km2":19,"ORACLIS_PSGC":"1206302011","ORACLIS_BARANGAY":"Lamba","ORACLIS_LOCALITY_CODE":"1206302000","ORACLIS_LOCALITY":"Banga","ORACLIS_PROVINCE_CODE":"1206300000","ORACLIS_PROVINCE":"South Cotabato","ORACLIS_LOCALITY_TYPE":"MUNICIPALITY","ORACLIS_SOURCE_DATA_STATUS":"CALIBRATED"},"id":1206302011},{"type":"Feature","geometry":{"type":"Polygon","coordinates":[[[124.87538560200007,6.308125703000028],[124.86332999400008,6.329604916000052],[124.84843577300012,6.309743054000024],[124.86333124300006,6.295343009000022],[124.87538560200007,6.308125703000028]]]},"properties":{"adm1_psgc":1200000000,"adm2_psgc":1206300000,"adm3_psgc":1206302000,"adm4_psgc":1206302012,"adm4_en":"Lambingi","geo_level":"Bgy","len_crs":15422,"area_crs":8234893,"len_km":15,"area_km2":8,"ORACLIS_PSGC":"1206302012","ORACLIS_BARANGAY":"Lambingi","ORACLIS_LOCALITY_CODE":"1206302000","ORACLIS_LOCALITY":"Banga","ORACLIS_PROVINCE_CODE":"1206300000","ORACLIS_PROVINCE":"South Cotabato","ORACLIS_LOCALITY_TYPE":"MUNICIPALITY","ORACLIS_SOURCE_DATA_STATUS":"CALIBRATED"},"id":1206302012},{"type":"Feature","geometry":{"type":"Polygon","coordinates":[[[124.86333124300006,6.295343009000022],[124.89034759900007,6.278425690000063],[124.91065173100003,6.286579953000056],[124.88494552200007,6.319778952000036],[124.87538560200007,6.308125703000028],[124.86333124300006,6.295343009000022]]]},"properties":{"adm1_psgc":1200000000,"adm2_psgc":1206300000,"adm3_psgc":1206302000,"adm4_psgc":1206302013,"adm4_en":"Lampari","geo_level":"Bgy","len_crs":16337,"area_crs":11729593,"len_km":16,"area_km2":11,"ORACLIS_PSGC":"1206302013","ORACLIS_BARANGAY":"Lampari","ORACLIS_LOCALITY_CODE":"1206302000","ORACLIS_LOCALITY":"Banga","ORACLIS_PROVINCE_CODE":"1206300000","ORACLIS_PROVINCE":"South Cotabato","ORACLIS_LOCALITY_TYPE":"MUNICIPALITY","ORACLIS_SOURCE_DATA_STATUS":"CALIBRATED"},"id":1206302013},{"type":"Feature","geometry":{"type":"Polygon","coordinates":[[[124.77100505200009,6.409181211000032],[124.76246125500006,6.414308843000071],[124.74752435800009,6.388965494000049],[124.76012009300007,6.381593521000069],[124.771372057,6.40044744000005],[124.77510647100009,6.406767115000036],[124.77100505200009,6.409181211000032]]]},"properties":{"adm1_psgc":1200000000,"adm2_psgc":1206300000,"adm3_psgc":1206302000,"adm4_psgc":1206302014,"adm4_en":"Liwanay","geo_level":"Bgy","len_crs":9738,"area_crs":5256547,"len_km":9,"area_km2":5,"ORACLIS_PSGC":"1206302014","ORACLIS_BARANGAY":"Liwanay","ORACLIS_LOCALITY_CODE":"1206302000","ORACLIS_LOCALITY":"Banga","ORACLIS_PROVINCE_CODE":"1206300000","ORACLIS_PROVINCE":"South Cotabato","ORACLIS_LOCALITY_TYPE":"MUNICIPALITY","ORACLIS_SOURCE_DATA_STATUS":"CALIBRATED"},"id":1206302014},{"type":"Feature","geometry":{"type":"Polygon","coordinates":[[[124.78578088200003,6.48301535200005],[124.79375007300008,6.491900949000068],[124.75307320400007,6.514490503000047],[124.73279847700007,6.496839162000071],[124.72674553500009,6.484381889000077],[124.7469393360001,6.46667723300004],[124.76244279000002,6.457371600000045],[124.78578088200003,6.48301535200005]]]},"properties":{"adm1_psgc":1200000000,"adm2_psgc":1206300000,"adm3_psgc":1206302000,"adm4_psgc":1206302015,"adm4_en":"Malaya","geo_level":"Bgy","len_crs":20132,"area_crs":24393665,"len_km":20,"area_km2":24,"ORACLIS_PSGC":"1206302015","ORACLIS_BARANGAY":"Malaya","ORACLIS_LOCALITY_CODE":"1206302000","ORACLIS_LOCALITY":"Banga","ORACLIS_PROVINCE_CODE":"1206300000","ORACLIS_PROVINCE":"South Cotabato","ORACLIS_LOCALITY_TYPE":"MUNICIPALITY","ORACLIS_SOURCE_DATA_STATUS":"CALIBRATED"},"id":1206302015},{"type":"Feature","geometry":{"type":"Polygon","coordinates":[[[124.76244279000002,6.457371600000045],[124.7469393360001,6.46667723300004],[124.73524867200003,6.447473908000064],[124.73886631100005,6.428324015000044],[124.7465171770001,6.423782440000023],[124.75874950000004,6.433485500000073],[124.76870543000007,6.453690468000048],[124.76244279000002,6.457371600000045]]]},"properties":{"adm1_psgc":1200000000,"adm2_psgc":1206300000,"adm3_psgc":1206302000,"adm4_psgc":1206302016,"adm4_en":"Punong Grande","geo_level":"Bgy","len_crs":14095,"area_crs":9150378,"len_km":14,"area_km2":9,"ORACLIS_PSGC":"1206302016","ORACLIS_BARANGAY":"Punong Grande","ORACLIS_LOCALITY_CODE":"1206302000","ORACLIS_LOCALITY":"Banga","ORACLIS_PROVINCE_CODE":"1206300000","ORACLIS_PROVINCE":"South Cotabato","ORACLIS_LOCALITY_TYPE":"MUNICIPALITY","ORACLIS_SOURCE_DATA_STATUS":"CALIBRATED"},"id":1206302016},{"type":"Feature","geometry":{"type":"Polygon","coordinates":[[[124.82408943400003,6.403344141000047],[124.79506978400003,6.420123969000031],[124.78911788200001,6.414982497000039],[124.7874280850001,6.411555849000024],[124.80925263100005,6.389626912000039],[124.81343088500013,6.389075494000053],[124.82408943400003,6.403344141000047]]]},"properties":{"adm1_psgc":1200000000,"adm2_psgc":1206300000,"adm3_psgc":1206302000,"adm4_psgc":1206302017,"adm4_en":"Rang-ay","geo_level":"Bgy","len_crs":11420,"area_crs":6913200,"len_km":11,"area_km2":6,"ORACLIS_PSGC":"1206302017","ORACLIS_BARANGAY":"Rang-ay","ORACLIS_LOCALITY_CODE":"1206302000","ORACLIS_LOCALITY":"Banga","ORACLIS_PROVINCE_CODE":"1206300000","ORACLIS_PROVINCE":"South Cotabato","ORACLIS_LOCALITY_TYPE":"MUNICIPALITY","ORACLIS_SOURCE_DATA_STATUS":"CALIBRATED"},"id":1206302017},{"type":"Feature","geometry":{"type":"Polygon","coordinates":[[[124.78699672800009,6.442264056000056],[124.76870543000007,6.453690468000048],[124.75874950000004,6.433485500000073],[124.77576280000004,6.422247500000026],[124.7773568,6.424963800000056],[124.77984130100005,6.429218452000045],[124.78699672800009,6.442264056000056]]]},"properties":{"adm1_psgc":1200000000,"adm2_psgc":1206300000,"adm3_psgc":1206302000,"adm4_psgc":1206302018,"adm4_en":"Reyes","geo_level":"Bgy","len_crs":10528,"area_crs":5078750,"len_km":10,"area_km2":5,"ORACLIS_PSGC":"1206302018","ORACLIS_BARANGAY":"Reyes","ORACLIS_LOCALITY_CODE":"1206302000","ORACLIS_LOCALITY":"Banga","ORACLIS_PROVINCE_CODE":"1206300000","ORACLIS_PROVINCE":"South Cotabato","ORACLIS_LOCALITY_TYPE":"MUNICIPALITY","ORACLIS_SOURCE_DATA_STATUS":"CALIBRATED"},"id":1206302018},{"type":"Feature","geometry":{"type":"Polygon","coordinates":[[[124.7469393360001,6.46667723300004],[124.72674553500009,6.484381889000077],[124.70688110000003,6.451396364000059],[124.71627457800001,6.424558645000046],[124.73524867200003,6.447473908000064],[124.7469393360001,6.46667723300004]]]},"properties":{"adm1_psgc":1200000000,"adm2_psgc":1206300000,"adm3_psgc":1206302000,"adm4_psgc":1206302019,"adm4_en":"Rizal","geo_level":"Bgy","len_crs":16935,"area_crs":13116064,"len_km":16,"area_km2":13,"ORACLIS_PSGC":"1206302019","ORACLIS_BARANGAY":"Rizal","ORACLIS_LOCALITY_CODE":"1206302000","ORACLIS_LOCALITY":"Banga","ORACLIS_PROVINCE_CODE":"1206300000","ORACLIS_PROVINCE":"South Cotabato","ORACLIS_LOCALITY_TYPE":"MUNICIPALITY","ORACLIS_SOURCE_DATA_STATUS":"CALIBRATED"},"id":1206302019},{"type":"Feature","geometry":{"type":"Polygon","coordinates":[[[124.75874950000004,6.433485500000073],[124.7465171770001,6.423782440000023],[124.76246125500006,6.414308843000071],[124.77100505200009,6.409181211000032],[124.777868,6.420971300000076],[124.77576280000004,6.422247500000026],[124.75874950000004,6.433485500000073]]]},"properties":{"adm1_psgc":1200000000,"adm2_psgc":1206300000,"adm3_psgc":1206302000,"adm4_psgc":1206302020,"adm4_en":"Rizal Poblacion","geo_level":"Bgy","len_crs":9610,"area_crs":5045312,"len_km":9,"area_km2":5,"ORACLIS_PSGC":"1206302020","ORACLIS_BARANGAY":"Rizal Poblacion","ORACLIS_LOCALITY_CODE":"1206302000","ORACLIS_LOCALITY":"Banga","ORACLIS_PROVINCE_CODE":"1206300000","ORACLIS_PROVINCE":"South Cotabato","ORACLIS_LOCALITY_TYPE":"MUNICIPALITY","ORACLIS_SOURCE_DATA_STATUS":"CALIBRATED"},"id":1206302020},{"type":"Feature","geometry":{"type":"Polygon","coordinates":[[[124.81343088500013,6.389075494000053],[124.80925263100005,6.389626912000039],[124.79274537300012,6.379253189000052],[124.78523614800008,6.366611408000042],[124.81004402600001,6.351020843000073],[124.82737466600008,6.380102631000056],[124.81343088500013,6.389075494000053]]]},"properties":{"adm1_psgc":1200000000,"adm2_psgc":1206300000,"adm3_psgc":1206302000,"adm4_psgc":1206302021,"adm4_en":"San Jose","geo_level":"Bgy","len_crs":14512,"area_crs":10363003,"len_km":14,"area_km2":10,"ORACLIS_PSGC":"1206302021","ORACLIS_BARANGAY":"San Jose","ORACLIS_LOCALITY_CODE":"1206302000","ORACLIS_LOCALITY":"Banga","ORACLIS_PROVINCE_CODE":"1206300000","ORACLIS_PROVINCE":"South Cotabato","ORACLIS_LOCALITY_TYPE":"MUNICIPALITY","ORACLIS_SOURCE_DATA_STATUS":"CALIBRATED"},"id":1206302021},{"type":"Feature","geometry":{"type":"Polygon","coordinates":[[[124.82032583400007,6.454063644000029],[124.8130812930001,6.464174916000045],[124.78578088200003,6.48301535200005],[124.76244279000002,6.457371600000045],[124.76870543000007,6.453690468000048],[124.78699672800009,6.442264056000056],[124.81411641400007,6.446145602000058],[124.82032583400007,6.454063644000029]]]},"properties":{"adm1_psgc":1200000000,"adm2_psgc":1206300000,"adm3_psgc":1206302000,"adm4_psgc":1206302022,"adm4_en":"San Vicente","geo_level":"Bgy","len_crs":17001,"area_crs":16816083,"len_km":17,"area_km2":16,"ORACLIS_PSGC":"1206302022","ORACLIS_BARANGAY":"San Vicente","ORACLIS_LOCALITY_CODE":"1206302000","ORACLIS_LOCALITY":"Banga","ORACLIS_PROVINCE_CODE":"1206300000","ORACLIS_PROVINCE":"South Cotabato","ORACLIS_LOCALITY_TYPE":"MUNICIPALITY","ORACLIS_SOURCE_DATA_STATUS":"CALIBRATED"},"id":1206302022},{"type":"Feature","geometry":{"type":"Polygon","coordinates":[[[124.78261831000009,6.421906890000059],[124.7773568,6.424963800000056],[124.77576280000004,6.422247500000026],[124.777868,6.420971300000076],[124.78261831000009,6.421906890000059]]]},"properties":{"adm1_psgc":1200000000,"adm2_psgc":1206300000,"adm3_psgc":1206302000,"adm4_psgc":1206302024,"adm4_en":"Yangco Poblacion","geo_level":"Bgy","len_crs":2217,"area_crs":250571,"len_km":2,"area_km2":0,"ORACLIS_PSGC":"1206302024","ORACLIS_BARANGAY":"Yangco Poblacion","ORACLIS_LOCALITY_CODE":"1206302000","ORACLIS_LOCALITY":"Banga","ORACLIS_PROVINCE_CODE":"1206300000","ORACLIS_PROVINCE":"South Cotabato","ORACLIS_LOCALITY_TYPE":"MUNICIPALITY","ORACLIS_SOURCE_DATA_STATUS":"CALIBRATED"},"id":1206302024},{"type":"Feature","geometry":{"type":"Polygon","coordinates":[[[124.85265383000002,6.449952807000045],[124.8452774760001,6.460325673000056],[124.82691600500004,6.444986301000029],[124.84500280900012,6.419699153000067],[124.86028217000013,6.435431746000063],[124.85265383000002,6.449952807000045]]]},"properties":{"adm1_psgc":1200000000,"adm2_psgc":1206300000,"adm3_psgc":1206306000,"adm4_psgc":1206306001,"adm4_en":"Assumption","geo_level":"Bgy","len_crs":11907,"area_crs":8973797,"len_km":11,"area_km2":8,"ORACLIS_PSGC":"1206306001","ORACLIS_BARANGAY":"Assumption","ORACLIS_LOCALITY_CODE":"1206306000","ORACLIS_LOCALITY":"City of Koronadal","ORACLIS_PROVINCE_CODE":"1206300000","ORACLIS_PROVINCE":"South Cotabato","ORACLIS_LOCALITY_TYPE":"CITY","ORACLIS_SOURCE_DATA_STATUS":"CALIBRATED"},"id":1206306001},{"type":"Feature","geometry":{"type":"Polygon","coordinates":[[[124.88837184700002,6.534686706000059],[124.88128781900002,6.555289832000027],[124.86005515700002,6.538028619000043],[124.87555561400008,6.516717509000046],[124.88888548600006,6.528772008000031],[124.88837184700002,6.534686706000059]]]},"properties":{"adm1_psgc":1200000000,"adm2_psgc":1206300000,"adm3_psgc":1206306000,"adm4_psgc":1206306002,"adm4_en":"Avanceña","geo_level":"Bgy","len_crs":11427,"area_crs":7511596,"len_km":11,"area_km2":7,"ORACLIS_PSGC":"1206306002","ORACLIS_BARANGAY":"Avanceña","ORACLIS_LOCALITY_CODE":"1206306000","ORACLIS_LOCALITY":"City of Koronadal","ORACLIS_PROVINCE_CODE":"1206300000","ORACLIS_PROVINCE":"South Cotabato","ORACLIS_LOCALITY_TYPE":"CITY","ORACLIS_SOURCE_DATA_STATUS":"CALIBRATED"},"id":1206306002},{"type":"Feature","geometry":{"type":"Polygon","coordinates":[[[124.97040743500008,6.501296853000042],[124.98983452400012,6.539853395000021],[124.96562704400002,6.554706194000062],[124.92372674300009,6.517275839000035],[124.92234959100006,6.509415957000043],[124.93988385500005,6.497243260000061],[124.97040743500008,6.501296853000042]]]},"properties":{"adm1_psgc":1200000000,"adm2_psgc":1206300000,"adm3_psgc":1206306000,"adm4_psgc":1206306003,"adm4_en":"Cacub","geo_level":"Bgy","len_crs":21761,"area_crs":26712870,"len_km":21,"area_km2":26,"ORACLIS_PSGC":"1206306003","ORACLIS_BARANGAY":"Cacub","ORACLIS_LOCALITY_CODE":"1206306000","ORACLIS_LOCALITY":"City of Koronadal","ORACLIS_PROVINCE_CODE":"1206300000","ORACLIS_PROVINCE":"South Cotabato","ORACLIS_LOCALITY_TYPE":"CITY","ORACLIS_SOURCE_DATA_STATUS":"CALIBRATED"},"id":1206306003},{"type":"Feature","geometry":{"type":"Polygon","coordinates":[[[124.85411005900004,6.522345846000064],[124.84122562700007,6.540021633000037],[124.82271226900002,6.526304731000037],[124.83979529400007,6.511412056000039],[124.84272176600007,6.508893146000048],[124.85411005900004,6.522345846000064]]]},"properties":{"adm1_psgc":1200000000,"adm2_psgc":1206300000,"adm3_psgc":1206306000,"adm4_psgc":1206306004,"adm4_en":"Caloocan","geo_level":"Bgy","len_crs":10599,"area_crs":5597779,"len_km":10,"area_km2":5,"ORACLIS_PSGC":"1206306004","ORACLIS_BARANGAY":"Caloocan","ORACLIS_LOCALITY_CODE":"1206306000","ORACLIS_LOCALITY":"City of Koronadal","ORACLIS_PROVINCE_CODE":"1206300000","ORACLIS_PROVINCE":"South Cotabato","ORACLIS_LOCALITY_TYPE":"CITY","ORACLIS_SOURCE_DATA_STATUS":"CALIBRATED"},"id":1206306004},{"type":"Feature","geometry":{"type":"Polygon","coordinates":[[[124.88444362300004,6.458662197000023],[124.87332972600008,6.475052394000045],[124.8695824130001,6.470518609000065],[124.85265383000002,6.449952807000045],[124.86028217000013,6.435431746000063],[124.86948171000006,6.444227403000069],[124.89620270000012,6.442853890000037],[124.88444362300004,6.458662197000023]]]},"properties":{"adm1_psgc":1200000000,"adm2_psgc":1206300000,"adm3_psgc":1206306000,"adm4_psgc":1206306005,"adm4_en":"Carpenter Hill","geo_level":"Bgy","len_crs":16569,"area_crs":9920972,"len_km":16,"area_km2":9,"ORACLIS_PSGC":"1206306005","ORACLIS_BARANGAY":"Carpenter Hill","ORACLIS_LOCALITY_CODE":"1206306000","ORACLIS_LOCALITY":"City of Koronadal","ORACLIS_PROVINCE_CODE":"1206300000","ORACLIS_PROVINCE":"South Cotabato","ORACLIS_LOCALITY_TYPE":"CITY","ORACLIS_SOURCE_DATA_STATUS":"CALIBRATED"},"id":1206306005},{"type":"Feature","geometry":{"type":"Polygon","coordinates":[[[124.90713762500003,6.479987408000057],[124.87552439900003,6.489927017000071],[124.86794089700004,6.479633465000063],[124.87332972600008,6.475052394000045],[124.88444362300004,6.458662197000023],[124.89697604700007,6.463747582000053],[124.90713762500003,6.479987408000057]]]},"properties":{"adm1_psgc":1200000000,"adm2_psgc":1206300000,"adm3_psgc":1206306000,"adm4_psgc":1206306006,"adm4_en":"Concepcion","geo_level":"Bgy","len_crs":14771,"area_crs":6917089,"len_km":14,"area_km2":6,"ORACLIS_PSGC":"1206306006","ORACLIS_BARANGAY":"Concepcion","ORACLIS_LOCALITY_CODE":"1206306000","ORACLIS_LOCALITY":"City of Koronadal","ORACLIS_PROVINCE_CODE":"1206300000","ORACLIS_PROVINCE":"South Cotabato","ORACLIS_LOCALITY_TYPE":"CITY","ORACLIS_SOURCE_DATA_STATUS":"CALIBRATED"},"id":1206306006},{"type":"Feature","geometry":{"type":"Polygon","coordinates":[[[124.92372674300009,6.517275839000035],[124.90917355800003,6.51861334800003],[124.90403350300005,6.508739048000052],[124.91273921400011,6.495700059000057],[124.92234959100006,6.509415957000043],[124.92372674300009,6.517275839000035]]]},"properties":{"adm1_psgc":1200000000,"adm2_psgc":1206300000,"adm3_psgc":1206306000,"adm4_psgc":1206306007,"adm4_en":"Esperanza","geo_level":"Bgy","len_crs":8770,"area_crs":4396716,"len_km":8,"area_km2":4,"ORACLIS_PSGC":"1206306007","ORACLIS_BARANGAY":"Esperanza","ORACLIS_LOCALITY_CODE":"1206306000","ORACLIS_LOCALITY":"City of Koronadal","ORACLIS_PROVINCE_CODE":"1206300000","ORACLIS_PROVINCE":"South Cotabato","ORACLIS_LOCALITY_TYPE":"CITY","ORACLIS_SOURCE_DATA_STATUS":"CALIBRATED"},"id":1206306007},{"type":"Feature","geometry":{"type":"Polygon","coordinates":[[[124.8678556430001,6.50268868300003],[124.87147648300002,6.515232715000023],[124.85411005900004,6.522345846000064],[124.84272176600007,6.508893146000048],[124.84562596200011,6.503052251000041],[124.85798454500002,6.495831157000056],[124.8678556430001,6.50268868300003]]]},"properties":{"adm1_psgc":1200000000,"adm2_psgc":1206300000,"adm3_psgc":1206306000,"adm4_psgc":1206306008,"adm4_en":"General Paulino Santos","geo_level":"Bgy","len_crs":10737,"area_crs":5920969,"len_km":10,"area_km2":5,"ORACLIS_PSGC":"1206306008","ORACLIS_BARANGAY":"General Paulino Santos","ORACLIS_LOCALITY_CODE":"1206306000","ORACLIS_LOCALITY":"City of Koronadal","ORACLIS_PROVINCE_CODE":"1206300000","ORACLIS_PROVINCE":"South Cotabato","ORACLIS_LOCALITY_TYPE":"CITY","ORACLIS_SOURCE_DATA_STATUS":"CALIBRATED"},"id":1206306008},{"type":"Feature","geometry":{"type":"Polygon","coordinates":[[[124.96562704400002,6.554706194000062],[124.95040559800009,6.557693580000033],[124.92445572400004,6.530740326000056],[124.88837184700002,6.534686706000059],[124.88888548600006,6.528772008000031],[124.90917355800003,6.51861334800003],[124.92372674300009,6.517275839000035],[124.96562704400002,6.554706194000062]]]},"properties":{"adm1_psgc":1200000000,"adm2_psgc":1206300000,"adm3_psgc":1206306000,"adm4_psgc":1206306009,"adm4_en":"Mabini","geo_level":"Bgy","len_crs":21861,"area_crs":11429675,"len_km":21,"area_km2":11,"ORACLIS_PSGC":"1206306009","ORACLIS_BARANGAY":"Mabini","ORACLIS_LOCALITY_CODE":"1206306000","ORACLIS_LOCALITY":"City of Koronadal","ORACLIS_PROVINCE_CODE":"1206300000","ORACLIS_PROVINCE":"South Cotabato","ORACLIS_LOCALITY_TYPE":"CITY","ORACLIS_SOURCE_DATA_STATUS":"CALIBRATED"},"id":1206306009},{"type":"Feature","geometry":{"type":"Polygon","coordinates":[[[124.91350926100006,6.477777036000021],[124.90713762500003,6.479987408000057],[124.89697604700007,6.463747582000053],[124.92298628700007,6.456449930000075],[124.920037481,6.474384933000068],[124.91350926100006,6.477777036000021]]]},"properties":{"adm1_psgc":1200000000,"adm2_psgc":1206300000,"adm3_psgc":1206306000,"adm4_psgc":1206306010,"adm4_en":"Magsaysay","geo_level":"Bgy","len_crs":11968,"area_crs":6994360,"len_km":11,"area_km2":6,"ORACLIS_PSGC":"1206306010","ORACLIS_BARANGAY":"Magsaysay","ORACLIS_LOCALITY_CODE":"1206306000","ORACLIS_LOCALITY":"City of Koronadal","ORACLIS_PROVINCE_CODE":"1206300000","ORACLIS_PROVINCE":"South Cotabato","ORACLIS_LOCALITY_TYPE":"CITY","ORACLIS_SOURCE_DATA_STATUS":"CALIBRATED"},"id":1206306010},{"type":"Feature","geometry":{"type":"Polygon","coordinates":[[[124.83964279700001,6.467361233000075],[124.82281900300008,6.478094241000064],[124.8130812930001,6.464174916000045],[124.82691600500004,6.444986301000029],[124.8452774760001,6.460325673000056],[124.83964279700001,6.467361233000075]]]},"properties":{"adm1_psgc":1200000000,"adm2_psgc":1206300000,"adm3_psgc":1206306000,"adm4_psgc":1206306011,"adm4_en":"Mambucal","geo_level":"Bgy","len_crs":10435,"area_crs":6783576,"len_km":10,"area_km2":6,"ORACLIS_PSGC":"1206306011","ORACLIS_BARANGAY":"Mambucal","ORACLIS_LOCALITY_CODE":"1206306000","ORACLIS_LOCALITY":"City of Koronadal","ORACLIS_PROVINCE_CODE":"1206300000","ORACLIS_PROVINCE":"South Cotabato","ORACLIS_LOCALITY_TYPE":"CITY","ORACLIS_SOURCE_DATA_STATUS":"CALIBRATED"},"id":1206306011},{"type":"Feature","geometry":{"type":"Polygon","coordinates":[[[124.83979529400007,6.511412056000039],[124.82271226900002,6.526304731000037],[124.81641082400007,6.515717738000035],[124.82893131800007,6.501429513000062],[124.83612422100009,6.506750819000046],[124.83979529400007,6.511412056000039]]]},"properties":{"adm1_psgc":1200000000,"adm2_psgc":1206300000,"adm3_psgc":1206306000,"adm4_psgc":1206306012,"adm4_en":"Morales","geo_level":"Bgy","len_crs":8492,"area_crs":3811658,"len_km":8,"area_km2":3,"ORACLIS_PSGC":"1206306012","ORACLIS_BARANGAY":"Morales","ORACLIS_LOCALITY_CODE":"1206306000","ORACLIS_LOCALITY":"City of Koronadal","ORACLIS_PROVINCE_CODE":"1206300000","ORACLIS_PROVINCE":"South Cotabato","ORACLIS_LOCALITY_TYPE":"CITY","ORACLIS_SOURCE_DATA_STATUS":"CALIBRATED"},"id":1206306012},{"type":"Feature","geometry":{"type":"Polygon","coordinates":[[[124.86005515700002,6.538028619000043],[124.84122562700007,6.540021633000037],[124.85411005900004,6.522345846000064],[124.87147648300002,6.515232715000023],[124.8678556430001,6.50268868300003],[124.87738511700002,6.511847928000063],[124.87555561400008,6.516717509000046],[124.86005515700002,6.538028619000043]]]},"properties":{"adm1_psgc":1200000000,"adm2_psgc":1206300000,"adm3_psgc":1206306000,"adm4_psgc":1206306013,"adm4_en":"Namnama","geo_level":"Bgy","len_crs":15047,"area_crs":6128939,"len_km":15,"area_km2":6,"ORACLIS_PSGC":"1206306013","ORACLIS_BARANGAY":"Namnama","ORACLIS_LOCALITY_CODE":"1206306000","ORACLIS_LOCALITY":"City of Koronadal","ORACLIS_PROVINCE_CODE":"1206300000","ORACLIS_PROVINCE":"South Cotabato","ORACLIS_LOCALITY_TYPE":"CITY","ORACLIS_SOURCE_DATA_STATUS":"CALIBRATED"},"id":1206306013},{"type":"Feature","geometry":{"type":"Polygon","coordinates":[[[124.90403350300005,6.508739048000052],[124.88655577000009,6.505701897000051],[124.87552439900003,6.489927017000071],[124.90713762500003,6.479987408000057],[124.91350926100006,6.477777036000021],[124.91273921400011,6.495700059000057],[124.90403350300005,6.508739048000052]]]},"properties":{"adm1_psgc":1200000000,"adm2_psgc":1206300000,"adm3_psgc":1206306000,"adm4_psgc":1206306014,"adm4_en":"New Pangasinan","geo_level":"Bgy","len_crs":15080,"area_crs":7968397,"len_km":15,"area_km2":7,"ORACLIS_PSGC":"1206306014","ORACLIS_BARANGAY":"New Pangasinan","ORACLIS_LOCALITY_CODE":"1206306000","ORACLIS_LOCALITY":"City of Koronadal","ORACLIS_PROVINCE_CODE":"1206300000","ORACLIS_PROVINCE":"South Cotabato","ORACLIS_LOCALITY_TYPE":"CITY","ORACLIS_SOURCE_DATA_STATUS":"CALIBRATED"},"id":1206306014},{"type":"Feature","geometry":{"type":"Polygon","coordinates":[[[124.82893131800007,6.501429513000062],[124.81641082400007,6.515717738000035],[124.78578088200003,6.48301535200005],[124.8130812930001,6.464174916000045],[124.82281900300008,6.478094241000064],[124.83200194900009,6.489505622000024],[124.82893131800007,6.501429513000062]]]},"properties":{"adm1_psgc":1200000000,"adm2_psgc":1206300000,"adm3_psgc":1206306000,"adm4_psgc":1206306015,"adm4_en":"Paraiso","geo_level":"Bgy","len_crs":16922,"area_crs":15259515,"len_km":16,"area_km2":15,"ORACLIS_PSGC":"1206306015","ORACLIS_BARANGAY":"Paraiso","ORACLIS_LOCALITY_CODE":"1206306000","ORACLIS_LOCALITY":"City of Koronadal","ORACLIS_PROVINCE_CODE":"1206300000","ORACLIS_PROVINCE":"South Cotabato","ORACLIS_LOCALITY_TYPE":"CITY","ORACLIS_SOURCE_DATA_STATUS":"CALIBRATED"},"id":1206306015},{"type":"Feature","geometry":{"type":"Polygon","coordinates":[[[124.84272176600007,6.508893146000048],[124.83979529400007,6.511412056000039],[124.83612422100009,6.506750819000046],[124.84351735700012,6.500430666000056],[124.84562596200011,6.503052251000041],[124.84272176600007,6.508893146000048]]]},"properties":{"adm1_psgc":1200000000,"adm2_psgc":1206300000,"adm3_psgc":1206306000,"adm4_psgc":1206306016,"adm4_en":"Zone I","geo_level":"Bgy","len_crs":3560,"area_crs":575391,"len_km":3,"area_km2":0,"ORACLIS_PSGC":"1206306016","ORACLIS_BARANGAY":"Zone I","ORACLIS_LOCALITY_CODE":"1206306000","ORACLIS_LOCALITY":"City of Koronadal","ORACLIS_PROVINCE_CODE":"1206300000","ORACLIS_PROVINCE":"South Cotabato","ORACLIS_LOCALITY_TYPE":"CITY","ORACLIS_SOURCE_DATA_STATUS":"CALIBRATED"},"id":1206306016},{"type":"Feature","geometry":{"type":"Polygon","coordinates":[[[124.85798454500002,6.495831157000056],[124.84562596200011,6.503052251000041],[124.84351735700012,6.500430666000056],[124.85419044100001,6.491347768000025],[124.85798454500002,6.495831157000056]]]},"properties":{"adm1_psgc":1200000000,"adm2_psgc":1206300000,"adm3_psgc":1206306000,"adm4_psgc":1206306017,"adm4_en":"Zone II","geo_level":"Bgy","len_crs":4404,"area_crs":792479,"len_km":4,"area_km2":0,"ORACLIS_PSGC":"1206306017","ORACLIS_BARANGAY":"Zone II","ORACLIS_LOCALITY_CODE":"1206306000","ORACLIS_LOCALITY":"City of Koronadal","ORACLIS_PROVINCE_CODE":"1206300000","ORACLIS_PROVINCE":"South Cotabato","ORACLIS_LOCALITY_TYPE":"CITY","ORACLIS_SOURCE_DATA_STATUS":"CALIBRATED"},"id":1206306017},{"type":"Feature","geometry":{"type":"Polygon","coordinates":[[[124.85419044100001,6.491347768000025],[124.84351735700012,6.500430666000056],[124.83663300800002,6.492313066000065],[124.85356654700001,6.484169592000057],[124.8695824130001,6.470518609000065],[124.87332972600008,6.475052394000045],[124.86794089700004,6.479633465000063],[124.85419044100001,6.491347768000025]]]},"properties":{"adm1_psgc":1200000000,"adm2_psgc":1206300000,"adm3_psgc":1206306000,"adm4_psgc":1206306018,"adm4_en":"Zone III","geo_level":"Bgy","len_crs":11346,"area_crs":3291962,"len_km":11,"area_km2":3,"ORACLIS_PSGC":"1206306018","ORACLIS_BARANGAY":"Zone III","ORACLIS_LOCALITY_CODE":"1206306000","ORACLIS_LOCALITY":"City of Koronadal","ORACLIS_PROVINCE_CODE":"1206300000","ORACLIS_PROVINCE":"South Cotabato","ORACLIS_LOCALITY_TYPE":"CITY","ORACLIS_SOURCE_DATA_STATUS":"CALIBRATED"},"id":1206306018},{"type":"Feature","geometry":{"type":"Polygon","coordinates":[[[124.83612422100009,6.506750819000046],[124.82893131800007,6.501429513000062],[124.83200194900009,6.489505622000024],[124.83663300800002,6.492313066000065],[124.84351735700012,6.500430666000056],[124.83612422100009,6.506750819000046]]]},"properties":{"adm1_psgc":1200000000,"adm2_psgc":1206300000,"adm3_psgc":1206306000,"adm4_psgc":1206306019,"adm4_en":"Zone IV","geo_level":"Bgy","len_crs":5655,"area_crs":1923275,"len_km":5,"area_km2":1,"ORACLIS_PSGC":"1206306019","ORACLIS_BARANGAY":"Zone IV","ORACLIS_LOCALITY_CODE":"1206306000","ORACLIS_LOCALITY":"City of Koronadal","ORACLIS_PROVINCE_CODE":"1206300000","ORACLIS_PROVINCE":"South Cotabato","ORACLIS_LOCALITY_TYPE":"CITY","ORACLIS_SOURCE_DATA_STATUS":"CALIBRATED"},"id":1206306019},{"type":"Feature","geometry":{"type":"Polygon","coordinates":[[[124.90917355800003,6.51861334800003],[124.88888548600006,6.528772008000031],[124.87555561400008,6.516717509000046],[124.87738511700002,6.511847928000063],[124.88655577000009,6.505701897000051],[124.90403350300005,6.508739048000052],[124.90917355800003,6.51861334800003]]]},"properties":{"adm1_psgc":1200000000,"adm2_psgc":1206300000,"adm3_psgc":1206306000,"adm4_psgc":1206306020,"adm4_en":"Rotonda","geo_level":"Bgy","len_crs":10808,"area_crs":6043481,"len_km":10,"area_km2":6,"ORACLIS_PSGC":"1206306020","ORACLIS_BARANGAY":"Rotonda","ORACLIS_LOCALITY_CODE":"1206306000","ORACLIS_LOCALITY":"City of Koronadal","ORACLIS_PROVINCE_CODE":"1206300000","ORACLIS_PROVINCE":"South Cotabato","ORACLIS_LOCALITY_TYPE":"CITY","ORACLIS_SOURCE_DATA_STATUS":"CALIBRATED"},"id":1206306020},{"type":"Feature","geometry":{"type":"Polygon","coordinates":[[[124.8695824130001,6.470518609000065],[124.85356654700001,6.484169592000057],[124.83964279700001,6.467361233000075],[124.8452774760001,6.460325673000056],[124.85265383000002,6.449952807000045],[124.8695824130001,6.470518609000065]]]},"properties":{"adm1_psgc":1200000000,"adm2_psgc":1206300000,"adm3_psgc":1206306000,"adm4_psgc":1206306021,"adm4_en":"San Isidro","geo_level":"Bgy","len_crs":10197,"area_crs":6368493,"len_km":10,"area_km2":6,"ORACLIS_PSGC":"1206306021","ORACLIS_BARANGAY":"San Isidro","ORACLIS_LOCALITY_CODE":"1206306000","ORACLIS_LOCALITY":"City of Koronadal","ORACLIS_PROVINCE_CODE":"1206300000","ORACLIS_PROVINCE":"South Cotabato","ORACLIS_LOCALITY_TYPE":"CITY","ORACLIS_SOURCE_DATA_STATUS":"CALIBRATED"},"id":1206306021},{"type":"Feature","geometry":{"type":"Polygon","coordinates":[[[124.95040559800009,6.557693580000033],[124.91629619800007,6.577296666000053],[124.88128781900002,6.555289832000027],[124.88837184700002,6.534686706000059],[124.92445572400004,6.530740326000056],[124.95040559800009,6.557693580000033]]]},"properties":{"adm1_psgc":1200000000,"adm2_psgc":1206300000,"adm3_psgc":1206306000,"adm4_psgc":1206306022,"adm4_en":"San Jose","geo_level":"Bgy","len_crs":20115,"area_crs":23482159,"len_km":20,"area_km2":23,"ORACLIS_PSGC":"1206306022","ORACLIS_BARANGAY":"San Jose","ORACLIS_LOCALITY_CODE":"1206306000","ORACLIS_LOCALITY":"City of Koronadal","ORACLIS_PROVINCE_CODE":"1206300000","ORACLIS_PROVINCE":"South Cotabato","ORACLIS_LOCALITY_TYPE":"CITY","ORACLIS_SOURCE_DATA_STATUS":"CALIBRATED"},"id":1206306022},{"type":"Feature","geometry":{"type":"Polygon","coordinates":[[[124.92298628700007,6.456449930000075],[124.89697604700007,6.463747582000053],[124.88444362300004,6.458662197000023],[124.89620270000012,6.442853890000037],[124.89555661900012,6.427227032000074],[124.92318786100009,6.438744944000064],[124.92298628700007,6.456449930000075]]]},"properties":{"adm1_psgc":1200000000,"adm2_psgc":1206300000,"adm3_psgc":1206306000,"adm4_psgc":1206306023,"adm4_en":"San Roque","geo_level":"Bgy","len_crs":17498,"area_crs":9443655,"len_km":17,"area_km2":9,"ORACLIS_PSGC":"1206306023","ORACLIS_BARANGAY":"San Roque","ORACLIS_LOCALITY_CODE":"1206306000","ORACLIS_LOCALITY":"City of Koronadal","ORACLIS_PROVINCE_CODE":"1206300000","ORACLIS_PROVINCE":"South Cotabato","ORACLIS_LOCALITY_TYPE":"CITY","ORACLIS_SOURCE_DATA_STATUS":"CALIBRATED"},"id":1206306023},{"type":"Feature","geometry":{"type":"Polygon","coordinates":[[[124.85356654700001,6.484169592000057],[124.83663300800002,6.492313066000065],[124.83200194900009,6.489505622000024],[124.82281900300008,6.478094241000064],[124.83964279700001,6.467361233000075],[124.85356654700001,6.484169592000057]]]},"properties":{"adm1_psgc":1200000000,"adm2_psgc":1206300000,"adm3_psgc":1206306000,"adm4_psgc":1206306024,"adm4_en":"Santa Cruz","geo_level":"Bgy","len_crs":10598,"area_crs":4980256,"len_km":10,"area_km2":4,"ORACLIS_PSGC":"1206306024","ORACLIS_BARANGAY":"Santa Cruz","ORACLIS_LOCALITY_CODE":"1206306000","ORACLIS_LOCALITY":"City of Koronadal","ORACLIS_PROVINCE_CODE":"1206300000","ORACLIS_PROVINCE":"South Cotabato","ORACLIS_LOCALITY_TYPE":"CITY","ORACLIS_SOURCE_DATA_STATUS":"CALIBRATED"},"id":1206306024},{"type":"Feature","geometry":{"type":"Polygon","coordinates":[[[124.88655577000009,6.505701897000051],[124.87738511700002,6.511847928000063],[124.8678556430001,6.50268868300003],[124.85798454500002,6.495831157000056],[124.85419044100001,6.491347768000025],[124.86794089700004,6.479633465000063],[124.87552439900003,6.489927017000071],[124.88655577000009,6.505701897000051]]]},"properties":{"adm1_psgc":1200000000,"adm2_psgc":1206300000,"adm3_psgc":1206306000,"adm4_psgc":1206306025,"adm4_en":"Santo Niño","geo_level":"Bgy","len_crs":10849,"area_crs":5721898,"len_km":10,"area_km2":5,"ORACLIS_PSGC":"1206306025","ORACLIS_BARANGAY":"Santo Niño","ORACLIS_LOCALITY_CODE":"1206306000","ORACLIS_LOCALITY":"City of Koronadal","ORACLIS_PROVINCE_CODE":"1206300000","ORACLIS_PROVINCE":"South Cotabato","ORACLIS_LOCALITY_TYPE":"CITY","ORACLIS_SOURCE_DATA_STATUS":"CALIBRATED"},"id":1206306025},{"type":"Feature","geometry":{"type":"Polygon","coordinates":[[[124.89620270000012,6.442853890000037],[124.86948171000006,6.444227403000069],[124.86028217000013,6.435431746000063],[124.84500280900012,6.419699153000067],[124.81343088500013,6.389075494000053],[124.83184975200005,6.377653330000043],[124.86865383800011,6.339575696000053],[124.88093305400004,6.38625945900003],[124.9076670810001,6.392589126000075],[124.90562208900008,6.412361300000043],[124.89555661900012,6.427227032000074],[124.89620270000012,6.442853890000037]]]},"properties":{"adm1_psgc":1200000000,"adm2_psgc":1206300000,"adm3_psgc":1206306000,"adm4_psgc":1206306026,"adm4_en":"Sarabia","geo_level":"Bgy","len_crs":37348,"area_crs":58906422,"len_km":37,"area_km2":58,"ORACLIS_PSGC":"1206306026","ORACLIS_BARANGAY":"Sarabia","ORACLIS_LOCALITY_CODE":"1206306000","ORACLIS_LOCALITY":"City of Koronadal","ORACLIS_PROVINCE_CODE":"1206300000","ORACLIS_PROVINCE":"South Cotabato","ORACLIS_LOCALITY_TYPE":"CITY","ORACLIS_SOURCE_DATA_STATUS":"CALIBRATED"},"id":1206306026},{"type":"Feature","geometry":{"type":"Polygon","coordinates":[[[124.97040743500008,6.501296853000042],[124.93988385500005,6.497243260000061],[124.92234959100006,6.509415957000043],[124.91273921400011,6.495700059000057],[124.91350926100006,6.477777036000021],[124.920037481,6.474384933000068],[124.9568980140001,6.472778498000025],[124.97040743500008,6.501296853000042]]]},"properties":{"adm1_psgc":1200000000,"adm2_psgc":1206300000,"adm3_psgc":1206306000,"adm4_psgc":1206306027,"adm4_en":"Zulueta","geo_level":"Bgy","len_crs":19411,"area_crs":17995558,"len_km":19,"area_km2":17,"ORACLIS_PSGC":"1206306027","ORACLIS_BARANGAY":"Zulueta","ORACLIS_LOCALITY_CODE":"1206306000","ORACLIS_LOCALITY":"City of Koronadal","ORACLIS_PROVINCE_CODE":"1206300000","ORACLIS_PROVINCE":"South Cotabato","ORACLIS_LOCALITY_TYPE":"CITY","ORACLIS_SOURCE_DATA_STATUS":"CALIBRATED"},"id":1206306027},{"type":"Feature","geometry":{"type":"Polygon","coordinates":[[[124.70698198500007,6.239131581000037],[124.69520737300002,6.248347541000043],[124.68091709400007,6.238925384000026],[124.68196860700006,6.230257506000044],[124.69604649200005,6.226664351000067],[124.70698198500007,6.239131581000037]]]},"properties":{"adm1_psgc":1200000000,"adm2_psgc":1206300000,"adm3_psgc":1206319000,"adm4_psgc":1206319001,"adm4_en":"Bacdulong","geo_level":"Bgy","len_crs":8432,"area_crs":4260392,"len_km":8,"area_km2":4,"ORACLIS_PSGC":"1206319001","ORACLIS_BARANGAY":"Bacdulong","ORACLIS_LOCALITY_CODE":"1206319000","ORACLIS_LOCALITY":"Lake Sebu","ORACLIS_PROVINCE_CODE":"1206300000","ORACLIS_PROVINCE":"South Cotabato","ORACLIS_LOCALITY_TYPE":"MUNICIPALITY","ORACLIS_SOURCE_DATA_STATUS":"CALIBRATED"},"id":1206319001},{"type":"Feature","geometry":{"type":"Polygon","coordinates":[[[124.78042876600011,6.176142205000075],[124.75409431100002,6.17601619100003],[124.74230311200004,6.130693501000054],[124.7824876750001,6.144567211000036],[124.78042876600011,6.176142205000075]]]},"properties":{"adm1_psgc":1200000000,"adm2_psgc":1206300000,"adm3_psgc":1206319000,"adm4_psgc":1206319002,"adm4_en":"Denlag","geo_level":"Bgy","len_crs":18651,"area_crs":16959720,"len_km":18,"area_km2":16,"ORACLIS_PSGC":"1206319002","ORACLIS_BARANGAY":"Denlag","ORACLIS_LOCALITY_CODE":"1206319000","ORACLIS_LOCALITY":"Lake Sebu","ORACLIS_PROVINCE_CODE":"1206300000","ORACLIS_PROVINCE":"South Cotabato","ORACLIS_LOCALITY_TYPE":"MUNICIPALITY","ORACLIS_SOURCE_DATA_STATUS":"CALIBRATED"},"id":1206319002},{"type":"Feature","geometry":{"type":"Polygon","coordinates":[[[124.79104105100008,6.198628011000039],[124.79247122100003,6.231730763000029],[124.7450447230001,6.229829578000023],[124.74657252200008,6.221893070000023],[124.75290058600002,6.208126709000053],[124.79104105100008,6.198628011000039]]]},"properties":{"adm1_psgc":1200000000,"adm2_psgc":1206300000,"adm3_psgc":1206319000,"adm4_psgc":1206319003,"adm4_en":"Halilan","geo_level":"Bgy","len_crs":18543,"area_crs":14925894,"len_km":18,"area_km2":14,"ORACLIS_PSGC":"1206319003","ORACLIS_BARANGAY":"Halilan","ORACLIS_LOCALITY_CODE":"1206319000","ORACLIS_LOCALITY":"Lake Sebu","ORACLIS_PROVINCE_CODE":"1206300000","ORACLIS_PROVINCE":"South Cotabato","ORACLIS_LOCALITY_TYPE":"MUNICIPALITY","ORACLIS_SOURCE_DATA_STATUS":"CALIBRATED"},"id":1206319003},{"type":"Feature","geometry":{"type":"Polygon","coordinates":[[[124.78046756000005,6.281320164000021],[124.75311957700002,6.283480546000021],[124.74064294500012,6.261526492000031],[124.74403612400012,6.254927962000068],[124.76024573300002,6.255139853000059],[124.78046756000005,6.281320164000021]]]},"properties":{"adm1_psgc":1200000000,"adm2_psgc":1206300000,"adm3_psgc":1206319000,"adm4_psgc":1206319004,"adm4_en":"Hanoon","geo_level":"Bgy","len_crs":14155,"area_crs":10667694,"len_km":14,"area_km2":10,"ORACLIS_PSGC":"1206319004","ORACLIS_BARANGAY":"Hanoon","ORACLIS_LOCALITY_CODE":"1206319000","ORACLIS_LOCALITY":"Lake Sebu","ORACLIS_PROVINCE_CODE":"1206300000","ORACLIS_PROVINCE":"South Cotabato","ORACLIS_LOCALITY_TYPE":"MUNICIPALITY","ORACLIS_SOURCE_DATA_STATUS":"CALIBRATED"},"id":1206319004},{"type":"Feature","geometry":{"type":"Polygon","coordinates":[[[124.75409431100002,6.17601619100003],[124.74765428100011,6.190692254000055],[124.70882966600004,6.188797395000051],[124.70806255800005,6.139632624000057],[124.74230311200004,6.130693501000054],[124.75409431100002,6.17601619100003]]]},"properties":{"adm1_psgc":1200000000,"adm2_psgc":1206300000,"adm3_psgc":1206319000,"adm4_psgc":1206319005,"adm4_en":"Klubi","geo_level":"Bgy","len_crs":21309,"area_crs":26524896,"len_km":21,"area_km2":26,"ORACLIS_PSGC":"1206319005","ORACLIS_BARANGAY":"Klubi","ORACLIS_LOCALITY_CODE":"1206319000","ORACLIS_LOCALITY":"Lake Sebu","ORACLIS_PROVINCE_CODE":"1206300000","ORACLIS_PROVINCE":"South Cotabato","ORACLIS_LOCALITY_TYPE":"MUNICIPALITY","ORACLIS_SOURCE_DATA_STATUS":"CALIBRATED"},"id":1206319005},{"type":"Feature","geometry":{"type":"Polygon","coordinates":[[[124.74064294500012,6.261526492000031],[124.72885699600009,6.264804038000023],[124.70126912200011,6.256930251000028],[124.69520737300002,6.248347541000043],[124.70698198500007,6.239131581000037],[124.721733651,6.246078512000054],[124.74026390000006,6.253936614000053],[124.74403612400012,6.254927962000068],[124.74064294500012,6.261526492000031]]]},"properties":{"adm1_psgc":1200000000,"adm2_psgc":1206300000,"adm3_psgc":1206319000,"adm4_psgc":1206319006,"adm4_en":"Lake Lahit","geo_level":"Bgy","len_crs":13460,"area_crs":7472324,"len_km":13,"area_km2":7,"ORACLIS_PSGC":"1206319006","ORACLIS_BARANGAY":"Lake Lahit","ORACLIS_LOCALITY_CODE":"1206319000","ORACLIS_LOCALITY":"Lake Sebu","ORACLIS_PROVINCE_CODE":"1206300000","ORACLIS_PROVINCE":"South Cotabato","ORACLIS_LOCALITY_TYPE":"MUNICIPALITY","ORACLIS_SOURCE_DATA_STATUS":"CALIBRATED"},"id":1206319006},{"type":"Feature","geometry":{"type":"Polygon","coordinates":[[[124.79104105100008,6.198628011000039],[124.75290058600002,6.208126709000053],[124.74765428100011,6.190692254000055],[124.75409431100002,6.17601619100003],[124.78042876600011,6.176142205000075],[124.79104105100008,6.198628011000039]]]},"properties":{"adm1_psgc":1200000000,"adm2_psgc":1206300000,"adm3_psgc":1206319000,"adm4_psgc":1206319007,"adm4_en":"Lamcade","geo_level":"Bgy","len_crs":17020,"area_crs":12916299,"len_km":17,"area_km2":12,"ORACLIS_PSGC":"1206319007","ORACLIS_BARANGAY":"Lamcade","ORACLIS_LOCALITY_CODE":"1206319000","ORACLIS_LOCALITY":"Lake Sebu","ORACLIS_PROVINCE_CODE":"1206300000","ORACLIS_PROVINCE":"South Cotabato","ORACLIS_LOCALITY_TYPE":"MUNICIPALITY","ORACLIS_SOURCE_DATA_STATUS":"CALIBRATED"},"id":1206319007},{"type":"Feature","geometry":{"type":"Polygon","coordinates":[[[124.75290058600002,6.208126709000053],[124.74657252200008,6.221893070000023],[124.72946855200009,6.218998197000077],[124.71087275900005,6.211109727000063],[124.70882966600004,6.188797395000051],[124.74765428100011,6.190692254000055],[124.75290058600002,6.208126709000053]]]},"properties":{"adm1_psgc":1200000000,"adm2_psgc":1206300000,"adm3_psgc":1206319000,"adm4_psgc":1206319008,"adm4_en":"Lamdalag","geo_level":"Bgy","len_crs":15168,"area_crs":12889916,"len_km":15,"area_km2":12,"ORACLIS_PSGC":"1206319008","ORACLIS_BARANGAY":"Lamdalag","ORACLIS_LOCALITY_CODE":"1206319000","ORACLIS_LOCALITY":"Lake Sebu","ORACLIS_PROVINCE_CODE":"1206300000","ORACLIS_PROVINCE":"South Cotabato","ORACLIS_LOCALITY_TYPE":"MUNICIPALITY","ORACLIS_SOURCE_DATA_STATUS":"CALIBRATED"},"id":1206319008},{"type":"Feature","geometry":{"type":"Polygon","coordinates":[[[124.67955332400004,6.29721554200006],[124.64799267400008,6.309989386000041],[124.64787962800006,6.281061607000026],[124.62719518400002,6.266599862000021],[124.62855030300013,6.238058259000069],[124.67561189900005,6.249942988000043],[124.67955332400004,6.29721554200006]]]},"properties":{"adm1_psgc":1200000000,"adm2_psgc":1206300000,"adm3_psgc":1206319000,"adm4_psgc":1206319009,"adm4_en":"Lamfugon","geo_level":"Bgy","len_crs":26595,"area_crs":29301604,"len_km":26,"area_km2":29,"ORACLIS_PSGC":"1206319009","ORACLIS_BARANGAY":"Lamfugon","ORACLIS_LOCALITY_CODE":"1206319000","ORACLIS_LOCALITY":"Lake Sebu","ORACLIS_PROVINCE_CODE":"1206300000","ORACLIS_PROVINCE":"South Cotabato","ORACLIS_LOCALITY_TYPE":"MUNICIPALITY","ORACLIS_SOURCE_DATA_STATUS":"CALIBRATED"},"id":1206319009},{"type":"Feature","geometry":{"type":"Polygon","coordinates":[[[124.71087275900005,6.211109727000063],[124.69875828300009,6.215570166000019],[124.6799524920001,6.203466200000035],[124.6633716330001,6.156359065000061],[124.66600399200001,6.137575755000057],[124.69128930600006,6.147028208000052],[124.70806255800005,6.139632624000057],[124.70882966600004,6.188797395000051],[124.71087275900005,6.211109727000063]]]},"properties":{"adm1_psgc":1200000000,"adm2_psgc":1206300000,"adm3_psgc":1206319000,"adm4_psgc":1206319010,"adm4_en":"Lamlahak","geo_level":"Bgy","len_crs":24911,"area_crs":30089604,"len_km":24,"area_km2":30,"ORACLIS_PSGC":"1206319010","ORACLIS_BARANGAY":"Lamlahak","ORACLIS_LOCALITY_CODE":"1206319000","ORACLIS_LOCALITY":"Lake Sebu","ORACLIS_PROVINCE_CODE":"1206300000","ORACLIS_PROVINCE":"South Cotabato","ORACLIS_LOCALITY_TYPE":"MUNICIPALITY","ORACLIS_SOURCE_DATA_STATUS":"CALIBRATED"},"id":1206319010},{"type":"Feature","geometry":{"type":"Polygon","coordinates":[[[124.79190638500006,6.247238872000024],[124.79527066700007,6.273325295000062],[124.78046756000005,6.281320164000021],[124.76024573300002,6.255139853000059],[124.79190638500006,6.247238872000024]]]},"properties":{"adm1_psgc":1200000000,"adm2_psgc":1206300000,"adm3_psgc":1206319000,"adm4_psgc":1206319011,"adm4_en":"Lower Maculan","geo_level":"Bgy","len_crs":14996,"area_crs":9501740,"len_km":14,"area_km2":9,"ORACLIS_PSGC":"1206319011","ORACLIS_BARANGAY":"Lower Maculan","ORACLIS_LOCALITY_CODE":"1206319000","ORACLIS_LOCALITY":"Lake Sebu","ORACLIS_PROVINCE_CODE":"1206300000","ORACLIS_PROVINCE":"South Cotabato","ORACLIS_LOCALITY_TYPE":"MUNICIPALITY","ORACLIS_SOURCE_DATA_STATUS":"CALIBRATED"},"id":1206319011},{"type":"Feature","geometry":{"type":"Polygon","coordinates":[[[124.69744350300003,6.293385406000029],[124.67955332400004,6.29721554200006],[124.67561189900005,6.249942988000043],[124.68091709400007,6.238925384000026],[124.69520737300002,6.248347541000043],[124.70126912200011,6.256930251000028],[124.69744350300003,6.293385406000029]]]},"properties":{"adm1_psgc":1200000000,"adm2_psgc":1206300000,"adm3_psgc":1206319000,"adm4_psgc":1206319012,"adm4_en":"Luhib","geo_level":"Bgy","len_crs":17777,"area_crs":11525825,"len_km":17,"area_km2":11,"ORACLIS_PSGC":"1206319012","ORACLIS_BARANGAY":"Luhib","ORACLIS_LOCALITY_CODE":"1206319000","ORACLIS_LOCALITY":"Lake Sebu","ORACLIS_PROVINCE_CODE":"1206300000","ORACLIS_PROVINCE":"South Cotabato","ORACLIS_LOCALITY_TYPE":"MUNICIPALITY","ORACLIS_SOURCE_DATA_STATUS":"CALIBRATED"},"id":1206319012},{"type":"Feature","geometry":{"type":"Polygon","coordinates":[[[124.64799267400008,6.309989386000041],[124.53281171500011,6.388598426000044],[124.45941220600004,6.363368418000048],[124.4594253360001,6.350923175000047],[124.40700939500006,6.350098604000038],[124.40645356900005,6.207580064000069],[124.47221333700008,6.185371538000026],[124.54791421600011,6.148722360000023],[124.62855030300013,6.238058259000069],[124.62719518400002,6.266599862000021],[124.64787962800006,6.281061607000026],[124.64799267400008,6.309989386000041]]]},"properties":{"adm1_psgc":1200000000,"adm2_psgc":1206300000,"adm3_psgc":1206319000,"adm4_psgc":1206319013,"adm4_en":"Ned","geo_level":"Bgy","len_crs":94375,"area_crs":490228457,"len_km":94,"area_km2":490,"ORACLIS_PSGC":"1206319013","ORACLIS_BARANGAY":"Ned","ORACLIS_LOCALITY_CODE":"1206319000","ORACLIS_LOCALITY":"Lake Sebu","ORACLIS_PROVINCE_CODE":"1206300000","ORACLIS_PROVINCE":"South Cotabato","ORACLIS_LOCALITY_TYPE":"MUNICIPALITY","ORACLIS_SOURCE_DATA_STATUS":"CALIBRATED"},"id":1206319013},{"type":"Feature","geometry":{"type":"Polygon","coordinates":[[[124.72946855200009,6.218998197000077],[124.721733651,6.246078512000054],[124.70698198500007,6.239131581000037],[124.69604649200005,6.226664351000067],[124.69875828300009,6.215570166000019],[124.71087275900005,6.211109727000063],[124.72946855200009,6.218998197000077]]]},"properties":{"adm1_psgc":1200000000,"adm2_psgc":1206300000,"adm3_psgc":1206319000,"adm4_psgc":1206319014,"adm4_en":"Poblacion","geo_level":"Bgy","len_crs":13084,"area_crs":10361080,"len_km":13,"area_km2":10,"ORACLIS_PSGC":"1206319014","ORACLIS_BARANGAY":"Poblacion","ORACLIS_LOCALITY_CODE":"1206319000","ORACLIS_LOCALITY":"Lake Sebu","ORACLIS_PROVINCE_CODE":"1206300000","ORACLIS_PROVINCE":"South Cotabato","ORACLIS_LOCALITY_TYPE":"MUNICIPALITY","ORACLIS_SOURCE_DATA_STATUS":"CALIBRATED"},"id":1206319014},{"type":"Feature","geometry":{"type":"Polygon","coordinates":[[[124.7450447230001,6.229829578000023],[124.74026390000006,6.253936614000053],[124.721733651,6.246078512000054],[124.72946855200009,6.218998197000077],[124.74657252200008,6.221893070000023],[124.7450447230001,6.229829578000023]]]},"properties":{"adm1_psgc":1200000000,"adm2_psgc":1206300000,"adm3_psgc":1206319000,"adm4_psgc":1206319015,"adm4_en":"Siluton","geo_level":"Bgy","len_crs":12070,"area_crs":6848674,"len_km":12,"area_km2":6,"ORACLIS_PSGC":"1206319015","ORACLIS_BARANGAY":"Siluton","ORACLIS_LOCALITY_CODE":"1206319000","ORACLIS_LOCALITY":"Lake Sebu","ORACLIS_PROVINCE_CODE":"1206300000","ORACLIS_PROVINCE":"South Cotabato","ORACLIS_LOCALITY_TYPE":"MUNICIPALITY","ORACLIS_SOURCE_DATA_STATUS":"CALIBRATED"},"id":1206319015},{"type":"Feature","geometry":{"type":"Polygon","coordinates":[[[124.72885699600009,6.264804038000023],[124.72374648000006,6.279203947000041],[124.69744350300003,6.293385406000029],[124.70126912200011,6.256930251000028],[124.72885699600009,6.264804038000023]]]},"properties":{"adm1_psgc":1200000000,"adm2_psgc":1206300000,"adm3_psgc":1206319000,"adm4_psgc":1206319016,"adm4_en":"Talisay","geo_level":"Bgy","len_crs":15026,"area_crs":9257660,"len_km":15,"area_km2":9,"ORACLIS_PSGC":"1206319016","ORACLIS_BARANGAY":"Talisay","ORACLIS_LOCALITY_CODE":"1206319000","ORACLIS_LOCALITY":"Lake Sebu","ORACLIS_PROVINCE_CODE":"1206300000","ORACLIS_PROVINCE":"South Cotabato","ORACLIS_LOCALITY_TYPE":"MUNICIPALITY","ORACLIS_SOURCE_DATA_STATUS":"CALIBRATED"},"id":1206319016},{"type":"Feature","geometry":{"type":"Polygon","coordinates":[[[124.68196860700006,6.230257506000044],[124.6358054220001,6.208170061000033],[124.60706510000011,6.119304939000073],[124.62429608100003,6.112986783000053],[124.66600399200001,6.137575755000057],[124.6633716330001,6.156359065000061],[124.6799524920001,6.203466200000035],[124.69875828300009,6.215570166000019],[124.69604649200005,6.226664351000067],[124.68196860700006,6.230257506000044]]]},"properties":{"adm1_psgc":1200000000,"adm2_psgc":1206300000,"adm3_psgc":1206319000,"adm4_psgc":1206319017,"adm4_en":"Takunel","geo_level":"Bgy","len_crs":37341,"area_crs":62225436,"len_km":37,"area_km2":62,"ORACLIS_PSGC":"1206319017","ORACLIS_BARANGAY":"Takunel","ORACLIS_LOCALITY_CODE":"1206319000","ORACLIS_LOCALITY":"Lake Sebu","ORACLIS_PROVINCE_CODE":"1206300000","ORACLIS_PROVINCE":"South Cotabato","ORACLIS_LOCALITY_TYPE":"MUNICIPALITY","ORACLIS_SOURCE_DATA_STATUS":"CALIBRATED"},"id":1206319017},{"type":"Feature","geometry":{"type":"Polygon","coordinates":[[[124.79190638500006,6.247238872000024],[124.76024573300002,6.255139853000059],[124.74403612400012,6.254927962000068],[124.74026390000006,6.253936614000053],[124.7450447230001,6.229829578000023],[124.79247122100003,6.231730763000029],[124.79190638500006,6.247238872000024]]]},"properties":{"adm1_psgc":1200000000,"adm2_psgc":1206300000,"adm3_psgc":1206319000,"adm4_psgc":1206319018,"adm4_en":"Upper Maculan","geo_level":"Bgy","len_crs":16805,"area_crs":14158232,"len_km":16,"area_km2":14,"ORACLIS_PSGC":"1206319018","ORACLIS_BARANGAY":"Upper Maculan","ORACLIS_LOCALITY_CODE":"1206319000","ORACLIS_LOCALITY":"Lake Sebu","ORACLIS_PROVINCE_CODE":"1206300000","ORACLIS_PROVINCE":"South Cotabato","ORACLIS_LOCALITY_TYPE":"MUNICIPALITY","ORACLIS_SOURCE_DATA_STATUS":"CALIBRATED"},"id":1206319018},{"type":"Feature","geometry":{"type":"Polygon","coordinates":[[[124.67561189900005,6.249942988000043],[124.62855030300013,6.238058259000069],[124.54791421600011,6.148722360000023],[124.60706510000011,6.119304939000073],[124.6358054220001,6.208170061000033],[124.68196860700006,6.230257506000044],[124.68091709400007,6.238925384000026],[124.67561189900005,6.249942988000043]]]},"properties":{"adm1_psgc":1200000000,"adm2_psgc":1206300000,"adm3_psgc":1206319000,"adm4_psgc":1206319019,"adm4_en":"Tasiman","geo_level":"Bgy","len_crs":45373,"area_crs":70209692,"len_km":45,"area_km2":70,"ORACLIS_PSGC":"1206319019","ORACLIS_BARANGAY":"Tasiman","ORACLIS_LOCALITY_CODE":"1206319000","ORACLIS_LOCALITY":"Lake Sebu","ORACLIS_PROVINCE_CODE":"1206300000","ORACLIS_PROVINCE":"South Cotabato","ORACLIS_LOCALITY_TYPE":"MUNICIPALITY","ORACLIS_SOURCE_DATA_STATUS":"CALIBRATED"},"id":1206319019},{"type":"Feature","geometry":{"type":"Polygon","coordinates":[[[124.68451313100002,6.573228221000022],[124.66187004100004,6.568180675000064],[124.6678648530001,6.551978156000075],[124.6863554790001,6.544923398000036],[124.68451313100002,6.573228221000022]]]},"properties":{"adm1_psgc":1200000000,"adm2_psgc":1206300000,"adm3_psgc":1206311000,"adm4_psgc":1206311002,"adm4_en":"Dumaguil","geo_level":"Bgy","len_crs":12364,"area_crs":6016173,"len_km":12,"area_km2":6,"ORACLIS_PSGC":"1206311002","ORACLIS_BARANGAY":"Dumaguil","ORACLIS_LOCALITY_CODE":"1206311000","ORACLIS_LOCALITY":"Norala","ORACLIS_PROVINCE_CODE":"1206300000","ORACLIS_PROVINCE":"South Cotabato","ORACLIS_LOCALITY_TYPE":"MUNICIPALITY","ORACLIS_SOURCE_DATA_STATUS":"CALIBRATED"},"id":1206311002},{"type":"Feature","geometry":{"type":"Polygon","coordinates":[[[124.67532436200008,6.502164082000036],[124.6583443610001,6.498525510000036],[124.65818804800006,6.48403398800002],[124.68573434300004,6.483197535000045],[124.67532436200008,6.502164082000036]]]},"properties":{"adm1_psgc":1200000000,"adm2_psgc":1206300000,"adm3_psgc":1206311000,"adm4_psgc":1206311003,"adm4_en":"Esperanza","geo_level":"Bgy","len_crs":10196,"area_crs":5485393,"len_km":10,"area_km2":5,"ORACLIS_PSGC":"1206311003","ORACLIS_BARANGAY":"Esperanza","ORACLIS_LOCALITY_CODE":"1206311000","ORACLIS_LOCALITY":"Norala","ORACLIS_PROVINCE_CODE":"1206300000","ORACLIS_PROVINCE":"South Cotabato","ORACLIS_LOCALITY_TYPE":"MUNICIPALITY","ORACLIS_SOURCE_DATA_STATUS":"CALIBRATED"},"id":1206311003},{"type":"Feature","geometry":{"type":"Polygon","coordinates":[[[124.6863554790001,6.544923398000036],[124.6678648530001,6.551978156000075],[124.66173119300004,6.535522104000051],[124.67318183200007,6.528334987000052],[124.68975489300011,6.53827218500004],[124.6863554790001,6.544923398000036]]]},"properties":{"adm1_psgc":1200000000,"adm2_psgc":1206300000,"adm3_psgc":1206311000,"adm4_psgc":1206311006,"adm4_en":"Kibid","geo_level":"Bgy","len_crs":10060,"area_crs":4986983,"len_km":10,"area_km2":4,"ORACLIS_PSGC":"1206311006","ORACLIS_BARANGAY":"Kibid","ORACLIS_LOCALITY_CODE":"1206311000","ORACLIS_LOCALITY":"Norala","ORACLIS_PROVINCE_CODE":"1206300000","ORACLIS_PROVINCE":"South Cotabato","ORACLIS_LOCALITY_TYPE":"MUNICIPALITY","ORACLIS_SOURCE_DATA_STATUS":"CALIBRATED"},"id":1206311006},{"type":"Feature","geometry":{"type":"Polygon","coordinates":[[[124.63515528200003,6.529029411000066],[124.61389729000007,6.529383465000022],[124.61410498000009,6.50734409000006],[124.63503627800004,6.506855099000062],[124.63515528200003,6.529029411000066]]]},"properties":{"adm1_psgc":1200000000,"adm2_psgc":1206300000,"adm3_psgc":1206311000,"adm4_psgc":1206311007,"adm4_en":"Lapuz","geo_level":"Bgy","len_crs":9561,"area_crs":5735503,"len_km":9,"area_km2":5,"ORACLIS_PSGC":"1206311007","ORACLIS_BARANGAY":"Lapuz","ORACLIS_LOCALITY_CODE":"1206311000","ORACLIS_LOCALITY":"Norala","ORACLIS_PROVINCE_CODE":"1206300000","ORACLIS_PROVINCE":"South Cotabato","ORACLIS_LOCALITY_TYPE":"MUNICIPALITY","ORACLIS_SOURCE_DATA_STATUS":"CALIBRATED"},"id":1206311007},{"type":"Feature","geometry":{"type":"Polygon","coordinates":[[[124.63516531400013,6.540166867000039],[124.61396013200012,6.549177350000036],[124.61389729000007,6.529383465000022],[124.63515528200003,6.529029411000066],[124.63516531400013,6.540166867000039]]]},"properties":{"adm1_psgc":1200000000,"adm2_psgc":1206300000,"adm3_psgc":1206311000,"adm4_psgc":1206311008,"adm4_en":"Liberty","geo_level":"Bgy","len_crs":9088,"area_crs":5181686,"len_km":9,"area_km2":5,"ORACLIS_PSGC":"1206311008","ORACLIS_BARANGAY":"Liberty","ORACLIS_LOCALITY_CODE":"1206311000","ORACLIS_LOCALITY":"Norala","ORACLIS_PROVINCE_CODE":"1206300000","ORACLIS_PROVINCE":"South Cotabato","ORACLIS_LOCALITY_TYPE":"MUNICIPALITY","ORACLIS_SOURCE_DATA_STATUS":"CALIBRATED"},"id":1206311008},{"type":"Feature","geometry":{"type":"Polygon","coordinates":[[[124.6980539220001,6.51619167900003],[124.6758294340001,6.516480022000053],[124.67532436200008,6.502164082000036],[124.68573434300004,6.483197535000045],[124.6985494390001,6.479361248000032],[124.69883914600007,6.513236412000027],[124.6980539220001,6.51619167900003]]]},"properties":{"adm1_psgc":1200000000,"adm2_psgc":1206300000,"adm3_psgc":1206311000,"adm4_psgc":1206311009,"adm4_en":"Lopez Jaena","geo_level":"Bgy","len_crs":13240,"area_crs":8084714,"len_km":13,"area_km2":8,"ORACLIS_PSGC":"1206311009","ORACLIS_BARANGAY":"Lopez Jaena","ORACLIS_LOCALITY_CODE":"1206311000","ORACLIS_LOCALITY":"Norala","ORACLIS_PROVINCE_CODE":"1206300000","ORACLIS_PROVINCE":"South Cotabato","ORACLIS_LOCALITY_TYPE":"MUNICIPALITY","ORACLIS_SOURCE_DATA_STATUS":"CALIBRATED"},"id":1206311009},{"type":"Feature","geometry":{"type":"Polygon","coordinates":[[[124.64921823800012,6.579935968000028],[124.62085504900007,6.573320038000076],[124.613643765,6.562389642000028],[124.64407857000003,6.563676102000044],[124.64921823800012,6.579935968000028]]]},"properties":{"adm1_psgc":1200000000,"adm2_psgc":1206300000,"adm3_psgc":1206311000,"adm4_psgc":1206311011,"adm4_en":"Matapol","geo_level":"Bgy","len_crs":14774,"area_crs":5653769,"len_km":14,"area_km2":5,"ORACLIS_PSGC":"1206311011","ORACLIS_BARANGAY":"Matapol","ORACLIS_LOCALITY_CODE":"1206311000","ORACLIS_LOCALITY":"Norala","ORACLIS_PROVINCE_CODE":"1206300000","ORACLIS_PROVINCE":"South Cotabato","ORACLIS_LOCALITY_TYPE":"MUNICIPALITY","ORACLIS_SOURCE_DATA_STATUS":"CALIBRATED"},"id":1206311011},{"type":"Feature","geometry":{"type":"Polygon","coordinates":[[[124.65392245900011,6.54005200100005],[124.63516531400013,6.540166867000039],[124.63515528200003,6.529029411000066],[124.63503627800004,6.506855099000062],[124.6583443610001,6.498525510000036],[124.67532436200008,6.502164082000036],[124.6758294340001,6.516480022000053],[124.6980539220001,6.51619167900003],[124.6984460110001,6.519533394000064],[124.67318183200007,6.528334987000052],[124.66173119300004,6.535522104000051],[124.65392245900011,6.54005200100005]]]},"properties":{"adm1_psgc":1200000000,"adm2_psgc":1206300000,"adm3_psgc":1206311000,"adm4_psgc":1206311013,"adm4_en":"Poblacion","geo_level":"Bgy","len_crs":22747,"area_crs":19451969,"len_km":22,"area_km2":19,"ORACLIS_PSGC":"1206311013","ORACLIS_BARANGAY":"Poblacion","ORACLIS_LOCALITY_CODE":"1206311000","ORACLIS_LOCALITY":"Norala","ORACLIS_PROVINCE_CODE":"1206300000","ORACLIS_PROVINCE":"South Cotabato","ORACLIS_LOCALITY_TYPE":"MUNICIPALITY","ORACLIS_SOURCE_DATA_STATUS":"CALIBRATED"},"id":1206311013},{"type":"Feature","geometry":{"type":"Polygon","coordinates":[[[124.73076702800006,6.542403739000064],[124.69496489300003,6.53660349200004],[124.6984460110001,6.519533394000064],[124.6980539220001,6.51619167900003],[124.69883914600007,6.513236412000027],[124.72571988300001,6.505889010000031],[124.74695566500009,6.508218674000032],[124.75307320400007,6.514490503000047],[124.73076702800006,6.542403739000064]]]},"properties":{"adm1_psgc":1200000000,"adm2_psgc":1206300000,"adm3_psgc":1206311000,"adm4_psgc":1206311014,"adm4_en":"Puti","geo_level":"Bgy","len_crs":18334,"area_crs":17830400,"len_km":18,"area_km2":17,"ORACLIS_PSGC":"1206311014","ORACLIS_BARANGAY":"Puti","ORACLIS_LOCALITY_CODE":"1206311000","ORACLIS_LOCALITY":"Norala","ORACLIS_PROVINCE_CODE":"1206300000","ORACLIS_PROVINCE":"South Cotabato","ORACLIS_LOCALITY_TYPE":"MUNICIPALITY","ORACLIS_SOURCE_DATA_STATUS":"CALIBRATED"},"id":1206311014},{"type":"Feature","geometry":{"type":"Polygon","coordinates":[[[124.65392245900011,6.54005200100005],[124.64407857000003,6.563676102000044],[124.613643765,6.562389642000028],[124.61396013200012,6.549177350000036],[124.63516531400013,6.540166867000039],[124.65392245900011,6.54005200100005]]]},"properties":{"adm1_psgc":1200000000,"adm2_psgc":1206300000,"adm3_psgc":1206311000,"adm4_psgc":1206311016,"adm4_en":"San Jose","geo_level":"Bgy","len_crs":14150,"area_crs":6671398,"len_km":14,"area_km2":6,"ORACLIS_PSGC":"1206311016","ORACLIS_BARANGAY":"San Jose","ORACLIS_LOCALITY_CODE":"1206311000","ORACLIS_LOCALITY":"Norala","ORACLIS_PROVINCE_CODE":"1206300000","ORACLIS_PROVINCE":"South Cotabato","ORACLIS_LOCALITY_TYPE":"MUNICIPALITY","ORACLIS_SOURCE_DATA_STATUS":"CALIBRATED"},"id":1206311016},{"type":"Feature","geometry":{"type":"Polygon","coordinates":[[[124.74695566500009,6.508218674000032],[124.72571988300001,6.505889010000031],[124.69883914600007,6.513236412000027],[124.6985494390001,6.479361248000032],[124.72394587800011,6.479051519000053],[124.74695566500009,6.508218674000032]]]},"properties":{"adm1_psgc":1200000000,"adm2_psgc":1206300000,"adm3_psgc":1206311000,"adm4_psgc":1206311017,"adm4_en":"San Miguel","geo_level":"Bgy","len_crs":16324,"area_crs":11923805,"len_km":16,"area_km2":11,"ORACLIS_PSGC":"1206311017","ORACLIS_BARANGAY":"San Miguel","ORACLIS_LOCALITY_CODE":"1206311000","ORACLIS_LOCALITY":"Norala","ORACLIS_PROVINCE_CODE":"1206300000","ORACLIS_PROVINCE":"South Cotabato","ORACLIS_LOCALITY_TYPE":"MUNICIPALITY","ORACLIS_SOURCE_DATA_STATUS":"CALIBRATED"},"id":1206311017},{"type":"Feature","geometry":{"type":"Polygon","coordinates":[[[124.66187004100004,6.568180675000064],[124.64921823800012,6.579935968000028],[124.64407857000003,6.563676102000044],[124.65392245900011,6.54005200100005],[124.66173119300004,6.535522104000051],[124.6678648530001,6.551978156000075],[124.66187004100004,6.568180675000064]]]},"properties":{"adm1_psgc":1200000000,"adm2_psgc":1206300000,"adm3_psgc":1206311000,"adm4_psgc":1206311020,"adm4_en":"Simsiman","geo_level":"Bgy","len_crs":14835,"area_crs":9037724,"len_km":14,"area_km2":9,"ORACLIS_PSGC":"1206311020","ORACLIS_BARANGAY":"Simsiman","ORACLIS_LOCALITY_CODE":"1206311000","ORACLIS_LOCALITY":"Norala","ORACLIS_PROVINCE_CODE":"1206300000","ORACLIS_PROVINCE":"South Cotabato","ORACLIS_LOCALITY_TYPE":"MUNICIPALITY","ORACLIS_SOURCE_DATA_STATUS":"CALIBRATED"},"id":1206311020},{"type":"Feature","geometry":{"type":"Polygon","coordinates":[[[124.73076702800006,6.542403739000064],[124.71950729800005,6.581370485000035],[124.68451313100002,6.573228221000022],[124.6863554790001,6.544923398000036],[124.68975489300011,6.53827218500004],[124.69496489300003,6.53660349200004],[124.73076702800006,6.542403739000064]]]},"properties":{"adm1_psgc":1200000000,"adm2_psgc":1206300000,"adm3_psgc":1206311000,"adm4_psgc":1206311021,"adm4_en":"Tinago","geo_level":"Bgy","len_crs":18934,"area_crs":18911083,"len_km":18,"area_km2":18,"ORACLIS_PSGC":"1206311021","ORACLIS_BARANGAY":"Tinago","ORACLIS_LOCALITY_CODE":"1206311000","ORACLIS_LOCALITY":"Norala","ORACLIS_PROVINCE_CODE":"1206300000","ORACLIS_PROVINCE":"South Cotabato","ORACLIS_LOCALITY_TYPE":"MUNICIPALITY","ORACLIS_SOURCE_DATA_STATUS":"CALIBRATED"},"id":1206311021},{"type":"Feature","geometry":{"type":"Polygon","coordinates":[[[124.69496489300003,6.53660349200004],[124.68975489300011,6.53827218500004],[124.67318183200007,6.528334987000052],[124.6984460110001,6.519533394000064],[124.69496489300003,6.53660349200004]]]},"properties":{"adm1_psgc":1200000000,"adm2_psgc":1206300000,"adm3_psgc":1206311000,"adm4_psgc":1206311022,"adm4_en":"Benigno Aquino, Jr.","geo_level":"Bgy","len_crs":8636,"area_crs":3922293,"len_km":8,"area_km2":3,"ORACLIS_PSGC":"1206311022","ORACLIS_BARANGAY":"Benigno Aquino, Jr.","ORACLIS_LOCALITY_CODE":"1206311000","ORACLIS_LOCALITY":"Norala","ORACLIS_PROVINCE_CODE":"1206300000","ORACLIS_PROVINCE":"South Cotabato","ORACLIS_LOCALITY_TYPE":"MUNICIPALITY","ORACLIS_SOURCE_DATA_STATUS":"CALIBRATED"},"id":1206311022},{"type":"Feature","geometry":{"type":"Polygon","coordinates":[[[125.00955660700004,6.250469996000048],[125.00829717200008,6.251620626000032],[124.99131714500004,6.232849892000046],[125.00605795800003,6.220272946000022],[125.01762680400009,6.234886972000027],[125.00955660700004,6.250469996000048]]]},"properties":{"adm1_psgc":1200000000,"adm2_psgc":1206300000,"adm3_psgc":1206312000,"adm4_psgc":1206312001,"adm4_en":"Bentung","geo_level":"Bgy","len_crs":13026,"area_crs":5599437,"len_km":13,"area_km2":5,"ORACLIS_PSGC":"1206312001","ORACLIS_BARANGAY":"Bentung","ORACLIS_LOCALITY_CODE":"1206312000","ORACLIS_LOCALITY":"Polomolok","ORACLIS_PROVINCE_CODE":"1206300000","ORACLIS_PROVINCE":"South Cotabato","ORACLIS_LOCALITY_TYPE":"MUNICIPALITY","ORACLIS_SOURCE_DATA_STATUS":"CALIBRATED"},"id":1206312001},{"type":"Feature","geometry":{"type":"Polygon","coordinates":[[[125.0303302850001,6.269362490000048],[125.01035010400007,6.289365749000071],[124.98595294100006,6.270519473000036],[124.99152921600012,6.263135351000074],[125.00829717200008,6.251620626000032],[125.00955660700004,6.250469996000048],[125.0303302850001,6.269362490000048]]]},"properties":{"adm1_psgc":1200000000,"adm2_psgc":1206300000,"adm3_psgc":1206312000,"adm4_psgc":1206312002,"adm4_en":"Crossing Palkan","geo_level":"Bgy","len_crs":13570,"area_crs":11166318,"len_km":13,"area_km2":11,"ORACLIS_PSGC":"1206312002","ORACLIS_BARANGAY":"Crossing Palkan","ORACLIS_LOCALITY_CODE":"1206312000","ORACLIS_LOCALITY":"Polomolok","ORACLIS_PROVINCE_CODE":"1206300000","ORACLIS_PROVINCE":"South Cotabato","ORACLIS_LOCALITY_TYPE":"MUNICIPALITY","ORACLIS_SOURCE_DATA_STATUS":"CALIBRATED"},"id":1206312002},{"type":"Feature","geometry":{"type":"Polygon","coordinates":[[[125.1203010910001,6.159096416000067],[125.09817212700011,6.181069431000024],[125.0749948680001,6.172046640000076],[125.06193265400009,6.179853792000075],[125.0527386440001,6.179625865000048],[125.04739331300004,6.174429444000054],[125.05512857400005,6.15348065400002],[125.1203010910001,6.159096416000067]]]},"properties":{"adm1_psgc":1200000000,"adm2_psgc":1206300000,"adm3_psgc":1206312000,"adm4_psgc":1206312003,"adm4_en":"Glamang","geo_level":"Bgy","len_crs":22590,"area_crs":16449525,"len_km":22,"area_km2":16,"ORACLIS_PSGC":"1206312003","ORACLIS_BARANGAY":"Glamang","ORACLIS_LOCALITY_CODE":"1206312000","ORACLIS_LOCALITY":"Polomolok","ORACLIS_PROVINCE_CODE":"1206300000","ORACLIS_PROVINCE":"South Cotabato","ORACLIS_LOCALITY_TYPE":"MUNICIPALITY","ORACLIS_SOURCE_DATA_STATUS":"CALIBRATED"},"id":1206312003},{"type":"Feature","geometry":{"type":"Polygon","coordinates":[[[125.10345803300005,6.309991897000031],[125.07620906500006,6.359238639000068],[125.05425943400007,6.291849374000035],[125.07655222800008,6.267720404000044],[125.09204119900006,6.282529864000026],[125.10345803300005,6.309991897000031]]]},"properties":{"adm1_psgc":1200000000,"adm2_psgc":1206300000,"adm3_psgc":1206312000,"adm4_psgc":1206312004,"adm4_en":"Kinilis","geo_level":"Bgy","len_crs":26141,"area_crs":31952827,"len_km":26,"area_km2":31,"ORACLIS_PSGC":"1206312004","ORACLIS_BARANGAY":"Kinilis","ORACLIS_LOCALITY_CODE":"1206312000","ORACLIS_LOCALITY":"Polomolok","ORACLIS_PROVINCE_CODE":"1206300000","ORACLIS_PROVINCE":"South Cotabato","ORACLIS_LOCALITY_TYPE":"MUNICIPALITY","ORACLIS_SOURCE_DATA_STATUS":"CALIBRATED"},"id":1206312004},{"type":"Feature","geometry":{"type":"Polygon","coordinates":[[[125.13800751000007,6.163661550000029],[125.14034915200011,6.184853334000024],[125.1270943070001,6.216136437000046],[125.1190392420001,6.209322744000077],[125.11531608600002,6.188277285000026],[125.13800751000007,6.163661550000029]]]},"properties":{"adm1_psgc":1200000000,"adm2_psgc":1206300000,"adm3_psgc":1206312000,"adm4_psgc":1206312005,"adm4_en":"Klinan 6","geo_level":"Bgy","len_crs":14104,"area_crs":8694658,"len_km":14,"area_km2":8,"ORACLIS_PSGC":"1206312005","ORACLIS_BARANGAY":"Klinan 6","ORACLIS_LOCALITY_CODE":"1206312000","ORACLIS_LOCALITY":"Polomolok","ORACLIS_PROVINCE_CODE":"1206300000","ORACLIS_PROVINCE":"South Cotabato","ORACLIS_LOCALITY_TYPE":"MUNICIPALITY","ORACLIS_SOURCE_DATA_STATUS":"CALIBRATED"},"id":1206312005},{"type":"Feature","geometry":{"type":"Polygon","coordinates":[[[125.00829717200008,6.251620626000032],[124.99152921600012,6.263135351000074],[124.97880669500013,6.246560816000055],[124.99131714500004,6.232849892000046],[125.00829717200008,6.251620626000032]]]},"properties":{"adm1_psgc":1200000000,"adm2_psgc":1206300000,"adm3_psgc":1206312000,"adm4_psgc":1206312006,"adm4_en":"Koronadal Proper","geo_level":"Bgy","len_crs":13404,"area_crs":6378379,"len_km":13,"area_km2":6,"ORACLIS_PSGC":"1206312006","ORACLIS_BARANGAY":"Koronadal Proper","ORACLIS_LOCALITY_CODE":"1206312000","ORACLIS_LOCALITY":"Polomolok","ORACLIS_PROVINCE_CODE":"1206300000","ORACLIS_PROVINCE":"South Cotabato","ORACLIS_LOCALITY_TYPE":"MUNICIPALITY","ORACLIS_SOURCE_DATA_STATUS":"CALIBRATED"},"id":1206312006},{"type":"Feature","geometry":{"type":"Polygon","coordinates":[[[125.07655222800008,6.267720404000044],[125.05425943400007,6.291849374000035],[125.0303302850001,6.269362490000048],[125.04524779400002,6.253407939000055],[125.05731782900011,6.249615038000058],[125.06077059600013,6.252762862000054],[125.07655222800008,6.267720404000044]]]},"properties":{"adm1_psgc":1200000000,"adm2_psgc":1206300000,"adm3_psgc":1206312000,"adm4_psgc":1206312007,"adm4_en":"Lam-Caliaf","geo_level":"Bgy","len_crs":14491,"area_crs":12443009,"len_km":14,"area_km2":12,"ORACLIS_PSGC":"1206312007","ORACLIS_BARANGAY":"Lam-Caliaf","ORACLIS_LOCALITY_CODE":"1206312000","ORACLIS_LOCALITY":"Polomolok","ORACLIS_PROVINCE_CODE":"1206300000","ORACLIS_PROVINCE":"South Cotabato","ORACLIS_LOCALITY_TYPE":"MUNICIPALITY","ORACLIS_SOURCE_DATA_STATUS":"CALIBRATED"},"id":1206312007},{"type":"Feature","geometry":{"type":"Polygon","coordinates":[[[125.15292330800004,6.291989021000062],[125.18954006700005,6.296696573000077],[125.17812921100007,6.324000882000064],[125.16472306000001,6.339224147000039],[125.12454911500002,6.361280430000021],[125.07620906500006,6.359238639000068],[125.12010909800007,6.342624764000049],[125.12600055200006,6.317132342000035],[125.15292330800004,6.291989021000062]]]},"properties":{"adm1_psgc":1200000000,"adm2_psgc":1206300000,"adm3_psgc":1206312000,"adm4_psgc":1206312008,"adm4_en":"Landan","geo_level":"Bgy","len_crs":33654,"area_crs":38316545,"len_km":33,"area_km2":38,"ORACLIS_PSGC":"1206312008","ORACLIS_BARANGAY":"Landan","ORACLIS_LOCALITY_CODE":"1206312000","ORACLIS_LOCALITY":"Polomolok","ORACLIS_PROVINCE_CODE":"1206300000","ORACLIS_PROVINCE":"South Cotabato","ORACLIS_LOCALITY_TYPE":"MUNICIPALITY","ORACLIS_SOURCE_DATA_STATUS":"CALIBRATED"},"id":1206312008},{"type":"Feature","geometry":{"type":"Polygon","coordinates":[[[125.02988934300002,6.224143020000042],[125.02574395200008,6.226267046000032],[125.01607911500003,6.209124970000062],[125.02878202000012,6.195066690000031],[125.03786396000011,6.211504475000025],[125.055934524,6.219945372000041],[125.05794501600008,6.221177061000049],[125.05559880000008,6.223251106000021],[125.02988934300002,6.224143020000042]]]},"properties":{"adm1_psgc":1200000000,"adm2_psgc":1206300000,"adm3_psgc":1206312000,"adm4_psgc":1206312009,"adm4_en":"Lumakil","geo_level":"Bgy","len_crs":16858,"area_crs":6840884,"len_km":16,"area_km2":6,"ORACLIS_PSGC":"1206312009","ORACLIS_BARANGAY":"Lumakil","ORACLIS_LOCALITY_CODE":"1206312000","ORACLIS_LOCALITY":"Polomolok","ORACLIS_PROVINCE_CODE":"1206300000","ORACLIS_PROVINCE":"South Cotabato","ORACLIS_LOCALITY_TYPE":"MUNICIPALITY","ORACLIS_SOURCE_DATA_STATUS":"CALIBRATED"},"id":1206312009},{"type":"Feature","geometry":{"type":"Polygon","coordinates":[[[125.15292330800004,6.291989021000062],[125.12600055200006,6.317132342000035],[125.12010909800007,6.342624764000049],[125.07620906500006,6.359238639000068],[125.10345803300005,6.309991897000031],[125.12092345500001,6.311114983000038],[125.12387257500006,6.268895950000056],[125.13519292900003,6.256522650000021],[125.138421739,6.28119545800007],[125.15292330800004,6.291989021000062]]]},"properties":{"adm1_psgc":1200000000,"adm2_psgc":1206300000,"adm3_psgc":1206312000,"adm4_psgc":1206312011,"adm4_en":"Maligo","geo_level":"Bgy","len_crs":34379,"area_crs":25198150,"len_km":34,"area_km2":25,"ORACLIS_PSGC":"1206312011","ORACLIS_BARANGAY":"Maligo","ORACLIS_LOCALITY_CODE":"1206312000","ORACLIS_LOCALITY":"Polomolok","ORACLIS_PROVINCE_CODE":"1206300000","ORACLIS_PROVINCE":"South Cotabato","ORACLIS_LOCALITY_TYPE":"MUNICIPALITY","ORACLIS_SOURCE_DATA_STATUS":"CALIBRATED"},"id":1206312011},{"type":"Feature","geometry":{"type":"Polygon","coordinates":[[[125.05425943400007,6.291849374000035],[125.07620906500006,6.359238639000068],[125.01035010400007,6.289365749000071],[125.0303302850001,6.269362490000048],[125.05425943400007,6.291849374000035]]]},"properties":{"adm1_psgc":1200000000,"adm2_psgc":1206300000,"adm3_psgc":1206312000,"adm4_psgc":1206312013,"adm4_en":"Palkan","geo_level":"Bgy","len_crs":26173,"area_crs":22091910,"len_km":26,"area_km2":22,"ORACLIS_PSGC":"1206312013","ORACLIS_BARANGAY":"Palkan","ORACLIS_LOCALITY_CODE":"1206312000","ORACLIS_LOCALITY":"Polomolok","ORACLIS_PROVINCE_CODE":"1206300000","ORACLIS_PROVINCE":"South Cotabato","ORACLIS_LOCALITY_TYPE":"MUNICIPALITY","ORACLIS_SOURCE_DATA_STATUS":"CALIBRATED"},"id":1206312013},{"type":"Feature","geometry":{"type":"Polygon","coordinates":[[[125.09651526800006,6.218904378000047],[125.06077059600013,6.252762862000054],[125.05731782900011,6.249615038000058],[125.05559880000008,6.223251106000021],[125.05794501600008,6.221177061000049],[125.07506798200006,6.204069884000035],[125.09651526800006,6.218904378000047]]]},"properties":{"adm1_psgc":1200000000,"adm2_psgc":1206300000,"adm3_psgc":1206312000,"adm4_psgc":1206312014,"adm4_en":"Poblacion","geo_level":"Bgy","len_crs":16537,"area_crs":12173638,"len_km":16,"area_km2":12,"ORACLIS_PSGC":"1206312014","ORACLIS_BARANGAY":"Poblacion","ORACLIS_LOCALITY_CODE":"1206312000","ORACLIS_LOCALITY":"Polomolok","ORACLIS_PROVINCE_CODE":"1206300000","ORACLIS_PROVINCE":"South Cotabato","ORACLIS_LOCALITY_TYPE":"MUNICIPALITY","ORACLIS_SOURCE_DATA_STATUS":"CALIBRATED"},"id":1206312014},{"type":"Feature","geometry":{"type":"Polygon","coordinates":[[[125.12387257500006,6.268895950000056],[125.12092345500001,6.311114983000038],[125.10345803300005,6.309991897000031],[125.09204119900006,6.282529864000026],[125.07655222800008,6.267720404000044],[125.09784222000009,6.248710160000031],[125.12387257500006,6.268895950000056]]]},"properties":{"adm1_psgc":1200000000,"adm2_psgc":1206300000,"adm3_psgc":1206312000,"adm4_psgc":1206312015,"adm4_en":"Polo","geo_level":"Bgy","len_crs":21286,"area_crs":19130443,"len_km":21,"area_km2":19,"ORACLIS_PSGC":"1206312015","ORACLIS_BARANGAY":"Polo","ORACLIS_LOCALITY_CODE":"1206312000","ORACLIS_LOCALITY":"Polomolok","ORACLIS_PROVINCE_CODE":"1206300000","ORACLIS_PROVINCE":"South Cotabato","ORACLIS_LOCALITY_TYPE":"MUNICIPALITY","ORACLIS_SOURCE_DATA_STATUS":"CALIBRATED"},"id":1206312015},{"type":"Feature","geometry":{"type":"Polygon","coordinates":[[[125.07506798200006,6.204069884000035],[125.05794501600008,6.221177061000049],[125.055934524,6.219945372000041],[125.04554925200011,6.194465371000034],[125.0527386440001,6.179625865000048],[125.06193265400009,6.179853792000075],[125.07506798200006,6.204069884000035]]]},"properties":{"adm1_psgc":1200000000,"adm2_psgc":1206300000,"adm3_psgc":1206312000,"adm4_psgc":1206312016,"adm4_en":"Magsaysay","geo_level":"Bgy","len_crs":15733,"area_crs":8749292,"len_km":15,"area_km2":8,"ORACLIS_PSGC":"1206312016","ORACLIS_BARANGAY":"Magsaysay","ORACLIS_LOCALITY_CODE":"1206312000","ORACLIS_LOCALITY":"Polomolok","ORACLIS_PROVINCE_CODE":"1206300000","ORACLIS_PROVINCE":"South Cotabato","ORACLIS_LOCALITY_TYPE":"MUNICIPALITY","ORACLIS_SOURCE_DATA_STATUS":"CALIBRATED"},"id":1206312016},{"type":"Feature","geometry":{"type":"Polygon","coordinates":[[[125.055934524,6.219945372000041],[125.03786396000011,6.211504475000025],[125.02878202000012,6.195066690000031],[125.04739331300004,6.174429444000054],[125.0527386440001,6.179625865000048],[125.04554925200011,6.194465371000034],[125.055934524,6.219945372000041]]]},"properties":{"adm1_psgc":1200000000,"adm2_psgc":1206300000,"adm3_psgc":1206312000,"adm4_psgc":1206312017,"adm4_en":"Rubber","geo_level":"Bgy","len_crs":16509,"area_crs":6742332,"len_km":16,"area_km2":6,"ORACLIS_PSGC":"1206312017","ORACLIS_BARANGAY":"Rubber","ORACLIS_LOCALITY_CODE":"1206312000","ORACLIS_LOCALITY":"Polomolok","ORACLIS_PROVINCE_CODE":"1206300000","ORACLIS_PROVINCE":"South Cotabato","ORACLIS_LOCALITY_TYPE":"MUNICIPALITY","ORACLIS_SOURCE_DATA_STATUS":"CALIBRATED"},"id":1206312017},{"type":"Feature","geometry":{"type":"Polygon","coordinates":[[[125.1190392420001,6.209322744000077],[125.11287497900001,6.216661558000054],[125.09817212700011,6.181069431000024],[125.1203010910001,6.159096416000067],[125.13800751000007,6.163661550000029],[125.11531608600002,6.188277285000026],[125.1190392420001,6.209322744000077]]]},"properties":{"adm1_psgc":1200000000,"adm2_psgc":1206300000,"adm3_psgc":1206312000,"adm4_psgc":1206312018,"adm4_en":"Silway 7","geo_level":"Bgy","len_crs":18957,"area_crs":11023806,"len_km":18,"area_km2":11,"ORACLIS_PSGC":"1206312018","ORACLIS_BARANGAY":"Silway 7","ORACLIS_LOCALITY_CODE":"1206312000","ORACLIS_LOCALITY":"Polomolok","ORACLIS_PROVINCE_CODE":"1206300000","ORACLIS_PROVINCE":"South Cotabato","ORACLIS_LOCALITY_TYPE":"MUNICIPALITY","ORACLIS_SOURCE_DATA_STATUS":"CALIBRATED"},"id":1206312018},{"type":"Feature","geometry":{"type":"Polygon","coordinates":[[[125.11287497900001,6.216661558000054],[125.11012993800011,6.221676823000052],[125.09651526800006,6.218904378000047],[125.07506798200006,6.204069884000035],[125.06193265400009,6.179853792000075],[125.0749948680001,6.172046640000076],[125.09817212700011,6.181069431000024],[125.11287497900001,6.216661558000054]]]},"properties":{"adm1_psgc":1200000000,"adm2_psgc":1206300000,"adm3_psgc":1206312000,"adm4_psgc":1206312019,"adm4_en":"Silway 8","geo_level":"Bgy","len_crs":22113,"area_crs":15892388,"len_km":22,"area_km2":15,"ORACLIS_PSGC":"1206312019","ORACLIS_BARANGAY":"Silway 8","ORACLIS_LOCALITY_CODE":"1206312000","ORACLIS_LOCALITY":"Polomolok","ORACLIS_PROVINCE_CODE":"1206300000","ORACLIS_PROVINCE":"South Cotabato","ORACLIS_LOCALITY_TYPE":"MUNICIPALITY","ORACLIS_SOURCE_DATA_STATUS":"CALIBRATED"},"id":1206312019},{"type":"Feature","geometry":{"type":"Polygon","coordinates":[[[125.04524779400002,6.253407939000055],[125.0303302850001,6.269362490000048],[125.00955660700004,6.250469996000048],[125.01762680400009,6.234886972000027],[125.02574395200008,6.226267046000032],[125.02988934300002,6.224143020000042],[125.04524779400002,6.253407939000055]]]},"properties":{"adm1_psgc":1200000000,"adm2_psgc":1206300000,"adm3_psgc":1206312000,"adm4_psgc":1206312020,"adm4_en":"Sulit","geo_level":"Bgy","len_crs":15294,"area_crs":10119791,"len_km":15,"area_km2":10,"ORACLIS_PSGC":"1206312020","ORACLIS_BARANGAY":"Sulit","ORACLIS_LOCALITY_CODE":"1206312000","ORACLIS_LOCALITY":"Polomolok","ORACLIS_PROVINCE_CODE":"1206300000","ORACLIS_PROVINCE":"South Cotabato","ORACLIS_LOCALITY_TYPE":"MUNICIPALITY","ORACLIS_SOURCE_DATA_STATUS":"CALIBRATED"},"id":1206312020},{"type":"Feature","geometry":{"type":"Polygon","coordinates":[[[124.99152921600012,6.263135351000074],[124.98595294100006,6.270519473000036],[124.97880669500013,6.246560816000055],[124.99152921600012,6.263135351000074]]]},"properties":{"adm1_psgc":1200000000,"adm2_psgc":1206300000,"adm3_psgc":1206312000,"adm4_psgc":1206312021,"adm4_en":"Sumbakil","geo_level":"Bgy","len_crs":8156,"area_crs":2849794,"len_km":8,"area_km2":2,"ORACLIS_PSGC":"1206312021","ORACLIS_BARANGAY":"Sumbakil","ORACLIS_LOCALITY_CODE":"1206312000","ORACLIS_LOCALITY":"Polomolok","ORACLIS_PROVINCE_CODE":"1206300000","ORACLIS_PROVINCE":"South Cotabato","ORACLIS_LOCALITY_TYPE":"MUNICIPALITY","ORACLIS_SOURCE_DATA_STATUS":"CALIBRATED"},"id":1206312021},{"type":"Feature","geometry":{"type":"Polygon","coordinates":[[[125.12387257500006,6.268895950000056],[125.09784222000009,6.248710160000031],[125.11012993800011,6.221676823000052],[125.11287497900001,6.216661558000054],[125.1190392420001,6.209322744000077],[125.1270943070001,6.216136437000046],[125.13519292900003,6.256522650000021],[125.12387257500006,6.268895950000056]]]},"properties":{"adm1_psgc":1200000000,"adm2_psgc":1206300000,"adm3_psgc":1206312000,"adm4_psgc":1206312022,"adm4_en":"Upper Klinan","geo_level":"Bgy","len_crs":18107,"area_crs":15513298,"len_km":18,"area_km2":15,"ORACLIS_PSGC":"1206312022","ORACLIS_BARANGAY":"Upper Klinan","ORACLIS_LOCALITY_CODE":"1206312000","ORACLIS_LOCALITY":"Polomolok","ORACLIS_PROVINCE_CODE":"1206300000","ORACLIS_PROVINCE":"South Cotabato","ORACLIS_LOCALITY_TYPE":"MUNICIPALITY","ORACLIS_SOURCE_DATA_STATUS":"CALIBRATED"},"id":1206312022},{"type":"Feature","geometry":{"type":"Polygon","coordinates":[[[125.02574395200008,6.226267046000032],[125.01762680400009,6.234886972000027],[125.00605795800003,6.220272946000022],[125.01607911500003,6.209124970000062],[125.02574395200008,6.226267046000032]]]},"properties":{"adm1_psgc":1200000000,"adm2_psgc":1206300000,"adm3_psgc":1206312000,"adm4_psgc":1206312023,"adm4_en":"Lapu","geo_level":"Bgy","len_crs":8509,"area_crs":3312022,"len_km":8,"area_km2":3,"ORACLIS_PSGC":"1206312023","ORACLIS_BARANGAY":"Lapu","ORACLIS_LOCALITY_CODE":"1206312000","ORACLIS_LOCALITY":"Polomolok","ORACLIS_PROVINCE_CODE":"1206300000","ORACLIS_PROVINCE":"South Cotabato","ORACLIS_LOCALITY_TYPE":"MUNICIPALITY","ORACLIS_SOURCE_DATA_STATUS":"CALIBRATED"},"id":1206312023},{"type":"Feature","geometry":{"type":"Polygon","coordinates":[[[125.09784222000009,6.248710160000031],[125.07655222800008,6.267720404000044],[125.06077059600013,6.252762862000054],[125.09651526800006,6.218904378000047],[125.11012993800011,6.221676823000052],[125.09784222000009,6.248710160000031]]]},"properties":{"adm1_psgc":1200000000,"adm2_psgc":1206300000,"adm3_psgc":1206312000,"adm4_psgc":1206312024,"adm4_en":"Cannery Site","geo_level":"Bgy","len_crs":17569,"area_crs":13277100,"len_km":17,"area_km2":13,"ORACLIS_PSGC":"1206312024","ORACLIS_BARANGAY":"Cannery Site","ORACLIS_LOCALITY_CODE":"1206312000","ORACLIS_LOCALITY":"Polomolok","ORACLIS_PROVINCE_CODE":"1206300000","ORACLIS_PROVINCE":"South Cotabato","ORACLIS_LOCALITY_TYPE":"MUNICIPALITY","ORACLIS_SOURCE_DATA_STATUS":"CALIBRATED"},"id":1206312024},{"type":"Feature","geometry":{"type":"Polygon","coordinates":[[[125.05731782900011,6.249615038000058],[125.04524779400002,6.253407939000055],[125.02988934300002,6.224143020000042],[125.05559880000008,6.223251106000021],[125.05731782900011,6.249615038000058]]]},"properties":{"adm1_psgc":1200000000,"adm2_psgc":1206300000,"adm3_psgc":1206312000,"adm4_psgc":1206312025,"adm4_en":"Pagalungan","geo_level":"Bgy","len_crs":15138,"area_crs":7723578,"len_km":15,"area_km2":7,"ORACLIS_PSGC":"1206312025","ORACLIS_BARANGAY":"Pagalungan","ORACLIS_LOCALITY_CODE":"1206312000","ORACLIS_LOCALITY":"Polomolok","ORACLIS_PROVINCE_CODE":"1206300000","ORACLIS_PROVINCE":"South Cotabato","ORACLIS_LOCALITY_TYPE":"MUNICIPALITY","ORACLIS_SOURCE_DATA_STATUS":"CALIBRATED"},"id":1206312025},{"type":"Feature","geometry":{"type":"Polygon","coordinates":[[[124.69462018800004,6.425083602000028],[124.68573641600005,6.424531623000064],[124.67118395400007,6.418692902000033],[124.70762623700011,6.409330836000038],[124.69462018800004,6.425083602000028]]]},"properties":{"adm1_psgc":1200000000,"adm2_psgc":1206300000,"adm3_psgc":1206318000,"adm4_psgc":1206318001,"adm4_en":"Ambalgan","geo_level":"Bgy","len_crs":11818,"area_crs":5049628,"len_km":11,"area_km2":5,"ORACLIS_PSGC":"1206318001","ORACLIS_BARANGAY":"Ambalgan","ORACLIS_LOCALITY_CODE":"1206318000","ORACLIS_LOCALITY":"Santo Niño","ORACLIS_PROVINCE_CODE":"1206300000","ORACLIS_PROVINCE":"South Cotabato","ORACLIS_LOCALITY_TYPE":"MUNICIPALITY","ORACLIS_SOURCE_DATA_STATUS":"CALIBRATED"},"id":1206318001},{"type":"Feature","geometry":{"type":"Polygon","coordinates":[[[124.68573781700002,6.479630164000071],[124.65818804800006,6.48403398800002],[124.6522353250001,6.469395168000063],[124.66276039400009,6.458170473000052],[124.68446272500013,6.457251359000054],[124.68573781700002,6.479630164000071]]]},"properties":{"adm1_psgc":1200000000,"adm2_psgc":1206300000,"adm3_psgc":1206318000,"adm4_psgc":1206318002,"adm4_en":"Guinsang-an","geo_level":"Bgy","len_crs":13164,"area_crs":9553900,"len_km":13,"area_km2":9,"ORACLIS_PSGC":"1206318002","ORACLIS_BARANGAY":"Guinsang-an","ORACLIS_LOCALITY_CODE":"1206318000","ORACLIS_LOCALITY":"Santo Niño","ORACLIS_PROVINCE_CODE":"1206300000","ORACLIS_PROVINCE":"South Cotabato","ORACLIS_LOCALITY_TYPE":"MUNICIPALITY","ORACLIS_SOURCE_DATA_STATUS":"CALIBRATED"},"id":1206318002},{"type":"Feature","geometry":{"type":"Polygon","coordinates":[[[124.70922421400007,6.455859858000054],[124.68573781700002,6.479630164000071],[124.68446272500013,6.457251359000054],[124.70766595300006,6.456162935000066],[124.70922421400007,6.455859858000054]]]},"properties":{"adm1_psgc":1200000000,"adm2_psgc":1206300000,"adm3_psgc":1206318000,"adm4_psgc":1206318003,"adm4_en":"Katipunan","geo_level":"Bgy","len_crs":12504,"area_crs":8712539,"len_km":12,"area_km2":8,"ORACLIS_PSGC":"1206318003","ORACLIS_BARANGAY":"Katipunan","ORACLIS_LOCALITY_CODE":"1206318000","ORACLIS_LOCALITY":"Santo Niño","ORACLIS_PROVINCE_CODE":"1206300000","ORACLIS_PROVINCE":"South Cotabato","ORACLIS_LOCALITY_TYPE":"MUNICIPALITY","ORACLIS_SOURCE_DATA_STATUS":"CALIBRATED"},"id":1206318003},{"type":"Feature","geometry":{"type":"Polygon","coordinates":[[[124.63398326000005,6.469943038000053],[124.61669368300011,6.470166102000062],[124.63452403400004,6.435347308000074],[124.66364131400009,6.433604045000039],[124.662196375,6.443235302000062],[124.66276039400009,6.458170473000052],[124.6522353250001,6.469395168000063],[124.63398326000005,6.469943038000053]]]},"properties":{"adm1_psgc":1200000000,"adm2_psgc":1206300000,"adm3_psgc":1206318000,"adm4_psgc":1206318004,"adm4_en":"Manuel Roxas","geo_level":"Bgy","len_crs":17436,"area_crs":13876424,"len_km":17,"area_km2":13,"ORACLIS_PSGC":"1206318004","ORACLIS_BARANGAY":"Manuel Roxas","ORACLIS_LOCALITY_CODE":"1206318000","ORACLIS_LOCALITY":"Santo Niño","ORACLIS_PROVINCE_CODE":"1206300000","ORACLIS_PROVINCE":"South Cotabato","ORACLIS_LOCALITY_TYPE":"MUNICIPALITY","ORACLIS_SOURCE_DATA_STATUS":"CALIBRATED"},"id":1206318004},{"type":"Feature","geometry":{"type":"Polygon","coordinates":[[[124.63492771500012,6.499401833000036],[124.61669368300011,6.470166102000062],[124.63398326000005,6.469943038000053],[124.63492771500012,6.499401833000036]]]},"properties":{"adm1_psgc":1200000000,"adm2_psgc":1206300000,"adm3_psgc":1206318000,"adm4_psgc":1206318005,"adm4_en":"Panay","geo_level":"Bgy","len_crs":12773,"area_crs":9005555,"len_km":12,"area_km2":9,"ORACLIS_PSGC":"1206318005","ORACLIS_BARANGAY":"Panay","ORACLIS_LOCALITY_CODE":"1206318000","ORACLIS_LOCALITY":"Santo Niño","ORACLIS_PROVINCE_CODE":"1206300000","ORACLIS_PROVINCE":"South Cotabato","ORACLIS_LOCALITY_TYPE":"MUNICIPALITY","ORACLIS_SOURCE_DATA_STATUS":"CALIBRATED"},"id":1206318005},{"type":"Feature","geometry":{"type":"Polygon","coordinates":[[[124.68398967900008,6.442986016000019],[124.662196375,6.443235302000062],[124.66364131400009,6.433604045000039],[124.67118395400007,6.418692902000033],[124.68573641600005,6.424531623000064],[124.68398967900008,6.442986016000019]]]},"properties":{"adm1_psgc":1200000000,"adm2_psgc":1206300000,"adm3_psgc":1206318000,"adm4_psgc":1206318006,"adm4_en":"Poblacion","geo_level":"Bgy","len_crs":10419,"area_crs":5781402,"len_km":10,"area_km2":5,"ORACLIS_PSGC":"1206318006","ORACLIS_BARANGAY":"Poblacion","ORACLIS_LOCALITY_CODE":"1206318000","ORACLIS_LOCALITY":"Santo Niño","ORACLIS_PROVINCE_CODE":"1206300000","ORACLIS_PROVINCE":"South Cotabato","ORACLIS_LOCALITY_TYPE":"MUNICIPALITY","ORACLIS_SOURCE_DATA_STATUS":"CALIBRATED"},"id":1206318006},{"type":"Feature","geometry":{"type":"Polygon","coordinates":[[[124.68446272500013,6.457251359000054],[124.66276039400009,6.458170473000052],[124.662196375,6.443235302000062],[124.68398967900008,6.442986016000019],[124.699300375,6.444042219000038],[124.70766595300006,6.456162935000066],[124.68446272500013,6.457251359000054]]]},"properties":{"adm1_psgc":1200000000,"adm2_psgc":1206300000,"adm3_psgc":1206318000,"adm4_psgc":1206318007,"adm4_en":"San Isidro","geo_level":"Bgy","len_crs":12407,"area_crs":7016867,"len_km":12,"area_km2":7,"ORACLIS_PSGC":"1206318007","ORACLIS_BARANGAY":"San Isidro","ORACLIS_LOCALITY_CODE":"1206318000","ORACLIS_LOCALITY":"Santo Niño","ORACLIS_PROVINCE_CODE":"1206300000","ORACLIS_PROVINCE":"South Cotabato","ORACLIS_LOCALITY_TYPE":"MUNICIPALITY","ORACLIS_SOURCE_DATA_STATUS":"CALIBRATED"},"id":1206318007},{"type":"Feature","geometry":{"type":"Polygon","coordinates":[[[124.65818804800006,6.48403398800002],[124.63492771500012,6.499401833000036],[124.63398326000005,6.469943038000053],[124.6522353250001,6.469395168000063],[124.65818804800006,6.48403398800002]]]},"properties":{"adm1_psgc":1200000000,"adm2_psgc":1206300000,"adm3_psgc":1206318000,"adm4_psgc":1206318008,"adm4_en":"San Vicente","geo_level":"Bgy","len_crs":11735,"area_crs":8006093,"len_km":11,"area_km2":8,"ORACLIS_PSGC":"1206318008","ORACLIS_BARANGAY":"San Vicente","ORACLIS_LOCALITY_CODE":"1206318000","ORACLIS_LOCALITY":"Santo Niño","ORACLIS_PROVINCE_CODE":"1206300000","ORACLIS_PROVINCE":"South Cotabato","ORACLIS_LOCALITY_TYPE":"MUNICIPALITY","ORACLIS_SOURCE_DATA_STATUS":"CALIBRATED"},"id":1206318008},{"type":"Feature","geometry":{"type":"Polygon","coordinates":[[[124.70922421400007,6.455859858000054],[124.70766595300006,6.456162935000066],[124.699300375,6.444042219000038],[124.69462018800004,6.425083602000028],[124.70762623700011,6.409330836000038],[124.7174437230001,6.417038212000022],[124.70922421400007,6.455859858000054]]]},"properties":{"adm1_psgc":1200000000,"adm2_psgc":1206300000,"adm3_psgc":1206318000,"adm4_psgc":1206318009,"adm4_en":"Teresita","geo_level":"Bgy","len_crs":13537,"area_crs":6921860,"len_km":13,"area_km2":6,"ORACLIS_PSGC":"1206318009","ORACLIS_BARANGAY":"Teresita","ORACLIS_LOCALITY_CODE":"1206318000","ORACLIS_LOCALITY":"Santo Niño","ORACLIS_PROVINCE_CODE":"1206300000","ORACLIS_PROVINCE":"South Cotabato","ORACLIS_LOCALITY_TYPE":"MUNICIPALITY","ORACLIS_SOURCE_DATA_STATUS":"CALIBRATED"},"id":1206318009},{"type":"Feature","geometry":{"type":"Polygon","coordinates":[[[124.69462018800004,6.425083602000028],[124.699300375,6.444042219000038],[124.68398967900008,6.442986016000019],[124.68573641600005,6.424531623000064],[124.69462018800004,6.425083602000028]]]},"properties":{"adm1_psgc":1200000000,"adm2_psgc":1206300000,"adm3_psgc":1206318000,"adm4_psgc":1206318010,"adm4_en":"Sajaneba","geo_level":"Bgy","len_crs":8128,"area_crs":3513280,"len_km":8,"area_km2":3,"ORACLIS_PSGC":"1206318010","ORACLIS_BARANGAY":"Sajaneba","ORACLIS_LOCALITY_CODE":"1206318000","ORACLIS_LOCALITY":"Santo Niño","ORACLIS_PROVINCE_CODE":"1206300000","ORACLIS_PROVINCE":"South Cotabato","ORACLIS_LOCALITY_TYPE":"MUNICIPALITY","ORACLIS_SOURCE_DATA_STATUS":"CALIBRATED"},"id":1206318010},{"type":"Feature","geometry":{"type":"Polygon","coordinates":[[[124.75744370600013,6.312063697000041],[124.74107204400002,6.329176149000035],[124.73127764800007,6.308601583000041],[124.75259968900002,6.294590713000047],[124.75894214900008,6.29258952600003],[124.75744370600013,6.312063697000041]]]},"properties":{"adm1_psgc":1200000000,"adm2_psgc":1206300000,"adm3_psgc":1206313000,"adm4_psgc":1206313002,"adm4_en":"Buenavista","geo_level":"Bgy","len_crs":12064,"area_crs":7321805,"len_km":12,"area_km2":7,"ORACLIS_PSGC":"1206313002","ORACLIS_BARANGAY":"Buenavista","ORACLIS_LOCALITY_CODE":"1206313000","ORACLIS_LOCALITY":"Surallah","ORACLIS_PROVINCE_CODE":"1206300000","ORACLIS_PROVINCE":"South Cotabato","ORACLIS_LOCALITY_TYPE":"MUNICIPALITY","ORACLIS_SOURCE_DATA_STATUS":"CALIBRATED"},"id":1206313002},{"type":"Feature","geometry":{"type":"Polygon","coordinates":[[[124.7815766100001,6.360418506000031],[124.75637910400008,6.37536340400004],[124.74220017000006,6.365996196000024],[124.73067369500006,6.347246381000047],[124.74107204400002,6.329176149000035],[124.75744370600013,6.312063697000041],[124.76565684,6.328923660000043],[124.7815766100001,6.360418506000031]]]},"properties":{"adm1_psgc":1200000000,"adm2_psgc":1206300000,"adm3_psgc":1206313000,"adm4_psgc":1206313003,"adm4_en":"Centrala","geo_level":"Bgy","len_crs":20825,"area_crs":21959684,"len_km":20,"area_km2":21,"ORACLIS_PSGC":"1206313003","ORACLIS_BARANGAY":"Centrala","ORACLIS_LOCALITY_CODE":"1206313000","ORACLIS_LOCALITY":"Surallah","ORACLIS_PROVINCE_CODE":"1206300000","ORACLIS_PROVINCE":"South Cotabato","ORACLIS_LOCALITY_TYPE":"MUNICIPALITY","ORACLIS_SOURCE_DATA_STATUS":"CALIBRATED"},"id":1206313003},{"type":"Feature","geometry":{"type":"Polygon","coordinates":[[[124.73067369500006,6.347246381000047],[124.7175431290001,6.355506427000024],[124.6960390920001,6.324517991000049],[124.66720287400005,6.308469795000063],[124.65766437900004,6.30562909300005],[124.69744350300003,6.293385406000029],[124.72483695300002,6.311876159000064],[124.73127764800007,6.308601583000041],[124.74107204400002,6.329176149000035],[124.73067369500006,6.347246381000047]]]},"properties":{"adm1_psgc":1200000000,"adm2_psgc":1206300000,"adm3_psgc":1206313000,"adm4_psgc":1206313004,"adm4_en":"Colongulo","geo_level":"Bgy","len_crs":27422,"area_crs":25564680,"len_km":27,"area_km2":25,"ORACLIS_PSGC":"1206313004","ORACLIS_BARANGAY":"Colongulo","ORACLIS_LOCALITY_CODE":"1206313000","ORACLIS_LOCALITY":"Surallah","ORACLIS_PROVINCE_CODE":"1206300000","ORACLIS_PROVINCE":"South Cotabato","ORACLIS_LOCALITY_TYPE":"MUNICIPALITY","ORACLIS_SOURCE_DATA_STATUS":"CALIBRATED"},"id":1206313004},{"type":"Feature","geometry":{"type":"Polygon","coordinates":[[[124.73786260400006,6.387270168000043],[124.71907153600011,6.414279214000032],[124.69694709600002,6.399655844000052],[124.69958418800003,6.377219575000026],[124.7082864,6.371301902000027],[124.7175431290001,6.355506427000024],[124.73067369500006,6.347246381000047],[124.74220017000006,6.365996196000024],[124.73786260400006,6.387270168000043]]]},"properties":{"adm1_psgc":1200000000,"adm2_psgc":1206300000,"adm3_psgc":1206313000,"adm4_psgc":1206313005,"adm4_en":"Dajay","geo_level":"Bgy","len_crs":20378,"area_crs":21951967,"len_km":20,"area_km2":21,"ORACLIS_PSGC":"1206313005","ORACLIS_BARANGAY":"Dajay","ORACLIS_LOCALITY_CODE":"1206313000","ORACLIS_LOCALITY":"Surallah","ORACLIS_PROVINCE_CODE":"1206300000","ORACLIS_PROVINCE":"South Cotabato","ORACLIS_LOCALITY_TYPE":"MUNICIPALITY","ORACLIS_SOURCE_DATA_STATUS":"CALIBRATED"},"id":1206313005},{"type":"Feature","geometry":{"type":"Polygon","coordinates":[[[124.69958418800003,6.377219575000026],[124.69080939200013,6.356254157000023],[124.7082864,6.371301902000027],[124.69958418800003,6.377219575000026]]]},"properties":{"adm1_psgc":1200000000,"adm2_psgc":1206300000,"adm3_psgc":1206313000,"adm4_psgc":1206313006,"adm4_en":"Duengas","geo_level":"Bgy","len_crs":8469,"area_crs":3754557,"len_km":8,"area_km2":3,"ORACLIS_PSGC":"1206313006","ORACLIS_BARANGAY":"Duengas","ORACLIS_LOCALITY_CODE":"1206313000","ORACLIS_LOCALITY":"Surallah","ORACLIS_PROVINCE_CODE":"1206300000","ORACLIS_PROVINCE":"South Cotabato","ORACLIS_LOCALITY_TYPE":"MUNICIPALITY","ORACLIS_SOURCE_DATA_STATUS":"CALIBRATED"},"id":1206313006},{"type":"Feature","geometry":{"type":"Polygon","coordinates":[[[124.73127764800007,6.308601583000041],[124.72483695300002,6.311876159000064],[124.73081438600002,6.286789553000061],[124.75259968900002,6.294590713000047],[124.73127764800007,6.308601583000041]]]},"properties":{"adm1_psgc":1200000000,"adm2_psgc":1206300000,"adm3_psgc":1206313000,"adm4_psgc":1206313008,"adm4_en":"Canahay","geo_level":"Bgy","len_crs":18358,"area_crs":8689368,"len_km":18,"area_km2":8,"ORACLIS_PSGC":"1206313008","ORACLIS_BARANGAY":"Canahay","ORACLIS_LOCALITY_CODE":"1206313000","ORACLIS_LOCALITY":"Surallah","ORACLIS_PROVINCE_CODE":"1206300000","ORACLIS_PROVINCE":"South Cotabato","ORACLIS_LOCALITY_TYPE":"MUNICIPALITY","ORACLIS_SOURCE_DATA_STATUS":"CALIBRATED"},"id":1206313008},{"type":"Feature","geometry":{"type":"Polygon","coordinates":[[[124.82332732800012,6.324589354000068],[124.81004402600001,6.351020843000073],[124.79739395100012,6.326983348000056],[124.81409794800004,6.297688546000075],[124.83079359100009,6.303829276000045],[124.82332732800012,6.324589354000068]]]},"properties":{"adm1_psgc":1200000000,"adm2_psgc":1206300000,"adm3_psgc":1206313000,"adm4_psgc":1206313014,"adm4_en":"Lambontong","geo_level":"Bgy","len_crs":15170,"area_crs":12737110,"len_km":15,"area_km2":12,"ORACLIS_PSGC":"1206313014","ORACLIS_BARANGAY":"Lambontong","ORACLIS_LOCALITY_CODE":"1206313000","ORACLIS_LOCALITY":"Surallah","ORACLIS_PROVINCE_CODE":"1206300000","ORACLIS_PROVINCE":"South Cotabato","ORACLIS_LOCALITY_TYPE":"MUNICIPALITY","ORACLIS_SOURCE_DATA_STATUS":"CALIBRATED"},"id":1206313014},{"type":"Feature","geometry":{"type":"Polygon","coordinates":[[[124.82093891100011,6.279359137000029],[124.85478896100007,6.288891857000068],[124.84091787500006,6.331034390000069],[124.82332732800012,6.324589354000068],[124.83079359100009,6.303829276000045],[124.81409794800004,6.297688546000075],[124.81755422600008,6.288477529000033],[124.82093891100011,6.279359137000029]]]},"properties":{"adm1_psgc":1200000000,"adm2_psgc":1206300000,"adm3_psgc":1206313000,"adm4_psgc":1206313017,"adm4_en":"Lamian","geo_level":"Bgy","len_crs":17605,"area_crs":13463872,"len_km":17,"area_km2":13,"ORACLIS_PSGC":"1206313017","ORACLIS_BARANGAY":"Lamian","ORACLIS_LOCALITY_CODE":"1206313000","ORACLIS_LOCALITY":"Surallah","ORACLIS_PROVINCE_CODE":"1206300000","ORACLIS_PROVINCE":"South Cotabato","ORACLIS_LOCALITY_TYPE":"MUNICIPALITY","ORACLIS_SOURCE_DATA_STATUS":"CALIBRATED"},"id":1206313017},{"type":"Feature","geometry":{"type":"Polygon","coordinates":[[[124.81409794800004,6.297688546000075],[124.79739395100012,6.326983348000056],[124.79150983400007,6.315706338000039],[124.78699328300002,6.294813664000059],[124.79220255400004,6.279717580000067],[124.81755422600008,6.288477529000033],[124.81409794800004,6.297688546000075]]]},"properties":{"adm1_psgc":1200000000,"adm2_psgc":1206300000,"adm3_psgc":1206313000,"adm4_psgc":1206313018,"adm4_en":"Lamsugod","geo_level":"Bgy","len_crs":14673,"area_crs":9010205,"len_km":14,"area_km2":9,"ORACLIS_PSGC":"1206313018","ORACLIS_BARANGAY":"Lamsugod","ORACLIS_LOCALITY_CODE":"1206313000","ORACLIS_LOCALITY":"Surallah","ORACLIS_PROVINCE_CODE":"1206300000","ORACLIS_PROVINCE":"South Cotabato","ORACLIS_LOCALITY_TYPE":"MUNICIPALITY","ORACLIS_SOURCE_DATA_STATUS":"CALIBRATED"},"id":1206313018},{"type":"Feature","geometry":{"type":"Polygon","coordinates":[[[124.75637910400008,6.37536340400004],[124.73786260400006,6.387270168000043],[124.74220017000006,6.365996196000024],[124.75637910400008,6.37536340400004]]]},"properties":{"adm1_psgc":1200000000,"adm2_psgc":1206300000,"adm3_psgc":1206313000,"adm4_psgc":1206313019,"adm4_en":"Libertad","geo_level":"Bgy","len_crs":10408,"area_crs":5132480,"len_km":10,"area_km2":5,"ORACLIS_PSGC":"1206313019","ORACLIS_BARANGAY":"Libertad","ORACLIS_LOCALITY_CODE":"1206313000","ORACLIS_LOCALITY":"Surallah","ORACLIS_PROVINCE_CODE":"1206300000","ORACLIS_PROVINCE":"South Cotabato","ORACLIS_LOCALITY_TYPE":"MUNICIPALITY","ORACLIS_SOURCE_DATA_STATUS":"CALIBRATED"},"id":1206313019},{"type":"Feature","geometry":{"type":"Polygon","coordinates":[[[124.73081438600002,6.286789553000061],[124.72483695300002,6.311876159000064],[124.69744350300003,6.293385406000029],[124.7173667510001,6.280296595000038],[124.73081438600002,6.286789553000061]]]},"properties":{"adm1_psgc":1200000000,"adm2_psgc":1206300000,"adm3_psgc":1206313000,"adm4_psgc":1206313020,"adm4_en":"Little Baguio","geo_level":"Bgy","len_crs":13721,"area_crs":8543425,"len_km":13,"area_km2":8,"ORACLIS_PSGC":"1206313020","ORACLIS_BARANGAY":"Little Baguio","ORACLIS_LOCALITY_CODE":"1206313000","ORACLIS_LOCALITY":"Surallah","ORACLIS_PROVINCE_CODE":"1206300000","ORACLIS_PROVINCE":"South Cotabato","ORACLIS_LOCALITY_TYPE":"MUNICIPALITY","ORACLIS_SOURCE_DATA_STATUS":"CALIBRATED"},"id":1206313020},{"type":"Feature","geometry":{"type":"Polygon","coordinates":[[[124.7175431290001,6.355506427000024],[124.7082864,6.371301902000027],[124.69080939200013,6.356254157000023],[124.65683479400002,6.339170082000066],[124.66720287400005,6.308469795000063],[124.6960390920001,6.324517991000049],[124.7175431290001,6.355506427000024]]]},"properties":{"adm1_psgc":1200000000,"adm2_psgc":1206300000,"adm3_psgc":1206313000,"adm4_psgc":1206313023,"adm4_en":"Moloy","geo_level":"Bgy","len_crs":20661,"area_crs":23368972,"len_km":20,"area_km2":23,"ORACLIS_PSGC":"1206313023","ORACLIS_BARANGAY":"Moloy","ORACLIS_LOCALITY_CODE":"1206313000","ORACLIS_LOCALITY":"Surallah","ORACLIS_PROVINCE_CODE":"1206300000","ORACLIS_PROVINCE":"South Cotabato","ORACLIS_LOCALITY_TYPE":"MUNICIPALITY","ORACLIS_SOURCE_DATA_STATUS":"CALIBRATED"},"id":1206313023},{"type":"Feature","geometry":{"type":"Polygon","coordinates":[[[124.81004402600001,6.351020843000073],[124.7815766100001,6.360418506000031],[124.76565684,6.328923660000043],[124.79150983400007,6.315706338000039],[124.79739395100012,6.326983348000056],[124.81004402600001,6.351020843000073]]]},"properties":{"adm1_psgc":1200000000,"adm2_psgc":1206300000,"adm3_psgc":1206313000,"adm4_psgc":1206313024,"adm4_en":"Naci","geo_level":"Bgy","len_crs":15578,"area_crs":14857095,"len_km":15,"area_km2":14,"ORACLIS_PSGC":"1206313024","ORACLIS_BARANGAY":"Naci","ORACLIS_LOCALITY_CODE":"1206313000","ORACLIS_LOCALITY":"Surallah","ORACLIS_PROVINCE_CODE":"1206300000","ORACLIS_PROVINCE":"South Cotabato","ORACLIS_LOCALITY_TYPE":"MUNICIPALITY","ORACLIS_SOURCE_DATA_STATUS":"CALIBRATED"},"id":1206313024},{"type":"Feature","geometry":{"type":"Polygon","coordinates":[[[124.69694709600002,6.399655844000052],[124.66158096700009,6.388889744000039],[124.654012211,6.38220400900002],[124.65683479400002,6.339170082000066],[124.69080939200013,6.356254157000023],[124.69958418800003,6.377219575000026],[124.69694709600002,6.399655844000052]]]},"properties":{"adm1_psgc":1200000000,"adm2_psgc":1206300000,"adm3_psgc":1206313000,"adm4_psgc":1206313028,"adm4_en":"Talahik","geo_level":"Bgy","len_crs":24091,"area_crs":19645505,"len_km":24,"area_km2":19,"ORACLIS_PSGC":"1206313028","ORACLIS_BARANGAY":"Talahik","ORACLIS_LOCALITY_CODE":"1206313000","ORACLIS_LOCALITY":"Surallah","ORACLIS_PROVINCE_CODE":"1206300000","ORACLIS_PROVINCE":"South Cotabato","ORACLIS_LOCALITY_TYPE":"MUNICIPALITY","ORACLIS_SOURCE_DATA_STATUS":"CALIBRATED"},"id":1206313028},{"type":"Feature","geometry":{"type":"Polygon","coordinates":[[[124.79150983400007,6.315706338000039],[124.76565684,6.328923660000043],[124.75744370600013,6.312063697000041],[124.75894214900008,6.29258952600003],[124.78699328300002,6.294813664000059],[124.79150983400007,6.315706338000039]]]},"properties":{"adm1_psgc":1200000000,"adm2_psgc":1206300000,"adm3_psgc":1206313000,"adm4_psgc":1206313030,"adm4_en":"Tubiala","geo_level":"Bgy","len_crs":15379,"area_crs":11612209,"len_km":15,"area_km2":11,"ORACLIS_PSGC":"1206313030","ORACLIS_BARANGAY":"Tubiala","ORACLIS_LOCALITY_CODE":"1206313000","ORACLIS_LOCALITY":"Surallah","ORACLIS_PROVINCE_CODE":"1206300000","ORACLIS_PROVINCE":"South Cotabato","ORACLIS_LOCALITY_TYPE":"MUNICIPALITY","ORACLIS_SOURCE_DATA_STATUS":"CALIBRATED"},"id":1206313030},{"type":"Feature","geometry":{"type":"Polygon","coordinates":[[[124.66158096700009,6.388889744000039],[124.6331832300001,6.399346561000072],[124.61041637100006,6.375020861000052],[124.58369021000011,6.372193624000033],[124.57705243400005,6.356716961000075],[124.65766437900004,6.30562909300005],[124.66720287400005,6.308469795000063],[124.65683479400002,6.339170082000066],[124.654012211,6.38220400900002],[124.66158096700009,6.388889744000039]]]},"properties":{"adm1_psgc":1200000000,"adm2_psgc":1206300000,"adm3_psgc":1206313000,"adm4_psgc":1206313031,"adm4_en":"Upper Sepaka","geo_level":"Bgy","len_crs":37163,"area_crs":51856792,"len_km":37,"area_km2":51,"ORACLIS_PSGC":"1206313031","ORACLIS_BARANGAY":"Upper Sepaka","ORACLIS_LOCALITY_CODE":"1206313000","ORACLIS_LOCALITY":"Surallah","ORACLIS_PROVINCE_CODE":"1206300000","ORACLIS_PROVINCE":"South Cotabato","ORACLIS_LOCALITY_TYPE":"MUNICIPALITY","ORACLIS_SOURCE_DATA_STATUS":"CALIBRATED"},"id":1206313031},{"type":"Feature","geometry":{"type":"Polygon","coordinates":[[[124.82093891100011,6.279359137000029],[124.81755422600008,6.288477529000033],[124.79220255400004,6.279717580000067],[124.80294314900004,6.266860051000037],[124.82093891100011,6.279359137000029]]]},"properties":{"adm1_psgc":1200000000,"adm2_psgc":1206300000,"adm3_psgc":1206313000,"adm4_psgc":1206313032,"adm4_en":"Veterans","geo_level":"Bgy","len_crs":9743,"area_crs":4599104,"len_km":9,"area_km2":4,"ORACLIS_PSGC":"1206313032","ORACLIS_BARANGAY":"Veterans","ORACLIS_LOCALITY_CODE":"1206313000","ORACLIS_LOCALITY":"Surallah","ORACLIS_PROVINCE_CODE":"1206300000","ORACLIS_PROVINCE":"South Cotabato","ORACLIS_LOCALITY_TYPE":"MUNICIPALITY","ORACLIS_SOURCE_DATA_STATUS":"CALIBRATED"},"id":1206313032},{"type":"Feature","geometry":{"type":"Polygon","coordinates":[[[124.99040631900006,6.141480966000074],[125.05512857400005,6.152239214000075],[125.05504343300005,6.165924289000033],[125.00677876600002,6.219444355000065],[125.00205960500011,6.198592967000025],[124.9857798290001,6.18333779300002],[124.91150706400003,6.158951693000063],[124.9016011110001,6.13923077900006],[124.91736676000006,6.111599020000027],[124.95228114600003,6.141586291000066],[124.99040631900006,6.141480966000074]]]},"properties":{"adm1_psgc":1200000000,"adm2_psgc":1206300000,"adm3_psgc":1206316000,"adm4_psgc":1206316001,"adm4_en":"Basag","geo_level":"Bgy","len_crs":46825,"area_crs":77344262,"len_km":46,"area_km2":77,"ORACLIS_PSGC":"1206316001","ORACLIS_BARANGAY":"Basag","ORACLIS_LOCALITY_CODE":"1206316000","ORACLIS_LOCALITY":"T'Boli","ORACLIS_PROVINCE_CODE":"1206300000","ORACLIS_PROVINCE":"South Cotabato","ORACLIS_LOCALITY_TYPE":"MUNICIPALITY","ORACLIS_SOURCE_DATA_STATUS":"CALIBRATED"},"id":1206316001},{"type":"Feature","geometry":{"type":"Polygon","coordinates":[[[124.81676057200002,6.251670309000076],[124.79180429400003,6.252707089000067],[124.7990902270001,6.213016467000045],[124.80290824200006,6.211753707000071],[124.82112232200008,6.227219518000028],[124.81676057200002,6.251670309000076]]]},"properties":{"adm1_psgc":1200000000,"adm2_psgc":1206300000,"adm3_psgc":1206316000,"adm4_psgc":1206316002,"adm4_en":"Edwards","geo_level":"Bgy","len_crs":14831,"area_crs":11150233,"len_km":14,"area_km2":11,"ORACLIS_PSGC":"1206316002","ORACLIS_BARANGAY":"Edwards","ORACLIS_LOCALITY_CODE":"1206316000","ORACLIS_LOCALITY":"T'Boli","ORACLIS_PROVINCE_CODE":"1206300000","ORACLIS_PROVINCE":"South Cotabato","ORACLIS_LOCALITY_TYPE":"MUNICIPALITY","ORACLIS_SOURCE_DATA_STATUS":"CALIBRATED"},"id":1206316002},{"type":"Feature","geometry":{"type":"Polygon","coordinates":[[[124.87668079200012,6.224061145000062],[124.85858689900009,6.232267618000037],[124.82112232200008,6.227219518000028],[124.83219799900007,6.207992997000077],[124.87652040000012,6.174853496000026],[124.90570813000011,6.171395868000046],[124.90945487900002,6.182219810000049],[124.90758150500004,6.194084517000022],[124.90247820300009,6.205949223000061],[124.87668079200012,6.224061145000062]]]},"properties":{"adm1_psgc":1200000000,"adm2_psgc":1206300000,"adm3_psgc":1206316000,"adm4_psgc":1206316004,"adm4_en":"Kematu","geo_level":"Bgy","len_crs":28188,"area_crs":34090074,"len_km":28,"area_km2":34,"ORACLIS_PSGC":"1206316004","ORACLIS_BARANGAY":"Kematu","ORACLIS_LOCALITY_CODE":"1206316000","ORACLIS_LOCALITY":"T'Boli","ORACLIS_PROVINCE_CODE":"1206300000","ORACLIS_PROVINCE":"South Cotabato","ORACLIS_LOCALITY_TYPE":"MUNICIPALITY","ORACLIS_SOURCE_DATA_STATUS":"CALIBRATED"},"id":1206316004},{"type":"Feature","geometry":{"type":"Polygon","coordinates":[[[124.81978846800007,6.15634092800002],[124.77859175900007,6.16837235600002],[124.77427687300009,6.14386180200006],[124.75346848900006,6.126707395000039],[124.67923742700009,6.146082963000026],[124.62429608100003,6.112986783000053],[124.687744359,6.080597101000023],[124.7434601540001,6.057808022000073],[124.74758100400005,6.073397192000072],[124.7879902430001,6.075523994000037],[124.81208242200013,6.082218027000066],[124.79630684400003,6.107018548000042],[124.8215964650001,6.117328178000037],[124.81978846800007,6.15634092800002]]]},"properties":{"adm1_psgc":1200000000,"adm2_psgc":1206300000,"adm3_psgc":1206316000,"adm4_psgc":1206316005,"adm4_en":"Laconon","geo_level":"Bgy","len_crs":64050,"area_crs":135051435,"len_km":64,"area_km2":135,"ORACLIS_PSGC":"1206316005","ORACLIS_BARANGAY":"Laconon","ORACLIS_LOCALITY_CODE":"1206316000","ORACLIS_LOCALITY":"T'Boli","ORACLIS_PROVINCE_CODE":"1206300000","ORACLIS_PROVINCE":"South Cotabato","ORACLIS_LOCALITY_TYPE":"MUNICIPALITY","ORACLIS_SOURCE_DATA_STATUS":"CALIBRATED"},"id":1206316005},{"type":"Feature","geometry":{"type":"Polygon","coordinates":[[[124.93190234500004,6.276248926000051],[124.91618613000003,6.287722157000075],[124.89034759900007,6.278425690000063],[124.90514581700005,6.260151453000048],[124.93190234500004,6.276248926000051]]]},"properties":{"adm1_psgc":1200000000,"adm2_psgc":1206300000,"adm3_psgc":1206316000,"adm4_psgc":1206316008,"adm4_en":"Lamsalome","geo_level":"Bgy","len_crs":12803,"area_crs":8196361,"len_km":12,"area_km2":8,"ORACLIS_PSGC":"1206316008","ORACLIS_BARANGAY":"Lamsalome","ORACLIS_LOCALITY_CODE":"1206316000","ORACLIS_LOCALITY":"T'Boli","ORACLIS_PROVINCE_CODE":"1206300000","ORACLIS_PROVINCE":"South Cotabato","ORACLIS_LOCALITY_TYPE":"MUNICIPALITY","ORACLIS_SOURCE_DATA_STATUS":"CALIBRATED"},"id":1206316008},{"type":"Feature","geometry":{"type":"Polygon","coordinates":[[[124.80290824200006,6.211753707000071],[124.7990902270001,6.213016467000045],[124.77859175900007,6.16837235600002],[124.81978846800007,6.15634092800002],[124.82668848500009,6.170189874000074],[124.816654491,6.191773710000063],[124.80290824200006,6.211753707000071]]]},"properties":{"adm1_psgc":1200000000,"adm2_psgc":1206300000,"adm3_psgc":1206316000,"adm4_psgc":1206316011,"adm4_en":"New Dumangas","geo_level":"Bgy","len_crs":21990,"area_crs":20340666,"len_km":21,"area_km2":20,"ORACLIS_PSGC":"1206316011","ORACLIS_BARANGAY":"New Dumangas","ORACLIS_LOCALITY_CODE":"1206316000","ORACLIS_LOCALITY":"T'Boli","ORACLIS_PROVINCE_CODE":"1206300000","ORACLIS_PROVINCE":"South Cotabato","ORACLIS_LOCALITY_TYPE":"MUNICIPALITY","ORACLIS_SOURCE_DATA_STATUS":"CALIBRATED"},"id":1206316011},{"type":"Feature","geometry":{"type":"Polygon","coordinates":[[[124.84607839300008,6.278090083000051],[124.84543626500012,6.288408201000038],[124.82617540200012,6.283034341000075],[124.7930428530001,6.262368805000052],[124.79180429400003,6.252707089000067],[124.81676057200002,6.251670309000076],[124.84744064200005,6.261873899000023],[124.84607839300008,6.278090083000051]]]},"properties":{"adm1_psgc":1200000000,"adm2_psgc":1206300000,"adm3_psgc":1206316000,"adm4_psgc":1206316012,"adm4_en":"Sinolon","geo_level":"Bgy","len_crs":18437,"area_crs":14400478,"len_km":18,"area_km2":14,"ORACLIS_PSGC":"1206316012","ORACLIS_BARANGAY":"Sinolon","ORACLIS_LOCALITY_CODE":"1206316000","ORACLIS_LOCALITY":"T'Boli","ORACLIS_PROVINCE_CODE":"1206300000","ORACLIS_PROVINCE":"South Cotabato","ORACLIS_LOCALITY_TYPE":"MUNICIPALITY","ORACLIS_SOURCE_DATA_STATUS":"CALIBRATED"},"id":1206316012},{"type":"Feature","geometry":{"type":"Polygon","coordinates":[[[124.95251648500005,6.245564983000065],[124.93190234500004,6.276248926000051],[124.90514581700005,6.260151453000048],[124.903896529,6.255735364000031],[124.91424239300012,6.21718947100004],[124.92928105500006,6.241665298000043],[124.95251648500005,6.245564983000065]]]},"properties":{"adm1_psgc":1200000000,"adm2_psgc":1206300000,"adm3_psgc":1206316000,"adm4_psgc":1206316014,"adm4_en":"Lambangan","geo_level":"Bgy","len_crs":20499,"area_crs":16611025,"len_km":20,"area_km2":16,"ORACLIS_PSGC":"1206316014","ORACLIS_BARANGAY":"Lambangan","ORACLIS_LOCALITY_CODE":"1206316000","ORACLIS_LOCALITY":"T'Boli","ORACLIS_PROVINCE_CODE":"1206300000","ORACLIS_PROVINCE":"South Cotabato","ORACLIS_LOCALITY_TYPE":"MUNICIPALITY","ORACLIS_SOURCE_DATA_STATUS":"CALIBRATED"},"id":1206316014},{"type":"Feature","geometry":{"type":"Polygon","coordinates":[[[124.99086556200007,6.096677976000024],[124.96039984900005,6.092962645000056],[124.92324654100004,6.101136373000032],[124.9089698040001,6.075702661000037],[124.89977844900011,6.061453098000071],[124.91185436600006,6.048802137000052],[124.94128764300001,6.040320160000021],[124.95455942700005,6.014761479000072],[124.96681353200006,6.011008224000022],[125.00603333200002,6.01072849600007],[125.00519482300001,6.062087203000034],[124.99086556200007,6.096677976000024]]]},"properties":{"adm1_psgc":1200000000,"adm2_psgc":1206300000,"adm3_psgc":1206316000,"adm4_psgc":1206316016,"adm4_en":"Maan","geo_level":"Bgy","len_crs":38937,"area_crs":78057802,"len_km":38,"area_km2":78,"ORACLIS_PSGC":"1206316016","ORACLIS_BARANGAY":"Maan","ORACLIS_LOCALITY_CODE":"1206316000","ORACLIS_LOCALITY":"T'Boli","ORACLIS_PROVINCE_CODE":"1206300000","ORACLIS_PROVINCE":"South Cotabato","ORACLIS_LOCALITY_TYPE":"MUNICIPALITY","ORACLIS_SOURCE_DATA_STATUS":"CALIBRATED"},"id":1206316016},{"type":"Feature","geometry":{"type":"Polygon","coordinates":[[[124.86349902200004,6.161186618000045],[124.83322339900006,6.19393210000004],[124.816654491,6.191773710000063],[124.82668848500009,6.170189874000074],[124.85273846300004,6.134220583000057],[124.86349902200004,6.161186618000045]]]},"properties":{"adm1_psgc":1200000000,"adm2_psgc":1206300000,"adm3_psgc":1206316000,"adm4_psgc":1206316017,"adm4_en":"Afus","geo_level":"Bgy","len_crs":23467,"area_crs":12557954,"len_km":23,"area_km2":12,"ORACLIS_PSGC":"1206316017","ORACLIS_BARANGAY":"Afus","ORACLIS_LOCALITY_CODE":"1206316000","ORACLIS_LOCALITY":"T'Boli","ORACLIS_PROVINCE_CODE":"1206300000","ORACLIS_PROVINCE":"South Cotabato","ORACLIS_LOCALITY_TYPE":"MUNICIPALITY","ORACLIS_SOURCE_DATA_STATUS":"CALIBRATED"},"id":1206316017},{"type":"Feature","geometry":{"type":"Polygon","coordinates":[[[124.903896529,6.255735364000031],[124.8810371090001,6.264448585000025],[124.87668079200012,6.224061145000062],[124.90247820300009,6.205949223000061],[124.91424239300012,6.21718947100004],[124.903896529,6.255735364000031]]]},"properties":{"adm1_psgc":1200000000,"adm2_psgc":1206300000,"adm3_psgc":1206316000,"adm4_psgc":1206316018,"adm4_en":"Lambuling","geo_level":"Bgy","len_crs":18180,"area_crs":19389358,"len_km":18,"area_km2":19,"ORACLIS_PSGC":"1206316018","ORACLIS_BARANGAY":"Lambuling","ORACLIS_LOCALITY_CODE":"1206316000","ORACLIS_LOCALITY":"T'Boli","ORACLIS_PROVINCE_CODE":"1206300000","ORACLIS_PROVINCE":"South Cotabato","ORACLIS_LOCALITY_TYPE":"MUNICIPALITY","ORACLIS_SOURCE_DATA_STATUS":"CALIBRATED"},"id":1206316018},{"type":"Feature","geometry":{"type":"Polygon","coordinates":[[[124.8810371090001,6.264448585000025],[124.84607839300008,6.278090083000051],[124.84744064200005,6.261873899000023],[124.85858689900009,6.232267618000037],[124.87668079200012,6.224061145000062],[124.8810371090001,6.264448585000025]]]},"properties":{"adm1_psgc":1200000000,"adm2_psgc":1206300000,"adm3_psgc":1206316000,"adm4_psgc":1206316019,"adm4_en":"Lamhako","geo_level":"Bgy","len_crs":17852,"area_crs":14690180,"len_km":17,"area_km2":14,"ORACLIS_PSGC":"1206316019","ORACLIS_BARANGAY":"Lamhako","ORACLIS_LOCALITY_CODE":"1206316000","ORACLIS_LOCALITY":"T'Boli","ORACLIS_PROVINCE_CODE":"1206300000","ORACLIS_PROVINCE":"South Cotabato","ORACLIS_LOCALITY_TYPE":"MUNICIPALITY","ORACLIS_SOURCE_DATA_STATUS":"CALIBRATED"},"id":1206316019},{"type":"Feature","geometry":{"type":"Polygon","coordinates":[[[124.83219799900007,6.207992997000077],[124.82112232200008,6.227219518000028],[124.80290824200006,6.211753707000071],[124.816654491,6.191773710000063],[124.83322339900006,6.19393210000004],[124.83219799900007,6.207992997000077]]]},"properties":{"adm1_psgc":1200000000,"adm2_psgc":1206300000,"adm3_psgc":1206316000,"adm4_psgc":1206316020,"adm4_en":"Poblacion","geo_level":"Bgy","len_crs":15594,"area_crs":8074378,"len_km":15,"area_km2":8,"ORACLIS_PSGC":"1206316020","ORACLIS_BARANGAY":"Poblacion","ORACLIS_LOCALITY_CODE":"1206316000","ORACLIS_LOCALITY":"T'Boli","ORACLIS_PROVINCE_CODE":"1206300000","ORACLIS_PROVINCE":"South Cotabato","ORACLIS_LOCALITY_TYPE":"MUNICIPALITY","ORACLIS_SOURCE_DATA_STATUS":"CALIBRATED"},"id":1206316020},{"type":"Feature","geometry":{"type":"Polygon","coordinates":[[[124.98553710100009,6.239040944000067],[124.96200136400012,6.238011189000075],[124.93401690300004,6.208447056000068],[124.93644386400001,6.19973432300003],[124.95813880900005,6.207074718000057],[124.9817684740001,6.233297394000033],[124.98553710100009,6.239040944000067]]]},"properties":{"adm1_psgc":1200000000,"adm2_psgc":1206300000,"adm3_psgc":1206316000,"adm4_psgc":1206316021,"adm4_en":"Talcon","geo_level":"Bgy","len_crs":18029,"area_crs":10387866,"len_km":18,"area_km2":10,"ORACLIS_PSGC":"1206316021","ORACLIS_BARANGAY":"Talcon","ORACLIS_LOCALITY_CODE":"1206316000","ORACLIS_LOCALITY":"T'Boli","ORACLIS_PROVINCE_CODE":"1206300000","ORACLIS_PROVINCE":"South Cotabato","ORACLIS_LOCALITY_TYPE":"MUNICIPALITY","ORACLIS_SOURCE_DATA_STATUS":"CALIBRATED"},"id":1206316021},{"type":"Feature","geometry":{"type":"Polygon","coordinates":[[[124.89034759900007,6.278425690000063],[124.87390586700009,6.287536243000035],[124.84543626500012,6.288408201000038],[124.84607839300008,6.278090083000051],[124.8810371090001,6.264448585000025],[124.903896529,6.255735364000031],[124.90514581700005,6.260151453000048],[124.89034759900007,6.278425690000063]]]},"properties":{"adm1_psgc":1200000000,"adm2_psgc":1206300000,"adm3_psgc":1206316000,"adm4_psgc":1206316022,"adm4_en":"Talufo","geo_level":"Bgy","len_crs":19059,"area_crs":10617670,"len_km":19,"area_km2":10,"ORACLIS_PSGC":"1206316022","ORACLIS_BARANGAY":"Talufo","ORACLIS_LOCALITY_CODE":"1206316000","ORACLIS_LOCALITY":"T'Boli","ORACLIS_PROVINCE_CODE":"1206300000","ORACLIS_PROVINCE":"South Cotabato","ORACLIS_LOCALITY_TYPE":"MUNICIPALITY","ORACLIS_SOURCE_DATA_STATUS":"CALIBRATED"},"id":1206316022},{"type":"Feature","geometry":{"type":"Polygon","coordinates":[[[124.86426950000009,6.068449463000035],[124.83110170700003,6.073026663000062],[124.81208242200013,6.082218027000066],[124.7879902430001,6.075523994000037],[124.74758100400005,6.073397192000072],[124.7434601540001,6.057808022000073],[124.84607298500009,6.013338533000023],[124.96681353200006,6.011008224000022],[124.95455942700005,6.014761479000072],[124.94128764300001,6.040320160000021],[124.91185436600006,6.048802137000052],[124.89977844900011,6.061453098000071],[124.86426950000009,6.068449463000035]]]},"properties":{"adm1_psgc":1200000000,"adm2_psgc":1206300000,"adm3_psgc":1206316000,"adm4_psgc":1206316023,"adm4_en":"Tudok","geo_level":"Bgy","len_crs":57224,"area_crs":108146098,"len_km":57,"area_km2":108,"ORACLIS_PSGC":"1206316023","ORACLIS_BARANGAY":"Tudok","ORACLIS_LOCALITY_CODE":"1206316000","ORACLIS_LOCALITY":"T'Boli","ORACLIS_PROVINCE_CODE":"1206300000","ORACLIS_PROVINCE":"South Cotabato","ORACLIS_LOCALITY_TYPE":"MUNICIPALITY","ORACLIS_SOURCE_DATA_STATUS":"CALIBRATED"},"id":1206316023},{"type":"Feature","geometry":{"type":"Polygon","coordinates":[[[125.00677876600002,6.219444355000065],[124.98553710100009,6.239040944000067],[124.9817684740001,6.233297394000033],[124.97000224300007,6.196876622000048],[124.90945487900002,6.182219810000049],[124.90570813000011,6.171395868000046],[124.91150706400003,6.158951693000063],[124.9857798290001,6.18333779300002],[125.00205960500011,6.198592967000025],[125.00677876600002,6.219444355000065]]]},"properties":{"adm1_psgc":1200000000,"adm2_psgc":1206300000,"adm3_psgc":1206316000,"adm4_psgc":1206316024,"adm4_en":"Aflek","geo_level":"Bgy","len_crs":34320,"area_crs":31789869,"len_km":34,"area_km2":31,"ORACLIS_PSGC":"1206316024","ORACLIS_BARANGAY":"Aflek","ORACLIS_LOCALITY_CODE":"1206316000","ORACLIS_LOCALITY":"T'Boli","ORACLIS_PROVINCE_CODE":"1206300000","ORACLIS_PROVINCE":"South Cotabato","ORACLIS_LOCALITY_TYPE":"MUNICIPALITY","ORACLIS_SOURCE_DATA_STATUS":"CALIBRATED"},"id":1206316024},{"type":"Feature","geometry":{"type":"Polygon","coordinates":[[[124.96200136400012,6.238011189000075],[124.95251648500005,6.245564983000065],[124.92928105500006,6.241665298000043],[124.91424239300012,6.21718947100004],[124.90247820300009,6.205949223000061],[124.90758150500004,6.194084517000022],[124.93644386400001,6.19973432300003],[124.93401690300004,6.208447056000068],[124.96200136400012,6.238011189000075]]]},"properties":{"adm1_psgc":1200000000,"adm2_psgc":1206300000,"adm3_psgc":1206316000,"adm4_psgc":1206316025,"adm4_en":"Datal Bob","geo_level":"Bgy","len_crs":19588,"area_crs":16461183,"len_km":19,"area_km2":16,"ORACLIS_PSGC":"1206316025","ORACLIS_BARANGAY":"Datal Bob","ORACLIS_LOCALITY_CODE":"1206316000","ORACLIS_LOCALITY":"T'Boli","ORACLIS_PROVINCE_CODE":"1206300000","ORACLIS_PROVINCE":"South Cotabato","ORACLIS_LOCALITY_TYPE":"MUNICIPALITY","ORACLIS_SOURCE_DATA_STATUS":"CALIBRATED"},"id":1206316025},{"type":"Feature","geometry":{"type":"Polygon","coordinates":[[[124.87652040000012,6.174853496000026],[124.83219799900007,6.207992997000077],[124.83322339900006,6.19393210000004],[124.86349902200004,6.161186618000045],[124.87652040000012,6.174853496000026]]]},"properties":{"adm1_psgc":1200000000,"adm2_psgc":1206300000,"adm3_psgc":1206316000,"adm4_psgc":1206316026,"adm4_en":"Desawo","geo_level":"Bgy","len_crs":18325,"area_crs":10572563,"len_km":18,"area_km2":10,"ORACLIS_PSGC":"1206316026","ORACLIS_BARANGAY":"Desawo","ORACLIS_LOCALITY_CODE":"1206316000","ORACLIS_LOCALITY":"T'Boli","ORACLIS_PROVINCE_CODE":"1206300000","ORACLIS_PROVINCE":"South Cotabato","ORACLIS_LOCALITY_TYPE":"MUNICIPALITY","ORACLIS_SOURCE_DATA_STATUS":"CALIBRATED"},"id":1206316026},{"type":"Feature","geometry":{"type":"Polygon","coordinates":[[[124.86426950000009,6.068449463000035],[124.8570830550001,6.082883079000055],[124.8215964650001,6.117328178000037],[124.79630684400003,6.107018548000042],[124.81208242200013,6.082218027000066],[124.83110170700003,6.073026663000062],[124.86426950000009,6.068449463000035]]]},"properties":{"adm1_psgc":1200000000,"adm2_psgc":1206300000,"adm3_psgc":1206316000,"adm4_psgc":1206316027,"adm4_en":"Dlanag","geo_level":"Bgy","len_crs":21202,"area_crs":19984079,"len_km":21,"area_km2":19,"ORACLIS_PSGC":"1206316027","ORACLIS_BARANGAY":"Dlanag","ORACLIS_LOCALITY_CODE":"1206316000","ORACLIS_LOCALITY":"T'Boli","ORACLIS_PROVINCE_CODE":"1206300000","ORACLIS_PROVINCE":"South Cotabato","ORACLIS_LOCALITY_TYPE":"MUNICIPALITY","ORACLIS_SOURCE_DATA_STATUS":"CALIBRATED"},"id":1206316027},{"type":"Feature","geometry":{"type":"Polygon","coordinates":[[[124.85858689900009,6.232267618000037],[124.84744064200005,6.261873899000023],[124.81676057200002,6.251670309000076],[124.82112232200008,6.227219518000028],[124.85858689900009,6.232267618000037]]]},"properties":{"adm1_psgc":1200000000,"adm2_psgc":1206300000,"adm3_psgc":1206316000,"adm4_psgc":1206316028,"adm4_en":"Lemsnolon","geo_level":"Bgy","len_crs":15319,"area_crs":13217426,"len_km":15,"area_km2":13,"ORACLIS_PSGC":"1206316028","ORACLIS_BARANGAY":"Lemsnolon","ORACLIS_LOCALITY_CODE":"1206316000","ORACLIS_LOCALITY":"T'Boli","ORACLIS_PROVINCE_CODE":"1206300000","ORACLIS_PROVINCE":"South Cotabato","ORACLIS_LOCALITY_TYPE":"MUNICIPALITY","ORACLIS_SOURCE_DATA_STATUS":"CALIBRATED"},"id":1206316028},{"type":"Feature","geometry":{"type":"Polygon","coordinates":[[[124.90945487900002,6.182219810000049],[124.97000224300007,6.196876622000048],[124.9817684740001,6.233297394000033],[124.95813880900005,6.207074718000057],[124.93644386400001,6.19973432300003],[124.90758150500004,6.194084517000022],[124.90945487900002,6.182219810000049]]]},"properties":{"adm1_psgc":1200000000,"adm2_psgc":1206300000,"adm3_psgc":1206316000,"adm4_psgc":1206316029,"adm4_en":"Malugong","geo_level":"Bgy","len_crs":24428,"area_crs":12710670,"len_km":24,"area_km2":12,"ORACLIS_PSGC":"1206316029","ORACLIS_BARANGAY":"Malugong","ORACLIS_LOCALITY_CODE":"1206316000","ORACLIS_LOCALITY":"T'Boli","ORACLIS_PROVINCE_CODE":"1206300000","ORACLIS_PROVINCE":"South Cotabato","ORACLIS_LOCALITY_TYPE":"MUNICIPALITY","ORACLIS_SOURCE_DATA_STATUS":"CALIBRATED"},"id":1206316029},{"type":"Feature","geometry":{"type":"Polygon","coordinates":[[[124.99040631900006,6.141480966000074],[124.95228114600003,6.141586291000066],[124.91736676000006,6.111599020000027],[124.92324654100004,6.101136373000032],[124.96039984900005,6.092962645000056],[124.99086556200007,6.096677976000024],[124.99040631900006,6.141480966000074]]]},"properties":{"adm1_psgc":1200000000,"adm2_psgc":1206300000,"adm3_psgc":1206316000,"adm4_psgc":1206316030,"adm4_en":"Mongocayo","geo_level":"Bgy","len_crs":24116,"area_crs":35473156,"len_km":24,"area_km2":35,"ORACLIS_PSGC":"1206316030","ORACLIS_BARANGAY":"Mongocayo","ORACLIS_LOCALITY_CODE":"1206316000","ORACLIS_LOCALITY":"T'Boli","ORACLIS_PROVINCE_CODE":"1206300000","ORACLIS_PROVINCE":"South Cotabato","ORACLIS_LOCALITY_TYPE":"MUNICIPALITY","ORACLIS_SOURCE_DATA_STATUS":"CALIBRATED"},"id":1206316030},{"type":"Feature","geometry":{"type":"Polygon","coordinates":[[[124.85273846300004,6.134220583000057],[124.82668848500009,6.170189874000074],[124.81978846800007,6.15634092800002],[124.8215964650001,6.117328178000037],[124.8570830550001,6.082883079000055],[124.86426950000009,6.068449463000035],[124.89977844900011,6.061453098000071],[124.9089698040001,6.075702661000037],[124.89588020500001,6.094890474000066],[124.87208478900004,6.107573560000048],[124.85273846300004,6.134220583000057]]]},"properties":{"adm1_psgc":1200000000,"adm2_psgc":1206300000,"adm3_psgc":1206316000,"adm4_psgc":1206316031,"adm4_en":"Salacafe","geo_level":"Bgy","len_crs":36048,"area_crs":46561913,"len_km":36,"area_km2":46,"ORACLIS_PSGC":"1206316031","ORACLIS_BARANGAY":"Salacafe","ORACLIS_LOCALITY_CODE":"1206316000","ORACLIS_LOCALITY":"T'Boli","ORACLIS_PROVINCE_CODE":"1206300000","ORACLIS_PROVINCE":"South Cotabato","ORACLIS_LOCALITY_TYPE":"MUNICIPALITY","ORACLIS_SOURCE_DATA_STATUS":"CALIBRATED"},"id":1206316031},{"type":"Feature","geometry":{"type":"Polygon","coordinates":[[[124.90570813000011,6.171395868000046],[124.87652040000012,6.174853496000026],[124.86349902200004,6.161186618000045],[124.85273846300004,6.134220583000057],[124.87208478900004,6.107573560000048],[124.89588020500001,6.094890474000066],[124.9089698040001,6.075702661000037],[124.92324654100004,6.101136373000032],[124.91736676000006,6.111599020000027],[124.9016011110001,6.13923077900006],[124.91150706400003,6.158951693000063],[124.90570813000011,6.171395868000046]]]},"properties":{"adm1_psgc":1200000000,"adm2_psgc":1206300000,"adm3_psgc":1206316000,"adm4_psgc":1206316032,"adm4_en":"T'bolok","geo_level":"Bgy","len_crs":34928,"area_crs":45671769,"len_km":34,"area_km2":45,"ORACLIS_PSGC":"1206316032","ORACLIS_BARANGAY":"T'bolok","ORACLIS_LOCALITY_CODE":"1206316000","ORACLIS_LOCALITY":"T'Boli","ORACLIS_PROVINCE_CODE":"1206300000","ORACLIS_PROVINCE":"South Cotabato","ORACLIS_LOCALITY_TYPE":"MUNICIPALITY","ORACLIS_SOURCE_DATA_STATUS":"CALIBRATED"},"id":1206316032},{"type":"Feature","geometry":{"type":"Polygon","coordinates":[[[125.02960019300008,6.441282905000038],[125.02583838900013,6.408626915000069],[125.05349813000011,6.42017833400007],[125.02960019300008,6.441282905000038]]]},"properties":{"adm1_psgc":1200000000,"adm2_psgc":1206300000,"adm3_psgc":1206314000,"adm4_psgc":1206314001,"adm4_en":"Albagan","geo_level":"Bgy","len_crs":14210,"area_crs":11035587,"len_km":14,"area_km2":11,"ORACLIS_PSGC":"1206314001","ORACLIS_BARANGAY":"Albagan","ORACLIS_LOCALITY_CODE":"1206314000","ORACLIS_LOCALITY":"Tampakan","ORACLIS_PROVINCE_CODE":"1206300000","ORACLIS_PROVINCE":"South Cotabato","ORACLIS_LOCALITY_TYPE":"MUNICIPALITY","ORACLIS_SOURCE_DATA_STATUS":"CALIBRATED"},"id":1206314001},{"type":"Feature","geometry":{"type":"Polygon","coordinates":[[[124.92025628800002,6.428051690000074],[124.91265511200004,6.434933039000043],[124.90646919800008,6.402535005000063],[124.95407050300001,6.395216497000034],[124.99578692800002,6.406218657000067],[124.98247281700004,6.420100937000027],[124.95270998100013,6.425746931000049],[124.92025628800002,6.428051690000074]]]},"properties":{"adm1_psgc":1200000000,"adm2_psgc":1206300000,"adm3_psgc":1206314000,"adm4_psgc":1206314002,"adm4_en":"Kipalbig","geo_level":"Bgy","len_crs":32724,"area_crs":22555260,"len_km":32,"area_km2":22,"ORACLIS_PSGC":"1206314002","ORACLIS_BARANGAY":"Kipalbig","ORACLIS_LOCALITY_CODE":"1206314000","ORACLIS_LOCALITY":"Tampakan","ORACLIS_PROVINCE_CODE":"1206300000","ORACLIS_PROVINCE":"South Cotabato","ORACLIS_LOCALITY_TYPE":"MUNICIPALITY","ORACLIS_SOURCE_DATA_STATUS":"CALIBRATED"},"id":1206314002},{"type":"Feature","geometry":{"type":"Polygon","coordinates":[[[124.9882628370001,6.442768641000043],[124.97313098000006,6.448025637000058],[124.95270998100013,6.425746931000049],[124.98247281700004,6.420100937000027],[124.9882628370001,6.442768641000043]]]},"properties":{"adm1_psgc":1200000000,"adm2_psgc":1206300000,"adm3_psgc":1206314000,"adm4_psgc":1206314003,"adm4_en":"Lambayong","geo_level":"Bgy","len_crs":13304,"area_crs":9501085,"len_km":13,"area_km2":9,"ORACLIS_PSGC":"1206314003","ORACLIS_BARANGAY":"Lambayong","ORACLIS_LOCALITY_CODE":"1206314000","ORACLIS_LOCALITY":"Tampakan","ORACLIS_PROVINCE_CODE":"1206300000","ORACLIS_PROVINCE":"South Cotabato","ORACLIS_LOCALITY_TYPE":"MUNICIPALITY","ORACLIS_SOURCE_DATA_STATUS":"CALIBRATED"},"id":1206314003},{"type":"Feature","geometry":{"type":"Polygon","coordinates":[[[125.01745416900009,6.454678310000077],[124.99078171800011,6.47535010000007],[124.96499049900002,6.462218108000058],[124.9713187640001,6.451256958000044],[124.97313098000006,6.448025637000058],[124.9882628370001,6.442768641000043],[125.01745416900009,6.454678310000077]]]},"properties":{"adm1_psgc":1200000000,"adm2_psgc":1206300000,"adm3_psgc":1206314000,"adm4_psgc":1206314004,"adm4_en":"Liberty","geo_level":"Bgy","len_crs":17280,"area_crs":12269937,"len_km":17,"area_km2":12,"ORACLIS_PSGC":"1206314004","ORACLIS_BARANGAY":"Liberty","ORACLIS_LOCALITY_CODE":"1206314000","ORACLIS_LOCALITY":"Tampakan","ORACLIS_PROVINCE_CODE":"1206300000","ORACLIS_PROVINCE":"South Cotabato","ORACLIS_LOCALITY_TYPE":"MUNICIPALITY","ORACLIS_SOURCE_DATA_STATUS":"CALIBRATED"},"id":1206314004},{"type":"Feature","geometry":{"type":"Polygon","coordinates":[[[124.9713187640001,6.451256958000044],[124.9480479140001,6.444094366000058],[124.92025628800002,6.428051690000074],[124.95270998100013,6.425746931000049],[124.97313098000006,6.448025637000058],[124.9713187640001,6.451256958000044]]]},"properties":{"adm1_psgc":1200000000,"adm2_psgc":1206300000,"adm3_psgc":1206314000,"adm4_psgc":1206314005,"adm4_en":"Maltana","geo_level":"Bgy","len_crs":17673,"area_crs":8302653,"len_km":17,"area_km2":8,"ORACLIS_PSGC":"1206314005","ORACLIS_BARANGAY":"Maltana","ORACLIS_LOCALITY_CODE":"1206314000","ORACLIS_LOCALITY":"Tampakan","ORACLIS_PROVINCE_CODE":"1206300000","ORACLIS_PROVINCE":"South Cotabato","ORACLIS_LOCALITY_TYPE":"MUNICIPALITY","ORACLIS_SOURCE_DATA_STATUS":"CALIBRATED"},"id":1206314005},{"type":"Feature","geometry":{"type":"Polygon","coordinates":[[[124.94786929900012,6.456634045000043],[124.94529257500007,6.461371892000045],[124.92490124700011,6.452351242000019],[124.91265511200004,6.434933039000043],[124.92025628800002,6.428051690000074],[124.9480479140001,6.444094366000058],[124.94786929900012,6.456634045000043]]]},"properties":{"adm1_psgc":1200000000,"adm2_psgc":1206300000,"adm3_psgc":1206314000,"adm4_psgc":1206314006,"adm4_en":"Poblacion","geo_level":"Bgy","len_crs":13619,"area_crs":6827076,"len_km":13,"area_km2":6,"ORACLIS_PSGC":"1206314006","ORACLIS_BARANGAY":"Poblacion","ORACLIS_LOCALITY_CODE":"1206314000","ORACLIS_LOCALITY":"Tampakan","ORACLIS_PROVINCE_CODE":"1206300000","ORACLIS_PROVINCE":"South Cotabato","ORACLIS_LOCALITY_TYPE":"MUNICIPALITY","ORACLIS_SOURCE_DATA_STATUS":"CALIBRATED"},"id":1206314006},{"type":"Feature","geometry":{"type":"Polygon","coordinates":[[[125.05349813000011,6.42017833400007],[125.10826968200001,6.451471095000045],[125.09799452200002,6.498286680000035],[125.14043474600011,6.520380430000044],[125.12126067600002,6.547711038000045],[125.09539730600012,6.532885993000036],[125.05697469700011,6.473304091000045],[125.01745416900009,6.454678310000077],[125.02960019300008,6.441282905000038],[125.05349813000011,6.42017833400007]]]},"properties":{"adm1_psgc":1200000000,"adm2_psgc":1206300000,"adm3_psgc":1206314000,"adm4_psgc":1206314007,"adm4_en":"Tablu","geo_level":"Bgy","len_crs":46341,"area_crs":67555751,"len_km":46,"area_km2":67,"ORACLIS_PSGC":"1206314007","ORACLIS_BARANGAY":"Tablu","ORACLIS_LOCALITY_CODE":"1206314000","ORACLIS_LOCALITY":"Tampakan","ORACLIS_PROVINCE_CODE":"1206300000","ORACLIS_PROVINCE":"South Cotabato","ORACLIS_LOCALITY_TYPE":"MUNICIPALITY","ORACLIS_SOURCE_DATA_STATUS":"CALIBRATED"},"id":1206314007},{"type":"Feature","geometry":{"type":"Polygon","coordinates":[[[124.98658362200003,6.531387749000033],[124.94696374400007,6.471171940000033],[124.94529257500007,6.461371892000045],[124.94786929900012,6.456634045000043],[124.96499049900002,6.462218108000058],[124.99078171800011,6.47535010000007],[124.99465011700012,6.494190495000054],[124.98658362200003,6.531387749000033]]]},"properties":{"adm1_psgc":1200000000,"adm2_psgc":1206300000,"adm3_psgc":1206314000,"adm4_psgc":1206314008,"adm4_en":"Buto","geo_level":"Bgy","len_crs":24218,"area_crs":17019601,"len_km":24,"area_km2":17,"ORACLIS_PSGC":"1206314008","ORACLIS_BARANGAY":"Buto","ORACLIS_LOCALITY_CODE":"1206314000","ORACLIS_LOCALITY":"Tampakan","ORACLIS_PROVINCE_CODE":"1206300000","ORACLIS_PROVINCE":"South Cotabato","ORACLIS_LOCALITY_TYPE":"MUNICIPALITY","ORACLIS_SOURCE_DATA_STATUS":"CALIBRATED"},"id":1206314008},{"type":"Feature","geometry":{"type":"Polygon","coordinates":[[[125.02960019300008,6.441282905000038],[125.01745416900009,6.454678310000077],[124.9882628370001,6.442768641000043],[124.98247281700004,6.420100937000027],[124.99578692800002,6.406218657000067],[125.02583838900013,6.408626915000069],[125.02960019300008,6.441282905000038]]]},"properties":{"adm1_psgc":1200000000,"adm2_psgc":1206300000,"adm3_psgc":1206314000,"adm4_psgc":1206314009,"adm4_en":"Lampitak","geo_level":"Bgy","len_crs":21030,"area_crs":16328783,"len_km":21,"area_km2":16,"ORACLIS_PSGC":"1206314009","ORACLIS_BARANGAY":"Lampitak","ORACLIS_LOCALITY_CODE":"1206314000","ORACLIS_LOCALITY":"Tampakan","ORACLIS_PROVINCE_CODE":"1206300000","ORACLIS_PROVINCE":"South Cotabato","ORACLIS_LOCALITY_TYPE":"MUNICIPALITY","ORACLIS_SOURCE_DATA_STATUS":"CALIBRATED"},"id":1206314009},{"type":"Feature","geometry":{"type":"Polygon","coordinates":[[[125.04918272700003,6.533723890000033],[124.98658362200003,6.531387749000033],[124.99465011700012,6.494190495000054],[125.00953008400006,6.516690921000076],[125.04918272700003,6.533723890000033]]]},"properties":{"adm1_psgc":1200000000,"adm2_psgc":1206300000,"adm3_psgc":1206314000,"adm4_psgc":1206314010,"adm4_en":"Palo","geo_level":"Bgy","len_crs":20916,"area_crs":15573181,"len_km":20,"area_km2":15,"ORACLIS_PSGC":"1206314010","ORACLIS_BARANGAY":"Palo","ORACLIS_LOCALITY_CODE":"1206314000","ORACLIS_LOCALITY":"Tampakan","ORACLIS_PROVINCE_CODE":"1206300000","ORACLIS_PROVINCE":"South Cotabato","ORACLIS_LOCALITY_TYPE":"MUNICIPALITY","ORACLIS_SOURCE_DATA_STATUS":"CALIBRATED"},"id":1206314010},{"type":"Feature","geometry":{"type":"Polygon","coordinates":[[[125.05697469700011,6.473304091000045],[124.99465011700012,6.494190495000054],[124.99078171800011,6.47535010000007],[125.01745416900009,6.454678310000077],[125.05697469700011,6.473304091000045]]]},"properties":{"adm1_psgc":1200000000,"adm2_psgc":1206300000,"adm3_psgc":1206314000,"adm4_psgc":1206314011,"adm4_en":"Pula-bato","geo_level":"Bgy","len_crs":19918,"area_crs":15526571,"len_km":19,"area_km2":15,"ORACLIS_PSGC":"1206314011","ORACLIS_BARANGAY":"Pula-bato","ORACLIS_LOCALITY_CODE":"1206314000","ORACLIS_LOCALITY":"Tampakan","ORACLIS_PROVINCE_CODE":"1206300000","ORACLIS_PROVINCE":"South Cotabato","ORACLIS_LOCALITY_TYPE":"MUNICIPALITY","ORACLIS_SOURCE_DATA_STATUS":"CALIBRATED"},"id":1206314011},{"type":"Feature","geometry":{"type":"Polygon","coordinates":[[[125.09539730600012,6.532885993000036],[125.04918272700003,6.533723890000033],[125.00953008400006,6.516690921000076],[124.99465011700012,6.494190495000054],[125.05697469700011,6.473304091000045],[125.09539730600012,6.532885993000036]]]},"properties":{"adm1_psgc":1200000000,"adm2_psgc":1206300000,"adm3_psgc":1206314000,"adm4_psgc":1206314012,"adm4_en":"Danlag","geo_level":"Bgy","len_crs":28870,"area_crs":42991877,"len_km":28,"area_km2":42,"ORACLIS_PSGC":"1206314012","ORACLIS_BARANGAY":"Danlag","ORACLIS_LOCALITY_CODE":"1206314000","ORACLIS_LOCALITY":"Tampakan","ORACLIS_PROVINCE_CODE":"1206300000","ORACLIS_PROVINCE":"South Cotabato","ORACLIS_LOCALITY_TYPE":"MUNICIPALITY","ORACLIS_SOURCE_DATA_STATUS":"CALIBRATED"},"id":1206314012},{"type":"Feature","geometry":{"type":"Polygon","coordinates":[[[124.9713187640001,6.451256958000044],[124.96499049900002,6.462218108000058],[124.94786929900012,6.456634045000043],[124.9480479140001,6.444094366000058],[124.9713187640001,6.451256958000044]]]},"properties":{"adm1_psgc":1200000000,"adm2_psgc":1206300000,"adm3_psgc":1206314000,"adm4_psgc":1206314013,"adm4_en":"San Isidro","geo_level":"Bgy","len_crs":9679,"area_crs":3329551,"len_km":9,"area_km2":3,"ORACLIS_PSGC":"1206314013","ORACLIS_BARANGAY":"San Isidro","ORACLIS_LOCALITY_CODE":"1206314000","ORACLIS_LOCALITY":"Tampakan","ORACLIS_PROVINCE_CODE":"1206300000","ORACLIS_PROVINCE":"South Cotabato","ORACLIS_LOCALITY_TYPE":"MUNICIPALITY","ORACLIS_SOURCE_DATA_STATUS":"CALIBRATED"},"id":1206314013},{"type":"Feature","geometry":{"type":"Polygon","coordinates":[[[124.94696374400007,6.471171940000033],[124.92490124700011,6.452351242000019],[124.94529257500007,6.461371892000045],[124.94696374400007,6.471171940000033]]]},"properties":{"adm1_psgc":1200000000,"adm2_psgc":1206300000,"adm3_psgc":1206314000,"adm4_psgc":1206314014,"adm4_en":"Santa Cruz","geo_level":"Bgy","len_crs":10533,"area_crs":4594391,"len_km":10,"area_km2":4,"ORACLIS_PSGC":"1206314014","ORACLIS_BARANGAY":"Santa Cruz","ORACLIS_LOCALITY_CODE":"1206314000","ORACLIS_LOCALITY":"Tampakan","ORACLIS_PROVINCE_CODE":"1206300000","ORACLIS_PROVINCE":"South Cotabato","ORACLIS_LOCALITY_TYPE":"MUNICIPALITY","ORACLIS_SOURCE_DATA_STATUS":"CALIBRATED"},"id":1206314014},{"type":"Feature","geometry":{"type":"Polygon","coordinates":[[[124.78862847500011,6.576841209000066],[124.77847643400003,6.584848335000061],[124.72831650100012,6.556756827000072],[124.73076702800006,6.542403739000064],[124.76173081500009,6.545213175000072],[124.78862847500011,6.576841209000066]]]},"properties":{"adm1_psgc":1200000000,"adm2_psgc":1206300000,"adm3_psgc":1206315000,"adm4_psgc":1206315001,"adm4_en":"Bukay Pait","geo_level":"Bgy","len_crs":18152,"area_crs":15645931,"len_km":18,"area_km2":15,"ORACLIS_PSGC":"1206315001","ORACLIS_BARANGAY":"Bukay Pait","ORACLIS_LOCALITY_CODE":"1206315000","ORACLIS_LOCALITY":"Tantangan","ORACLIS_PROVINCE_CODE":"1206300000","ORACLIS_PROVINCE":"South Cotabato","ORACLIS_LOCALITY_TYPE":"MUNICIPALITY","ORACLIS_SOURCE_DATA_STATUS":"CALIBRATED"},"id":1206315001},{"type":"Feature","geometry":{"type":"Polygon","coordinates":[[[124.8235565750001,6.554086371000039],[124.79661847900002,6.570539325000027],[124.79086933300006,6.563604393000047],[124.81558118000008,6.542742180000062],[124.81711320200009,6.544745366000029],[124.8235565750001,6.554086371000039]]]},"properties":{"adm1_psgc":1200000000,"adm2_psgc":1206300000,"adm3_psgc":1206315000,"adm4_psgc":1206315002,"adm4_en":"Cabuling","geo_level":"Bgy","len_crs":10817,"area_crs":5983697,"len_km":10,"area_km2":5,"ORACLIS_PSGC":"1206315002","ORACLIS_BARANGAY":"Cabuling","ORACLIS_LOCALITY_CODE":"1206315000","ORACLIS_LOCALITY":"Tantangan","ORACLIS_PROVINCE_CODE":"1206300000","ORACLIS_PROVINCE":"South Cotabato","ORACLIS_LOCALITY_TYPE":"MUNICIPALITY","ORACLIS_SOURCE_DATA_STATUS":"CALIBRATED"},"id":1206315002},{"type":"Feature","geometry":{"type":"Polygon","coordinates":[[[124.77847643400003,6.584848335000061],[124.7665794510001,6.602761475000023],[124.71717281200006,6.587605272000076],[124.72831650100012,6.556756827000072],[124.77847643400003,6.584848335000061]]]},"properties":{"adm1_psgc":1200000000,"adm2_psgc":1206300000,"adm3_psgc":1206315000,"adm4_psgc":1206315003,"adm4_en":"Dumadalig","geo_level":"Bgy","len_crs":18747,"area_crs":17413988,"len_km":18,"area_km2":17,"ORACLIS_PSGC":"1206315003","ORACLIS_BARANGAY":"Dumadalig","ORACLIS_LOCALITY_CODE":"1206315000","ORACLIS_LOCALITY":"Tantangan","ORACLIS_PROVINCE_CODE":"1206300000","ORACLIS_PROVINCE":"South Cotabato","ORACLIS_LOCALITY_TYPE":"MUNICIPALITY","ORACLIS_SOURCE_DATA_STATUS":"CALIBRATED"},"id":1206315003},{"type":"Feature","geometry":{"type":"Polygon","coordinates":[[[124.79969945300002,6.524134993000076],[124.77916588500011,6.542967265000073],[124.75307320400007,6.514490503000047],[124.77335952600004,6.500628083000037],[124.80217424500006,6.522204317000046],[124.79969945300002,6.524134993000076]]]},"properties":{"adm1_psgc":1200000000,"adm2_psgc":1206300000,"adm3_psgc":1206315000,"adm4_psgc":1206315004,"adm4_en":"Libas","geo_level":"Bgy","len_crs":15278,"area_crs":11591798,"len_km":15,"area_km2":11,"ORACLIS_PSGC":"1206315004","ORACLIS_BARANGAY":"Libas","ORACLIS_LOCALITY_CODE":"1206315000","ORACLIS_LOCALITY":"Tantangan","ORACLIS_PROVINCE_CODE":"1206300000","ORACLIS_PROVINCE":"South Cotabato","ORACLIS_LOCALITY_TYPE":"MUNICIPALITY","ORACLIS_SOURCE_DATA_STATUS":"CALIBRATED"},"id":1206315004},{"type":"Feature","geometry":{"type":"Polygon","coordinates":[[[124.71902494000005,6.625324201000068],[124.7130768610001,6.641481669000028],[124.70883322700003,6.604951609000067],[124.71902494000005,6.625324201000068]]]},"properties":{"adm1_psgc":1200000000,"adm2_psgc":1206300000,"adm3_psgc":1206315000,"adm4_psgc":1206315005,"adm4_en":"Magon","geo_level":"Bgy","len_crs":8829,"area_crs":3619130,"len_km":8,"area_km2":3,"ORACLIS_PSGC":"1206315005","ORACLIS_BARANGAY":"Magon","ORACLIS_LOCALITY_CODE":"1206315000","ORACLIS_LOCALITY":"Tantangan","ORACLIS_PROVINCE_CODE":"1206300000","ORACLIS_PROVINCE":"South Cotabato","ORACLIS_LOCALITY_TYPE":"MUNICIPALITY","ORACLIS_SOURCE_DATA_STATUS":"CALIBRATED"},"id":1206315005},{"type":"Feature","geometry":{"type":"Polygon","coordinates":[[[124.79661847900002,6.570539325000027],[124.78862847500011,6.576841209000066],[124.76173081500009,6.545213175000072],[124.73076702800006,6.542403739000064],[124.75307320400007,6.514490503000047],[124.77916588500011,6.542967265000073],[124.79086933300006,6.563604393000047],[124.79661847900002,6.570539325000027]]]},"properties":{"adm1_psgc":1200000000,"adm2_psgc":1206300000,"adm3_psgc":1206315000,"adm4_psgc":1206315006,"adm4_en":"Maibo","geo_level":"Bgy","len_crs":21318,"area_crs":14293686,"len_km":21,"area_km2":14,"ORACLIS_PSGC":"1206315006","ORACLIS_BARANGAY":"Maibo","ORACLIS_LOCALITY_CODE":"1206315000","ORACLIS_LOCALITY":"Tantangan","ORACLIS_PROVINCE_CODE":"1206300000","ORACLIS_PROVINCE":"South Cotabato","ORACLIS_LOCALITY_TYPE":"MUNICIPALITY","ORACLIS_SOURCE_DATA_STATUS":"CALIBRATED"},"id":1206315006},{"type":"Feature","geometry":{"type":"Polygon","coordinates":[[[124.74444480500006,6.654583915000046],[124.7130768610001,6.641481669000028],[124.71902494000005,6.625324201000068],[124.72268384900006,6.626970710000021],[124.74444480500006,6.654583915000046]]]},"properties":{"adm1_psgc":1200000000,"adm2_psgc":1206300000,"adm3_psgc":1206315000,"adm4_psgc":1206315007,"adm4_en":"Mangilala","geo_level":"Bgy","len_crs":13021,"area_crs":6299563,"len_km":13,"area_km2":6,"ORACLIS_PSGC":"1206315007","ORACLIS_BARANGAY":"Mangilala","ORACLIS_LOCALITY_CODE":"1206315000","ORACLIS_LOCALITY":"Tantangan","ORACLIS_PROVINCE_CODE":"1206300000","ORACLIS_PROVINCE":"South Cotabato","ORACLIS_LOCALITY_TYPE":"MUNICIPALITY","ORACLIS_SOURCE_DATA_STATUS":"CALIBRATED"},"id":1206315007},{"type":"Feature","geometry":{"type":"Polygon","coordinates":[[[124.81558118000008,6.542742180000062],[124.79086933300006,6.563604393000047],[124.77916588500011,6.542967265000073],[124.79969945300002,6.524134993000076],[124.81558118000008,6.542742180000062]]]},"properties":{"adm1_psgc":1200000000,"adm2_psgc":1206300000,"adm3_psgc":1206315000,"adm4_psgc":1206315008,"adm4_en":"New Iloilo","geo_level":"Bgy","len_crs":12350,"area_crs":8612320,"len_km":12,"area_km2":8,"ORACLIS_PSGC":"1206315008","ORACLIS_BARANGAY":"New Iloilo","ORACLIS_LOCALITY_CODE":"1206315000","ORACLIS_LOCALITY":"Tantangan","ORACLIS_PROVINCE_CODE":"1206300000","ORACLIS_PROVINCE":"South Cotabato","ORACLIS_LOCALITY_TYPE":"MUNICIPALITY","ORACLIS_SOURCE_DATA_STATUS":"CALIBRATED"},"id":1206315008},{"type":"Feature","geometry":{"type":"Polygon","coordinates":[[[124.8283292660001,6.529940754000052],[124.8235565750001,6.554086371000039],[124.81711320200009,6.544745366000029],[124.8283292660001,6.529940754000052]]]},"properties":{"adm1_psgc":1200000000,"adm2_psgc":1206300000,"adm3_psgc":1206315000,"adm4_psgc":1206315009,"adm4_en":"New Lambunao","geo_level":"Bgy","len_crs":8009,"area_crs":3481117,"len_km":8,"area_km2":3,"ORACLIS_PSGC":"1206315009","ORACLIS_BARANGAY":"New Lambunao","ORACLIS_LOCALITY_CODE":"1206315000","ORACLIS_LOCALITY":"Tantangan","ORACLIS_PROVINCE_CODE":"1206300000","ORACLIS_PROVINCE":"South Cotabato","ORACLIS_LOCALITY_TYPE":"MUNICIPALITY","ORACLIS_SOURCE_DATA_STATUS":"CALIBRATED"},"id":1206315009},{"type":"Feature","geometry":{"type":"Polygon","coordinates":[[[124.7665794510001,6.602761475000023],[124.75953602900006,6.640085433000024],[124.72268384900006,6.626970710000021],[124.71902494000005,6.625324201000068],[124.70883322700003,6.604951609000067],[124.71717281200006,6.587605272000076],[124.7665794510001,6.602761475000023]]]},"properties":{"adm1_psgc":1200000000,"adm2_psgc":1206300000,"adm3_psgc":1206315000,"adm4_psgc":1206315010,"adm4_en":"Poblacion","geo_level":"Bgy","len_crs":19342,"area_crs":23550476,"len_km":19,"area_km2":23,"ORACLIS_PSGC":"1206315010","ORACLIS_BARANGAY":"Poblacion","ORACLIS_LOCALITY_CODE":"1206315000","ORACLIS_LOCALITY":"Tantangan","ORACLIS_PROVINCE_CODE":"1206300000","ORACLIS_PROVINCE":"South Cotabato","ORACLIS_LOCALITY_TYPE":"MUNICIPALITY","ORACLIS_SOURCE_DATA_STATUS":"CALIBRATED"},"id":1206315010},{"type":"Feature","geometry":{"type":"Polygon","coordinates":[[[124.8283292660001,6.529940754000052],[124.81711320200009,6.544745366000029],[124.81558118000008,6.542742180000062],[124.79969945300002,6.524134993000076],[124.80217424500006,6.522204317000046],[124.81413995700008,6.513347248000057],[124.8283292660001,6.529940754000052]]]},"properties":{"adm1_psgc":1200000000,"adm2_psgc":1206300000,"adm3_psgc":1206315000,"adm4_psgc":1206315011,"adm4_en":"San Felipe","geo_level":"Bgy","len_crs":10617,"area_crs":4564627,"len_km":10,"area_km2":4,"ORACLIS_PSGC":"1206315011","ORACLIS_BARANGAY":"San Felipe","ORACLIS_LOCALITY_CODE":"1206315000","ORACLIS_LOCALITY":"Tantangan","ORACLIS_PROVINCE_CODE":"1206300000","ORACLIS_PROVINCE":"South Cotabato","ORACLIS_LOCALITY_TYPE":"MUNICIPALITY","ORACLIS_SOURCE_DATA_STATUS":"CALIBRATED"},"id":1206315011},{"type":"Feature","geometry":{"type":"Polygon","coordinates":[[[124.75953602900006,6.640085433000024],[124.74444480500006,6.654583915000046],[124.72268384900006,6.626970710000021],[124.75953602900006,6.640085433000024]]]},"properties":{"adm1_psgc":1200000000,"adm2_psgc":1206300000,"adm3_psgc":1206315000,"adm4_psgc":1206315012,"adm4_en":"New Cuyapo","geo_level":"Bgy","len_crs":11571,"area_crs":6496115,"len_km":11,"area_km2":6,"ORACLIS_PSGC":"1206315012","ORACLIS_BARANGAY":"New Cuyapo","ORACLIS_LOCALITY_CODE":"1206315000","ORACLIS_LOCALITY":"Tantangan","ORACLIS_PROVINCE_CODE":"1206300000","ORACLIS_PROVINCE":"South Cotabato","ORACLIS_LOCALITY_TYPE":"MUNICIPALITY","ORACLIS_SOURCE_DATA_STATUS":"CALIBRATED"},"id":1206315012},{"type":"Feature","geometry":{"type":"Polygon","coordinates":[[[124.81413995700008,6.513347248000057],[124.80217424500006,6.522204317000046],[124.77335952600004,6.500628083000037],[124.81413995700008,6.513347248000057]]]},"properties":{"adm1_psgc":1200000000,"adm2_psgc":1206300000,"adm3_psgc":1206315000,"adm4_psgc":1206315013,"adm4_en":"Tinongcop","geo_level":"Bgy","len_crs":12130,"area_crs":8095347,"len_km":12,"area_km2":8,"ORACLIS_PSGC":"1206315013","ORACLIS_BARANGAY":"Tinongcop","ORACLIS_LOCALITY_CODE":"1206315000","ORACLIS_LOCALITY":"Tantangan","ORACLIS_PROVINCE_CODE":"1206300000","ORACLIS_PROVINCE":"South Cotabato","ORACLIS_LOCALITY_TYPE":"MUNICIPALITY","ORACLIS_SOURCE_DATA_STATUS":"CALIBRATED"},"id":1206315013},{"type":"Feature","geometry":{"type":"Polygon","coordinates":[[[125.06038897000009,6.371362097000031],[125.0377498150001,6.382885177000047],[125.01164961300003,6.356691760000047],[124.98433761500007,6.357157835000067],[124.97660076900002,6.348302409000041],[124.97216007700001,6.351942418000021],[124.96346213400011,6.343738423000047],[124.97231791600007,6.334748575000049],[124.95966831400006,6.323080592000053],[124.96869134900011,6.313357302000043],[124.98792134000009,6.332218797000051],[124.99222424700007,6.329365449000022],[125.0170101110001,6.330115792000071],[125.03366434300007,6.344739021000064],[125.03528914700009,6.348801028000026],[125.06038897000009,6.371362097000031]]]},"properties":{"adm1_psgc":1200000000,"adm2_psgc":1206300000,"adm3_psgc":1206317000,"adm4_psgc":1206317001,"adm4_en":"Acmonan","geo_level":"Bgy","len_crs":31249,"area_crs":30417054,"len_km":31,"area_km2":30,"ORACLIS_PSGC":"1206317001","ORACLIS_BARANGAY":"Acmonan","ORACLIS_LOCALITY_CODE":"1206317000","ORACLIS_LOCALITY":"Tupi","ORACLIS_PROVINCE_CODE":"1206300000","ORACLIS_PROVINCE":"South Cotabato","ORACLIS_LOCALITY_TYPE":"MUNICIPALITY","ORACLIS_SOURCE_DATA_STATUS":"CALIBRATED"},"id":1206317001},{"type":"Feature","geometry":{"type":"Polygon","coordinates":[[[124.95407050300001,6.395216497000034],[124.93193636100011,6.399538994000067],[124.92026460200009,6.398793743000055],[124.91101075100003,6.401892261000058],[124.9076670810001,6.392589126000075],[124.91601583300007,6.383585837000054],[124.91941403500006,6.374266086000034],[124.93050376000008,6.371005835000061],[124.93859354400001,6.377877761000037],[124.95128380300004,6.388591054000074],[124.95407050300001,6.395216497000034]]]},"properties":{"adm1_psgc":1200000000,"adm2_psgc":1206300000,"adm3_psgc":1206317000,"adm4_psgc":1206317002,"adm4_en":"Bololmala","geo_level":"Bgy","len_crs":16600,"area_crs":10187549,"len_km":16,"area_km2":10,"ORACLIS_PSGC":"1206317002","ORACLIS_BARANGAY":"Bololmala","ORACLIS_LOCALITY_CODE":"1206317000","ORACLIS_LOCALITY":"Tupi","ORACLIS_PROVINCE_CODE":"1206300000","ORACLIS_PROVINCE":"South Cotabato","ORACLIS_LOCALITY_TYPE":"MUNICIPALITY","ORACLIS_SOURCE_DATA_STATUS":"CALIBRATED"},"id":1206317002},{"type":"Feature","geometry":{"type":"Polygon","coordinates":[[[124.95635086500009,6.317648741000028],[124.9495050490001,6.329370745000062],[124.9418864920001,6.333197364000057],[124.93324520100009,6.342817535000052],[124.92933481300008,6.33932722700007],[124.92780060300004,6.331274178000057],[124.91690167700004,6.301877328000046],[124.90948816600007,6.289052587000072],[124.92971952900008,6.280999761000032],[124.94990691400004,6.311066621000066],[124.95635086500009,6.317648741000028]]]},"properties":{"adm1_psgc":1200000000,"adm2_psgc":1206300000,"adm3_psgc":1206317000,"adm4_psgc":1206317003,"adm4_en":"Bunao","geo_level":"Bgy","len_crs":18829,"area_crs":16712014,"len_km":18,"area_km2":16,"ORACLIS_PSGC":"1206317003","ORACLIS_BARANGAY":"Bunao","ORACLIS_LOCALITY_CODE":"1206317000","ORACLIS_LOCALITY":"Tupi","ORACLIS_PROVINCE_CODE":"1206300000","ORACLIS_PROVINCE":"South Cotabato","ORACLIS_LOCALITY_TYPE":"MUNICIPALITY","ORACLIS_SOURCE_DATA_STATUS":"CALIBRATED"},"id":1206317003},{"type":"Feature","geometry":{"type":"Polygon","coordinates":[[[125.02066200800004,6.408478073000025],[124.991596328,6.405855772000052],[124.9756362060001,6.409782468000059],[124.96986553700003,6.408181616000036],[124.95407050300001,6.395216497000034],[124.95128380300004,6.388591054000074],[124.93859354400001,6.377877761000037],[124.94613381400006,6.37008614900003],[124.94476369200004,6.363793114000032],[124.9366954960001,6.356206426000028],[124.945353015,6.346973022000042],[124.95686492800006,6.35068872100004],[124.97820330100002,6.369766669000057],[124.98343063500009,6.378002991000073],[124.9798750650001,6.382033576000027],[124.989486811,6.388527999000076],[124.99944518000007,6.387193849000028],[125.00925622200009,6.397658029000071],[125.02482685100006,6.399974933000066],[125.02066200800004,6.408478073000025]]]},"properties":{"adm1_psgc":1200000000,"adm2_psgc":1206300000,"adm3_psgc":1206317000,"adm4_psgc":1206317004,"adm4_en":"Cebuano","geo_level":"Bgy","len_crs":29626,"area_crs":28089396,"len_km":29,"area_km2":28,"ORACLIS_PSGC":"1206317004","ORACLIS_BARANGAY":"Cebuano","ORACLIS_LOCALITY_CODE":"1206317000","ORACLIS_LOCALITY":"Tupi","ORACLIS_PROVINCE_CODE":"1206300000","ORACLIS_PROVINCE":"South Cotabato","ORACLIS_LOCALITY_TYPE":"MUNICIPALITY","ORACLIS_SOURCE_DATA_STATUS":"CALIBRATED"},"id":1206317004},{"type":"Feature","geometry":{"type":"Polygon","coordinates":[[[124.9366954960001,6.356206426000028],[124.94476369200004,6.363793114000032],[124.94613381400006,6.37008614900003],[124.93859354400001,6.377877761000037],[124.93050376000008,6.371005835000061],[124.91941403500006,6.374266086000034],[124.90912109000011,6.36151624300004],[124.91718015600009,6.355361578000043],[124.92234878600003,6.350618298000028],[124.92185899000005,6.34254956500007],[124.92933481300008,6.33932722700007],[124.93324520100009,6.342817535000052],[124.93735565100006,6.346882682000056],[124.9366954960001,6.356206426000028]]]},"properties":{"adm1_psgc":1200000000,"adm2_psgc":1206300000,"adm3_psgc":1206317000,"adm4_psgc":1206317005,"adm4_en":"Crossing Rubber","geo_level":"Bgy","len_crs":16292,"area_crs":8475973,"len_km":16,"area_km2":8,"ORACLIS_PSGC":"1206317005","ORACLIS_BARANGAY":"Crossing Rubber","ORACLIS_LOCALITY_CODE":"1206317000","ORACLIS_LOCALITY":"Tupi","ORACLIS_PROVINCE_CODE":"1206300000","ORACLIS_PROVINCE":"South Cotabato","ORACLIS_LOCALITY_TYPE":"MUNICIPALITY","ORACLIS_SOURCE_DATA_STATUS":"CALIBRATED"},"id":1206317005},{"type":"Feature","geometry":{"type":"Polygon","coordinates":[[[125.07620906500006,6.359238639000068],[125.06038897000009,6.371362097000031],[125.03528914700009,6.348801028000026],[125.03366434300007,6.344739021000064],[125.0170101110001,6.330115792000071],[124.99222424700007,6.329365449000022],[124.98792134000009,6.332218797000051],[124.96869134900011,6.313357302000043],[124.99791007700003,6.282058632000029],[125.01035010400007,6.289365749000071],[125.0409888050001,6.321114333000025],[125.07620906500006,6.359238639000068]]]},"properties":{"adm1_psgc":1200000000,"adm2_psgc":1206300000,"adm3_psgc":1206317000,"adm4_psgc":1206317006,"adm4_en":"Kablon","geo_level":"Bgy","len_crs":32140,"area_crs":39499067,"len_km":32,"area_km2":39,"ORACLIS_PSGC":"1206317006","ORACLIS_BARANGAY":"Kablon","ORACLIS_LOCALITY_CODE":"1206317000","ORACLIS_LOCALITY":"Tupi","ORACLIS_PROVINCE_CODE":"1206300000","ORACLIS_PROVINCE":"South Cotabato","ORACLIS_LOCALITY_TYPE":"MUNICIPALITY","ORACLIS_SOURCE_DATA_STATUS":"CALIBRATED"},"id":1206317006},{"type":"Feature","geometry":{"type":"Polygon","coordinates":[[[124.92933481300008,6.33932722700007],[124.92185899000005,6.34254956500007],[124.92234878600003,6.350618298000028],[124.91718015600009,6.355361578000043],[124.90573718300004,6.351988921000043],[124.91046798000002,6.344080121000045],[124.90455217000012,6.337731447000066],[124.908880812,6.331238485000029],[124.90974654000003,6.321571185000041],[124.90696316300011,6.308964628000068],[124.91690167700004,6.301877328000046],[124.92780060300004,6.331274178000057],[124.92933481300008,6.33932722700007]]]},"properties":{"adm1_psgc":1200000000,"adm2_psgc":1206300000,"adm3_psgc":1206317000,"adm4_psgc":1206317007,"adm4_en":"Kalkam","geo_level":"Bgy","len_crs":16094,"area_crs":9433468,"len_km":16,"area_km2":9,"ORACLIS_PSGC":"1206317007","ORACLIS_BARANGAY":"Kalkam","ORACLIS_LOCALITY_CODE":"1206317000","ORACLIS_LOCALITY":"Tupi","ORACLIS_PROVINCE_CODE":"1206300000","ORACLIS_PROVINCE":"South Cotabato","ORACLIS_LOCALITY_TYPE":"MUNICIPALITY","ORACLIS_SOURCE_DATA_STATUS":"CALIBRATED"},"id":1206317007},{"type":"Feature","geometry":{"type":"Polygon","coordinates":[[[125.0377498150001,6.382885177000047],[125.03047193000008,6.385972957000035],[125.02482685100006,6.399974933000066],[125.00925622200009,6.397658029000071],[124.99944518000007,6.387193849000028],[124.989486811,6.388527999000076],[124.9798750650001,6.382033576000027],[124.98343063500009,6.378002991000073],[124.97820330100002,6.369766669000057],[124.95686492800006,6.35068872100004],[124.96346213400011,6.343738423000047],[124.97216007700001,6.351942418000021],[124.97660076900002,6.348302409000041],[124.98433761500007,6.357157835000067],[125.01164961300003,6.356691760000047],[125.0377498150001,6.382885177000047]]]},"properties":{"adm1_psgc":1200000000,"adm2_psgc":1206300000,"adm3_psgc":1206317000,"adm4_psgc":1206317009,"adm4_en":"Linan","geo_level":"Bgy","len_crs":25310,"area_crs":24191398,"len_km":25,"area_km2":24,"ORACLIS_PSGC":"1206317009","ORACLIS_BARANGAY":"Linan","ORACLIS_LOCALITY_CODE":"1206317000","ORACLIS_LOCALITY":"Tupi","ORACLIS_PROVINCE_CODE":"1206300000","ORACLIS_PROVINCE":"South Cotabato","ORACLIS_LOCALITY_TYPE":"MUNICIPALITY","ORACLIS_SOURCE_DATA_STATUS":"CALIBRATED"},"id":1206317009},{"type":"Feature","geometry":{"type":"Polygon","coordinates":[[[124.90912109000011,6.36151624300004],[124.89950570700013,6.361420281000051],[124.88491980600008,6.357899115000067],[124.87934048300008,6.326553240000067],[124.90948816600007,6.289052587000072],[124.91690167700004,6.301877328000046],[124.90696316300011,6.308964628000068],[124.90974654000003,6.321571185000041],[124.908880812,6.331238485000029],[124.90455217000012,6.337731447000066],[124.91046798000002,6.344080121000045],[124.90573718300004,6.351988921000043],[124.91718015600009,6.355361578000043],[124.90912109000011,6.36151624300004]]]},"properties":{"adm1_psgc":1200000000,"adm2_psgc":1206300000,"adm3_psgc":1206317000,"adm4_psgc":1206317010,"adm4_en":"Lunen","geo_level":"Bgy","len_crs":23892,"area_crs":18827823,"len_km":23,"area_km2":18,"ORACLIS_PSGC":"1206317010","ORACLIS_BARANGAY":"Lunen","ORACLIS_LOCALITY_CODE":"1206317000","ORACLIS_LOCALITY":"Tupi","ORACLIS_PROVINCE_CODE":"1206300000","ORACLIS_PROVINCE":"South Cotabato","ORACLIS_LOCALITY_TYPE":"MUNICIPALITY","ORACLIS_SOURCE_DATA_STATUS":"CALIBRATED"},"id":1206317010},{"type":"Feature","geometry":{"type":"Polygon","coordinates":[[[125.07620906500006,6.359238639000068],[125.08528930600005,6.380247885000074],[125.11303874600003,6.435048629000049],[125.10770072100001,6.43610916700004],[125.10826968200001,6.451471095000045],[125.0884423430001,6.443406889000072],[125.06134294600008,6.426016902000073],[125.04515098200011,6.414008696000053],[125.03200873600008,6.409384573000067],[125.02066200800004,6.408478073000025],[125.02482685100006,6.399974933000066],[125.03047193000008,6.385972957000035],[125.0377498150001,6.382885177000047],[125.06038897000009,6.371362097000031],[125.07620906500006,6.359238639000068]]]},"properties":{"adm1_psgc":1200000000,"adm2_psgc":1206300000,"adm3_psgc":1206317000,"adm4_psgc":1206317011,"adm4_en":"Miasong","geo_level":"Bgy","len_crs":31272,"area_crs":47497813,"len_km":31,"area_km2":47,"ORACLIS_PSGC":"1206317011","ORACLIS_BARANGAY":"Miasong","ORACLIS_LOCALITY_CODE":"1206317000","ORACLIS_LOCALITY":"Tupi","ORACLIS_PROVINCE_CODE":"1206300000","ORACLIS_PROVINCE":"South Cotabato","ORACLIS_LOCALITY_TYPE":"MUNICIPALITY","ORACLIS_SOURCE_DATA_STATUS":"CALIBRATED"},"id":1206317011},{"type":"Feature","geometry":{"type":"Polygon","coordinates":[[[124.91941403500006,6.374266086000034],[124.91601583300007,6.383585837000054],[124.9076670810001,6.392589126000075],[124.88935454100009,6.389359712000044],[124.89070420300006,6.383040165000067],[124.89837102900003,6.37307179000004],[124.89950570700013,6.361420281000051],[124.90912109000011,6.36151624300004],[124.91941403500006,6.374266086000034]]]},"properties":{"adm1_psgc":1200000000,"adm2_psgc":1206300000,"adm3_psgc":1206317000,"adm4_psgc":1206317012,"adm4_en":"Palian","geo_level":"Bgy","len_crs":12184,"area_crs":6709034,"len_km":12,"area_km2":6,"ORACLIS_PSGC":"1206317012","ORACLIS_BARANGAY":"Palian","ORACLIS_LOCALITY_CODE":"1206317000","ORACLIS_LOCALITY":"Tupi","ORACLIS_PROVINCE_CODE":"1206300000","ORACLIS_PROVINCE":"South Cotabato","ORACLIS_LOCALITY_TYPE":"MUNICIPALITY","ORACLIS_SOURCE_DATA_STATUS":"CALIBRATED"},"id":1206317012},{"type":"Feature","geometry":{"type":"Polygon","coordinates":[[[124.9366954960001,6.356206426000028],[124.93735565100006,6.346882682000056],[124.93324520100009,6.342817535000052],[124.9418864920001,6.333197364000057],[124.9495050490001,6.329370745000062],[124.95635086500009,6.317648741000028],[124.96420458200011,6.309568477000027],[124.96869134900011,6.313357302000043],[124.95966831400006,6.323080592000053],[124.97231791600007,6.334748575000049],[124.96346213400011,6.343738423000047],[124.95686492800006,6.35068872100004],[124.945353015,6.346973022000042],[124.9366954960001,6.356206426000028]]]},"properties":{"adm1_psgc":1200000000,"adm2_psgc":1206300000,"adm3_psgc":1206317000,"adm4_psgc":1206317013,"adm4_en":"Poblacion","geo_level":"Bgy","len_crs":18084,"area_crs":9541239,"len_km":18,"area_km2":9,"ORACLIS_PSGC":"1206317013","ORACLIS_BARANGAY":"Poblacion","ORACLIS_LOCALITY_CODE":"1206317000","ORACLIS_LOCALITY":"Tupi","ORACLIS_PROVINCE_CODE":"1206300000","ORACLIS_PROVINCE":"South Cotabato","ORACLIS_LOCALITY_TYPE":"MUNICIPALITY","ORACLIS_SOURCE_DATA_STATUS":"CALIBRATED"},"id":1206317013},{"type":"Feature","geometry":{"type":"Polygon","coordinates":[[[124.96869134900011,6.313357302000043],[124.96420458200011,6.309568477000027],[124.95635086500009,6.317648741000028],[124.94990691400004,6.311066621000066],[124.92971952900008,6.280999761000032],[124.94350123000005,6.267046858000072],[124.94848774800006,6.25421623400007],[124.96227908900005,6.259823274000041],[124.97469037700012,6.26004613200007],[124.99791007700003,6.282058632000029],[124.96869134900011,6.313357302000043]]]},"properties":{"adm1_psgc":1200000000,"adm2_psgc":1206300000,"adm3_psgc":1206317000,"adm4_psgc":1206317014,"adm4_en":"Polonuling","geo_level":"Bgy","len_crs":22193,"area_crs":29789626,"len_km":22,"area_km2":29,"ORACLIS_PSGC":"1206317014","ORACLIS_BARANGAY":"Polonuling","ORACLIS_LOCALITY_CODE":"1206317000","ORACLIS_LOCALITY":"Tupi","ORACLIS_PROVINCE_CODE":"1206300000","ORACLIS_PROVINCE":"South Cotabato","ORACLIS_LOCALITY_TYPE":"MUNICIPALITY","ORACLIS_SOURCE_DATA_STATUS":"CALIBRATED"},"id":1206317014},{"type":"Feature","geometry":{"type":"Polygon","coordinates":[[[124.97469037700012,6.26004613200007],[124.96227908900005,6.259823274000041],[124.94848774800006,6.25421623400007],[124.95287544800009,6.244699250000052],[124.96297246400002,6.237592283000028],[124.97237431400005,6.239506633000076],[124.97565934900003,6.246422417000076],[124.97101790800004,6.254381745000044],[124.97469037700012,6.26004613200007]]]},"properties":{"adm1_psgc":1200000000,"adm2_psgc":1206300000,"adm3_psgc":1206317000,"adm4_psgc":1206317015,"adm4_en":"Simbo","geo_level":"Bgy","len_crs":9897,"area_crs":5134842,"len_km":9,"area_km2":5,"ORACLIS_PSGC":"1206317015","ORACLIS_BARANGAY":"Simbo","ORACLIS_LOCALITY_CODE":"1206317000","ORACLIS_LOCALITY":"Tupi","ORACLIS_PROVINCE_CODE":"1206300000","ORACLIS_PROVINCE":"South Cotabato","ORACLIS_LOCALITY_TYPE":"MUNICIPALITY","ORACLIS_SOURCE_DATA_STATUS":"CALIBRATED"},"id":1206317015},{"type":"Feature","geometry":{"type":"Polygon","coordinates":[[[124.89950570700013,6.361420281000051],[124.89837102900003,6.37307179000004],[124.89070420300006,6.383040165000067],[124.88935454100009,6.389359712000044],[124.88093305400004,6.38625945900003],[124.86865383800011,6.339575696000053],[124.87934048300008,6.326553240000067],[124.88491980600008,6.357899115000067],[124.89950570700013,6.361420281000051]]]},"properties":{"adm1_psgc":1200000000,"adm2_psgc":1206300000,"adm3_psgc":1206317000,"adm4_psgc":1206317016,"adm4_en":"Tubeng","geo_level":"Bgy","len_crs":17554,"area_crs":10477384,"len_km":17,"area_km2":10,"ORACLIS_PSGC":"1206317016","ORACLIS_BARANGAY":"Tubeng","ORACLIS_LOCALITY_CODE":"1206317000","ORACLIS_LOCALITY":"Tupi","ORACLIS_PROVINCE_CODE":"1206300000","ORACLIS_PROVINCE":"South Cotabato","ORACLIS_LOCALITY_TYPE":"MUNICIPALITY","ORACLIS_SOURCE_DATA_STATUS":"CALIBRATED"},"id":1206317016}]}